ecg_id,patient_id,strat_fold,true_NORM,logit_NORM,prob_NORM,pred05_NORM,predopt_NORM,true_MI,logit_MI,prob_MI,pred05_MI,predopt_MI,true_STTC,logit_STTC,prob_STTC,pred05_STTC,predopt_STTC,true_CD,logit_CD,prob_CD,pred05_CD,predopt_CD,true_HYP,logit_HYP,prob_HYP,pred05_HYP,predopt_HYP
tensor(17),"tensor(13619., dtype=torch.float64)",tensor(9),0,-1.1512558,0.24025978,0,0,0,0.6176905,0.64969313,1,1,0,0.12969853,0.53237927,1,1,0,-1.6530173,0.16070157,0,0,0,-2.034946,0.11558237,0,0
tensor(23),"tensor(13619., dtype=torch.float64)",tensor(9),0,-1.5920656,0.16909347,0,0,0,-0.6123815,0.35151616,0,0,0,1.8256145,0.8612384,1,1,0,-1.2465131,0.22330435,0,0,0,-0.9325769,0.28240222,0,0
tensor(39),"tensor(13619., dtype=torch.float64)",tensor(9),0,-3.2018306,0.039096892,0,0,1,0.3388497,0.58391106,1,1,1,2.4293156,0.9190356,1,1,0,-2.8638062,0.05397203,0,0,0,-0.804266,0.3091137,0,0
tensor(41),"tensor(8420., dtype=torch.float64)",tensor(9),0,-3.7633758,0.022679,0,0,0,-1.154077,0.23974518,0,0,0,-2.4358718,0.08047787,0,0,1,4.998469,0.9932969,1,1,0,-0.46462867,0.38588837,0,0
tensor(47),"tensor(8295., dtype=torch.float64)",tensor(9),1,4.179995,0.9849319,1,1,0,-5.0673637,0.006259575,0,0,0,-5.2763066,0.0050852816,0,0,0,-3.0107255,0.046943676,0,0,0,-2.7329862,0.061054748,0,0
tensor(49),"tensor(13958., dtype=torch.float64)",tensor(9),0,2.0281372,0.88371986,1,1,0,-3.1796436,0.039939,0,0,0,-3.5342927,0.028352091,0,0,1,0.31153163,0.5772591,1,1,0,-3.1101465,0.042690657,0,0
tensor(51),"tensor(16750., dtype=torch.float64)",tensor(9),1,2.9777308,0.9515579,1,1,0,-4.9148817,0.007283152,0,0,0,-6.0890727,0.0022623807,0,0,0,-4.149283,0.015530716,0,0,0,0.12978344,0.53240037,1,0
tensor(69),"tensor(8339., dtype=torch.float64)",tensor(9),1,0.24815089,0.5617213,1,0,0,-2.1579657,0.1035892,0,0,0,-0.091056295,0.47725162,0,1,0,-1.7398944,0.14932637,0,0,0,0.8938432,0.70968264,1,0
tensor(91),"tensor(8305., dtype=torch.float64)",tensor(9),1,4.7991834,0.99183077,1,1,0,-5.410408,0.004449926,0,0,0,-4.667875,0.009304817,0,0,0,-4.4649615,0.011374275,0,0,0,-4.299347,0.013395547,0,0
tensor(127),"tensor(11926., dtype=torch.float64)",tensor(9),0,0.42645577,0.605027,1,0,0,-1.4670541,0.18739079,0,0,1,0.6442935,0.65572333,1,1,0,-2.3111582,0.09020305,0,0,0,-1.6574186,0.16010882,0,0
tensor(151),"tensor(12152., dtype=torch.float64)",tensor(9),1,4.7633114,0.99153495,1,1,0,-7.5029864,0.00055113115,0,0,0,-6.4642177,0.0015557857,0,0,0,-5.481417,0.0041461634,0,0,0,-1.3861686,0.2000201,0,0
tensor(153),"tensor(20254., dtype=torch.float64)",tensor(9),0,2.5152924,0.92520696,1,1,1,-0.84707725,0.30004635,0,0,0,-6.0471663,0.002358975,0,0,0,-3.2946234,0.0357561,0,0,0,-3.2818036,0.036200736,0,0
tensor(155),"tensor(12640., dtype=torch.float64)",tensor(9),0,0.6620836,0.65972835,1,1,1,0.98083067,0.72727305,1,1,0,-4.8930397,0.007442784,0,0,0,-1.3907272,0.1992917,0,0,0,-3.9067955,0.019708587,0,0
tensor(165),"tensor(9277., dtype=torch.float64)",tensor(9),1,4.3588157,0.98736805,1,1,0,-5.0583634,0.0063158097,0,0,0,-5.502526,0.004059912,0,0,0,-4.2058125,0.014689664,0,0,0,-2.7437332,0.06044155,0,0
tensor(171),"tensor(15591., dtype=torch.float64)",tensor(9),0,-3.4598253,0.030477196,0,0,0,-4.2199492,0.014486447,0,0,1,4.54674,0.98950946,1,1,0,-4.572269,0.010228776,0,0,0,2.6422534,0.93353194,1,1
tensor(173),"tensor(10676., dtype=torch.float64)",tensor(9),0,-0.9191436,0.2851324,0,0,0,-1.3014915,0.2139141,0,0,1,1.571077,0.82793707,1,1,0,-1.7628912,0.14642861,0,0,1,0.41549134,0.6024039,1,0
tensor(189),"tensor(13112., dtype=torch.float64)",tensor(9),0,-3.7123992,0.023836799,0,0,1,3.8928812,0.98002076,1,1,0,-3.4233005,0.031575147,0,0,0,0.15787539,0.53938705,1,1,0,-2.2501156,0.0953395,0,0
tensor(193),"tensor(17536., dtype=torch.float64)",tensor(9),1,3.2657354,0.9632344,1,1,0,-4.301235,0.013370612,0,0,0,-6.2480226,0.001930541,0,0,0,-2.5388312,0.07318041,0,0,0,-1.3006073,0.21406281,0,0
tensor(195),"tensor(14472., dtype=torch.float64)",tensor(9),0,-1.0764351,0.25418124,0,0,0,-0.92165816,0.28462014,0,0,0,-4.057385,0.01700018,0,0,1,3.6840203,0.97549385,1,1,0,-1.6400113,0.16246353,0,0
tensor(205),"tensor(21222., dtype=torch.float64)",tensor(9),1,2.201066,0.9003452,1,1,0,-2.3592498,0.08633335,0,0,0,-1.7764317,0.1447443,0,0,0,-2.295718,0.09147821,0,0,0,-2.8885577,0.052722104,0,0
tensor(217),"tensor(21519., dtype=torch.float64)",tensor(9),0,-1.8779719,0.13262199,0,0,0,1.3350604,0.7916764,1,1,1,0.6798898,0.6637141,1,1,0,-0.9201637,0.28492454,0,0,0,0.104185164,0.52602273,1,0
tensor(219),"tensor(21519., dtype=torch.float64)",tensor(9),1,-0.097815916,0.4755655,0,0,0,1.3811073,0.7991688,1,1,0,-2.200147,0.099737294,0,0,0,-1.393524,0.19884576,0,0,0,-1.5079194,0.18124734,0,0
tensor(223),"tensor(16039., dtype=torch.float64)",tensor(9),0,-7.7838006,0.00041625314,0,0,1,-0.2020866,0.4496496,0,0,1,4.2597933,0.9860715,1,1,0,-0.47978383,0.38230318,0,0,1,4.9285107,0.99281466,1,1
tensor(233),"tensor(20772., dtype=torch.float64)",tensor(9),1,3.3684113,0.9667026,1,1,0,-3.920621,0.019443244,0,0,0,-4.8025928,0.008141608,0,0,0,-2.6490352,0.0660485,0,0,0,-1.8412297,0.13690592,0,0
tensor(281),"tensor(641., dtype=torch.float64)",tensor(9),0,-4.7942743,0.008209056,0,0,1,2.8192947,0.94370955,1,1,0,-1.2298517,0.22620739,0,0,1,2.4158316,0.9180266,1,1,0,-1.4665245,0.18747145,0,0
tensor(287),"tensor(6437., dtype=torch.float64)",tensor(9),0,-5.5466094,0.0038855043,0,0,1,0.52625567,0.62860936,1,1,0,-2.8110983,0.05672738,0,0,1,5.668022,0.99655724,1,1,0,1.078534,0.7462165,1,0
tensor(293),"tensor(1689., dtype=torch.float64)",tensor(9),1,3.2522943,0.9627555,1,1,0,-5.094513,0.00609294,0,0,0,-7.067982,0.0008512252,0,0,0,-2.8854392,0.052878067,0,0,0,-0.59633577,0.35518244,0,0
tensor(295),"tensor(603., dtype=torch.float64)",tensor(9),0,0.6642654,0.6602179,1,1,0,-0.9852603,0.27184927,0,0,1,-0.18841478,0.4530352,0,1,0,-2.5944505,0.06949644,0,0,0,-1.3098887,0.21250547,0,0
tensor(303),"tensor(3327., dtype=torch.float64)",tensor(9),1,6.555464,0.99857974,1,1,0,-8.293507,0.00025007324,0,0,0,-7.736852,0.00043625286,0,0,0,-4.297893,0.013414775,0,0,0,-5.0164227,0.006584551,0,0
tensor(343),"tensor(4004., dtype=torch.float64)",tensor(9),1,2.5690017,0.92883974,1,1,0,-3.8784695,0.02026336,0,0,0,-4.768192,0.008424158,0,0,0,0.34129897,0.58450603,1,1,0,-3.6234505,0.025996562,0,0
tensor(365),"tensor(9158., dtype=torch.float64)",tensor(9),1,2.6168568,0.93193865,1,1,0,-5.1551495,0.0057365205,0,0,0,-5.3317504,0.0048123277,0,0,0,-1.0617121,0.2569824,0,0,0,-0.97118497,0.27464437,0,0
tensor(383),"tensor(15446., dtype=torch.float64)",tensor(9),0,-5.6570325,0.003480709,0,0,1,0.9705213,0.72522336,1,1,1,3.366254,0.9666331,1,1,0,-1.9775536,0.12157986,0,0,1,1.9816278,0.8788546,1,1
tensor(387),"tensor(14950., dtype=torch.float64)",tensor(9),1,3.804528,0.9782154,1,1,0,-6.0472646,0.002358744,0,0,0,-5.341719,0.0047648204,0,0,0,-3.307199,0.035325047,0,0,0,-1.3650395,0.20342247,0,0
tensor(419),"tensor(1909., dtype=torch.float64)",tensor(9),1,2.1305742,0.89383954,1,1,0,-2.1423218,0.10505091,0,0,0,-4.244342,0.014142297,0,0,0,-0.5414638,0.3678471,0,0,0,-2.750362,0.060066212,0,0
tensor(425),"tensor(2440., dtype=torch.float64)",tensor(9),0,-4.107245,0.01618672,0,0,1,1.1609719,0.7615093,1,1,1,1.9509163,0.8755466,1,1,0,0.39559692,0.5976293,1,1,1,1.0717077,0.74492157,1,0
tensor(437),"tensor(2990., dtype=torch.float64)",tensor(9),1,4.800425,0.99184084,1,1,0,-7.9355965,0.00035765054,0,0,0,-6.692797,0.0012382749,0,0,0,-4.9968514,0.006713815,0,0,0,-1.3236787,0.21020691,0,0
tensor(441),"tensor(6036., dtype=torch.float64)",tensor(9),1,3.4129865,0.96810794,1,1,0,-5.2949867,0.0049916394,0,0,0,-3.4565027,0.030575529,0,0,0,-4.2773547,0.013689331,0,0,0,-1.586541,0.1698711,0,0
tensor(445),"tensor(3996., dtype=torch.float64)",tensor(9),1,1.4442499,0.80911183,1,1,0,-1.7580732,0.14703183,0,0,0,-2.1871688,0.10090867,0,0,0,-0.9546909,0.27794242,0,0,0,-0.819737,0.30581948,0,0
tensor(483),"tensor(19895., dtype=torch.float64)",tensor(9),0,-4.8133793,0.008054963,0,0,1,0.121114075,0.53024155,1,0,0,1.3262043,0.7902121,1,1,1,3.7414126,0.976829,1,1,0,0.45549443,0.6119448,1,0
tensor(491),"tensor(3731., dtype=torch.float64)",tensor(9),1,3.91364,0.9804232,1,1,0,-6.192222,0.0020411022,0,0,0,-6.571116,0.001398276,0,0,0,-4.163734,0.015311307,0,0,0,-0.9061814,0.28778186,0,0
tensor(515),"tensor(12266., dtype=torch.float64)",tensor(9),0,0.13702679,0.53420323,1,0,1,-0.89022684,0.291063,0,0,0,0.5079055,0.6243153,1,1,0,-1.7505496,0.1479779,0,0,0,-1.6312307,0.16366184,0,0
tensor(529),"tensor(13474., dtype=torch.float64)",tensor(9),0,-2.4483588,0.079558656,0,0,0,0.9357764,0.71824574,1,1,1,1.1353431,0.7568236,1,1,0,-2.4633172,0.078470126,0,0,0,0.9394833,0.7189952,1,0
tensor(537),"tensor(21127., dtype=torch.float64)",tensor(9),0,-6.94723,0.0009603711,0,0,1,2.769738,0.9410184,1,1,1,2.684326,0.93609536,1,1,0,0.02530045,0.50632477,1,1,1,2.1425338,0.894969,1,1
tensor(545),"tensor(15734., dtype=torch.float64)",tensor(9),0,-6.0489974,0.0023546696,0,0,1,0.61799884,0.6497633,1,1,1,1.0136074,0.73372555,1,1,1,4.0924783,0.9835765,1,1,1,1.4146351,0.80449593,1,1
tensor(553),"tensor(10977., dtype=torch.float64)",tensor(9),1,3.7891357,0.97788495,1,1,0,-5.5984945,0.0036897701,0,0,0,-6.1864657,0.0020528613,0,0,0,-2.5242214,0.07417751,0,0,0,-1.7501986,0.14802216,0,0
tensor(563),"tensor(12015., dtype=torch.float64)",tensor(9),0,-6.878073,0.001029067,0,0,1,2.8147423,0.94346726,1,1,0,2.198674,0.90013033,1,1,1,1.4861547,0.8155004,1,1,0,1.6396774,0.837491,1,1
tensor(587),"tensor(11694., dtype=torch.float64)",tensor(9),1,4.985156,0.99320775,1,1,0,-5.823883,0.0029473912,0,0,0,-5.8108087,0.0029860637,0,0,0,-3.4585803,0.030514004,0,0,0,-3.9863248,0.01822935,0,0
tensor(601),"tensor(4261., dtype=torch.float64)",tensor(9),0,-1.0896394,0.2516862,0,0,1,0.31143662,0.5772359,1,1,0,0.9260271,0.7162686,1,1,0,-1.6722329,0.15812671,0,0,0,-1.6520841,0.16082746,0,0
tensor(615),"tensor(7655., dtype=torch.float64)",tensor(9),1,1.5095856,0.8189998,1,1,0,-2.1923988,0.10043516,0,0,0,-1.0357533,0.26197025,0,0,0,-1.7702072,0.14551656,0,0,0,-1.1750023,0.23595197,0,0
tensor(627),"tensor(2819., dtype=torch.float64)",tensor(9),0,-6.1908565,0.002043886,0,0,1,7.6032124,0.99950135,1,1,1,-2.760029,0.059522737,0,0,0,-3.132614,0.04178183,0,0,0,-2.2985,0.09124727,0,0
tensor(633),"tensor(709., dtype=torch.float64)",tensor(9),0,0.40973127,0.60102344,1,0,0,-2.1488602,0.10443778,0,0,0,-4.268327,0.013811754,0,0,1,2.343541,0.91241944,1,1,0,-1.9937636,0.11985927,0,0
tensor(673),"tensor(2745., dtype=torch.float64)",tensor(9),1,5.18808,0.9944483,1,1,0,-6.5640497,0.0014081774,0,0,0,-5.4836264,0.0041370513,0,0,0,-3.7252314,0.02354003,0,0,0,-4.1148734,0.016065687,0,0
tensor(705),"tensor(4874., dtype=torch.float64)",tensor(9),0,-3.2171123,0.03852681,0,0,1,-0.7251952,0.32625002,0,0,0,0.8622145,0.70312315,1,1,1,2.8772998,0.9467128,1,1,0,-1.0141776,0.2661631,0,0
tensor(717),"tensor(3795., dtype=torch.float64)",tensor(9),0,-0.71202636,0.32915124,0,0,1,-0.43151346,0.393765,0,0,1,1.033425,0.73757935,1,1,0,-0.072473764,0.4818895,0,0,0,-0.2694232,0.4330487,0,0
tensor(771),"tensor(3063., dtype=torch.float64)",tensor(9),1,0.97104424,0.7253276,1,1,0,-0.7418819,0.32259274,0,0,0,-1.1086195,0.24812834,0,0,0,-1.7708728,0.14543381,0,0,0,-2.6263537,0.067461476,0,0
tensor(787),"tensor(18804., dtype=torch.float64)",tensor(9),1,4.577011,0.9898191,1,1,0,-4.6698866,0.009286289,0,0,0,-5.312423,0.0049057803,0,0,0,-3.662881,0.025016598,0,0,0,-3.9740152,0.018450968,0,0
tensor(823),"tensor(1791., dtype=torch.float64)",tensor(9),0,-1.4576719,0.18882366,0,0,0,-0.35245314,0.41278765,0,0,1,0.7301695,0.6748425,1,1,1,1.3773955,0.79857236,1,1,0,-0.5078838,0.37568974,0,0
tensor(839),"tensor(1551., dtype=torch.float64)",tensor(9),1,2.0411954,0.8850549,1,1,0,-3.0359797,0.045826647,0,0,0,-2.1126997,0.10786858,0,0,0,-1.1205314,0.24591272,0,0,0,-1.8565358,0.13510735,0,0
tensor(843),"tensor(1756., dtype=torch.float64)",tensor(9),1,3.883341,0.9798331,1,1,0,-4.7423053,0.008643168,0,0,0,-3.128594,0.041943077,0,0,0,-3.5170894,0.028829882,0,0,0,-4.032332,0.01742395,0,0
tensor(849),"tensor(7475., dtype=torch.float64)",tensor(9),0,-0.67029256,0.33843133,0,0,0,-1.8482822,0.13607472,0,0,1,1.5495639,0.82485074,1,1,0,-1.1501172,0.2404677,0,0,0,-0.29907954,0.42578253,0,0
tensor(881),"tensor(2682., dtype=torch.float64)",tensor(9),1,1.2576628,0.7786235,1,1,0,-3.5980983,0.026646271,0,0,0,-0.6971597,0.33244225,0,0,0,-2.3590055,0.08635263,0,0,0,-0.0797489,0.4800733,0,0
tensor(885),"tensor(2841., dtype=torch.float64)",tensor(9),0,0.05140289,0.5128479,1,0,0,-2.440641,0.08012566,0,0,1,0.13694504,0.53418285,1,1,0,-3.060637,0.04476046,0,0,1,1.2721761,0.78111506,1,1
tensor(889),"tensor(11105., dtype=torch.float64)",tensor(9),1,-0.43088835,0.39391422,0,0,0,2.329496,0.91129065,1,1,0,-4.686799,0.009131978,0,0,0,-1.9312428,0.12661308,0,0,0,-2.2597778,0.09450938,0,0
tensor(901),"tensor(5843., dtype=torch.float64)",tensor(9),1,4.214883,0.985441,1,1,0,-4.882372,0.0075220065,0,0,0,-5.9350567,0.002638095,0,0,0,-2.4013188,0.083072186,0,0,0,-3.026695,0.046234347,0,0
tensor(913),"tensor(6560., dtype=torch.float64)",tensor(9),1,4.645888,0.9904903,1,1,0,-3.3484123,0.033947192,0,0,0,-6.6135173,0.0013403045,0,0,0,-3.9257436,0.019345818,0,0,0,-5.036156,0.00645672,0,0
tensor(925),"tensor(5897., dtype=torch.float64)",tensor(9),1,1.968884,0.87749124,1,1,0,-2.3727577,0.085273795,0,0,0,-4.3328414,0.012960019,0,0,0,-0.19879448,0.45046443,0,0,0,-2.0039582,0.11878796,0,0
tensor(927),"tensor(2826., dtype=torch.float64)",tensor(9),1,2.1517835,0.8958353,1,1,0,-3.0230775,0.04639413,0,0,0,-3.0285332,0.04615336,0,0,0,-0.79253787,0.31162402,0,0,0,-1.6347066,0.16318662,0,0
tensor(985),"tensor(7407., dtype=torch.float64)",tensor(9),1,2.882785,0.9469888,1,1,0,-4.8731804,0.0075909365,0,0,0,-4.2144284,0.014565478,0,0,0,-2.992274,0.047776125,0,0,0,-0.63586617,0.3461816,0,0
tensor(987),"tensor(7818., dtype=torch.float64)",tensor(9),0,-2.81704,0.056410283,0,0,0,-1.2449492,0.22357568,0,0,1,2.8530133,0.94547427,1,1,0,-2.201365,0.09962798,0,0,0,0.8169929,0.6935977,1,0
tensor(999),"tensor(1497., dtype=torch.float64)",tensor(9),1,2.0489593,0.88584244,1,1,0,-4.133001,0.015781635,0,0,0,-5.0821075,0.006168527,0,0,0,-1.6574674,0.16010226,0,0,0,-0.072194055,0.4819593,0,0
tensor(1007),"tensor(10526., dtype=torch.float64)",tensor(9),1,2.1453903,0.8952372,1,1,0,-3.3408358,0.034196544,0,0,0,-1.3581041,0.20454861,0,0,0,-1.1833589,0.23444879,0,0,0,-2.9729376,0.048663545,0,0
tensor(1015),"tensor(5995., dtype=torch.float64)",tensor(9),0,-3.2684293,0.036670275,0,0,0,-0.53393537,0.36959952,0,0,1,2.969281,0.95116687,1,1,0,-2.98922,0.047915265,0,0,1,0.0009074919,0.5002269,1,0
tensor(1103),"tensor(4833., dtype=torch.float64)",tensor(9),0,2.3302834,0.9113542,1,1,0,-5.722044,0.0032623364,0,0,0,-5.45351,0.004263001,0,0,0,-3.4911494,0.029565109,0,0,1,0.9761355,0.7263408,1,0
tensor(1109),"tensor(4267., dtype=torch.float64)",tensor(9),0,-2.0967906,0.10940915,0,0,1,0.5397254,0.63174856,1,1,0,1.4728351,0.81348795,1,1,1,-1.618723,0.16538106,0,0,0,-1.3742537,0.20193346,0,0
tensor(1119),"tensor(16469., dtype=torch.float64)",tensor(9),1,3.4361908,0.9688166,1,1,0,-2.6437829,0.06637323,0,0,0,-6.8700566,0.0010373411,0,0,0,-4.018789,0.017657338,0,0,0,-1.891795,0.13103995,0,0
tensor(1123),"tensor(7009., dtype=torch.float64)",tensor(9),0,-4.386688,0.012288968,0,0,0,-1.0482547,0.2595604,0,0,0,-2.7027051,0.06281392,0,0,1,5.4234366,0.99560744,1,1,0,0.021929186,0.5054821,1,0
tensor(1139),"tensor(4705., dtype=torch.float64)",tensor(9),1,3.1100607,0.95730585,1,1,0,-3.8308196,0.021231284,0,0,0,-5.3487406,0.0047316398,0,0,0,-3.2394881,0.03770646,0,0,0,-1.1635088,0.23803031,0,0
tensor(1159),"tensor(649., dtype=torch.float64)",tensor(9),0,-1.8093922,0.1407116,0,0,1,2.9355357,0.9495754,1,1,0,-1.9834552,0.120951004,0,0,0,-0.57136804,0.36092123,0,0,0,-1.5094289,0.18102345,0,0
tensor(1205),"tensor(18791., dtype=torch.float64)",tensor(9),0,-2.293197,0.091687955,0,0,0,-2.089525,0.11011911,0,0,1,2.7666614,0.94084746,1,1,1,-2.9593604,0.049295973,0,0,0,1.070726,0.74473494,1,0
tensor(1249),"tensor(19947., dtype=torch.float64)",tensor(9),1,1.5372622,0.8230664,1,1,0,-3.2491305,0.037358146,0,0,0,-4.5611835,0.010341618,0,0,0,0.75736034,0.68078035,1,1,0,-1.6705333,0.15835309,0,0
tensor(1261),"tensor(8420., dtype=torch.float64)",tensor(9),0,-4.2521687,0.0140335895,0,0,1,0.18405148,0.5458834,1,0,0,-2.5874736,0.06994896,0,0,1,4.9802275,0.9931744,1,1,0,-0.1693985,0.45775133,0,0
tensor(1295),"tensor(20870., dtype=torch.float64)",tensor(9),0,2.4508932,0.9206267,1,1,0,-3.0185258,0.04659592,0,0,1,-2.3145308,0.08992665,0,0,0,-2.6225915,0.067698546,0,0,0,-1.8082784,0.14084633,0,0
tensor(1321),"tensor(5894., dtype=torch.float64)",tensor(9),1,1.5069308,0.8186059,1,1,0,-0.8797003,0.2932399,0,0,0,-2.4229362,0.08144034,0,0,0,-1.0415635,0.26084843,0,0,0,-1.763331,0.14637363,0,0
tensor(1367),"tensor(21233., dtype=torch.float64)",tensor(9),0,-4.290695,0.013510371,0,0,0,-1.6529369,0.1607124,0,0,0,-2.7566638,0.059711408,0,0,1,5.229069,0.9946701,1,1,1,-0.43254593,0.39351857,0,0
tensor(1379),"tensor(7123., dtype=torch.float64)",tensor(9),1,1.0838959,0.7472305,1,1,0,-0.24587029,0.4388402,0,0,0,-3.796259,0.021961482,0,0,0,-0.65858936,0.34105656,0,0,0,-2.193933,0.10029663,0,0
tensor(1399),"tensor(12213., dtype=torch.float64)",tensor(9),0,-1.8342657,0.1377309,0,0,0,-0.60728365,0.35267907,0,0,0,-2.3709176,0.08541743,0,0,0,-0.43609864,0.39267096,0,0,0,-3.3934784,0.032499906,0,0
tensor(1421),"tensor(4879., dtype=torch.float64)",tensor(9),1,-0.8297499,0.30369794,0,0,0,-2.3060567,0.0906226,0,0,0,1.2808847,0.78260034,1,1,0,-2.3484468,0.08718931,0,0,0,1.700639,0.8456181,1,1
tensor(1427),"tensor(20044., dtype=torch.float64)",tensor(9),0,-5.4362855,0.0043367427,0,0,1,3.0648751,0.9554204,1,1,1,1.8330469,0.86212426,1,1,0,-1.9469972,0.124881156,0,0,0,1.0436217,0.7395482,1,0
tensor(1433),"tensor(16989., dtype=torch.float64)",tensor(9),0,-5.88051,0.0027855795,0,0,1,5.9124513,0.9973017,1,1,0,-0.80205804,0.30958545,0,0,0,-1.5816298,0.17056479,0,0,0,-0.5965034,0.35514405,0,0
tensor(1439),"tensor(16142., dtype=torch.float64)",tensor(9),0,-6.1038356,0.0022293006,0,0,1,1.0378658,0.73843795,1,1,1,3.4665306,0.9697203,1,1,0,-0.67550427,0.33726546,0,0,1,2.3899865,0.9160605,1,1
tensor(1449),"tensor(18349., dtype=torch.float64)",tensor(9),0,-3.3208544,0.034862645,0,0,0,-1.1548413,0.23960592,0,0,1,3.1621754,0.95938575,1,1,0,-2.1584759,0.10354183,0,0,0,1.3424513,0.79289275,1,1
tensor(1451),"tensor(16916., dtype=torch.float64)",tensor(9),0,-6.210339,0.00200453,0,0,0,1.01469,0.733937,1,1,0,3.6176822,0.9738569,1,1,0,-1.509902,0.18095331,0,0,1,2.706071,0.937384,1,1
tensor(1453),"tensor(17864., dtype=torch.float64)",tensor(9),1,1.8786607,0.8674572,1,1,0,-3.0961826,0.043264996,0,0,0,-2.1391628,0.10534827,0,0,0,-0.27478606,0.43173254,0,0,0,-2.2516499,0.09520725,0,0
tensor(1455),"tensor(20051., dtype=torch.float64)",tensor(9),1,1.8441489,0.86343867,1,1,0,-2.696778,0.06316374,0,0,0,-3.3725853,0.033163317,0,0,0,-2.5387871,0.073183395,0,0,0,-0.11271365,0.47185138,0,0
tensor(1469),"tensor(4058., dtype=torch.float64)",tensor(9),0,-7.7603335,0.00042613267,0,0,0,1.667876,0.8412925,1,1,1,3.723436,0.9764187,1,1,1,1.3758409,0.79832214,1,1,1,2.5265553,0.9259826,1,1
tensor(1473),"tensor(17115., dtype=torch.float64)",tensor(9),0,-4.7549825,0.008535218,0,0,1,5.641919,0.9964665,1,1,1,-2.0969102,0.109397486,0,0,0,-2.235917,0.09657117,0,0,0,-2.5007892,0.075802885,0,0
tensor(1497),"tensor(18668., dtype=torch.float64)",tensor(9),1,4.3952775,0.9878149,1,1,0,-4.5537558,0.010417916,0,0,0,-5.295457,0.0049893046,0,0,0,-3.2761438,0.036398727,0,0,0,-3.8448584,0.020941503,0,0
tensor(1515),"tensor(668., dtype=torch.float64)",tensor(9),0,-2.399894,0.08318078,0,0,1,2.4216778,0.9184655,1,1,1,-1.1442506,0.2415408,0,0,0,-0.2051548,0.44889045,0,0,0,-1.7209362,0.15175061,0,0
tensor(1541),"tensor(20956., dtype=torch.float64)",tensor(9),0,0.045240343,0.51130813,1,0,1,0.17949456,0.54475355,1,0,0,-3.9953282,0.018068913,0,0,0,0.7355333,0.67601836,1,1,0,-1.409452,0.1963205,0,0
tensor(1577),"tensor(7809., dtype=torch.float64)",tensor(9),0,-1.6187725,0.16537423,0,0,1,1.8771465,0.86728305,1,1,0,-0.6605779,0.34060982,0,0,0,-0.15337682,0.46173075,0,0,0,-1.0418724,0.2607889,0,0
tensor(1595),"tensor(3742., dtype=torch.float64)",tensor(9),1,1.5711136,0.8279423,1,1,0,-3.4476,0.030840514,0,0,1,-1.0131541,0.26636305,0,0,0,-3.2217884,0.03835397,0,0,0,-0.46352565,0.38614976,0,0
tensor(1611),"tensor(12706., dtype=torch.float64)",tensor(9),0,-1.6495178,0.16117415,0,0,0,0.40159655,0.5990712,1,1,0,0.91752094,0.7145367,1,1,0,0.27025527,0.56715554,1,1,1,-0.7814112,0.31401584,0,0
tensor(1619),"tensor(2638., dtype=torch.float64)",tensor(9),1,3.3643167,0.96657056,1,1,0,-3.6531432,0.025255209,0,0,0,-4.1704135,0.015210926,0,0,0,-3.2614894,0.03691622,0,0,0,-2.193824,0.100306466,0,0
tensor(1627),"tensor(6034., dtype=torch.float64)",tensor(9),0,-3.8769112,0.02029432,0,0,1,1.4704789,0.8131302,1,1,1,-0.17242151,0.4570011,0,1,0,2.4443831,0.9201498,1,1,0,-1.0517703,0.2588853,0,0
tensor(1645),"tensor(7424., dtype=torch.float64)",tensor(9),1,1.4249833,0.8061184,1,1,0,-3.0597904,0.044796675,0,0,0,-5.190037,0.005540929,0,0,0,0.02146288,0.5053655,1,1,0,-0.61750937,0.35034811,0,0
tensor(1699),"tensor(20837., dtype=torch.float64)",tensor(9),1,0.86535996,0.7037793,1,1,0,1.211221,0.7705149,1,1,0,-7.146661,0.00078686967,0,0,0,-2.2475321,0.095562555,0,0,0,-4.083552,0.016568383,0,0
tensor(1701),"tensor(20919., dtype=torch.float64)",tensor(9),1,2.460686,0.9213394,1,1,0,-2.4238515,0.08137189,0,0,0,-5.985296,0.002509158,0,0,0,-0.62596005,0.34842715,0,0,0,-3.0743852,0.044176295,0,0
tensor(1713),"tensor(7961., dtype=torch.float64)",tensor(9),0,-0.7068282,0.33030006,0,0,0,-0.38570082,0.40475264,0,0,1,1.052392,0.74123394,1,1,1,-2.2864811,0.0922488,0,0,0,-0.93384147,0.282146,0,0
tensor(1763),"tensor(21187., dtype=torch.float64)",tensor(9),0,-4.3901978,0.012246443,0,0,0,0.7563458,0.6805599,1,1,1,2.6391156,0.933337,1,1,0,-1.3547829,0.20508952,0,0,1,1.7941087,0.8574303,1,1
tensor(1809),"tensor(361., dtype=torch.float64)",tensor(9),0,-3.3452451,0.034051217,0,0,1,3.29688,0.9643217,1,1,0,-0.36948413,0.4086657,0,1,1,-1.0195943,0.26510644,0,0,0,-1.4970324,0.18286854,0,0
tensor(1817),"tensor(11885., dtype=torch.float64)",tensor(9),0,-4.6275797,0.009683706,0,0,0,1.711899,0.84708244,1,1,1,1.2845293,0.78321975,1,1,1,2.1727023,0.8977712,1,1,0,0.38785654,0.5957666,1,0
tensor(1841),"tensor(7070., dtype=torch.float64)",tensor(9),1,-1.6115744,0.16637014,0,0,0,-0.7215672,0.32704797,0,0,0,1.729717,0.84937626,1,1,0,-2.0894828,0.110123254,0,0,0,0.74941015,0.67905015,1,0
tensor(1871),"tensor(1585., dtype=torch.float64)",tensor(9),1,2.8270965,0.9441226,1,1,0,-5.476969,0.004164571,0,0,0,-2.7535946,0.059883956,0,0,0,-2.9527888,0.04960487,0,0,0,-0.8566947,0.29803038,0,0
tensor(1889),"tensor(2348., dtype=torch.float64)",tensor(9),0,0.5989059,0.64540595,1,1,0,-1.784195,0.14378592,0,0,1,0.10000723,0.52498096,1,1,0,-1.1239674,0.24527612,0,0,0,-0.28784472,0.4285316,0,0
tensor(1907),"tensor(7931., dtype=torch.float64)",tensor(9),0,-6.485616,0.001522898,0,0,1,3.068637,0.95558035,1,1,0,-1.9614394,0.12331137,0,0,1,4.9357457,0.99286616,1,1,0,0.5418135,0.63223416,1,0
tensor(1977),"tensor(847., dtype=torch.float64)",tensor(9),0,-4.318048,0.013150628,0,0,1,0.22297072,0.5555129,1,0,0,2.2685878,0.9062419,1,1,1,2.1785924,0.89831054,1,1,0,0.697944,0.66773176,1,0
tensor(1981),"tensor(459., dtype=torch.float64)",tensor(9),0,-3.001889,0.04734061,0,0,0,-1.4937446,0.18336034,0,0,1,3.0816097,0.95612776,1,1,0,-3.3588734,0.03360579,0,0,0,1.0851194,0.74746156,1,0
tensor(1995),"tensor(389., dtype=torch.float64)",tensor(9),0,-0.7565864,0.31938785,0,0,0,-2.2325883,0.09686198,0,0,0,-3.7498257,0.022981282,0,0,1,3.214995,0.96139467,1,1,0,-0.08991884,0.47753543,0,0
tensor(2033),"tensor(5507., dtype=torch.float64)",tensor(9),0,-6.321717,0.0017936332,0,0,1,2.2988768,0.90878403,1,1,1,0.9591197,0.7229455,1,1,1,3.7112863,0.97613734,1,1,0,0.5891384,0.64316744,1,0
tensor(2051),"tensor(389., dtype=torch.float64)",tensor(9),0,-2.0114062,0.118010536,0,0,0,0.07265976,0.51815695,1,0,0,1.0952116,0.7493618,1,1,0,0.7386995,0.6767114,1,1,0,-1.3093052,0.21260314,0,0
tensor(2089),"tensor(1651., dtype=torch.float64)",tensor(9),1,3.7952716,0.97801733,1,1,0,-3.29846,0.035624057,0,0,0,-5.762285,0.0031340658,0,0,0,-3.7508178,0.022959018,0,0,0,-2.6527946,0.065816976,0,0
tensor(2099),"tensor(13882., dtype=torch.float64)",tensor(9),0,-2.6731498,0.06457644,0,0,1,1.0358316,0.7380449,1,1,0,1.5421,0.8237698,1,1,0,-1.476016,0.18602993,0,0,0,-1.2640098,0.2202844,0,0
tensor(2107),"tensor(2719., dtype=torch.float64)",tensor(9),1,-1.010797,0.26682392,0,0,0,0.16233885,0.5404959,1,0,0,0.52149725,0.62749785,1,1,0,0.27633375,0.56864715,1,1,0,0.6275904,0.6519429,1,0
tensor(2111),"tensor(4920., dtype=torch.float64)",tensor(9),0,-4.1838927,0.015010326,0,0,1,0.36024278,0.5890992,1,1,1,0.24431342,0.56077635,1,1,1,3.1329484,0.9582315,1,1,1,1.1496704,0.7594507,1,0
tensor(2115),"tensor(20329., dtype=torch.float64)",tensor(9),1,3.407884,0.96795,1,1,0,-4.8180895,0.008017415,0,0,0,-6.1266685,0.0021790857,0,0,0,-3.1424537,0.04138966,0,0,0,-0.977311,0.27342567,0,0
tensor(2123),"tensor(4949., dtype=torch.float64)",tensor(9),0,2.5706646,0.9289496,1,1,0,-1.9764483,0.12169797,0,0,0,-3.3154166,0.035046082,0,0,1,-2.1810708,0.10146326,0,0,1,-2.4299762,0.080915235,0,0
tensor(2135),"tensor(8046., dtype=torch.float64)",tensor(9),0,-3.5083735,0.029074915,0,0,0,-0.23410884,0.44173864,0,0,0,-2.6432245,0.066407844,0,0,1,4.3787413,0.98761415,1,1,0,-1.0058881,0.2677853,0,0
tensor(2139),"tensor(20870., dtype=torch.float64)",tensor(9),1,0.6351237,0.65365034,1,1,0,-2.375579,0.085053965,0,0,0,0.73169345,0.67517674,1,1,0,-2.3807712,0.08465079,0,0,0,-1.363512,0.20367008,0,0
tensor(2149),"tensor(7231., dtype=torch.float64)",tensor(9),1,4.841083,0.9921634,1,1,0,-4.5965085,0.009986263,0,0,0,-6.5767016,0.0013904984,0,0,0,-3.4930592,0.029510366,0,0,0,-4.0226207,0.017590994,0,0
tensor(2161),"tensor(20411., dtype=torch.float64)",tensor(9),1,3.3775747,0.9669963,1,1,0,-7.6705523,0.00046614284,0,0,0,-6.339498,0.0017620778,0,0,0,-5.8999386,0.0027321281,0,0,0,0.9141456,0.71384776,1,0
tensor(2169),"tensor(6021., dtype=torch.float64)",tensor(9),0,0.33169362,0.58217144,1,0,0,-0.7514994,0.32049465,0,0,1,-0.10559677,0.4736253,0,1,0,-2.7379982,0.06076805,0,0,0,-0.70552915,0.33058748,0,0
tensor(2181),"tensor(2652., dtype=torch.float64)",tensor(9),1,0.7513153,0.67946523,1,1,0,-2.80469,0.05707127,0,0,0,-1.6568127,0.16019033,0,0,0,-1.0567951,0.25792238,0,0,0,0.57290685,0.6394336,1,0
tensor(2205),"tensor(4376., dtype=torch.float64)",tensor(9),0,-5.4677205,0.004203102,0,0,0,2.7598622,0.9404679,1,1,0,0.36635137,0.59057707,1,1,0,2.7975538,0.9425435,1,1,0,0.17631783,0.54396564,1,0
tensor(2233),"tensor(5310., dtype=torch.float64)",tensor(9),0,-0.40274465,0.40065306,0,0,0,-1.1971245,0.23198718,0,0,0,-0.39222497,0.40318182,0,1,1,1.240692,0.7756845,1,1,0,-1.9423579,0.12538905,0,0
tensor(2237),"tensor(2202., dtype=torch.float64)",tensor(9),1,3.3390515,0.96574444,1,1,0,-2.0715325,0.11189465,0,0,0,-5.1233177,0.0059209624,0,0,0,-3.730761,0.02341326,0,0,0,-3.7525833,0.02291945,0,0
tensor(2261),"tensor(3857., dtype=torch.float64)",tensor(9),1,3.04652,0.9546321,1,1,0,-4.4948683,0.011042845,0,0,0,-6.2242737,0.0019768463,0,0,0,-1.1874735,0.23371111,0,0,0,-1.9629046,0.123153046,0,0
tensor(2273),"tensor(16350., dtype=torch.float64)",tensor(9),0,-1.3132818,0.21193822,0,0,1,0.30635378,0.575995,1,1,0,0.95683324,0.72248733,1,1,0,-1.0611786,0.2570843,0,0,0,-0.52918553,0.3707069,0,0
tensor(2283),"tensor(3200., dtype=torch.float64)",tensor(9),1,3.1841938,0.9602351,1,1,0,-2.3233888,0.08920435,0,0,0,-3.7310853,0.023405846,0,0,0,-6.1806774,0.0020647538,0,0,0,-5.027873,0.0065100747,0,0
tensor(2297),"tensor(4963., dtype=torch.float64)",tensor(9),0,-0.051885754,0.48703143,0,0,0,-0.028765716,0.4928091,0,0,0,-0.92434925,0.28407255,0,0,1,0.12061777,0.5301179,1,1,1,-2.0822835,0.11083073,0,0
tensor(2301),"tensor(2793., dtype=torch.float64)",tensor(9),1,1.7790852,0.85558385,1,1,0,-3.0321643,0.045993768,0,0,0,-0.8286643,0.30392757,0,0,0,-2.8631823,0.054003894,0,0,0,-1.5075763,0.18129826,0,0
tensor(2309),"tensor(1134., dtype=torch.float64)",tensor(9),1,2.3113127,0.90980965,1,1,0,-1.7834507,0.14387757,0,0,0,-1.5232451,0.17898415,0,0,0,-3.4373326,0.03114888,0,0,0,-4.2562227,0.013977604,0,0
tensor(2311),"tensor(4897., dtype=torch.float64)",tensor(9),0,-7.6788454,0.00046229476,0,0,1,3.7653291,0.97736424,1,1,0,0.592654,0.6439738,1,1,1,3.6543348,0.9747741,1,1,0,1.2703215,0.7807978,1,1
tensor(2319),"tensor(2577., dtype=torch.float64)",tensor(9),1,2.7398589,0.939338,1,1,0,-5.91325,0.0026960983,0,0,0,-1.787034,0.14343674,0,0,0,-4.4597945,0.011432525,0,0,0,-1.1223365,0.24557815,0,0
tensor(2335),"tensor(11190., dtype=torch.float64)",tensor(9),0,-4.574023,0.010211035,0,0,0,2.385929,0.915748,1,1,0,0.60287434,0.6463136,1,1,1,1.9561985,0.876121,1,1,0,-0.3469681,0.41411784,0,0
tensor(2357),"tensor(18869., dtype=torch.float64)",tensor(9),1,4.482526,0.9888215,1,1,0,-7.3518553,0.00064099015,0,0,0,-6.2164407,0.0019923607,0,0,0,-4.4050417,0.012068176,0,0,0,-1.367544,0.20301694,0,0
tensor(2359),"tensor(13668., dtype=torch.float64)",tensor(9),0,-0.39563173,0.40236235,0,0,1,-0.23125365,0.44244283,0,0,0,0.3585231,0.5886829,1,1,1,-0.9668498,0.27550885,0,0,0,0.65976715,0.65920806,1,0
tensor(2361),"tensor(13039., dtype=torch.float64)",tensor(9),1,3.9785202,0.9816304,1,1,0,-4.1000214,0.016302155,0,0,0,-3.7231448,0.023588039,0,0,0,-2.6901202,0.06355887,0,0,0,-4.9090166,0.00732568,0,0
tensor(2377),"tensor(20400., dtype=torch.float64)",tensor(9),1,1.9540777,0.87589055,1,1,0,-1.5336977,0.17745332,0,0,0,-4.8026805,0.008140898,0,0,0,-2.5070696,0.07536406,0,0,0,-0.716705,0.32811898,0,0
tensor(2389),"tensor(19437., dtype=torch.float64)",tensor(9),1,3.0068033,0.9528805,1,1,0,-2.1233919,0.106843956,0,0,0,-5.5362563,0.0039257817,0,0,0,-2.5593572,0.07180037,0,0,0,-2.47808,0.07740921,0,0
tensor(2395),"tensor(17170., dtype=torch.float64)",tensor(9),1,1.7872543,0.85659033,1,1,0,-4.971085,0.0068878466,0,0,0,-7.0978694,0.00082618167,0,0,0,1.3580352,0.7954402,1,1,0,-1.9125515,0.12869447,0,0
tensor(2397),"tensor(9357., dtype=torch.float64)",tensor(9),0,1.6441987,0.83810544,1,1,1,-0.37877342,0.40642276,0,0,0,-4.945084,0.0070680035,0,0,0,-1.0418532,0.26079258,0,0,0,-4.158272,0.015393877,0,0
tensor(2421),"tensor(17173., dtype=torch.float64)",tensor(9),1,1.7727134,0.8547948,1,1,0,-3.5188653,0.028780194,0,0,0,-4.5886235,0.01006452,0,0,1,1.1706299,0.7632589,1,1,0,-3.065866,0.04453741,0,0
tensor(2429),"tensor(8456., dtype=torch.float64)",tensor(9),1,4.2658896,0.986155,1,1,0,-3.939109,0.019093875,0,0,0,-5.7034044,0.0033235112,0,0,0,-3.93648,0.019143179,0,0,0,-3.3432975,0.034115337,0,0
tensor(2443),"tensor(21046., dtype=torch.float64)",tensor(9),0,0.11092499,0.5277028,1,0,0,-3.210543,0.0387709,0,0,1,-1.11254,0.24739768,0,0,0,-2.766017,0.059188426,0,0,0,2.0463715,0.8855805,1,1
tensor(2465),"tensor(1298., dtype=torch.float64)",tensor(9),1,3.7849262,0.97779375,1,1,0,-3.7149298,0.023777984,0,0,0,-4.751078,0.008568321,0,0,0,-3.8309362,0.021228863,0,0,0,-3.164487,0.040524233,0,0
tensor(2467),"tensor(7513., dtype=torch.float64)",tensor(9),1,3.714872,0.9762207,1,1,0,-4.100142,0.016300222,0,0,0,-3.507972,0.02908625,0,0,0,-4.2238827,0.0144304,0,0,0,-3.2948444,0.03574848,0,0
tensor(2505),"tensor(20101., dtype=torch.float64)",tensor(9),0,-1.6477313,0.1614158,0,0,0,-3.5096886,0.029037813,0,0,1,2.2891839,0.9079773,1,1,0,-3.7862883,0.022176668,0,0,1,2.51311,0.92505574,1,1
tensor(2543),"tensor(13440., dtype=torch.float64)",tensor(9),0,-3.2537444,0.03719257,0,0,0,-0.5087628,0.37548363,0,0,1,2.6940615,0.93667525,1,1,0,0.6090751,0.6477298,1,1,0,0.1138145,0.52842295,1,0
tensor(2577),"tensor(8053., dtype=torch.float64)",tensor(9),1,2.5181677,0.9254057,1,1,0,-3.7064588,0.023975415,0,0,0,-6.114904,0.002204816,0,0,0,-2.1265128,0.1065465,0,0,0,-0.5005196,0.37741858,0,0
tensor(2591),"tensor(17271., dtype=torch.float64)",tensor(9),0,-6.1961102,0.0020331976,0,0,1,6.6131,0.99865913,1,1,0,-1.1388607,0.2425296,0,0,0,-3.616125,0.026182692,0,0,0,-1.7105007,0.15309878,0,0
tensor(2613),"tensor(21108., dtype=torch.float64)",tensor(9),1,1.1003308,0.75032204,1,1,0,-3.506361,0.029131781,0,0,0,-0.47815615,0.38268763,0,0,0,-2.0592446,0.1131216,0,0,0,-0.050739754,0.48731777,0,0
tensor(2623),"tensor(7433., dtype=torch.float64)",tensor(9),0,-5.5438423,0.0038962292,0,0,1,-0.44568434,0.3903873,0,0,0,-0.4877916,0.38041392,0,0,1,5.247067,0.99476457,1,1,0,0.8168448,0.6935662,1,0
tensor(2629),"tensor(17864., dtype=torch.float64)",tensor(9),1,2.3358383,0.91180193,1,1,0,-3.0725257,0.044254877,0,0,0,-2.6117136,0.06838834,0,0,0,-1.4782434,0.18569289,0,0,0,-1.7722594,0.14526159,0,0
tensor(2669),"tensor(585., dtype=torch.float64)",tensor(9),0,-5.3570733,0.004692561,0,0,1,2.2834706,0.90749884,1,1,0,0.1730907,0.54316497,1,1,1,3.3849983,0.96723235,1,1,0,-0.06672718,0.48332438,0,0
tensor(2697),"tensor(5609., dtype=torch.float64)",tensor(9),1,4.4191346,0.9880987,1,1,0,-5.6636925,0.0034576843,0,0,0,-5.872437,0.0028080947,0,0,0,-3.7028756,0.02405941,0,0,0,-2.3165836,0.0897588,0,0
tensor(2707),"tensor(20920., dtype=torch.float64)",tensor(9),0,4.043951,0.9827739,1,1,1,-3.164103,0.040539164,0,0,0,-5.8650117,0.002828964,0,0,0,-3.0233853,0.046380516,0,0,0,-4.000112,0.01798423,0,0
tensor(2721),"tensor(12807., dtype=torch.float64)",tensor(9),1,3.104903,0.9570945,1,1,0,-2.9808805,0.04829714,0,0,0,-3.8271418,0.02130785,0,0,0,-2.9895072,0.047902156,0,0,0,-2.5154939,0.07477912,0,0
tensor(2727),"tensor(4424., dtype=torch.float64)",tensor(9),0,-1.4198685,0.19468221,0,0,1,-0.7532711,0.32010895,0,0,0,1.7664554,0.85401636,1,1,0,-1.2587992,0.22118068,0,0,0,-0.39467084,0.40259343,0,0
tensor(2745),"tensor(2158., dtype=torch.float64)",tensor(9),0,-2.7567456,0.059706815,0,0,0,-0.8031864,0.30934435,0,0,1,2.5860052,0.9299554,1,1,0,-2.589459,0.06981991,0,0,0,0.8543742,0.70148396,1,0
tensor(2801),"tensor(9053., dtype=torch.float64)",tensor(9),1,3.1748128,0.95987535,1,1,0,-2.7184289,0.06189463,0,0,0,-3.3893764,0.032629136,0,0,0,-2.8563788,0.054352522,0,0,0,-3.7002137,0.02412199,0,0
tensor(2825),"tensor(7860., dtype=torch.float64)",tensor(9),0,-4.5071034,0.010910023,0,0,0,0.9113032,0.7132668,1,1,1,2.7994528,0.94264627,1,1,0,-1.6410637,0.16232038,0,0,0,0.5865497,0.6425731,1,0
tensor(2841),"tensor(5273., dtype=torch.float64)",tensor(9),1,1.9148474,0.8715627,1,1,0,-1.3152059,0.21161701,0,0,0,-2.042113,0.11485174,0,0,0,-3.9526885,0.018841198,0,0,0,-2.9522018,0.049632553,0,0
tensor(2849),"tensor(7390., dtype=torch.float64)",tensor(9),1,4.2885528,0.98646104,1,1,0,-7.5770516,0.0005118067,0,0,0,-7.0754848,0.00084486813,0,0,0,-3.7832725,0.022242157,0,0,0,-1.0049239,0.2679744,0,0
tensor(2851),"tensor(14209., dtype=torch.float64)",tensor(9),1,1.9620938,0.87675935,1,1,0,-0.7052356,0.33065248,0,0,0,-6.6962204,0.0012340483,0,0,0,-0.90580076,0.28785992,0,0,0,-3.9263802,0.019333746,0,0
tensor(2895),"tensor(15808., dtype=torch.float64)",tensor(9),0,-2.5023036,0.07569685,0,0,0,0.65605825,0.65837437,1,1,0,1.3657565,0.79669374,1,1,1,0.030789278,0.50769675,1,1,0,-0.7802415,0.31426784,0,0
tensor(2899),"tensor(20652., dtype=torch.float64)",tensor(9),0,-4.8155375,0.008037738,0,0,1,2.1745894,0.8979443,1,1,1,2.0525756,0.8862076,1,1,0,-2.1361992,0.10562791,0,0,0,0.89602435,0.7101318,1,0
tensor(2907),"tensor(21195., dtype=torch.float64)",tensor(9),1,3.4633734,0.9696275,1,1,0,-3.9689386,0.018543132,0,0,0,-4.08995,0.016464453,0,0,0,-2.8469596,0.05483869,0,0,0,-2.4557173,0.079021454,0,0
tensor(2911),"tensor(13978., dtype=torch.float64)",tensor(9),0,-0.17885906,0.45540404,0,0,0,-4.050508,0.017115485,0,0,0,-2.0178764,0.11733875,0,0,0,-3.264635,0.036804542,0,0,1,3.102027,0.9569763,1,1
tensor(2933),"tensor(13267., dtype=torch.float64)",tensor(9),1,1.0252304,0.7359901,1,1,0,-0.8699601,0.29526258,0,0,0,-0.48101223,0.38201314,0,0,0,-1.6661316,0.15894061,0,0,0,-1.4349991,0.19232096,0,0
tensor(2949),"tensor(1627., dtype=torch.float64)",tensor(9),0,-0.3033511,0.4247385,0,0,0,-3.8454163,0.020930069,0,0,1,1.6805444,0.8429766,1,1,0,-2.4775715,0.07744554,0,0,0,0.70114905,0.6684425,1,0
tensor(2967),"tensor(7635., dtype=torch.float64)",tensor(9),0,-1.7356622,0.14986475,0,0,1,-0.9809142,0.2727104,0,0,1,2.0932243,0.8902429,1,1,0,-2.8164434,0.056442045,0,0,0,-0.32702643,0.4189643,0,0
tensor(2971),"tensor(13926., dtype=torch.float64)",tensor(9),0,-5.074617,0.0062146187,0,0,1,4.1651206,0.98470956,1,1,0,0.74959344,0.67909014,1,1,0,-1.7038581,0.15396203,0,0,0,0.66610146,0.66062963,1,0
tensor(3003),"tensor(20949., dtype=torch.float64)",tensor(9),1,3.475579,0.9699849,1,1,0,-1.9781253,0.12151883,0,0,0,-5.3390126,0.0047776727,0,0,0,-3.9643083,0.01862759,0,0,0,-5.03962,0.006434538,0,0
tensor(3029),"tensor(3385., dtype=torch.float64)",tensor(9),0,-4.6425543,0.009541149,0,0,0,1.953406,0.8758176,1,1,0,-1.9326932,0.12645277,0,0,1,3.953183,0.9811679,1,1,0,-0.15310614,0.46179807,0,0
tensor(3041),"tensor(3851., dtype=torch.float64)",tensor(9),0,-4.7985854,0.008174031,0,0,0,0.9757173,0.7262576,1,1,0,-0.53745204,0.3687805,0,0,1,4.096875,0.9836473,1,1,0,-0.07555865,0.48111933,0,0
tensor(3053),"tensor(21329., dtype=torch.float64)",tensor(9),1,4.716596,0.99113375,1,1,0,-4.7027717,0.008988576,0,0,0,-4.879703,0.007541957,0,0,0,-4.258034,0.01395266,0,0,0,-4.5390673,0.0105704395,0,0
tensor(3083),"tensor(10698., dtype=torch.float64)",tensor(9),1,3.6974895,0.9758138,1,1,0,-4.2637005,0.013874917,0,0,0,-6.4806094,0.00153053,0,0,0,-3.4138227,0.031866252,0,0,0,-1.54205,0.17623746,0,0
tensor(3089),"tensor(2095., dtype=torch.float64)",tensor(9),1,1.3786373,0.79877204,1,1,0,-3.155124,0.040889855,0,0,0,-2.3560762,0.08658401,0,0,0,-2.9547522,0.049512386,0,0,0,0.5498653,0.6341043,1,0
tensor(3111),"tensor(5711., dtype=torch.float64)",tensor(9),1,1.8267109,0.86136943,1,1,0,-3.3443277,0.034081403,0,0,0,-2.5308602,0.073722884,0,0,0,-1.562301,0.17331672,0,0,0,-0.46685162,0.38536173,0,0
tensor(3127),"tensor(17465., dtype=torch.float64)",tensor(9),0,-2.9026837,0.052021053,0,0,1,2.2589192,0.9054171,1,1,0,0.6242637,0.6511876,1,1,0,-2.1537793,0.10397859,0,0,0,-0.73015916,0.3251598,0,0
tensor(3155),"tensor(732., dtype=torch.float64)",tensor(9),0,-7.460966,0.0005747698,0,0,0,1.2920911,0.7845009,1,1,0,-1.0861892,0.25233656,0,0,1,6.2380114,0.9980501,1,1,0,1.543063,0.8239096,1,1
tensor(3169),"tensor(8852., dtype=torch.float64)",tensor(9),1,2.8481338,0.9452221,1,1,0,-3.2452219,0.037498966,0,0,0,-1.2028388,0.23097059,0,0,0,-3.923921,0.019380424,0,0,0,-4.6161456,0.009793976,0,0
tensor(3189),"tensor(21285., dtype=torch.float64)",tensor(9),1,3.0988579,0.9568456,1,1,0,-3.3181634,0.034953307,0,0,0,-5.220589,0.0053750966,0,0,0,-0.70212054,0.33134225,0,0,0,-4.0909295,0.0164486,0,0
tensor(3203),"tensor(10042., dtype=torch.float64)",tensor(9),1,1.0860627,0.7476396,1,1,0,-4.0400586,0.01729216,0,0,0,0.22776762,0.556697,1,1,0,-2.7661479,0.05918113,0,0,0,-0.29918313,0.4257572,0,0
tensor(3233),"tensor(14392., dtype=torch.float64)",tensor(9),1,1.1508036,0.7596577,1,1,0,-3.9935234,0.018100964,0,0,0,-6.1872883,0.002051177,0,0,1,2.5836987,0.92980504,1,1,0,-2.8429403,0.055047393,0,0
tensor(3265),"tensor(1353., dtype=torch.float64)",tensor(9),0,-0.6283427,0.3478864,0,0,1,0.5750995,0.639939,1,1,0,0.30345258,0.5752863,1,1,0,-1.193119,0.23270155,0,0,1,-0.49740252,0.37815127,0,0
tensor(3271),"tensor(10309., dtype=torch.float64)",tensor(9),1,1.497222,0.81715983,1,1,0,-2.3359523,0.08818886,0,0,0,-1.6253706,0.16446552,0,0,0,-0.8121851,0.30742505,0,0,0,-0.95423174,0.27803457,0,0
tensor(3273),"tensor(1040., dtype=torch.float64)",tensor(9),1,4.9442286,0.992926,1,1,0,-5.5504694,0.0038705936,0,0,0,-7.2166204,0.00073374104,0,0,0,-4.864147,0.0076592905,0,0,0,-2.6424723,0.0664545,0,0
tensor(3283),"tensor(1792., dtype=torch.float64)",tensor(9),1,3.3942027,0.96752286,1,1,0,-4.801651,0.008149216,0,0,0,-4.065329,0.016867934,0,0,0,-3.263213,0.036854997,0,0,0,-1.5400596,0.1765266,0,0
tensor(3337),"tensor(746., dtype=torch.float64)",tensor(9),0,-4.4626656,0.011400123,0,0,0,0.21130884,0.55263156,1,0,1,3.0486887,0.95472586,1,1,1,-0.08199278,0.47951326,0,0,0,1.2068654,0.7697438,1,1
tensor(3345),"tensor(7784., dtype=torch.float64)",tensor(9),1,3.362314,0.96650577,1,1,0,-3.4086826,0.03202521,0,0,0,-6.465324,0.0015540682,0,0,0,-1.0423667,0.2606936,0,0,0,-3.6268334,0.02591104,0,0
tensor(3349),"tensor(4835., dtype=torch.float64)",tensor(9),0,2.14812,0.8954929,1,1,0,-2.2350385,0.09664785,0,0,0,-4.8029857,0.008138435,0,0,1,-0.5560194,0.364469,0,0,0,-2.212359,0.09864612,0,0
tensor(3389),"tensor(10644., dtype=torch.float64)",tensor(9),0,-3.4146483,0.031840794,0,0,1,2.4680085,0.9218684,1,1,0,-0.26644614,0.43377975,0,1,0,1.3063053,0.7868942,1,1,0,-0.82754916,0.30416355,0,0
tensor(3401),"tensor(7511., dtype=torch.float64)",tensor(9),0,-5.496691,0.004083572,0,0,0,3.3638093,0.9665541,1,1,1,0.9859056,0.7282784,1,1,0,0.16609195,0.5414278,1,1,0,1.9080483,0.8707997,1,1
tensor(3409),"tensor(7108., dtype=torch.float64)",tensor(9),0,-1.4651232,0.187685,0,0,0,-1.2625697,0.22053185,0,0,0,-1.019375,0.26514918,0,0,1,2.6852846,0.9361527,1,1,0,-0.28056973,0.43031406,0,0
tensor(3411),"tensor(4377., dtype=torch.float64)",tensor(9),0,-5.084715,0.006152563,0,0,1,1.7250206,0.8487744,1,1,0,-0.36887848,0.40881205,0,1,1,3.767328,0.97740847,1,1,0,-0.47815982,0.38268676,0,0
tensor(3417),"tensor(1044., dtype=torch.float64)",tensor(9),1,1.9181814,0.8719355,1,1,0,-1.8992418,0.13019432,0,0,0,-5.0407524,0.006427302,0,0,1,0.14995548,0.5374188,1,1,0,-3.7451591,0.023086295,0,0
tensor(3433),"tensor(2663., dtype=torch.float64)",tensor(9),0,-5.0443215,0.0064045493,0,0,0,-2.8085637,0.05686316,0,0,1,5.0213714,0.9934477,1,1,0,-3.8322334,0.021201923,0,0,0,3.5044284,0.97081345,1,1
tensor(3443),"tensor(4536., dtype=torch.float64)",tensor(9),0,-0.7632764,0.31793535,0,0,1,0.52978987,0.6294341,1,1,0,-3.0412757,0.04559562,0,0,1,1.8463147,0.86369383,1,1,0,-1.2877412,0.21623538,0,0
tensor(3447),"tensor(21065., dtype=torch.float64)",tensor(9),1,2.1409624,0.8948212,1,1,0,-2.266218,0.09395969,0,0,0,-4.986692,0.006781907,0,0,0,-1.4304857,0.19302301,0,0,0,-1.3560209,0.20488776,0,0
tensor(3457),"tensor(6881., dtype=torch.float64)",tensor(9),0,-3.6419983,0.025531026,0,0,0,-1.1909251,0.2330935,0,0,1,3.4526346,0.9693096,1,1,0,-2.5357113,0.073392294,0,0,1,0.8654926,0.70380694,1,0
tensor(3475),"tensor(10208., dtype=torch.float64)",tensor(9),1,3.0195749,0.9534507,1,1,0,-2.5320647,0.07364068,0,0,0,-2.6996772,0.0629924,0,0,0,-4.792154,0.008226339,0,0,0,-4.543029,0.010529086,0,0
tensor(3495),"tensor(17675., dtype=torch.float64)",tensor(9),0,1.9200623,0.87214535,1,1,1,-2.2368133,0.096493006,0,0,0,-1.7330847,0.15019345,0,0,1,-1.5571849,0.17405096,0,0,0,-1.8269945,0.1385967,0,0
tensor(3531),"tensor(5612., dtype=torch.float64)",tensor(9),0,-5.3697567,0.004633693,0,0,0,-1.8788431,0.13252182,0,0,1,4.814568,0.9919545,1,1,0,-2.9317398,0.050606668,0,0,0,3.1188107,0.95766205,1,1
tensor(3587),"tensor(13541., dtype=torch.float64)",tensor(9),1,3.6243725,0.9740268,1,1,0,-5.518807,0.003994609,0,0,0,-5.2387915,0.005278654,0,0,0,-2.1005635,0.109042056,0,0,0,-1.9802136,0.121296056,0,0
tensor(3595),"tensor(19798., dtype=torch.float64)",tensor(9),1,3.4645085,0.9696609,1,1,0,-6.009553,0.0024491725,0,0,0,-4.762198,0.008474373,0,0,0,-3.7538261,0.022891631,0,0,0,-0.8340157,0.30279663,0,0
tensor(3597),"tensor(14329., dtype=torch.float64)",tensor(9),0,-5.743192,0.0031942865,0,0,0,-0.45442727,0.3883087,0,0,0,0.87641037,0.7060778,1,1,1,4.619146,0.9902351,1,1,1,1.1732846,0.7637382,1,1
tensor(3607),"tensor(12194., dtype=torch.float64)",tensor(9),1,-1.074183,0.2546084,0,0,0,-1.1677253,0.23726638,0,0,0,0.031132907,0.5077826,1,1,0,1.7135175,0.847292,1,1,0,-0.8794271,0.29329652,0,0
tensor(3611),"tensor(14707., dtype=torch.float64)",tensor(9),1,2.3605301,0.91376764,1,1,0,-2.6703074,0.064748354,0,0,0,-1.8143066,0.14011844,0,0,0,-2.2575474,0.09470042,0,0,0,-2.9304495,0.0506687,0,0
tensor(3637),"tensor(14504., dtype=torch.float64)",tensor(9),0,1.5168753,0.8200779,1,1,0,-4.1443214,0.015606758,0,0,0,-3.025464,0.04628866,0,0,0,-1.8653505,0.13408063,0,0,1,0.4406694,0.6084185,1,0
tensor(3651),"tensor(9624., dtype=torch.float64)",tensor(9),0,-3.854286,0.02074908,0,0,1,2.627338,0.9326004,1,1,0,1.0219461,0.73535156,1,1,0,-2.315754,0.089826606,0,0,0,0.31290787,0.5775949,1,0
tensor(3663),"tensor(14521., dtype=torch.float64)",tensor(9),0,-2.5119514,0.07502458,0,0,0,-0.7299296,0.32521015,0,0,1,2.3305166,0.9113731,1,1,0,0.26922756,0.56690323,1,1,0,-0.4953589,0.37863198,0,0
tensor(3687),"tensor(20965., dtype=torch.float64)",tensor(9),0,-3.4685946,0.030219143,0,0,0,-4.072086,0.016756248,0,0,1,4.403975,0.98791915,1,1,0,-5.4595404,0.0042374786,0,0,0,0.6729653,0.6621668,1,0
tensor(3715),"tensor(11558., dtype=torch.float64)",tensor(9),0,-0.6435844,0.34443673,0,0,1,2.1284268,0.8936356,1,1,0,-3.8279278,0.02129146,0,0,0,-3.6745713,0.024733037,0,0,0,-4.8738494,0.007585898,0,0
tensor(3727),"tensor(15447., dtype=torch.float64)",tensor(9),1,2.914634,0.9485651,1,1,0,-1.8773756,0.13269061,0,0,0,-6.0438337,0.002366831,0,0,0,-1.4823089,0.18507893,0,0,0,-5.512354,0.004020366,0,0
tensor(3739),"tensor(19781., dtype=torch.float64)",tensor(9),0,-1.4769545,0.18588787,0,0,0,-1.4373264,0.19195971,0,0,1,0.59967947,0.645583,1,1,0,-4.4170785,0.011925507,0,0,0,-3.1034818,0.042963862,0,0
tensor(3741),"tensor(4989., dtype=torch.float64)",tensor(9),1,-0.17954409,0.4552342,0,0,0,-2.9628713,0.049131695,0,0,0,-7.0004354,0.000910655,0,0,1,4.0198894,0.98236173,1,1,0,-1.8167851,0.13982008,0,0
tensor(3747),"tensor(16811., dtype=torch.float64)",tensor(9),1,0.4324358,0.60645515,1,0,0,-2.7336195,0.061018452,0,0,0,-4.534039,0.010623157,0,0,1,2.5331666,0.9264344,1,1,0,-1.7540795,0.1475334,0,0
tensor(3757),"tensor(1187., dtype=torch.float64)",tensor(9),1,1.985812,0.87929934,1,1,0,-4.6850247,0.009148046,0,0,0,-5.0668516,0.0062627615,0,0,0,-2.7585652,0.059604745,0,0,0,0.75089127,0.67937285,1,0
tensor(3771),"tensor(8569., dtype=torch.float64)",tensor(9),1,4.4723945,0.98870903,1,1,0,-5.960631,0.0025716543,0,0,0,-4.3000216,0.013386632,0,0,0,-3.8096223,0.021676274,0,0,0,-3.1664388,0.04044841,0,0
tensor(3783),"tensor(14136., dtype=torch.float64)",tensor(9),0,0.16993658,0.5423822,1,0,1,0.84750515,0.70004356,1,1,0,-1.5190014,0.17960861,0,0,0,-1.1692624,0.23698834,0,0,0,-1.2939163,0.21519068,0,0
tensor(3789),"tensor(12138., dtype=torch.float64)",tensor(9),0,-4.310757,0.013245581,0,0,1,0.25588807,0.5636252,1,0,0,3.048214,0.9547053,1,1,0,-3.1700552,0.040308286,0,0,0,0.5931751,0.6440933,1,0
tensor(3799),"tensor(17602., dtype=torch.float64)",tensor(9),0,-4.864695,0.007655128,0,0,0,2.2693396,0.90630573,1,1,1,2.1016614,0.8910645,1,1,0,-1.6809998,0.15696314,0,0,0,0.133938,0.5334345,1,0
tensor(3807),"tensor(1717., dtype=torch.float64)",tensor(9),1,4.07934,0.9833628,1,1,0,-6.7087784,0.0012186668,0,0,0,-6.4557557,0.0015689855,0,0,0,-5.1861315,0.0055624894,0,0,0,-0.6499565,0.3429993,0,0
tensor(3821),"tensor(15040., dtype=torch.float64)",tensor(9),0,-4.9764132,0.0068514957,0,0,1,3.755028,0.9771352,1,1,0,-0.81694824,0.30641183,0,0,1,2.1754208,0.8980205,1,1,0,0.14486407,0.5361528,1,0
tensor(3833),"tensor(2162., dtype=torch.float64)",tensor(9),1,2.8197567,0.9437341,1,1,0,-4.941188,0.0070954,0,0,0,-4.7485976,0.008589419,0,0,0,-3.3541455,0.033759676,0,0,0,-0.31955394,0.42078447,0,0
tensor(3835),"tensor(3490., dtype=torch.float64)",tensor(9),0,-4.3111587,0.013240335,0,0,0,-0.120966695,0.46979517,0,0,0,-0.61651933,0.35057348,0,0,1,4.083094,0.9834241,1,1,0,-0.10109085,0.4747488,0,0
tensor(3857),"tensor(12069., dtype=torch.float64)",tensor(9),1,3.2014573,0.9608891,1,1,0,-4.7586246,0.008504454,0,0,0,-5.2748356,0.00509273,0,0,1,-1.5413973,0.17633224,0,0,0,-1.7923881,0.1427802,0,0
tensor(3877),"tensor(13533., dtype=torch.float64)",tensor(9),0,-3.812382,0.02161783,0,0,1,-3.0296137,0.046105813,0,0,0,3.8969588,0.98010045,1,1,0,-2.502285,0.07569815,0,0,0,3.0097716,0.95301366,1,1
tensor(3883),"tensor(17269., dtype=torch.float64)",tensor(9),0,-4.157931,0.015399046,0,0,1,1.2993596,0.7857272,1,1,1,2.1841025,0.8988128,1,1,0,-0.26357147,0.43448594,0,0,0,0.6817904,0.6641382,1,0
tensor(3889),"tensor(10581., dtype=torch.float64)",tensor(9),1,0.73977023,0.6769456,1,1,0,-0.78956467,0.31226212,0,0,0,-3.7498865,0.022979919,0,0,1,0.86983484,0.7047113,1,1,0,-2.2865188,0.09224564,0,0
tensor(3891),"tensor(19879., dtype=torch.float64)",tensor(9),0,-2.4821737,0.07711735,0,0,1,2.3606617,0.913778,1,1,0,0.2462171,0.5612452,1,1,1,-2.1054902,0.10856435,0,0,0,-0.16614515,0.45855895,0,0
tensor(3893),"tensor(17201., dtype=torch.float64)",tensor(9),0,-0.9094866,0.2871049,0,0,0,-1.3707436,0.20249973,0,0,0,-2.452588,0.0792495,0,0,0,-2.3433232,0.08759795,0,0,0,-3.214264,0.03863246,0,0
tensor(3899),"tensor(18692., dtype=torch.float64)",tensor(9),0,-6.070193,0.0023054008,0,0,1,5.390308,0.9954601,1,1,0,0.28753892,0.57139355,1,1,0,-1.4357738,0.19220065,0,0,0,0.18583715,0.54632604,1,0
tensor(3903),"tensor(21345., dtype=torch.float64)",tensor(9),1,2.1538053,0.8960238,1,1,0,-1.9879639,0.120472446,0,0,0,-2.3182836,0.08962,0,0,0,-2.747727,0.060215157,0,0,0,-1.8299989,0.13823842,0,0
tensor(3905),"tensor(16933., dtype=torch.float64)",tensor(9),0,-4.83142,0.007912088,0,0,0,-3.343914,0.034095023,0,0,1,4.601215,0.9900601,1,1,0,-2.5233479,0.07423753,0,0,1,3.5107164,0.97099113,1,1
tensor(3917),"tensor(14457., dtype=torch.float64)",tensor(9),1,0.012230411,0.50305754,1,0,0,-3.587731,0.026916487,0,0,0,1.516988,0.82009447,1,1,0,-3.787074,0.022159634,0,0,0,-1.408398,0.19648686,0,0
tensor(3919),"tensor(12865., dtype=torch.float64)",tensor(9),0,2.6798153,0.935825,1,1,1,-1.2868395,0.21638824,0,0,0,-5.558679,0.0038390683,0,0,0,-2.26425,0.09412736,0,0,0,-4.034544,0.017386122,0,0
tensor(3939),"tensor(12807., dtype=torch.float64)",tensor(9),0,2.8668766,0.9461845,1,1,0,-3.4197586,0.031683635,0,0,1,-3.417547,0.031751554,0,0,0,-2.4338868,0.08062489,0,0,0,-1.9520054,0.12433486,0,0
tensor(3979),"tensor(3495., dtype=torch.float64)",tensor(9),0,-1.0762913,0.2542085,0,0,0,-0.85485345,0.29841572,0,0,1,0.67926055,0.6635736,1,1,1,0.15862736,0.5395739,1,1,1,0.850132,0.70059484,1,0
tensor(4005),"tensor(1030., dtype=torch.float64)",tensor(9),1,-1.1570256,0.23920818,0,0,0,-1.251983,0.22235705,0,0,0,1.8002007,0.8581734,1,1,0,-2.2620895,0.09431174,0,0,0,0.103581056,0.5258721,1,0
tensor(4057),"tensor(21263., dtype=torch.float64)",tensor(9),1,2.7253907,0.93850833,1,1,0,-3.133407,0.04175009,0,0,0,-7.166878,0.00077113305,0,0,0,-1.9832454,0.1209733,0,0,0,-1.4320616,0.19277768,0,0
tensor(4105),"tensor(5419., dtype=torch.float64)",tensor(9),0,-6.1932135,0.002039084,0,0,1,3.7810295,0.97770894,1,1,0,1.764144,0.8537279,1,1,1,-2.0230293,0.11680612,0,0,0,1.7130827,0.84723574,1,1
tensor(4117),"tensor(19574., dtype=torch.float64)",tensor(9),0,-0.2822963,0.4298909,0,0,0,-2.482579,0.07708852,0,0,0,0.94042253,0.719185,1,1,0,-1.7221438,0.15159523,0,0,0,0.77483517,0.68456596,1,0
tensor(4145),"tensor(1022., dtype=torch.float64)",tensor(9),0,-4.3068113,0.013297253,0,0,0,2.872988,0.9464949,1,1,1,1.2135224,0.77092165,1,1,0,-1.4927864,0.18350388,0,0,0,0.01293182,0.5032329,1,0
tensor(4161),"tensor(18532., dtype=torch.float64)",tensor(9),0,-2.1136727,0.107774995,0,0,1,-0.49359336,0.37904745,0,0,0,1.0966898,0.74963933,1,1,0,-4.6705346,0.00928033,0,0,0,-1.9548854,0.124021634,0,0
tensor(4185),"tensor(8611., dtype=torch.float64)",tensor(9),1,3.6261675,0.97407216,1,1,0,-6.246485,0.0019335053,0,0,0,-6.2436433,0.0019389975,0,0,0,-2.8656206,0.053879462,0,0,0,-1.0139658,0.26620445,0,0
tensor(4195),"tensor(17410., dtype=torch.float64)",tensor(9),0,-6.1787133,0.0020688048,0,0,1,3.3675754,0.96667564,1,1,1,2.1759455,0.8980685,1,1,0,-2.1737428,0.102133304,0,0,0,0.9537468,0.7218681,1,0
tensor(4209),"tensor(17668., dtype=torch.float64)",tensor(9),0,-4.2750278,0.013720783,0,0,1,5.194212,0.99448204,1,1,0,-3.1867652,0.03966682,0,0,0,-3.029605,0.0461062,0,0,0,-2.8096976,0.056802377,0,0
tensor(4223),"tensor(17367., dtype=torch.float64)",tensor(9),0,-0.92600054,0.28373682,0,0,0,-0.84592587,0.30028817,0,0,0,-3.485486,0.02972803,0,0,1,3.0577407,0.95511556,1,1,0,-1.0580909,0.25767446,0,0
tensor(4233),"tensor(14717., dtype=torch.float64)",tensor(9),0,-2.6605608,0.06534108,0,0,1,3.363033,0.966529,1,1,0,-0.90043217,0.2889617,0,0,0,-2.435952,0.08047195,0,0,1,-1.25896,0.22115296,0,0
tensor(4243),"tensor(12033., dtype=torch.float64)",tensor(9),1,2.2601736,0.9055245,1,1,0,-1.0114229,0.2667015,0,0,0,-3.6317263,0.025787832,0,0,0,-1.8272591,0.13856512,0,0,0,-3.0300064,0.046088543,0,0
tensor(4279),"tensor(3040., dtype=torch.float64)",tensor(9),0,0.13449359,0.53357285,1,0,0,-0.280737,0.43027312,0,0,0,-0.81091017,0.3076966,0,0,1,-0.5641061,0.36259788,0,0,0,0.315295,0.5781772,1,0
tensor(4281),"tensor(10812., dtype=torch.float64)",tensor(9),0,0.47381172,0.61628556,1,1,0,-1.8505113,0.13581288,0,0,0,-1.6077528,0.16690084,0,0,1,0.85819197,0.7022828,1,1,0,-1.809169,0.14073859,0,0
tensor(4307),"tensor(13866., dtype=torch.float64)",tensor(9),0,-6.591087,0.0013706661,0,0,1,5.214535,0.99459237,1,1,1,0.80979115,0.692065,1,1,0,-3.6536443,0.025242878,0,0,0,-1.2026011,0.23101282,0,0
tensor(4333),"tensor(4365., dtype=torch.float64)",tensor(9),0,-0.5585187,0.36389026,0,0,1,-0.9081442,0.28737974,0,0,1,0.32424477,0.5803584,1,1,0,0.84567183,0.69965845,1,1,0,-0.76195544,0.31822187,0,0
tensor(4367),"tensor(14477., dtype=torch.float64)",tensor(9),0,0.53479713,0.6306013,1,1,0,-2.2319705,0.09691603,0,0,1,0.17683259,0.5440933,1,1,0,-0.98153585,0.27258715,0,0,0,-0.9761965,0.27364713,0,0
tensor(4395),"tensor(7589., dtype=torch.float64)",tensor(9),0,-1.9056818,0.12946676,0,0,0,-0.5970002,0.35503033,0,0,1,1.762331,0.8535013,1,1,0,0.13984805,0.53490514,1,1,0,-0.727988,0.32563642,0,0
tensor(4415),"tensor(2405., dtype=torch.float64)",tensor(9),0,-5.6056705,0.003663484,0,0,0,1.330796,0.79097223,1,1,0,0.47317886,0.6161359,1,1,1,3.966632,0.98141485,1,1,0,0.14676835,0.5366264,1,0
tensor(4439),"tensor(9118., dtype=torch.float64)",tensor(9),1,2.3324406,0.9115284,1,1,0,-4.7394004,0.008668095,0,0,0,-4.5775714,0.010175232,0,0,0,-4.3349795,0.012932695,0,0,0,0.6219212,0.6506553,1,0
tensor(4447),"tensor(18578., dtype=torch.float64)",tensor(9),1,2.671828,0.9353436,1,1,0,-4.142765,0.015630689,0,0,0,-6.045691,0.0023624497,0,0,0,0.8471912,0.6999776,1,1,0,-4.3599153,0.012618215,0,0
tensor(4483),"tensor(9206., dtype=torch.float64)",tensor(9),1,1.9893727,0.87967676,1,1,0,-0.5928006,0.35599253,0,0,0,-5.0168858,0.006581524,0,0,0,-3.243414,0.03756427,0,0,0,-2.077555,0.11129759,0,0
tensor(4485),"tensor(5786., dtype=torch.float64)",tensor(9),1,3.6912127,0.9756653,1,1,0,-3.3147533,0.03506852,0,0,0,-4.963856,0.006937471,0,0,0,-3.791388,0.022066347,0,0,0,-2.8148358,0.056527726,0,0
tensor(4507),"tensor(15898., dtype=torch.float64)",tensor(9),1,4.2412205,0.98581415,1,1,0,-6.616458,0.0013363742,0,0,0,-4.3589587,0.012630139,0,0,0,-5.048529,0.0063778297,0,0,0,-1.9691166,0.122483805,0,0
tensor(4543),"tensor(7514., dtype=torch.float64)",tensor(9),1,1.9865019,0.8793726,1,1,0,-4.0526676,0.017079193,0,0,0,-5.9681077,0.0025525473,0,0,0,0.54044795,0.6319166,1,1,0,-1.9408976,0.12554929,0,0
tensor(4571),"tensor(1606., dtype=torch.float64)",tensor(9),0,-6.0171056,0.0024307892,0,0,1,2.8679006,0.9462366,1,1,0,-0.82334536,0.305054,0,0,1,4.1849093,0.98500466,1,1,1,0.36338493,0.5898596,1,0
tensor(4587),"tensor(761., dtype=torch.float64)",tensor(9),1,5.622532,0.99639755,1,1,0,-3.789196,0.022113701,0,0,0,-8.90455,0.0001357514,0,0,0,-5.7850537,0.0030637297,0,0,0,-5.20868,0.0054391413,0,0
tensor(4647),"tensor(531., dtype=torch.float64)",tensor(9),1,2.42184,0.91847765,1,1,0,-2.9183123,0.05125571,0,0,0,-3.146162,0.04124278,0,0,0,-1.5751555,0.17148267,0,0,0,-1.7582495,0.14700972,0,0
tensor(4651),"tensor(6944., dtype=torch.float64)",tensor(9),0,-3.9277685,0.01930744,0,0,0,-0.17201242,0.4571026,0,0,1,1.4752843,0.8138592,1,1,1,3.074964,0.9558481,1,1,0,-0.07367201,0.48159033,0,0
tensor(4661),"tensor(15993., dtype=torch.float64)",tensor(9),0,-6.9564896,0.00095152785,0,0,1,5.3051233,0.9950584,1,1,0,0.74568206,0.6782371,1,1,0,-0.13992363,0.46507603,0,0,1,1.2602892,0.7790759,1,1
tensor(4663),"tensor(5941., dtype=torch.float64)",tensor(9),0,2.9857047,0.95192415,1,1,0,-6.994554,0.00091602176,0,0,0,-5.3802733,0.0045854393,0,0,0,-4.4761868,0.0112487385,0,0,1,0.53134525,0.62979686,1,0
tensor(4677),"tensor(4670., dtype=torch.float64)",tensor(9),1,1.5473444,0.8245298,1,1,0,-3.0988157,0.043156136,0,0,0,-3.382323,0.032852504,0,0,0,-1.4666384,0.18745409,0,0,0,0.035440844,0.5088593,1,0
tensor(4681),"tensor(5632., dtype=torch.float64)",tensor(9),0,0.36898702,0.5912142,1,0,0,-2.95416,0.049540266,0,0,0,1.1531103,0.7600785,1,1,1,-1.6887368,0.15594205,0,0,0,-2.2063093,0.09918534,0,0
tensor(4695),"tensor(4798., dtype=torch.float64)",tensor(9),0,-3.18402,0.039771527,0,0,0,-0.5158439,0.3738246,0,0,1,2.8602903,0.94584817,1,1,0,-0.64447653,0.3442353,0,0,0,0.06388585,0.51596606,1,0
tensor(4733),"tensor(21541., dtype=torch.float64)",tensor(9),0,-4.9706683,0.0068906983,0,0,0,1.7077007,0.84653777,1,1,0,-0.28491953,0.42924806,0,1,1,3.7001119,0.9758756,1,1,0,0.7783221,0.68531835,1,0
tensor(4751),"tensor(3264., dtype=torch.float64)",tensor(9),0,-0.54516035,0.36698797,0,0,0,0.8107638,0.69227225,1,1,1,-0.24274305,0.43961045,0,1,0,-3.135302,0.041674342,0,0,0,-1.5842673,0.17019197,0,0
tensor(4761),"tensor(9303., dtype=torch.float64)",tensor(9),0,-3.0146549,0.046768185,0,0,0,0.2767042,0.56873804,1,0,1,2.0425265,0.88519025,1,1,0,-0.0639148,0.48402673,0,0,0,0.8552194,0.70166093,1,0
tensor(4861),"tensor(8484., dtype=torch.float64)",tensor(9),0,-3.1050088,0.042901114,0,0,1,3.3198419,0.96510327,1,1,0,-0.31750363,0.42128426,0,1,0,-1.5724946,0.17186105,0,0,0,-0.39424673,0.40269542,0,0
tensor(4863),"tensor(16346., dtype=torch.float64)",tensor(9),0,-3.1324623,0.041787904,0,0,0,-1.6383641,0.1626878,0,0,0,3.3200457,0.9651101,1,1,0,-2.059165,0.11312956,0,0,1,1.157368,0.7608541,1,1
tensor(4925),"tensor(13415., dtype=torch.float64)",tensor(9),0,-2.549319,0.072472245,0,0,1,0.9207945,0.71520394,1,1,0,1.230468,0.7739005,1,1,0,-0.1296638,0.46762943,0,0,0,-0.9050142,0.28802115,0,0
tensor(4953),"tensor(16348., dtype=torch.float64)",tensor(9),0,-3.4231493,0.03157977,0,0,1,-1.8013428,0.14168769,0,0,0,3.514524,0.97109824,1,1,0,-2.476649,0.07751147,0,0,0,1.7343681,0.8499702,1,1
tensor(4961),"tensor(6777., dtype=torch.float64)",tensor(9),1,0.8378555,0.69801337,1,1,0,0.14350504,0.5358148,1,0,0,-3.03869,0.045708273,0,0,0,-3.6549473,0.025210835,0,0,0,-4.3814063,0.012353244,0,0
tensor(4989),"tensor(21679., dtype=torch.float64)",tensor(9),0,-2.7208345,0.0617551,0,0,0,-1.1862507,0.23393016,0,0,1,2.6588538,0.93455464,1,1,0,0.26676166,0.5662977,1,1,0,-0.8777213,0.2936502,0,0
tensor(5109),"tensor(17295., dtype=torch.float64)",tensor(9),0,1.1617231,0.7616457,1,1,1,-0.84763503,0.2999292,0,0,0,-1.6843956,0.15651432,0,0,0,-1.9453552,0.1250607,0,0,0,-0.6181867,0.35019398,0,0
tensor(5139),"tensor(21190., dtype=torch.float64)",tensor(9),0,-4.5331697,0.010632299,0,0,1,3.2812457,0.96377975,1,1,0,0.26364258,0.5655315,1,1,0,1.0524433,0.7412438,1,1,0,0.5883508,0.64298666,1,0
tensor(5161),"tensor(16546., dtype=torch.float64)",tensor(9),1,5.2256503,0.9946519,1,1,0,-6.3261375,0.0017857355,0,0,0,-5.6281447,0.00358236,0,0,0,-3.8806505,0.020220105,0,0,0,-4.2298136,0.014346292,0,0
tensor(5199),"tensor(13233., dtype=torch.float64)",tensor(9),1,0.29953015,0.57432765,1,0,0,-1.1506586,0.24036881,0,0,0,-4.847515,0.0077867457,0,0,0,2.1097813,0.89185023,1,1,0,-2.4955137,0.07617328,0,0
tensor(5211),"tensor(12626., dtype=torch.float64)",tensor(9),0,-3.4772048,0.029967828,0,0,1,-1.8006927,0.14176677,0,0,1,3.5288875,0.9714986,1,1,0,-3.4176643,0.03174795,0,0,1,2.0153902,0.88240355,1,1
tensor(5253),"tensor(8175., dtype=torch.float64)",tensor(9),1,1.8933561,0.86913776,1,1,0,-3.1514962,0.041032366,0,0,0,-5.229634,0.0053269574,0,0,0,-0.74835855,0.3211791,0,0,0,-0.77251273,0.3159358,0,0
tensor(5263),"tensor(15753., dtype=torch.float64)",tensor(9),1,3.43316,0.96872497,1,1,0,-3.5444171,0.028074507,0,0,0,-4.522653,0.010743497,0,0,0,-1.1914155,0.23300587,0,0,0,-4.3120265,0.013229,0,0
tensor(5293),"tensor(14465., dtype=torch.float64)",tensor(9),0,-7.4717927,0.000568584,0,0,1,2.0889919,0.88982856,1,1,1,3.5298455,0.9715252,1,1,0,-0.5564721,0.36436412,0,0,1,3.1204426,0.9577282,1,1
tensor(5335),"tensor(19037., dtype=torch.float64)",tensor(9),0,1.5673652,0.82740766,1,1,0,-1.1027943,0.24921669,0,0,1,-1.3576759,0.20461828,0,0,1,-2.0498836,0.11406414,0,0,0,-2.3569634,0.08651387,0,0
tensor(5345),"tensor(20329., dtype=torch.float64)",tensor(9),1,3.300517,0.9644466,1,1,0,-3.538435,0.028238202,0,0,0,-4.575722,0.010193874,0,0,0,-3.3686676,0.033289157,0,0,0,-1.862537,0.13440762,0,0
tensor(5347),"tensor(17734., dtype=torch.float64)",tensor(9),0,-0.6827851,0.33563998,0,0,1,0.54190236,0.63225484,1,1,0,0.29239392,0.5725821,1,1,0,-0.70311433,0.33112213,0,0,0,-1.1148425,0.24696916,0,0
tensor(5371),"tensor(8992., dtype=torch.float64)",tensor(9),1,3.128079,0.9580362,1,1,0,-6.468768,0.0015487331,0,0,0,-6.073528,0.0022977425,0,0,0,-4.551155,0.010444761,0,0,0,0.3923062,0.59683776,1,0
tensor(5377),"tensor(12289., dtype=torch.float64)",tensor(9),1,3.1401885,0.95852035,1,1,0,-1.5460818,0.1756529,0,0,0,-5.7980695,0.0030242314,0,0,0,-1.9833927,0.12095764,0,0,0,-5.012658,0.0066092224,0,0
tensor(5403),"tensor(19194., dtype=torch.float64)",tensor(9),1,2.8232086,0.94391716,1,1,0,-4.825119,0.007961702,0,0,0,-6.909413,0.0009973481,0,0,0,0.01563222,0.5039079,1,1,0,-2.7269473,0.06140186,0,0
tensor(5405),"tensor(19508., dtype=torch.float64)",tensor(9),1,1.7826672,0.85602593,1,1,0,-2.097455,0.10934443,0,0,0,-1.7839267,0.14381893,0,0,0,-0.98055464,0.27278176,0,0,0,-1.7017539,0.15423635,0,0
tensor(5427),"tensor(14119., dtype=torch.float64)",tensor(9),1,3.1981418,0.9607643,1,1,0,-3.9006445,0.019827774,0,0,0,-4.0405626,0.017283598,0,0,0,-3.1344993,0.041706413,0,0,0,-1.7883629,0.14327358,0,0
tensor(5437),"tensor(14197., dtype=torch.float64)",tensor(9),0,-0.7049369,0.33071855,0,0,0,-2.5755246,0.07073033,0,0,1,2.0320497,0.88412124,1,1,0,-2.9292026,0.050728712,0,0,0,-0.26105836,0.43510357,0,0
tensor(5487),"tensor(10480., dtype=torch.float64)",tensor(9),1,0.62306696,0.65091574,1,1,0,1.5668176,0.82732946,1,1,0,-7.5685515,0.0005161734,0,0,0,-2.282999,0.0925408,0,0,0,-2.7736268,0.05876609,0,0
tensor(5579),"tensor(12253., dtype=torch.float64)",tensor(9),1,3.5279057,0.9714714,1,1,0,-5.6003394,0.003682994,0,0,0,-5.806879,0.0029977858,0,0,0,-3.7712135,0.022505928,0,0,0,-0.7492503,0.3209847,0,0
tensor(5589),"tensor(17964., dtype=torch.float64)",tensor(9),1,1.5618472,0.82661825,1,1,0,-1.5996982,0.1680238,0,0,0,-4.342403,0.012838274,0,0,0,-1.15364,0.23982485,0,0,0,-0.7998632,0.31005478,0,0
tensor(5621),"tensor(16080., dtype=torch.float64)",tensor(9),1,6.004414,0.9975382,1,1,0,-8.948159,0.0001299593,0,0,0,-7.9859624,0.00034008926,0,0,0,-4.2315354,0.014321964,0,0,0,-3.1007235,0.04307742,0,0
tensor(5625),"tensor(20009., dtype=torch.float64)",tensor(9),0,-1.7667425,0.14594792,0,0,0,-2.3063562,0.090597905,0,0,1,2.7066252,0.93741643,1,1,0,-2.1999311,0.09975667,0,0,1,-0.3122507,0.42256546,0,0
tensor(5655),"tensor(10654., dtype=torch.float64)",tensor(9),1,3.13091,0.9581499,1,1,0,-6.5148487,0.0014790889,0,0,0,-6.2030473,0.0020191704,0,0,0,-2.6833715,0.063961715,0,0,0,-0.35045347,0.41327247,0,0
tensor(5665),"tensor(17295., dtype=torch.float64)",tensor(9),0,-0.44606078,0.3902978,0,0,1,-2.241606,0.09607597,0,0,0,1.424628,0.8060629,1,1,0,-1.9665177,0.1227634,0,0,0,-0.048419196,0.48789755,0,0
tensor(5687),"tensor(16438., dtype=torch.float64)",tensor(9),0,-4.624244,0.009715745,0,0,0,-1.7168005,0.15228374,0,0,1,4.209949,0.98537004,1,1,1,-1.8512597,0.13572505,0,0,1,2.5151026,0.9251938,1,1
tensor(5731),"tensor(7028., dtype=torch.float64)",tensor(9),1,5.3163795,0.99511355,1,1,0,-6.8709764,0.0010363885,0,0,0,-6.5183997,0.0014738537,0,0,0,-3.874367,0.020344967,0,0,0,-3.4381938,0.031122902,0,0
tensor(5733),"tensor(11021., dtype=torch.float64)",tensor(9),1,3.0794132,0.95603555,1,1,0,-4.11035,0.016137347,0,0,0,-3.6988513,0.024154084,0,0,0,-2.6175232,0.06801913,0,0,0,-1.6643564,0.15917808,0,0
tensor(5755),"tensor(6338., dtype=torch.float64)",tensor(9),0,0.2095113,0.552187,1,0,1,-1.6658742,0.15897503,0,0,0,0.11707754,0.529236,1,1,0,-1.2788081,0.21775317,0,0,0,0.5223869,0.62770575,1,0
tensor(5769),"tensor(8484., dtype=torch.float64)",tensor(9),0,-5.4525046,0.00426727,0,0,1,3.6145275,0.9737766,1,1,1,1.1689777,0.7629602,1,1,0,-0.045998834,0.48850232,0,0,1,0.8502983,0.7006297,1,0
tensor(5825),"tensor(823., dtype=torch.float64)",tensor(9),1,3.0211,0.95351833,1,1,0,-6.505669,0.0014927087,0,0,0,-6.7439647,0.0011765817,0,0,0,-5.385921,0.0045597334,0,0,0,1.1246442,0.75484914,1,0
tensor(5857),"tensor(14338., dtype=torch.float64)",tensor(9),0,-3.86015,0.020630267,0,0,1,1.5379157,0.82316154,1,1,0,-2.351243,0.086967014,0,0,1,2.0404243,0.8849765,1,1,0,2.3045871,0.9092562,1,1
tensor(5861),"tensor(19492., dtype=torch.float64)",tensor(9),0,-2.6382558,0.06671655,0,0,0,2.8420372,0.9449056,1,1,1,-0.01650294,0.4958744,0,1,0,-1.377245,0.20145185,0,0,0,-0.24249573,0.43967137,0,0
tensor(5863),"tensor(9194., dtype=torch.float64)",tensor(9),0,-5.5645,0.0038168721,0,0,1,2.852387,0.9454419,1,1,0,-1.1475601,0.24093503,0,0,0,3.4106016,0.9680342,1,1,0,-0.57981753,0.35897455,0,0
tensor(5889),"tensor(17657., dtype=torch.float64)",tensor(9),0,-3.964298,0.018627778,0,0,1,4.7779446,0.9916569,1,1,0,-1.7404904,0.14925066,0,0,0,-1.3489225,0.20604658,0,0,0,-1.4749736,0.18618783,0,0
tensor(5923),"tensor(20812., dtype=torch.float64)",tensor(9),1,1.024698,0.7358867,1,1,0,-1.9806261,0.12125213,0,0,0,-4.72376,0.008803529,0,0,1,0.10721617,0.5267784,1,1,0,-0.58979553,0.3566818,0,0
tensor(5925),"tensor(16910., dtype=torch.float64)",tensor(9),0,-4.8951907,0.00742691,0,0,0,-1.4731817,0.18645948,0,0,0,-2.7554514,0.05977951,0,0,1,5.7119646,0.99670476,1,1,0,-0.09734,0.47568426,0,0
tensor(5927),"tensor(13482., dtype=torch.float64)",tensor(9),0,-4.485759,0.011142773,0,0,1,4.909825,0.9926802,1,1,0,-0.77288646,0.31585503,0,0,0,-1.5338402,0.1774325,0,0,0,-0.8844853,0.29224917,0,0
tensor(5943),"tensor(7252., dtype=torch.float64)",tensor(9),0,-2.6456592,0.06625705,0,0,0,-0.6388295,0.3455112,0,0,0,-2.230875,0.09701197,0,0,1,3.8294349,0.97874,1,1,0,0.096001506,0.523982,1,0
tensor(5945),"tensor(3122., dtype=torch.float64)",tensor(9),1,2.639033,0.9333318,1,1,0,-4.042258,0.01725483,0,0,0,-5.420054,0.0044073965,0,0,0,-2.5308409,0.0737242,0,0,0,-0.4886144,0.38022003,0,0
tensor(5949),"tensor(3483., dtype=torch.float64)",tensor(9),0,-2.8773386,0.053285226,0,0,0,-1.4845477,0.1847415,0,0,1,3.1479208,0.9588267,1,1,0,-2.492136,0.076411314,0,0,0,0.4590805,0.612796,1,0
tensor(5955),"tensor(20843., dtype=torch.float64)",tensor(9),0,-0.003969088,0.49900776,0,0,0,-1.8880178,0.13147065,0,0,0,0.17442206,0.5434953,1,1,0,-0.98883754,0.27114174,0,0,1,0.745998,0.67830604,1,0
tensor(5961),"tensor(9038., dtype=torch.float64)",tensor(9),1,0.3896158,0.5961902,1,0,0,-1.8197856,0.13945961,0,0,0,-3.106839,0.042826034,0,0,1,1.8477323,0.86386067,1,1,0,-1.7689501,0.14567295,0,0
tensor(6011),"tensor(7745., dtype=torch.float64)",tensor(9),0,-4.3936353,0.012204931,0,0,1,2.2992465,0.9088146,1,1,0,1.5705086,0.8278561,1,1,0,-0.25019962,0.43777436,0,0,0,0.6148534,0.6490471,1,0
tensor(6031),"tensor(14402., dtype=torch.float64)",tensor(9),1,0.5174853,0.62655956,1,1,0,-2.437946,0.08032451,0,0,0,-0.47250628,0.38402322,0,0,0,0.08233492,0.52057207,1,1,0,-0.60721517,0.35269472,0,0
tensor(6057),"tensor(7969., dtype=torch.float64)",tensor(9),0,0.7017669,0.6685794,1,1,0,-1.4521103,0.189677,0,0,0,-6.6260443,0.0013236414,0,0,1,2.0420427,0.88514113,1,1,0,-3.5995946,0.026607493,0,0
tensor(6067),"tensor(3191., dtype=torch.float64)",tensor(9),0,1.9113846,0.8711746,1,1,1,-0.17397535,0.45661554,0,0,0,-4.17242,0.015180899,0,0,0,-2.8785596,0.05322367,0,0,0,-3.8245263,0.02136246,0,0
tensor(6073),"tensor(1107., dtype=torch.float64)",tensor(9),0,-4.943828,0.0070768236,0,0,0,2.185344,0.89892566,1,1,1,-1.7092129,0.15326583,0,0,1,3.714738,0.9762175,1,1,0,-0.6210015,0.34955373,0,0
tensor(6097),"tensor(4982., dtype=torch.float64)",tensor(9),1,1.8453007,0.8635744,1,1,0,-3.106134,0.042854942,0,0,0,-5.1303725,0.005879583,0,0,0,-1.5580304,0.17392945,0,0,0,-0.005868215,0.49853298,0,0
tensor(6109),"tensor(7594., dtype=torch.float64)",tensor(9),1,1.0997488,0.7502131,1,1,0,-2.052478,0.113802224,0,0,0,-3.4421203,0.031004716,0,0,1,-0.3162097,0.42159975,0,0,0,-0.3183682,0.42107353,0,0
tensor(6111),"tensor(2090., dtype=torch.float64)",tensor(9),1,1.0469152,0.7401821,1,1,0,-3.9051247,0.019740893,0,0,0,-2.4174235,0.08185368,0,0,0,-3.1226106,0.042184167,0,0,0,1.3870105,0.8001145,1,1
tensor(6115),"tensor(4861., dtype=torch.float64)",tensor(9),0,-3.2288244,0.038095303,0,0,1,3.6090953,0.97363746,1,1,0,-2.879738,0.053164322,0,0,1,1.213298,0.77088195,1,1,0,-0.5649477,0.36240342,0,0
tensor(6135),"tensor(5382., dtype=torch.float64)",tensor(9),0,-3.429946,0.031372577,0,0,0,-1.2410595,0.22425161,0,0,1,2.9341197,0.9495076,1,1,0,-0.52428854,0.37184995,0,0,1,1.8543136,0.8646327,1,1
tensor(6153),"tensor(3064., dtype=torch.float64)",tensor(9),0,-4.5349994,0.010613069,0,0,0,-1.5958878,0.16855715,0,0,0,-2.886639,0.052818004,0,0,1,5.4252586,0.99561536,1,1,0,-0.27712688,0.43115833,0,0
tensor(6187),"tensor(13784., dtype=torch.float64)",tensor(9),1,3.5236545,0.9713534,1,1,0,-2.9569414,0.049409468,0,0,0,-4.08019,0.016623247,0,0,0,-2.5335693,0.0735381,0,0,0,-4.0211935,0.017615676,0,0
tensor(6191),"tensor(7156., dtype=torch.float64)",tensor(9),1,1.9866202,0.8793852,1,1,0,-3.346808,0.03399985,0,0,0,-3.4742184,0.030054765,0,0,0,-0.20334184,0.44933897,0,0,0,-1.8093297,0.14071915,0,0
tensor(6221),"tensor(11885., dtype=torch.float64)",tensor(9),0,-3.7535517,0.02289777,0,0,1,1.080528,0.7465939,1,1,1,1.1747813,0.76400816,1,1,0,2.0219014,0.88307744,1,1,0,0.29471502,0.57315004,1,0
tensor(6233),"tensor(18411., dtype=torch.float64)",tensor(9),0,1.1110375,0.7523225,1,1,0,-2.9554074,0.04948156,0,0,1,-0.9815791,0.27257857,0,0,0,-2.1877615,0.10085491,0,0,0,0.18358326,0.54576737,1,0
tensor(6241),"tensor(14331., dtype=torch.float64)",tensor(9),0,-3.3871243,0.032700296,0,0,1,4.0772796,0.9833292,1,1,0,-1.0332758,0.2624495,0,0,0,-1.3031824,0.2136299,0,0,1,-0.23283397,0.44205308,0,0
tensor(6255),"tensor(8492., dtype=torch.float64)",tensor(9),0,2.1395416,0.8946874,1,1,1,-2.799163,0.057369415,0,0,0,-3.4436095,0.030960009,0,0,0,-2.4979188,0.076004215,0,0,0,-0.43779424,0.39226672,0,0
tensor(6263),"tensor(13296., dtype=torch.float64)",tensor(9),1,2.2024362,0.90046805,1,1,0,-3.975476,0.01842453,0,0,0,-5.3263073,0.0048384657,0,0,1,0.938362,0.71876866,1,1,0,-3.4517934,0.030715419,0,0
tensor(6281),"tensor(16104., dtype=torch.float64)",tensor(9),1,2.2620327,0.9056834,1,1,0,-5.6434436,0.0035281628,0,0,0,-6.3204484,0.0017959056,0,0,0,-2.4925373,0.07638301,0,0,0,0.73986745,0.6769669,1,0
tensor(6285),"tensor(13634., dtype=torch.float64)",tensor(9),0,-3.0776584,0.04403829,0,0,1,2.1951044,0.899809,1,1,0,0.83081204,0.69652665,1,1,0,-1.3646762,0.20348135,0,0,1,-0.19115998,0.45235497,0,0
tensor(6289),"tensor(10880., dtype=torch.float64)",tensor(9),1,-0.17005756,0.45758778,0,0,0,-1.6470528,0.16150767,0,0,0,0.16717556,0.54169685,1,1,0,0.6810739,0.66397834,1,1,0,-1.3447405,0.20673157,0,0
tensor(6319),"tensor(10181., dtype=torch.float64)",tensor(9),0,3.8822627,0.97981185,1,1,0,-4.9097056,0.007320672,0,0,0,-6.1812863,0.0020634993,0,0,0,-3.8274052,0.021302355,0,0,1,-1.6148667,0.16591401,0,0
tensor(6323),"tensor(2713., dtype=torch.float64)",tensor(9),1,4.346696,0.98721594,1,1,0,-3.6380413,0.02562966,0,0,0,-6.4311194,0.0016080567,0,0,0,-2.7724648,0.058830395,0,0,0,-4.35746,0.012648842,0,0
tensor(6329),"tensor(6421., dtype=torch.float64)",tensor(9),1,-3.3921216,0.032542598,0,0,0,1.249407,0.7771972,1,1,1,1.7805972,0.8557706,1,1,0,-0.6746115,0.33746502,0,0,0,0.1861426,0.54640174,1,0
tensor(6335),"tensor(6787., dtype=torch.float64)",tensor(9),0,-2.7961755,0.057531197,0,0,0,0.6030165,0.64634615,1,1,1,1.8510656,0.8642522,1,1,0,-2.7990766,0.057374097,0,0,0,-0.24897523,0.43807572,0,0
tensor(6359),"tensor(2267., dtype=torch.float64)",tensor(9),0,-1.6416504,0.16224061,0,0,0,0.14096549,0.53518313,1,0,1,1.4083353,0.8035033,1,1,0,-1.0737393,0.25469264,0,0,0,-0.22907297,0.44298086,0,0
tensor(6365),"tensor(13919., dtype=torch.float64)",tensor(9),1,5.422957,0.9956053,1,1,0,-7.08236,0.0008390844,0,0,0,-6.2140603,0.0019970995,0,0,0,-3.770547,0.022520596,0,0,0,-3.861495,0.02060311,0,0
tensor(6377),"tensor(629., dtype=torch.float64)",tensor(9),0,0.18610224,0.5463917,1,0,0,-0.030790433,0.492303,0,0,1,-0.3148342,0.42193523,0,1,0,-0.39010215,0.40369275,0,0,0,-1.3733736,0.20207533,0,0
tensor(6431),"tensor(19907., dtype=torch.float64)",tensor(9),1,4.1497784,0.98447686,1,1,0,-4.7288713,0.00875904,0,0,0,-6.3191686,0.0017982012,0,0,0,-4.329752,0.012999599,0,0,0,-1.9563259,0.123865224,0,0
tensor(6439),"tensor(19985., dtype=torch.float64)",tensor(9),0,0.22625595,0.5563239,1,0,0,-2.6262596,0.0674674,0,0,0,-5.5149293,0.004010067,0,0,1,3.2147546,0.9613858,1,1,0,-2.4128578,0.08219747,0,0
tensor(6445),"tensor(18186., dtype=torch.float64)",tensor(9),0,-6.6580215,0.001282038,0,0,1,3.0411346,0.9543983,1,1,1,2.5255425,0.9259131,1,1,1,-1.4432955,0.19103554,0,0,0,1.8554739,0.8647685,1,1
tensor(6469),"tensor(4330., dtype=torch.float64)",tensor(9),0,-1.4491239,0.19013645,0,0,1,2.6747653,0.93552107,1,1,0,-2.7039855,0.06273859,0,0,1,-0.6732863,0.33776137,0,0,0,-1.9419003,0.12543924,0,0
tensor(6481),"tensor(2133., dtype=torch.float64)",tensor(9),1,-0.058305487,0.48542774,0,0,0,-3.5162854,0.028852398,0,0,0,-1.3829906,0.20052913,0,0,0,-2.7562714,0.059733436,0,0,0,2.4078736,0.91742575,1,1
tensor(6487),"tensor(7131., dtype=torch.float64)",tensor(9),0,-5.4561734,0.004251709,0,0,1,1.8155413,0.8600303,1,1,1,2.4879162,0.9232904,1,1,0,0.030424051,0.50760543,1,1,1,1.5468031,0.8244515,1,1
tensor(6493),"tensor(15171., dtype=torch.float64)",tensor(9),1,2.255802,0.9051498,1,1,0,-2.3743284,0.08515135,0,0,0,-2.3709974,0.08541119,0,0,0,-1.7593493,0.14687186,0,0,0,-2.352374,0.08687726,0,0
tensor(6505),"tensor(11903., dtype=torch.float64)",tensor(9),0,-2.6577084,0.065515496,0,0,0,-0.8851954,0.29210234,0,0,0,-1.3561474,0.20486717,0,0,1,3.7293253,0.9765539,1,1,0,-0.6782731,0.33664685,0,0
tensor(6515),"tensor(12961., dtype=torch.float64)",tensor(9),0,0.4134697,0.60191953,1,0,0,-0.19447881,0.45153296,0,0,1,-0.6418613,0.34482586,0,0,0,-0.92339534,0.28426656,0,0,0,-2.0096042,0.11819823,0,0
tensor(6517),"tensor(1033., dtype=torch.float64)",tensor(9),0,-5.7740583,0.0030974979,0,0,0,0.037840374,0.50945896,1,0,0,-0.13929227,0.46523318,0,1,1,5.135006,0.9941474,1,1,0,0.8673924,0.70420283,1,0
tensor(6547),"tensor(5383., dtype=torch.float64)",tensor(9),0,-6.182916,0.002060146,0,0,1,4.2782016,0.98632205,1,1,0,1.2734196,0.7813276,1,1,0,-0.62276655,0.3491525,0,0,0,1.1136168,0.7528028,1,0
tensor(6563),"tensor(6070., dtype=torch.float64)",tensor(9),0,-2.8343847,0.05549413,0,0,0,0.57320154,0.6395016,1,1,0,-2.9552362,0.049489617,0,0,1,3.3882604,0.96733564,1,1,0,-1.3970969,0.1982772,0,0
tensor(6581),"tensor(20675., dtype=torch.float64)",tensor(9),0,1.7701304,0.8544739,1,1,0,-3.1680024,0.04038777,0,0,0,-4.107657,0.01618016,0,0,0,-2.0775583,0.11129726,0,0,1,0.25886822,0.56435806,1,0
tensor(6585),"tensor(14204., dtype=torch.float64)",tensor(9),0,-5.082419,0.006166619,0,0,1,2.2703326,0.90639,1,1,0,1.9027116,0.87019813,1,1,0,0.42652938,0.6050446,1,1,0,0.6632247,0.6599844,1,0
tensor(6589),"tensor(853., dtype=torch.float64)",tensor(9),0,-5.127436,0.005896771,0,0,0,-2.192868,0.10039278,0,0,0,-2.9129868,0.0515153,0,0,1,6.0744205,0.9977043,1,1,0,0.09517139,0.5237749,1,0
tensor(6615),"tensor(15212., dtype=torch.float64)",tensor(9),0,-1.5731034,0.17177442,0,0,0,-1.6560061,0.16029885,0,0,1,2.1710303,0.8976177,1,1,0,-2.0347476,0.115602635,0,0,0,0.7238468,0.6734535,1,0
tensor(6667),"tensor(3794., dtype=torch.float64)",tensor(9),1,1.357569,0.7953643,1,1,0,-2.5824425,0.070276976,0,0,0,-0.381056,0.40587223,0,1,0,-2.5789914,0.070502795,0,0,0,-1.5123376,0.18059261,0,0
tensor(6697),"tensor(4314., dtype=torch.float64)",tensor(9),0,-1.8016219,0.14165376,0,0,0,-0.2965162,0.42640936,0,0,1,1.3292325,0.7907136,1,1,0,-1.71724,0.15222701,0,0,0,1.6544076,0.8394859,1,1
tensor(6731),"tensor(6579., dtype=torch.float64)",tensor(9),0,-0.28173542,0.43002835,0,0,0,-2.6577585,0.06551243,0,0,1,1.5947114,0.83127797,1,1,0,-1.8110269,0.14051408,0,0,0,-0.7260648,0.32605886,0,0
tensor(6753),"tensor(14774., dtype=torch.float64)",tensor(9),1,1.8738818,0.8669068,1,1,0,-4.211172,0.014612291,0,0,0,-3.6268332,0.025911046,0,0,0,-2.9485703,0.04980413,0,0,0,0.61288255,0.6485981,1,0
tensor(6771),"tensor(13065., dtype=torch.float64)",tensor(9),1,3.243642,0.962444,1,1,0,-3.035361,0.045853704,0,0,0,-5.1674533,0.0056667686,0,0,0,-1.3432145,0.20698193,0,0,0,-3.681453,0.024567584,0,0
tensor(6781),"tensor(3051., dtype=torch.float64)",tensor(9),0,0.32806873,0.5812894,1,0,0,-1.1582499,0.23898545,0,0,0,-0.9089651,0.28721166,0,0,1,0.4496765,0.6105623,1,1,0,-0.25254047,0.4371983,0,0
tensor(6803),"tensor(10368., dtype=torch.float64)",tensor(9),0,-0.049937487,0.48751822,0,0,1,0.2652876,0.5659357,1,0,0,-3.466358,0.030284757,0,0,1,1.2752571,0.78164136,1,1,0,-2.2842555,0.09243534,0,0
tensor(6837),"tensor(12779., dtype=torch.float64)",tensor(9),1,0.08362514,0.5208941,1,0,0,-0.1142666,0.47146437,0,0,0,-4.1923337,0.0148860365,0,0,1,1.4810574,0.81473225,1,1,0,-2.4948769,0.07621811,0,0
tensor(6865),"tensor(18726., dtype=torch.float64)",tensor(9),1,3.5383394,0.97175914,1,1,0,-5.451989,0.0042694607,0,0,0,-4.714872,0.008881426,0,0,0,-3.170422,0.04029409,0,0,0,-1.4680332,0.18724173,0,0
tensor(6953),"tensor(18245., dtype=torch.float64)",tensor(9),0,-1.663418,0.15930371,0,0,0,-1.1320355,0.24378566,0,0,1,1.7983736,0.8579508,1,1,0,0.11298778,0.52821696,1,1,0,-0.046683747,0.4883312,0,0
tensor(6985),"tensor(14958., dtype=torch.float64)",tensor(9),1,1.7210903,0.8482692,1,1,0,-3.8418472,0.021003332,0,0,0,-0.6426899,0.34463876,0,0,0,-3.2048118,0.038985047,0,0,0,-1.0261613,0.26382902,0,0
tensor(6987),"tensor(13822., dtype=torch.float64)",tensor(9),0,-3.5216048,0.028703721,0,0,1,0.09090607,0.5227109,1,0,1,2.4942791,0.92373985,1,1,0,-2.0433385,0.114727214,0,0,0,1.6512865,0.83906484,1,1
tensor(6999),"tensor(18284., dtype=torch.float64)",tensor(9),1,1.468946,0.8128971,1,1,0,-3.3448079,0.0340656,0,0,0,-1.7672395,0.14588596,0,0,0,-1.9539641,0.124121755,0,0,0,-0.02334379,0.49416435,0,0
tensor(7023),"tensor(13908., dtype=torch.float64)",tensor(9),0,-5.703152,0.0033243468,0,0,1,0.9776941,0.7266504,1,1,1,3.470661,0.96984136,1,1,0,-2.8284283,0.05580716,0,0,0,1.7413758,0.85086167,1,1
tensor(7027),"tensor(13822., dtype=torch.float64)",tensor(9),0,-3.728312,0.023469323,0,0,0,-1.5209019,0.17932874,0,0,1,3.606048,0.97355914,1,1,0,-1.5261686,0.17855497,0,0,0,1.4411563,0.8086337,1,1
tensor(7045),"tensor(19599., dtype=torch.float64)",tensor(9),1,4.389087,0.9877401,1,1,0,-5.0882254,0.0061311354,0,0,0,-5.6781535,0.0034082115,0,0,0,-3.030105,0.046084203,0,0,0,-2.9960456,0.04760484,0,0
tensor(7091),"tensor(1866., dtype=torch.float64)",tensor(9),1,1.5976055,0.83168346,1,1,0,-1.6322607,0.1635209,0,0,0,-2.9254582,0.050909325,0,0,0,-0.20469508,0.44900414,0,0,0,-2.6626081,0.065216154,0,0
tensor(7093),"tensor(2001., dtype=torch.float64)",tensor(9),0,-2.6205928,0.0678248,0,0,1,0.732253,0.67529947,1,1,0,0.3995598,0.5985819,1,1,1,2.023377,0.88322973,1,1,0,-0.30204663,0.42505723,0,0
tensor(7123),"tensor(11142., dtype=torch.float64)",tensor(9),0,-0.9410985,0.2806785,0,0,1,1.8758832,0.86713755,1,1,0,-0.8171979,0.30635878,0,0,0,-1.8155096,0.13997357,0,0,0,-1.1709466,0.2366839,0,0
tensor(7129),"tensor(19643., dtype=torch.float64)",tensor(9),1,0.11584905,0.52892995,1,0,0,-1.8758961,0.13286097,0,0,0,-4.576264,0.010188409,0,0,0,2.5222206,0.9256849,1,1,0,-1.4747552,0.18622091,0,0
tensor(7153),"tensor(8651., dtype=torch.float64)",tensor(9),0,0.07028629,0.5175643,1,0,1,-1.1289463,0.24435565,0,0,0,-0.07896582,0.48026878,0,1,0,0.36720836,0.59078425,1,1,0,-0.9607486,0.27672833,0,0
tensor(7183),"tensor(8651., dtype=torch.float64)",tensor(9),0,2.0148833,0.8823509,1,1,1,-1.8557515,0.13519901,0,0,0,-2.4411461,0.08008843,0,0,0,-1.404047,0.1971747,0,0,0,-2.4239864,0.0813618,0,0
tensor(7191),"tensor(17069., dtype=torch.float64)",tensor(9),0,-0.48383015,0.3813481,0,0,0,-2.507384,0.07534215,0,0,1,1.8348887,0.8623431,1,1,0,-3.553485,0.027828136,0,0,0,-3.049644,0.045232844,0,0
tensor(7205),"tensor(21697., dtype=torch.float64)",tensor(9),1,3.1293871,0.9580888,1,1,0,-1.3636527,0.20364729,0,0,0,-6.939258,0.0009680502,0,0,0,-3.8031998,0.021812892,0,0,0,-3.9373617,0.019126631,0,0
tensor(7245),"tensor(10190., dtype=torch.float64)",tensor(9),1,4.3049045,0.98667777,1,1,0,-5.9034786,0.0027225,0,0,0,-5.8511567,0.002868319,0,0,0,-3.392393,0.032534044,0,0,0,-1.9907025,0.12018256,0,0
tensor(7263),"tensor(19612., dtype=torch.float64)",tensor(9),1,4.3223796,0.9869055,1,1,0,-4.960348,0.006961683,0,0,0,-6.32083,0.0017952219,0,0,0,-6.153192,0.0021221694,0,0,0,-1.843957,0.13658398,0,0
tensor(7279),"tensor(9621., dtype=torch.float64)",tensor(9),1,2.6141288,0.9317654,1,1,0,-2.6906898,0.06352497,0,0,0,-2.4288008,0.0810027,0,0,0,-2.295997,0.091455035,0,0,0,-3.0617583,0.04471254,0,0
tensor(7281),"tensor(11903., dtype=torch.float64)",tensor(9),0,-0.85172963,0.29907012,0,0,0,-1.408002,0.1965494,0,0,1,-2.913533,0.051488623,0,0,0,3.058229,0.9551364,1,1,0,-0.73091793,0.3249933,0,0
tensor(7347),"tensor(14255., dtype=torch.float64)",tensor(9),1,5.120431,0.994062,1,1,0,-5.3435364,0.004756211,0,0,0,-6.1673474,0.0020924031,0,0,0,-3.4847374,0.029749632,0,0,0,-4.529116,0.010675023,0,0
tensor(7411),"tensor(9068., dtype=torch.float64)",tensor(9),0,-2.6859481,0.06380763,0,0,0,-0.6878336,0.33451518,0,0,1,2.545502,0.92727077,1,1,1,-1.0117462,0.26663828,0,0,0,0.20856687,0.5519535,1,0
tensor(7419),"tensor(17395., dtype=torch.float64)",tensor(9),0,3.5277731,0.9714678,1,1,0,-3.8472857,0.020891795,0,0,0,-3.6771426,0.02467109,0,0,1,-3.497376,0.029386986,0,0,0,-2.9076252,0.05177791,0,0
tensor(7421),"tensor(9659., dtype=torch.float64)",tensor(9),1,2.3978577,0.9166638,1,1,0,-2.384651,0.08435065,0,0,0,-3.628194,0.025876721,0,0,0,-1.1409168,0.24215208,0,0,0,-2.2281291,0.09725277,0,0
tensor(7435),"tensor(13885., dtype=torch.float64)",tensor(9),1,2.6472368,0.9338405,1,1,0,-7.7308984,0.00043885683,0,0,0,-7.123313,0.00080544245,0,0,0,-4.7339997,0.008714626,0,0,0,1.7833035,0.85610425,1,1
tensor(7437),"tensor(8219., dtype=torch.float64)",tensor(9),0,-4.1172585,0.016028028,0,0,0,2.0795429,0.88889885,1,1,1,1.6092212,0.8333033,1,1,0,-3.4959435,0.029427867,0,0,0,0.13257428,0.5330951,1,0
tensor(7441),"tensor(8219., dtype=torch.float64)",tensor(9),0,-2.6781814,0.06427316,0,0,1,1.3416469,0.79276067,1,1,0,1.4355781,0.80776894,1,1,0,-2.8266892,0.05589886,0,0,1,-0.81748503,0.30629778,0,0
tensor(7493),"tensor(8748., dtype=torch.float64)",tensor(9),0,1.6837499,0.8434004,1,1,0,-3.394427,0.03247009,0,0,0,-5.188675,0.005548438,0,0,1,1.2503433,0.77735925,1,1,0,-2.8727398,0.053517703,0,0
tensor(7505),"tensor(12474., dtype=torch.float64)",tensor(9),0,-1.9755611,0.121792816,0,0,0,1.5906641,0.8307095,1,1,0,-0.58709556,0.35730156,0,0,0,0.6964143,0.6673923,1,1,0,-1.2025671,0.23101886,0,0
tensor(7601),"tensor(15914., dtype=torch.float64)",tensor(9),0,-6.369806,0.001709564,0,0,1,3.3788445,0.9670368,1,1,1,1.7924248,0.85722435,1,1,1,0.30210918,0.574958,1,1,0,1.5532638,0.82538456,1,1
tensor(7649),"tensor(15009., dtype=torch.float64)",tensor(9),1,4.662918,0.9906494,1,1,0,-4.6120462,0.009833811,0,0,0,-5.7441893,0.0031911132,0,0,0,-3.4627137,0.030391963,0,0,0,-4.0679984,0.016823724,0,0
tensor(7653),"tensor(14935., dtype=torch.float64)",tensor(9),0,-6.9039264,0.0010028295,0,0,1,3.4284375,0.96858156,1,1,0,2.1218133,0.8930053,1,1,0,-0.055348925,0.48616624,0,0,0,2.1514068,0.8958002,1,1
tensor(7671),"tensor(13622., dtype=torch.float64)",tensor(9),1,4.8236756,0.99202687,1,1,0,-3.7491837,0.022995703,0,0,0,-5.8666987,0.002824209,0,0,0,-3.6450255,0.025455818,0,0,0,-5.8120284,0.0029824346,0,0
tensor(7675),"tensor(10206., dtype=torch.float64)",tensor(9),1,1.3946204,0.8013288,1,1,0,-0.3458186,0.41439673,0,0,0,-4.9381695,0.0071166963,0,0,0,-1.2496996,0.22275215,0,0,0,-2.5818925,0.07031292,0,0
tensor(7701),"tensor(1299., dtype=torch.float64)",tensor(9),1,3.9373932,0.980874,1,1,0,-4.6241302,0.009716843,0,0,0,-3.9484951,0.018918874,0,0,0,-3.3571496,0.03366182,0,0,0,-3.2821562,0.036188435,0,0
tensor(7725),"tensor(16393., dtype=torch.float64)",tensor(9),0,-3.213828,0.038648654,0,0,0,-1.9553928,0.123966515,0,0,0,-3.3725717,0.033163752,0,0,1,5.1682305,0.9943376,1,1,0,-0.10143767,0.4746623,0,0
tensor(7753),"tensor(16513., dtype=torch.float64)",tensor(9),0,-1.1211522,0.24579763,0,0,1,1.503876,0.81815183,1,1,0,-1.3447571,0.20672883,0,0,0,-0.5215005,0.37250143,0,0,0,-1.6267284,0.16427903,0,0
tensor(7767),"tensor(17183., dtype=torch.float64)",tensor(9),0,-4.3314824,0.012977414,0,0,0,1.6852635,0.8436002,1,1,1,1.1883607,0.7664477,1,1,1,1.6542466,0.8394642,1,1,1,1.070278,0.74464977,1,0
tensor(7771),"tensor(14938., dtype=torch.float64)",tensor(9),1,2.633513,0.93298745,1,1,0,-3.502576,0.029239021,0,0,0,-3.0923572,0.04342362,0,0,0,-2.3469417,0.08730917,0,0,0,-1.4851655,0.18464847,0,0
tensor(7821),"tensor(18347., dtype=torch.float64)",tensor(9),0,-4.1708026,0.015205097,0,0,0,-2.4022543,0.08300096,0,0,1,3.9142196,0.98043436,1,1,0,-1.6933075,0.15534137,0,0,1,2.7930887,0.94230115,1,1
tensor(7829),"tensor(11445., dtype=torch.float64)",tensor(9),0,-4.885939,0.0074954224,0,0,1,0.08147262,0.5203569,1,0,0,1.2188995,0.77186984,1,1,1,3.9846873,0.98174125,1,1,0,0.28818324,0.57155126,1,0
tensor(7839),"tensor(10550., dtype=torch.float64)",tensor(9),1,3.3825414,0.9671544,1,1,0,-5.4321413,0.0043546744,0,0,0,-3.9561813,0.018776737,0,0,0,-4.6829815,0.009166586,0,0,0,-1.073144,0.25480565,0,0
tensor(7855),"tensor(16859., dtype=torch.float64)",tensor(9),1,2.9576304,0.95062286,1,1,0,-2.2393339,0.09627348,0,0,0,-5.211785,0.005422372,0,0,0,-4.638973,0.009575051,0,0,0,-1.8316805,0.13803819,0,0
tensor(7871),"tensor(10463., dtype=torch.float64)",tensor(9),1,4.3274326,0.98697066,1,1,0,-4.852681,0.007746933,0,0,0,-4.584352,0.010107166,0,0,0,-3.668847,0.024871489,0,0,0,-3.808049,0.021709666,0,0
tensor(7879),"tensor(20610., dtype=torch.float64)",tensor(9),1,2.5572102,0.9280564,1,1,0,-4.858195,0.0077046645,0,0,0,-5.1807804,0.005592168,0,0,0,-2.859056,0.054215085,0,0,0,0.06777881,0.5169382,1,0
tensor(7937),"tensor(2359., dtype=torch.float64)",tensor(9),1,-1.1584828,0.2389431,0,0,0,1.2590804,0.7788677,1,1,0,0.20952156,0.55218965,1,1,0,-0.9909015,0.27073404,0,0,0,-0.95884794,0.2771089,0,0
tensor(7941),"tensor(7244., dtype=torch.float64)",tensor(9),1,7.599792,0.9994997,1,1,0,-8.532462,0.00019693062,0,0,0,-7.5160904,0.0005439602,0,0,0,-4.781998,0.008309611,0,0,0,-8.315815,0.00024455762,0,0
tensor(7945),"tensor(6212., dtype=torch.float64)",tensor(9),0,-3.1222856,0.042197302,0,0,0,-1.9766178,0.121679835,0,0,1,3.510165,0.97097564,1,1,1,-4.247045,0.014104659,0,0,1,0.20733766,0.5516496,1,0
tensor(7953),"tensor(4939., dtype=torch.float64)",tensor(9),0,-4.4037027,0.012084152,0,0,1,5.3352876,0.99520457,1,1,1,-2.069824,0.11206455,0,0,0,-1.0590959,0.2574823,0,0,0,-1.6232487,0.16475733,0,0
tensor(8007),"tensor(632., dtype=torch.float64)",tensor(9),0,-2.1945865,0.100237675,0,0,0,0.20860642,0.5519633,1,0,1,0.2143485,0.5533829,1,1,1,2.163312,0.89690626,1,1,0,-0.049070504,0.48773482,0,0
tensor(8017),"tensor(1683., dtype=torch.float64)",tensor(9),0,3.0261114,0.95373994,1,1,0,-4.785052,0.008284484,0,0,0,-4.4788113,0.011219586,0,0,0,-4.990022,0.006759512,0,0,1,-0.37259248,0.40791473,0,0
tensor(8063),"tensor(9540., dtype=torch.float64)",tensor(9),0,-1.3198493,0.21084338,0,0,0,0.45662338,0.61221284,1,1,0,-3.6119406,0.026289595,0,0,1,2.512511,0.9250142,1,1,0,-0.71886206,0.32764363,0,0
tensor(8081),"tensor(512., dtype=torch.float64)",tensor(9),0,-4.687103,0.00912923,0,0,1,3.0368922,0.95421326,1,1,1,1.2368345,0.77501255,1,1,1,-0.43813503,0.39218545,0,0,1,0.29038617,0.5720907,1,0
tensor(8111),"tensor(9221., dtype=torch.float64)",tensor(9),1,0.8712952,0.7050152,1,1,0,-2.0529172,0.11375794,0,0,0,-3.723655,0.023576293,0,0,1,0.8372106,0.6978774,1,1,0,-0.7667561,0.31718123,0,0
tensor(8159),"tensor(14818., dtype=torch.float64)",tensor(9),0,4.3300414,0.9870041,1,1,0,-4.640972,0.009556114,0,0,0,-5.824394,0.0029458895,0,0,0,-4.143868,0.0156137245,0,0,1,-2.7539353,0.059864786,0,0
tensor(8171),"tensor(19447., dtype=torch.float64)",tensor(9),0,-0.5616656,0.36316216,0,0,0,-2.9064987,0.051833246,0,0,1,0.59147984,0.6437046,1,1,0,-1.3413527,0.2072877,0,0,0,1.4900419,0.8160845,1,1
tensor(8177),"tensor(10035., dtype=torch.float64)",tensor(9),0,-0.022425786,0.4943938,0,0,0,-1.3567605,0.2047673,0,0,0,0.78427494,0.6866007,1,1,0,-1.3150458,0.21164373,0,0,1,-2.1523066,0.10411588,0,0
tensor(8181),"tensor(16043., dtype=torch.float64)",tensor(9),1,4.033881,0.9826026,1,1,0,-4.8422995,0.007827145,0,0,0,-5.1651735,0.0056796293,0,0,1,-1.1688851,0.23705657,0,0,0,-4.7505875,0.008572491,0,0
tensor(8225),"tensor(13741., dtype=torch.float64)",tensor(9),0,-2.5858622,0.07005387,0,0,1,1.8000503,0.8581551,1,1,0,-2.7638886,0.059307054,0,0,1,2.540317,0.92692024,1,1,0,-1.3286246,0.20938696,0,0
tensor(8233),"tensor(14717., dtype=torch.float64)",tensor(9),0,-2.4286401,0.08101466,0,0,0,3.6831477,0.975473,1,1,0,-1.6296035,0.16388468,0,0,1,-1.966861,0.12272645,0,0,0,-1.4067616,0.19674534,0,0
tensor(8235),"tensor(3500., dtype=torch.float64)",tensor(9),1,2.6541119,0.934264,1,1,0,-4.633363,0.009628405,0,0,0,-4.1333666,0.015775954,0,0,0,-2.4700212,0.07798671,0,0,0,-0.5853258,0.35770807,0,0
tensor(8243),"tensor(16762., dtype=torch.float64)",tensor(9),1,-0.4605717,0.38685018,0,0,0,-2.878432,0.0532301,0,0,0,1.7065037,0.84638226,1,1,0,-1.4497907,0.19003378,0,0,0,-0.5008221,0.37734747,0,0
tensor(8251),"tensor(12459., dtype=torch.float64)",tensor(9),0,3.4347763,0.96877384,1,1,0,-2.8672924,0.053794302,0,0,0,-5.700463,0.0033332692,0,0,1,-2.6630037,0.065192044,0,0,1,-2.5882351,0.06989944,0,0
tensor(8255),"tensor(11256., dtype=torch.float64)",tensor(9),1,3.0204065,0.9534876,1,1,0,-3.6316419,0.025789954,0,0,0,-3.18564,0.039709702,0,0,0,-2.837801,0.05531533,0,0,0,-2.2002196,0.09973076,0,0
tensor(8257),"tensor(8500., dtype=torch.float64)",tensor(9),0,-1.9082932,0.12917271,0,0,1,-2.3259878,0.088993415,0,0,0,3.0036056,0.95273674,1,1,0,-3.1766272,0.04005482,0,0,0,-1.554451,0.17444433,0,0
tensor(8323),"tensor(3061., dtype=torch.float64)",tensor(9),0,-3.9391053,0.019093946,0,0,0,0.22851276,0.5568809,1,0,1,1.5303764,0.8220614,1,1,1,2.8034947,0.9428644,1,1,0,-0.51738936,0.3734629,0,0
tensor(8337),"tensor(7254., dtype=torch.float64)",tensor(9),0,-5.160683,0.005705044,0,0,0,-1.8786173,0.13254778,0,0,0,-3.2358603,0.037838314,0,0,1,5.9053593,0.9972826,1,1,1,1.3198677,0.78915966,1,1
tensor(8357),"tensor(384., dtype=torch.float64)",tensor(9),0,-2.1289322,0.1063164,0,0,0,-2.500542,0.07582021,0,0,1,2.7075102,0.9374683,1,1,0,-1.3511552,0.20568158,0,0,0,1.2667037,0.780178,1,1
tensor(8393),"tensor(21692., dtype=torch.float64)",tensor(9),0,0.4627198,0.6136592,1,1,0,-1.7808899,0.14419329,0,0,0,-0.39522517,0.4024601,0,1,0,-1.8736696,0.13311769,0,0,1,0.5531409,0.63486403,1,0
tensor(8425),"tensor(12891., dtype=torch.float64)",tensor(9),0,0.37772292,0.59332377,1,0,1,0.33887407,0.583917,1,1,0,-1.2631181,0.22043759,0,0,0,-0.9678648,0.27530628,0,0,0,-0.667802,0.33898917,0,0
tensor(8427),"tensor(2515., dtype=torch.float64)",tensor(9),1,2.4210637,0.9184194,1,1,0,-3.9973838,0.018032476,0,0,0,-2.1189811,0.10726561,0,0,0,-3.1091142,0.042732865,0,0,0,-1.2472544,0.22317578,0,0
tensor(8439),"tensor(5534., dtype=torch.float64)",tensor(9),1,0.61445624,0.6489566,1,1,0,-2.2900138,0.0919534,0,0,0,-2.713041,0.0622082,0,0,1,-1.3275862,0.2095589,0,0,0,1.1219994,0.7543594,1,0
tensor(8441),"tensor(9819., dtype=torch.float64)",tensor(9),1,5.3172255,0.99511766,1,1,0,-5.376148,0.004604307,0,0,0,-6.5614815,0.0014117938,0,0,0,-4.3499403,0.0127431005,0,0,0,-4.269625,0.013794086,0,0
tensor(8467),"tensor(5966., dtype=torch.float64)",tensor(9),1,2.8343008,0.9445015,1,1,0,-4.5526924,0.010428884,0,0,0,-5.502027,0.004061929,0,0,0,-0.5219675,0.3723923,0,0,0,-2.2987902,0.091223195,0,0
tensor(8483),"tensor(4970., dtype=torch.float64)",tensor(9),1,-0.09466612,0.4763511,0,0,0,-1.7009733,0.1543382,0,0,0,-3.8009198,0.021861594,0,0,1,2.3903015,0.9160847,1,1,0,-0.72983825,0.32523024,0,0
tensor(8525),"tensor(2407., dtype=torch.float64)",tensor(9),0,-2.285796,0.09230618,0,0,0,0.57971984,0.64100295,1,1,1,1.5928534,0.83101714,1,1,0,-2.065505,0.112495035,0,0,0,-0.3890232,0.40395248,0,0
tensor(8543),"tensor(2284., dtype=torch.float64)",tensor(9),0,-2.449923,0.079444185,0,0,0,-2.5932956,0.06957115,0,0,0,-4.0965457,0.016357988,0,0,0,-6.1760163,0.0020743802,0,0,0,-5.6403475,0.0035390644,0,0
tensor(8551),"tensor(4265., dtype=torch.float64)",tensor(9),0,-4.740588,0.008657894,0,0,1,0.49123326,0.6203969,1,1,0,-2.9302042,0.0506805,0,0,1,5.312607,0.99509513,1,1,1,0.22641282,0.5563626,1,0
tensor(8563),"tensor(7919., dtype=torch.float64)",tensor(9),1,2.0447278,0.8854138,1,1,0,0.024734132,0.5061832,1,0,0,-6.3486304,0.001746087,0,0,0,-3.6346574,0.025714299,0,0,0,-3.723693,0.02357542,0,0
tensor(8565),"tensor(6422., dtype=torch.float64)",tensor(9),1,2.8326457,0.9444146,1,1,0,-2.8749647,0.053405114,0,0,0,-6.660748,0.0012785516,0,0,0,-0.66659254,0.33926025,0,0,0,-3.72634,0.023514561,0,0
tensor(8581),"tensor(385., dtype=torch.float64)",tensor(9),0,-4.1886687,0.014939878,0,0,0,2.3246062,0.9108945,1,1,0,-1.2413747,0.22419679,0,0,1,2.6284635,0.93267107,1,1,0,-0.22945441,0.44288674,0,0
tensor(8583),"tensor(5915., dtype=torch.float64)",tensor(9),1,3.3732824,0.966859,1,1,0,-4.0391455,0.017307684,0,0,0,-4.2742414,0.013731428,0,0,0,-2.6468165,0.0661855,0,0,0,-2.1292822,0.10628314,0,0
tensor(8603),"tensor(11296., dtype=torch.float64)",tensor(9),1,4.2024436,0.9852615,1,1,0,-5.006942,0.0066468595,0,0,0,-6.423075,0.0016210234,0,0,0,-3.7719297,0.022490175,0,0,0,-1.9376869,0.12590219,0,0
tensor(8627),"tensor(5404., dtype=torch.float64)",tensor(9),1,1.2279422,0.77345824,1,1,0,-1.0779725,0.2538899,0,0,0,-3.071131,0.044313904,0,0,0,-0.30684018,0.4238862,0,0,0,-1.4910756,0.18376032,0,0
tensor(8683),"tensor(3922., dtype=torch.float64)",tensor(9),0,-2.2327745,0.096845694,0,0,1,1.2343404,0.7745774,1,1,0,0.42726743,0.605221,1,1,0,0.66201913,0.6597138,1,1,0,-0.5027622,0.37689176,0,0
tensor(8689),"tensor(8609., dtype=torch.float64)",tensor(9),1,4.9267716,0.9928023,1,1,0,-7.365127,0.00063254463,0,0,0,-6.837918,0.0010711852,0,0,0,-4.378713,0.012386147,0,0,0,-1.9515964,0.1243794,0,0
tensor(8739),"tensor(2030., dtype=torch.float64)",tensor(9),1,2.9786756,0.9516014,1,1,0,-2.3746536,0.08512602,0,0,0,-4.233439,0.014295117,0,0,0,-2.540296,0.07308112,0,0,0,-3.1247392,0.042098247,0,0
tensor(8757),"tensor(18426., dtype=torch.float64)",tensor(9),1,-0.39633507,0.40219322,0,0,0,-2.219891,0.09797843,0,0,0,0.65827185,0.65887207,1,1,0,-2.0332355,0.11575733,0,0,0,1.5340884,0.8226037,1,1
tensor(8761),"tensor(18223., dtype=torch.float64)",tensor(9),0,-3.6632984,0.025006417,0,0,1,3.1807084,0.9601018,1,1,0,-1.7434617,0.14887378,0,0,0,1.5666809,0.8273099,1,1,0,-0.3976253,0.40188304,0,0
tensor(8763),"tensor(18245., dtype=torch.float64)",tensor(9),0,-1.2304616,0.22610067,0,0,0,-1.3455976,0.20659102,0,0,1,0.8761891,0.7060319,1,1,0,0.96404594,0.72393113,1,1,0,-0.01091573,0.4972711,0,0
tensor(8767),"tensor(6690., dtype=torch.float64)",tensor(9),1,0.80752736,0.6915823,1,1,0,-0.9740823,0.27406758,0,0,0,-1.6356978,0.1630513,0,0,0,-2.2600288,0.094487906,0,0,0,0.22598206,0.55625635,1,0
tensor(8779),"tensor(17952., dtype=torch.float64)",tensor(9),0,-2.3342414,0.08832653,0,0,0,-1.5605676,0.17356521,0,0,1,2.8353527,0.9445566,1,1,0,-3.4417446,0.03101601,0,0,0,-0.65653676,0.34151798,0,0
tensor(8789),"tensor(20786., dtype=torch.float64)",tensor(9),1,2.545839,0.9272934,1,1,0,-3.5807085,0.027101029,0,0,0,-4.812243,0.008064047,0,0,0,-2.9736238,0.04863179,0,0,0,-0.36919147,0.40873638,0,0
tensor(8809),"tensor(14680., dtype=torch.float64)",tensor(9),1,4.6660485,0.9906783,1,1,0,-4.7656107,0.008445747,0,0,0,-6.1387467,0.0021529808,0,0,0,-2.662156,0.06524372,0,0,0,-4.211289,0.014610608,0,0
tensor(8863),"tensor(9899., dtype=torch.float64)",tensor(9),0,-5.9126024,0.0026978399,0,0,0,-0.76899356,0.31669685,0,0,0,-0.89355195,0.2903774,0,0,1,5.7889647,0.9969482,1,1,0,0.90478855,0.71193254,1,0
tensor(8887),"tensor(18703., dtype=torch.float64)",tensor(9),0,-1.0963726,0.25042018,0,0,1,-0.5489677,0.36610395,0,0,0,1.4278781,0.8065705,1,1,0,-1.2835777,0.21694183,0,0,0,-0.042415265,0.48939773,0,0
tensor(8907),"tensor(11141., dtype=torch.float64)",tensor(9),0,-4.0384684,0.017319204,0,0,0,0.68600684,0.66507804,1,1,0,-0.4905851,0.37975574,0,0,1,3.6687112,0.9751252,1,1,1,0.21881594,0.55448675,1,0
tensor(8931),"tensor(7018., dtype=torch.float64)",tensor(9),1,-1.5900645,0.16937482,0,0,0,-0.9351038,0.2818904,0,0,0,1.8028729,0.8584983,1,1,0,0.11668482,0.52913815,1,1,0,-0.6216728,0.34940112,0,0
tensor(8935),"tensor(12835., dtype=torch.float64)",tensor(9),1,1.1065872,0.7514923,1,1,0,-2.4361553,0.0804569,0,0,0,-5.482784,0.004140524,0,0,0,1.469461,0.8129754,1,1,0,-2.289081,0.0920313,0,0
tensor(8967),"tensor(21654., dtype=torch.float64)",tensor(9),0,-1.8205154,0.13937204,0,0,0,-1.9477928,0.12479423,0,0,0,-3.4125633,0.03190513,0,0,0,-3.7876518,0.022147119,0,0,0,-5.319679,0.004870488,0,0
tensor(8977),"tensor(7062., dtype=torch.float64)",tensor(9),0,2.2906559,0.9081002,1,1,1,-0.8535124,0.29869658,0,0,0,-5.681664,0.0033963085,0,0,0,-6.142119,0.0021457481,0,0,0,-6.5272555,0.0014608782,0,0
tensor(9007),"tensor(11412., dtype=torch.float64)",tensor(9),1,1.7207932,0.84823096,1,1,0,-3.9781158,0.018376848,0,0,0,-5.909407,0.0027064504,0,0,0,1.1744028,0.7639399,1,1,0,-2.17092,0.10239245,0,0
tensor(9011),"tensor(1688., dtype=torch.float64)",tensor(9),1,0.697569,0.6676486,1,1,0,-1.31427,0.21177319,0,0,0,-1.6485068,0.16131087,0,0,0,0.7150251,0.6715106,1,1,0,-1.7264646,0.15104035,0,0
tensor(9043),"tensor(21546., dtype=torch.float64)",tensor(9),1,2.464482,0.9216141,1,1,0,-1.8716478,0.13335118,0,0,0,-2.2296703,0.09711755,0,0,0,-3.2935765,0.035792213,0,0,0,-4.4689565,0.01132944,0,0
tensor(9073),"tensor(15003., dtype=torch.float64)",tensor(9),1,0.642479,0.6553136,1,1,0,-1.3930541,0.19892064,0,0,0,-1.1982976,0.23177819,0,0,0,-0.34576392,0.41441002,0,0,0,-0.04590257,0.48852634,0,0
tensor(9081),"tensor(19253., dtype=torch.float64)",tensor(9),0,-4.7968426,0.008188174,0,0,0,-1.2626095,0.22052503,0,0,0,-2.0005577,0.119144395,0,0,1,5.335793,0.995207,1,1,0,0.21256071,0.552941,1,0
tensor(9085),"tensor(6911., dtype=torch.float64)",tensor(9),1,-2.4794629,0.07731051,0,0,0,-1.789767,0.14310129,0,0,1,-0.22769171,0.4433217,0,1,1,2.9276872,0.94919825,1,1,0,0.29767045,0.573873,1,0
tensor(9127),"tensor(6277., dtype=torch.float64)",tensor(9),1,4.4056697,0.98793924,1,1,0,-5.347542,0.0047372887,0,0,0,-4.4658484,0.011364307,0,0,0,-3.409348,0.03200459,0,0,0,-3.5443294,0.028076904,0,0
tensor(9155),"tensor(15982., dtype=torch.float64)",tensor(9),1,3.955531,0.9812113,1,1,0,-3.9237392,0.019383881,0,0,0,-5.927276,0.0026586459,0,0,0,-2.9001544,0.052145936,0,0,0,-2.7447293,0.060385022,0,0
tensor(9197),"tensor(19232., dtype=torch.float64)",tensor(9),1,4.6738324,0.9907499,1,1,0,-5.2538238,0.005200307,0,0,0,-4.402548,0.012097947,0,0,0,-4.2270823,0.0143849645,0,0,0,-4.377375,0.012402524,0,0
tensor(9225),"tensor(21500., dtype=torch.float64)",tensor(9),1,3.0240142,0.9536473,1,1,0,-2.9634864,0.049102962,0,0,0,-3.5046995,0.029178813,0,0,0,-2.3882837,0.08407049,0,0,0,-2.6554203,0.065655716,0,0
tensor(9417),"tensor(10093., dtype=torch.float64)",tensor(9),1,1.9553847,0.8760326,1,1,0,-1.2843337,0.21681342,0,0,0,-2.852567,0.054548778,0,0,0,-1.3172325,0.21127911,0,0,0,-2.9030402,0.05200348,0,0
tensor(9431),"tensor(20520., dtype=torch.float64)",tensor(9),1,-0.1807437,0.4549367,0,0,0,-4.5792284,0.0101585565,0,0,0,1.9298099,0.8732284,1,1,0,-3.3065243,0.035348043,0,0,0,0.4975041,0.6218726,1,0
tensor(9459),"tensor(9206., dtype=torch.float64)",tensor(9),1,3.1609385,0.9593376,1,1,0,-1.4599462,0.18847556,0,0,0,-5.910903,0.0027024166,0,0,0,-4.225549,0.014406717,0,0,0,-3.21579,0.038575817,0,0
tensor(9479),"tensor(16595., dtype=torch.float64)",tensor(9),1,-0.08877236,0.47782147,0,0,0,-0.1714006,0.45725444,0,0,0,0.12581716,0.53141284,1,1,0,0.057486154,0.5143676,1,1,0,-1.1429522,0.24177876,0,0
tensor(9521),"tensor(19367., dtype=torch.float64)",tensor(9),1,5.319473,0.9951285,1,1,0,-6.56715,0.0014038245,0,0,0,-6.6651673,0.001272921,0,0,0,-4.438707,0.011673327,0,0,0,-3.1434712,0.0413493,0,0
tensor(9555),"tensor(19999., dtype=torch.float64)",tensor(9),1,2.6597195,0.9346075,1,1,0,-5.9476843,0.0026050778,0,0,0,-4.6251745,0.009706799,0,0,0,-2.9202847,0.051159877,0,0,0,0.06081329,0.51519865,1,0
tensor(9615),"tensor(18393., dtype=torch.float64)",tensor(9),0,-0.42201287,0.39603516,0,0,0,-4.2411814,0.01418643,0,0,0,0.8052831,0.69110346,1,1,0,-3.576769,0.027205093,0,0,1,2.2868102,0.90777874,1,1
tensor(9645),"tensor(14816., dtype=torch.float64)",tensor(9),1,-1.8316195,0.13804546,0,0,0,-0.29830226,0.42597258,0,0,0,1.505094,0.81833297,1,1,0,-3.7440877,0.023110472,0,0,0,-0.37189886,0.40808228,0,0
tensor(9667),"tensor(15687., dtype=torch.float64)",tensor(9),1,4.278357,0.98632413,1,1,0,-6.084549,0.002272615,0,0,0,-6.815227,0.0010957421,0,0,0,-2.6887095,0.063642874,0,0,0,-2.0368514,0.11538774,0,0
tensor(9671),"tensor(20833., dtype=torch.float64)",tensor(9),1,2.0349863,0.88442177,1,1,0,-0.6663518,0.33931422,0,0,0,-4.8710938,0.007606672,0,0,0,-2.2866423,0.0922353,0,0,0,-2.5791724,0.070490934,0,0
tensor(9673),"tensor(9402., dtype=torch.float64)",tensor(9),0,-4.196591,0.014823735,0,0,0,-0.80102575,0.30980614,0,0,1,2.4830046,0.9229417,1,1,0,2.5943418,0.9304966,1,1,0,0.11230712,0.5280473,1,0
tensor(9677),"tensor(17012., dtype=torch.float64)",tensor(9),1,1.6423001,0.83784765,1,1,0,-3.920695,0.01944183,0,0,0,-2.3826678,0.08450395,0,0,0,-2.9386358,0.05027637,0,0,0,0.33637118,0.5833088,1,0
tensor(9699),"tensor(10577., dtype=torch.float64)",tensor(9),0,-4.0799627,0.016626965,0,0,0,-0.5582909,0.363943,0,0,0,-0.76442784,0.3176857,0,0,1,3.8357024,0.9788699,1,1,0,1.1539563,0.7602328,1,1
tensor(9759),"tensor(17113., dtype=torch.float64)",tensor(9),1,4.0630054,0.9830935,1,1,0,-5.8051143,0.003003065,0,0,0,-6.14278,0.0021443337,0,0,0,-2.7567782,0.05970498,0,0,0,-1.9613676,0.12331911,0,0
tensor(9771),"tensor(10614., dtype=torch.float64)",tensor(9),1,4.836077,0.9921244,1,1,0,-5.4306583,0.004361109,0,0,0,-6.493915,0.0015103307,0,0,0,-2.8895206,0.052674033,0,0,0,-3.7252302,0.023540057,0,0
tensor(9789),"tensor(14683., dtype=torch.float64)",tensor(9),0,1.5364525,0.82294846,1,1,0,-2.1571314,0.103666686,0,0,1,-2.4404862,0.08013707,0,0,0,0.08900193,0.5222358,1,1,0,-2.042729,0.11478914,0,0
tensor(9813),"tensor(13317., dtype=torch.float64)",tensor(9),0,-3.530041,0.028469454,0,0,0,-0.72092813,0.32718864,0,0,0,-1.2202017,0.22790097,0,0,1,3.6197057,0.97390836,1,1,1,-0.92010754,0.28493598,0,0
tensor(9841),"tensor(7877., dtype=torch.float64)",tensor(9),1,1.6561494,0.8397204,1,1,0,-4.6271615,0.009687718,0,0,0,-2.5249825,0.07412527,0,0,0,-2.9444346,0.050000206,0,0,0,0.6046795,0.6467262,1,0
tensor(9845),"tensor(1152., dtype=torch.float64)",tensor(9),0,0.6674312,0.6609277,1,1,0,-2.9899635,0.04788135,0,0,1,0.32347226,0.5801703,1,1,0,-1.6253233,0.16447203,0,0,0,-0.5351636,0.3693134,0,0
tensor(9847),"tensor(4660., dtype=torch.float64)",tensor(9),0,-1.1165304,0.24665542,0,0,0,-3.1351812,0.041679174,0,0,1,2.3358045,0.91179925,1,1,0,-3.2425656,0.037594955,0,0,0,0.4823617,0.6183054,1,0
tensor(9879),"tensor(13111., dtype=torch.float64)",tensor(9),0,-1.4833381,0.18492374,0,0,1,1.7192328,0.84803003,1,1,0,-0.057177074,0.48570967,0,1,0,-0.7001001,0.33179003,0,0,0,-0.11750308,0.470658,0,0
tensor(9895),"tensor(8141., dtype=torch.float64)",tensor(9),0,-6.3814006,0.0016898897,0,0,1,0.008097075,0.50202423,1,0,0,-1.4124296,0.19585113,0,0,1,5.8166237,0.9970312,1,1,1,1.6380233,0.8372658,1,1
tensor(9899),"tensor(19456., dtype=torch.float64)",tensor(9),0,-3.7017066,0.024086872,0,0,0,-1.3379251,0.20785148,0,0,1,3.629649,0.9741599,1,1,1,-1.3781081,0.20131302,0,0,0,0.7600553,0.6813657,1,0
tensor(9913),"tensor(12994., dtype=torch.float64)",tensor(9),0,-7.345858,0.0006448433,0,0,1,4.5534115,0.98957855,1,1,1,1.7715616,0.85465175,1,1,0,-0.41954598,0.3966254,0,0,1,1.4935974,0.8166176,1,1
tensor(9915),"tensor(9979., dtype=torch.float64)",tensor(9),0,-5.44229,0.004310894,0,0,1,5.7285786,0.9967589,1,1,1,-0.8110097,0.3076754,0,0,0,-2.8053432,0.057036128,0,0,0,-1.1663195,0.23752092,0,0
tensor(9955),"tensor(16214., dtype=torch.float64)",tensor(9),1,4.4664674,0.98864263,1,1,0,-5.7992516,0.0030206696,0,0,0,-5.649961,0.0035053235,0,0,0,-3.7516553,0.022940239,0,0,0,-2.423721,0.081381634,0,0
tensor(9965),"tensor(10897., dtype=torch.float64)",tensor(9),0,0.018148392,0.5045369,1,0,1,0.28228995,0.5701075,1,1,0,-1.8094262,0.1407075,0,0,0,0.7758232,0.68477917,1,1,0,-1.624477,0.16458835,0,0
tensor(9989),"tensor(3936., dtype=torch.float64)",tensor(9),0,-1.2116184,0.22941482,0,0,0,2.5496657,0.927551,1,1,0,-4.0724697,0.016749926,0,0,1,-0.5564007,0.3643807,0,0,0,-1.2273229,0.22665033,0,0
tensor(10003),"tensor(5760., dtype=torch.float64)",tensor(9),0,-5.414056,0.004433795,0,0,0,0.39863634,0.59835994,1,1,0,-0.31763086,0.42125323,0,1,1,4.849853,0.99223125,1,1,0,0.8238667,0.6950565,1,0
tensor(10005),"tensor(4499., dtype=torch.float64)",tensor(9),1,5.4854593,0.99587053,1,1,0,-5.6779156,0.0034090201,0,0,0,-7.247724,0.0007112862,0,0,0,-5.1341214,0.005857711,0,0,0,-3.8117476,0.021631252,0,0
tensor(10013),"tensor(17483., dtype=torch.float64)",tensor(9),1,3.1938298,0.96060145,1,1,0,-4.389803,0.012251219,0,0,0,-5.3614,0.0046723955,0,0,0,-2.561844,0.07163481,0,0,0,-1.2429959,0.22391495,0,0
tensor(10025),"tensor(7110., dtype=torch.float64)",tensor(9),0,0.39412823,0.5972761,1,0,1,-2.7970595,0.057483282,0,0,0,-1.7030513,0.15406717,0,0,0,-2.5399919,0.07310172,0,0,0,1.7298801,0.84939706,1,1
tensor(10035),"tensor(6230., dtype=torch.float64)",tensor(9),1,1.4329832,0.8073657,1,1,0,-2.9727795,0.048670866,0,0,0,-1.9888158,0.12038221,0,0,0,-2.1384835,0.10541231,0,0,0,0.10248925,0.5255999,1,0
tensor(10039),"tensor(21412., dtype=torch.float64)",tensor(9),1,2.6589496,0.9345604,1,1,0,-3.8453689,0.020931043,0,0,0,-4.793426,0.008215967,0,0,0,-1.7806933,0.14421755,0,0,0,-1.1627499,0.23816799,0,0
tensor(10045),"tensor(11479., dtype=torch.float64)",tensor(9),0,3.4164045,0.9682133,1,1,0,-3.8532498,0.020770144,0,0,0,-2.873603,0.053473987,0,0,1,-4.1449366,0.015597311,0,0,1,-3.2587543,0.037013587,0,0
tensor(10057),"tensor(4158., dtype=torch.float64)",tensor(9),0,-0.5823168,0.35839966,0,0,0,-1.8297775,0.13826479,0,0,1,1.40544,0.8030457,1,1,0,-2.4291186,0.080979034,0,0,0,-0.88339853,0.292474,0,0
tensor(10103),"tensor(18832., dtype=torch.float64)",tensor(9),1,3.3443067,0.96591794,1,1,0,-2.7302883,0.061209597,0,0,0,-5.6984677,0.0033399041,0,0,0,-2.993371,0.047726247,0,0,0,-2.2491772,0.09542046,0,0
tensor(10111),"tensor(495., dtype=torch.float64)",tensor(9),0,0.6616263,0.6596256,1,1,0,-2.6067562,0.068704866,0,0,1,-0.13347879,0.46667975,0,1,0,-1.2317739,0.22587113,0,0,0,-0.035301734,0.49117553,0,0
tensor(10125),"tensor(12855., dtype=torch.float64)",tensor(9),1,4.2156487,0.985452,1,1,0,-3.2648041,0.03679855,0,0,0,-4.764425,0.0084556835,0,0,0,-3.504445,0.029186022,0,0,0,-5.326344,0.0048382897,0,0
tensor(10145),"tensor(1347., dtype=torch.float64)",tensor(9),1,4.4565725,0.988531,1,1,0,-7.4971457,0.0005543579,0,0,0,-6.3001065,0.001832744,0,0,0,-4.915754,0.007276849,0,0,0,-1.0474919,0.25970703,0,0
tensor(10155),"tensor(4993., dtype=torch.float64)",tensor(9),1,0.33563405,0.5831296,1,0,0,-3.3050826,0.03539724,0,0,0,-1.426504,0.19364399,0,0,0,-1.9824226,0.121060826,0,0,0,1.551274,0.8250977,1,1
tensor(10191),"tensor(11124., dtype=torch.float64)",tensor(9),1,6.9876785,0.9990777,1,1,0,-9.216643,9.93618e-05,0,0,0,-6.8941913,0.00101263,0,0,0,-4.368528,0.01251136,0,0,0,-6.5449367,0.0014353121,0,0
tensor(10203),"tensor(17437., dtype=torch.float64)",tensor(9),1,-0.009606458,0.49759838,0,0,0,-1.4339094,0.19249026,0,0,0,-2.201821,0.099587075,0,0,1,1.0840575,0.74726105,1,1,0,0.28482488,0.5707287,1,0
tensor(10209),"tensor(12421., dtype=torch.float64)",tensor(9),1,-1.9263444,0.12715575,0,0,0,1.6605563,0.8403127,1,1,0,-1.9218919,0.12765074,0,0,0,1.8862801,0.86833084,1,1,0,-1.4391695,0.19167398,0,0
tensor(10217),"tensor(9238., dtype=torch.float64)",tensor(9),1,3.597442,0.9733367,1,1,0,-3.762252,0.02270392,0,0,0,-4.384048,0.012321056,0,0,0,-3.3513782,0.033850063,0,0,0,-2.62164,0.067758635,0,0
tensor(10235),"tensor(17371., dtype=torch.float64)",tensor(9),1,1.8211887,0.8607087,1,1,0,-0.24081936,0.44008446,0,0,0,-5.6640544,0.0034564377,0,0,0,-2.6810708,0.06409961,0,0,0,-2.662687,0.06521134,0,0
tensor(10263),"tensor(18245., dtype=torch.float64)",tensor(9),0,-2.4590771,0.07877728,0,0,0,-1.2305999,0.22607644,0,0,1,2.417911,0.91818297,1,1,0,0.6543054,0.65797997,1,1,0,-0.39771459,0.40186158,0,0
tensor(10273),"tensor(10471., dtype=torch.float64)",tensor(9),0,-5.412412,0.0044410555,0,0,1,0.56565136,0.63775915,1,1,1,-0.2534658,0.43697065,0,1,1,4.781584,0.991687,1,1,0,0.7644563,0.6823205,1,0
tensor(10277),"tensor(13646., dtype=torch.float64)",tensor(9),1,1.894315,0.8692467,1,1,0,-2.9912777,0.047821477,0,0,0,-0.50208974,0.37704968,0,0,0,-3.2360096,0.037832875,0,0,0,-2.402124,0.08301088,0,0
tensor(10279),"tensor(21447., dtype=torch.float64)",tensor(9),0,-4.970037,0.00689502,0,0,0,-1.9325243,0.12647144,0,0,0,-3.783747,0.022231843,0,0,1,6.3225193,0.9982078,1,1,1,0.55470914,0.63522744,1,0
tensor(10297),"tensor(20406., dtype=torch.float64)",tensor(9),1,2.423899,0.9186317,1,1,0,-2.8084836,0.056867454,0,0,0,-2.8794353,0.053179562,0,0,0,-2.0972276,0.10936657,0,0,0,-1.5506814,0.1749879,0,0
tensor(10301),"tensor(21606., dtype=torch.float64)",tensor(9),0,-4.4920526,0.011073638,0,0,1,0.89834875,0.71061003,1,1,0,0.5005104,0.6225793,1,1,1,3.226966,0.9618365,1,1,0,0.25187832,0.56263876,1,0
tensor(10305),"tensor(12632., dtype=torch.float64)",tensor(9),0,1.932565,0.87353307,1,1,0,-2.4063118,0.08269266,0,0,0,-4.882299,0.0075225513,0,0,1,-0.45234922,0.38880238,0,0,0,-1.8014792,0.14167109,0,0
tensor(10313),"tensor(8207., dtype=torch.float64)",tensor(9),0,-1.8456397,0.13638566,0,0,1,0.8034375,0.6907093,1,1,0,-3.7016604,0.024087958,0,0,1,3.192922,0.96056706,1,1,0,-1.3931471,0.19890583,0,0
tensor(10331),"tensor(3237., dtype=torch.float64)",tensor(9),0,-4.1097846,0.016146326,0,0,0,0.15649678,0.53904456,1,0,0,0.8017557,0.6903499,1,1,1,3.3139074,0.9649029,1,1,0,0.593486,0.6441646,1,0
tensor(10347),"tensor(18563., dtype=torch.float64)",tensor(9),0,-4.189079,0.014933843,0,0,1,1.919246,0.87205434,1,1,0,-0.3635072,0.4101109,0,1,1,2.3220274,0.910685,1,1,0,-1.3543152,0.20516577,0,0
tensor(10349),"tensor(13867., dtype=torch.float64)",tensor(9),0,-2.6341364,0.06697351,0,0,0,-2.4443028,0.07985618,0,0,1,2.8687842,0.94628155,1,1,0,-1.8413641,0.13689004,0,0,1,2.0913014,0.8900548,1,1
tensor(10361),"tensor(9565., dtype=torch.float64)",tensor(9),0,0.9801834,0.7271446,1,1,1,-0.14863515,0.46290946,0,0,0,-2.4568446,0.07893946,0,0,0,-0.5415217,0.36783367,0,0,0,-2.506209,0.07542406,0,0
tensor(10375),"tensor(6566., dtype=torch.float64)",tensor(9),1,-0.7023953,0.33128136,0,0,0,-1.9652994,0.12289468,0,0,0,-0.40257478,0.40069386,0,1,0,-1.535301,0.17721942,0,0,0,2.1731057,0.8978083,1,1
tensor(10395),"tensor(7375., dtype=torch.float64)",tensor(9),0,-4.014022,0.017740214,0,0,0,-1.4171464,0.19510934,0,0,0,-2.7091858,0.062433492,0,0,1,4.8653216,0.9923496,1,1,0,-0.52760863,0.37107483,0,0
tensor(10413),"tensor(889., dtype=torch.float64)",tensor(9),1,5.0158377,0.9934116,1,1,0,-8.387617,0.00022761732,0,0,0,-6.342434,0.0017569211,0,0,0,-4.1134043,0.016088927,0,0,0,-2.0445504,0.11460418,0,0
tensor(10439),"tensor(3789., dtype=torch.float64)",tensor(9),0,0.21045664,0.5524208,1,0,0,-2.4149232,0.082041785,0,0,0,-4.6971965,0.009038374,0,0,1,2.482417,0.92289996,1,1,0,-1.1582997,0.23897637,0,0
tensor(10453),"tensor(2058., dtype=torch.float64)",tensor(9),0,-4.496225,0.011028039,0,0,1,3.3435018,0.96589136,1,1,1,0.7774934,0.68513966,1,1,0,-3.3000546,0.035569318,0,0,0,-0.88268036,0.29262266,0,0
tensor(10483),"tensor(17168., dtype=torch.float64)",tensor(9),1,3.5987628,0.9733709,1,1,0,-4.390373,0.01224432,0,0,0,-6.2571125,0.0019131055,0,0,0,-1.7624776,0.1464803,0,0,0,-2.530555,0.07374373,0,0
tensor(10491),"tensor(17007., dtype=torch.float64)",tensor(9),1,3.5552318,0.9722191,1,1,0,-4.781019,0.008317682,0,0,0,-6.154474,0.0021194567,0,0,0,-3.9102936,0.019641116,0,0,0,-1.0290405,0.26327017,0,0
tensor(10509),"tensor(5450., dtype=torch.float64)",tensor(9),1,3.0978124,0.95680237,1,1,0,-4.126269,0.015886543,0,0,0,-3.7411392,0.023177134,0,0,0,-3.9587147,0.018730119,0,0,0,-1.374472,0.20189828,0,0
tensor(10529),"tensor(3175., dtype=torch.float64)",tensor(9),0,-7.3434587,0.0006463915,0,0,1,1.8057747,0.8588505,1,1,1,2.363265,0.91398287,1,1,1,3.2653406,0.9632205,1,1,1,1.9512032,0.8755778,1,1
tensor(10535),"tensor(5145., dtype=torch.float64)",tensor(9),1,1.7398798,0.85067177,1,1,0,-0.84303063,0.30089688,0,0,0,-3.487283,0.029676244,0,0,0,-1.5924661,0.16903722,0,0,0,-1.782679,0.14397267,0,0
tensor(10549),"tensor(1218., dtype=torch.float64)",tensor(9),1,1.3328311,0.7913085,1,1,0,-1.2596121,0.22104068,0,0,0,-0.9671331,0.27545232,0,0,0,-2.8775365,0.053275254,0,0,0,-2.202445,0.09953113,0,0
tensor(10575),"tensor(19785., dtype=torch.float64)",tensor(9),0,-0.19419146,0.45160413,0,0,0,-1.8359106,0.13753568,0,0,1,1.4044936,0.80289596,1,1,0,-2.1107285,0.10805843,0,0,0,-0.94975126,0.27893484,0,0
tensor(10595),"tensor(16144., dtype=torch.float64)",tensor(9),1,4.406681,0.98795134,1,1,0,-6.4383607,0.0015964729,0,0,0,-5.375437,0.004607568,0,0,0,-4.1782756,0.015093604,0,0,0,-2.0850732,0.1105561,0,0
tensor(10605),"tensor(11139., dtype=torch.float64)",tensor(9),0,-4.5068493,0.010912767,0,0,0,2.5848126,0.9298777,1,1,0,-1.1340469,0.24341504,0,0,0,2.351672,0.91306704,1,1,0,-1.0006152,0.26882046,0,0
tensor(10609),"tensor(2817., dtype=torch.float64)",tensor(9),0,-5.6009097,0.0036809018,0,0,1,4.774723,0.99163026,1,1,1,0.31700197,0.5785934,1,1,0,-3.4093318,0.03200509,0,0,1,-0.51722944,0.37350032,0,0
tensor(10621),"tensor(524., dtype=torch.float64)",tensor(9),1,-0.9127938,0.28642848,0,0,0,-3.2831967,0.03615216,0,0,0,2.0863192,0.88956636,1,1,0,-2.4123435,0.082236275,0,0,0,1.1293153,0.75571245,1,0
tensor(10627),"tensor(14290., dtype=torch.float64)",tensor(9),1,2.778145,0.9414833,1,1,0,-3.1840162,0.039771672,0,0,0,-3.2551045,0.037143894,0,0,0,-2.3963125,0.08345432,0,0,0,-2.0976243,0.10932794,0,0
tensor(10641),"tensor(20211., dtype=torch.float64)",tensor(9),1,3.9842644,0.9817337,1,1,0,-5.968795,0.0025507987,0,0,0,-6.76704,0.0011497737,0,0,0,-2.7128804,0.06221758,0,0,0,-1.6203523,0.16515629,0,0
tensor(10643),"tensor(5972., dtype=torch.float64)",tensor(9),0,1.6959548,0.8450057,1,1,0,-2.1701138,0.10246656,0,0,1,-0.37353104,0.40768808,0,1,0,-2.249053,0.095431186,0,0,0,-3.134515,0.041705783,0,0
tensor(10653),"tensor(924., dtype=torch.float64)",tensor(9),1,2.6679323,0.9351077,1,1,0,-3.7044866,0.02402161,0,0,0,-2.8138726,0.056579117,0,0,0,-2.8615723,0.05408621,0,0,0,-1.4218271,0.19437534,0,0
tensor(10695),"tensor(17440., dtype=torch.float64)",tensor(9),0,1.5696025,0.82772696,1,1,0,-1.2525952,0.22225124,0,0,0,-3.6567929,0.02516552,0,0,1,-1.3080697,0.21281001,0,0,1,-0.9858781,0.271727,0,0
tensor(10711),"tensor(6815., dtype=torch.float64)",tensor(9),1,0.22943854,0.55710936,1,0,0,-1.3830426,0.20052078,0,0,0,-0.8584461,0.2976641,0,0,0,-1.9267628,0.12710933,0,0,0,1.0532851,0.74140525,1,0
tensor(10749),"tensor(1203., dtype=torch.float64)",tensor(9),1,3.5888953,0.9731141,1,1,0,-4.893982,0.0074358257,0,0,0,-5.7809224,0.0030763745,0,0,0,-2.3574216,0.08647767,0,0,0,-1.6940328,0.15524623,0,0
tensor(10761),"tensor(20664., dtype=torch.float64)",tensor(9),0,-0.54681736,0.36660314,0,0,1,0.8795446,0.70672786,1,1,0,-1.1794537,0.23515044,0,0,0,0.436343,0.6073873,1,1,1,-0.37008935,0.40851945,0,0
tensor(10763),"tensor(6426., dtype=torch.float64)",tensor(9),0,-4.0877895,0.016499477,0,0,0,-1.051247,0.25898573,0,0,1,3.6350622,0.9742958,1,1,0,-2.5594325,0.071795344,0,0,1,1.9566913,0.87617445,1,1
tensor(10775),"tensor(344., dtype=torch.float64)",tensor(9),0,-0.015345037,0.49616382,0,0,0,-0.3186337,0.42100877,0,0,0,-6.7258506,0.0011980628,0,0,1,2.1998768,0.90023845,1,1,0,-2.9703362,0.04878412,0,0
tensor(10783),"tensor(5960., dtype=torch.float64)",tensor(9),1,2.6501899,0.93402267,1,1,0,-4.539618,0.010564681,0,0,0,-1.1951716,0.23233527,0,0,0,-3.1871042,0.03965391,0,0,0,-2.4609265,0.07864318,0,0
tensor(10867),"tensor(19906., dtype=torch.float64)",tensor(9),0,-3.807172,0.021728296,0,0,1,2.0054028,0.88136315,1,1,0,1.5427144,0.823859,1,1,0,-1.7787812,0.1444537,0,0,0,0.2478141,0.5616384,1,0
tensor(10873),"tensor(21528., dtype=torch.float64)",tensor(9),0,-1.981061,0.12120579,0,0,1,-2.256605,0.094781265,0,0,0,2.625792,0.93250316,1,1,0,-0.8018097,0.30963856,0,0,0,0.041101452,0.5102739,1,0
tensor(10881),"tensor(13043., dtype=torch.float64)",tensor(9),0,-5.1127763,0.0059833326,0,0,1,1.7719791,0.8547036,1,1,0,2.4824557,0.9229027,1,1,0,-0.5526496,0.3652499,0,0,0,1.033122,0.73752075,1,0
tensor(10919),"tensor(20855., dtype=torch.float64)",tensor(9),0,-0.4156037,0.3975692,0,0,1,0.53040063,0.62957656,1,1,0,-0.20823342,0.44812894,0,1,0,-0.38055736,0.40599245,0,0,0,-0.31775516,0.42122295,0,0
tensor(10987),"tensor(2017., dtype=torch.float64)",tensor(9),1,1.1844144,0.7657405,1,1,0,-1.0494285,0.2593349,0,0,0,-4.561063,0.010342853,0,0,1,0.05604995,0.5140089,1,1,0,-2.0694761,0.11209917,0,0
tensor(10995),"tensor(9936., dtype=torch.float64)",tensor(9),0,-6.2421956,0.0019418012,0,0,1,3.2389185,0.9622729,1,1,0,0.49543977,0.62138706,1,1,1,2.6150618,0.9318247,1,1,0,1.2106634,0.7704163,1,1
tensor(11023),"tensor(9936., dtype=torch.float64)",tensor(9),0,-6.4298224,0.0016101404,0,0,1,2.4590073,0.9212177,1,1,1,1.2147608,0.7711402,1,1,1,2.951734,0.95034534,1,1,0,1.4318453,0.80718863,1,1
tensor(11045),"tensor(9439., dtype=torch.float64)",tensor(9),0,-5.1442294,0.0057991412,0,0,0,0.6132104,0.6486728,1,1,0,-1.0892761,0.2517546,0,0,1,4.736942,0.9913107,1,1,0,0.95097655,0.72131157,1,0
tensor(11049),"tensor(3685., dtype=torch.float64)",tensor(9),1,2.1609693,0.89668936,1,1,0,-2.530136,0.07377235,0,0,0,-4.209993,0.014629282,0,0,0,-0.042636476,0.48934245,0,0,0,-3.1155164,0.042471737,0,0
tensor(11061),"tensor(15571., dtype=torch.float64)",tensor(9),0,-0.661728,0.34035155,0,0,1,-0.20951742,0.44781142,0,0,0,-0.6623068,0.34022164,0,0,0,-2.537065,0.07330029,0,0,1,1.6248101,0.8354574,1,1
tensor(11069),"tensor(9534., dtype=torch.float64)",tensor(9),1,1.1921439,0.76712424,1,1,0,-1.3784988,0.20125021,0,0,0,-2.1417522,0.10510447,0,0,0,-0.58139974,0.35861054,0,0,0,-0.7201351,0.32736322,0,0
tensor(11079),"tensor(11908., dtype=torch.float64)",tensor(9),1,2.1953685,0.89983284,1,1,0,-0.7027884,0.33119428,0,0,0,-6.06949,0.0023070176,0,0,0,-4.1855044,0.014986517,0,0,0,-3.9105282,0.019636601,0,0
tensor(11133),"tensor(12331., dtype=torch.float64)",tensor(9),0,-4.7722855,0.008390033,0,0,0,-0.85189897,0.29903466,0,0,1,3.732719,0.97663146,1,1,0,-1.3826201,0.20058854,0,0,0,2.8463778,0.9451312,1,1
tensor(11179),"tensor(15488., dtype=torch.float64)",tensor(9),0,0.34315056,0.58495563,1,0,1,-0.72014236,0.32736164,0,0,0,-0.23660454,0.44112325,0,1,0,-0.90843594,0.28732,0,0,0,0.064337775,0.51607895,1,0
tensor(11201),"tensor(20037., dtype=torch.float64)",tensor(9),0,-2.466232,0.0782596,0,0,0,-0.7368358,0.32369646,0,0,1,2.568721,0.9288212,1,1,0,-2.0505342,0.11399841,0,0,0,-1.0730491,0.25482365,0,0
tensor(11225),"tensor(20691., dtype=torch.float64)",tensor(9),1,2.5350955,0.9265658,1,1,0,-1.9191964,0.12795122,0,0,0,-3.6378157,0.02563529,0,0,0,-3.8741477,0.020349339,0,0,0,-2.172341,0.10226191,0,0
tensor(11235),"tensor(10078., dtype=torch.float64)",tensor(9),0,-0.5450605,0.3670112,0,0,1,-1.4181014,0.19495939,0,0,0,0.14746636,0.5367999,1,1,1,-0.12112828,0.4697549,0,0,1,0.9022401,0.7114096,1,0
tensor(11245),"tensor(20464., dtype=torch.float64)",tensor(9),1,3.1593945,0.95927733,1,1,0,-3.8989286,0.019861152,0,0,0,-2.6343186,0.06696212,0,0,0,-2.4893436,0.07660862,0,0,0,-3.4877858,0.029661767,0,0
tensor(11293),"tensor(21175., dtype=torch.float64)",tensor(9),0,-4.7070293,0.008950728,0,0,1,1.8184952,0.8603855,1,1,1,2.3320863,0.91149974,1,1,0,-1.3117341,0.2121968,0,0,0,-0.013698388,0.49657542,0,0
tensor(11303),"tensor(14859., dtype=torch.float64)",tensor(9),0,-5.215245,0.005403744,0,0,1,4.5296183,0.98933035,1,1,0,-2.2100563,0.098851055,0,0,1,1.5342075,0.8226211,1,1,1,-1.3882505,0.19968721,0,0
tensor(11331),"tensor(12114., dtype=torch.float64)",tensor(9),1,2.2964814,0.9085852,1,1,0,-2.4654305,0.07831745,0,0,0,-4.3223495,0.013094918,0,0,0,-2.4150567,0.08203173,0,0,0,-0.92188805,0.28457335,0,0
tensor(11333),"tensor(11908., dtype=torch.float64)",tensor(9),1,3.4732282,0.9699164,1,1,0,-2.2523227,0.09514931,0,0,0,-5.4070554,0.004464803,0,0,0,-2.9908738,0.047839876,0,0,0,-4.381428,0.012352983,0,0
tensor(11369),"tensor(15677., dtype=torch.float64)",tensor(9),1,2.292142,0.90822417,1,1,0,-5.7936645,0.0030375419,0,0,0,-6.6301923,0.0013181694,0,0,0,-2.611341,0.06841209,0,0,0,0.81340927,0.6928355,1,0
tensor(11397),"tensor(14859., dtype=torch.float64)",tensor(9),0,-4.8622694,0.007673575,0,0,1,3.0084043,0.9529523,1,1,0,-1.3347375,0.2083768,0,0,1,2.6283555,0.93266433,1,1,1,-1.1433467,0.24170645,0,0
tensor(11405),"tensor(9162., dtype=torch.float64)",tensor(9),0,-0.5424946,0.36760744,0,0,0,-1.7956681,0.14237921,0,0,1,1.2867202,0.7835915,1,1,0,-2.4840353,0.07698497,0,0,0,-0.6419655,0.34480238,0,0
tensor(11433),"tensor(11719., dtype=torch.float64)",tensor(9),1,0.650795,0.6571896,1,1,0,-2.5967371,0.06934871,0,0,0,-4.8962483,0.007419118,0,0,1,2.2375374,0.90357006,1,1,0,-1.9302534,0.12672254,0,0
tensor(11473),"tensor(20855., dtype=torch.float64)",tensor(9),1,1.5091109,0.8189294,1,1,0,0.1524795,0.5380462,1,0,0,-6.4582477,0.0015650868,0,0,0,-2.4992113,0.0759135,0,0,0,-3.0187137,0.046587575,0,0
tensor(11505),"tensor(8637., dtype=torch.float64)",tensor(9),0,-3.4097593,0.03199185,0,0,0,-3.039728,0.045663025,0,0,1,4.0418754,0.9827387,1,1,0,-3.2420087,0.03761511,0,0,1,1.3992422,0.8020636,1,1
tensor(11519),"tensor(16802., dtype=torch.float64)",tensor(9),1,1.6091366,0.8332915,1,1,0,-2.6352823,0.066901945,0,0,0,-1.4611888,0.18828557,0,0,0,-4.08662,0.016518468,0,0,0,-0.742872,0.32237643,0,0
tensor(11527),"tensor(20074., dtype=torch.float64)",tensor(9),0,-5.1960425,0.0055079334,0,0,1,3.2455375,0.9625125,1,1,0,-2.9851162,0.04810282,0,0,1,3.7678218,0.9774194,1,1,0,-0.5776186,0.35948074,0,0
tensor(11529),"tensor(15795., dtype=torch.float64)",tensor(9),0,-5.280939,0.0050618974,0,0,0,-0.97790354,0.27330795,0,0,0,-2.3598108,0.08628911,0,0,1,5.763923,0.99687105,1,1,0,1.0457535,0.73995864,1,0
tensor(11541),"tensor(8637., dtype=torch.float64)",tensor(9),0,-2.3099823,0.0902996,0,0,0,-2.8719504,0.053557705,0,0,1,3.3174336,0.9650221,1,1,0,-3.875792,0.020316584,0,0,0,-0.6118169,0.35164487,0,0
tensor(11671),"tensor(9821., dtype=torch.float64)",tensor(9),0,3.5371833,0.97172743,1,1,1,-2.9445019,0.049997017,0,0,0,-4.534622,0.01061703,0,0,0,-3.6917934,0.024321001,0,0,0,-3.4763904,0.029991513,0,0
tensor(11685),"tensor(10021., dtype=torch.float64)",tensor(9),0,0.37326524,0.5922478,1,0,0,-0.35376957,0.41246864,0,0,1,-0.040538214,0.48986682,0,1,0,-1.1389973,0.2425045,0,0,0,-1.834832,0.13766365,0,0
tensor(11693),"tensor(10172., dtype=torch.float64)",tensor(9),1,4.7645802,0.9915456,1,1,0,-6.2003574,0.002024598,0,0,0,-7.047642,0.0008687012,0,0,0,-4.3307757,0.012986469,0,0,0,-2.0173662,0.11739162,0,0
tensor(11773),"tensor(19270., dtype=torch.float64)",tensor(9),0,-2.8856184,0.05286909,0,0,1,4.0181484,0.98233163,1,1,0,-5.055762,0.0063321586,0,0,0,-1.4998356,0.18245004,0,0,0,-3.1566195,0.040831245,0,0
tensor(11783),"tensor(18381., dtype=torch.float64)",tensor(9),1,4.1954293,0.98515934,1,1,0,-5.7405653,0.0032026616,0,0,0,-4.7676167,0.008428964,0,0,0,-3.9449508,0.018984772,0,0,0,-2.399026,0.083247006,0,0
tensor(11791),"tensor(3007., dtype=torch.float64)",tensor(9),1,5.652661,0.99650407,1,1,0,-6.4850016,0.0015238328,0,0,0,-5.8535585,0.0028614576,0,0,0,-5.5149655,0.0040099216,0,0,0,-4.6295495,0.009664834,0,0
tensor(11797),"tensor(13293., dtype=torch.float64)",tensor(9),1,3.9050627,0.9802579,1,1,0,-5.2330704,0.0053087794,0,0,0,-5.59277,0.003710874,0,0,0,-4.704451,0.008973627,0,0,0,-1.399566,0.19788498,0,0
tensor(11823),"tensor(11996., dtype=torch.float64)",tensor(9),0,-2.701051,0.06291137,0,0,1,0.89109623,0.70911634,1,1,1,0.96758074,0.72463703,1,1,1,1.1032724,0.7508728,1,1,0,0.46439523,0.6140563,1,0
tensor(11825),"tensor(7918., dtype=torch.float64)",tensor(9),1,5.6236553,0.99640155,1,1,0,-6.1373944,0.002155888,0,0,0,-7.408027,0.00060599827,0,0,0,-4.5535197,0.010420349,0,0,0,-3.7727866,0.022471346,0,0
tensor(11839),"tensor(15034., dtype=torch.float64)",tensor(9),0,2.2203019,0.9020579,1,1,1,-0.33681703,0.41658288,0,0,0,-7.2084374,0.00073976535,0,0,0,-2.7728043,0.058811598,0,0,0,-3.045122,0.045428544,0,0
tensor(11865),"tensor(20063., dtype=torch.float64)",tensor(9),0,-1.2478564,0.22307143,0,0,0,-1.1707819,0.23671369,0,0,0,-1.889033,0.13135478,0,0,0,-1.9663079,0.122786015,0,0,0,-3.3646536,0.03341858,0,0
tensor(11871),"tensor(18724., dtype=torch.float64)",tensor(9),0,2.932854,0.94944686,1,1,1,-2.525021,0.07412262,0,0,0,-5.8392916,0.0029024552,0,0,0,-3.661344,0.025054108,0,0,0,-1.222132,0.22756149,0,0
tensor(11873),"tensor(15280., dtype=torch.float64)",tensor(9),0,3.0782163,0.95598525,1,1,0,-5.340995,0.004768257,0,0,0,-4.574082,0.010210438,0,0,0,-4.3605065,0.012610852,0,0,1,-0.44311872,0.39099813,0,0
tensor(11879),"tensor(15704., dtype=torch.float64)",tensor(9),0,-1.5804591,0.17073049,0,0,0,-1.0975735,0.25019485,0,0,0,-2.3907185,0.08388321,0,0,0,-1.120946,0.24583587,0,0,0,-3.6385007,0.025618186,0,0
tensor(11883),"tensor(15317., dtype=torch.float64)",tensor(9),0,-4.5723844,0.0102276085,0,0,1,2.1703632,0.8975563,1,1,1,1.4596244,0.8114752,1,1,0,1.0410801,0.7390584,1,1,0,0.41666055,0.60268384,1,0
tensor(11889),"tensor(19458., dtype=torch.float64)",tensor(9),0,-4.2817154,0.0136305755,0,0,0,-0.07486556,0.48129234,0,0,0,-0.272282,0.43234694,0,1,1,3.7567725,0.9771741,1,1,0,0.2836773,0.57044756,1,0
tensor(11891),"tensor(16321., dtype=torch.float64)",tensor(9),1,3.8269675,0.9786885,1,1,0,-4.145382,0.015590474,0,0,0,-4.623227,0.009725536,0,0,0,-3.1317568,0.04181616,0,0,0,-2.8829377,0.05300349,0,0
tensor(11911),"tensor(12403., dtype=torch.float64)",tensor(9),0,-5.3096776,0.0049192025,0,0,0,1.4239155,0.80595154,1,1,0,0.05793465,0.5144796,1,1,0,3.7610116,0.9772685,1,1,0,0.5904405,0.64346623,1,0
tensor(11915),"tensor(12403., dtype=torch.float64)",tensor(9),0,-5.853555,0.002861467,0,0,0,2.385051,0.9156802,1,1,0,0.11485725,0.5286828,1,1,0,3.5788693,0.97285044,1,1,0,0.44471106,0.609381,1,0
tensor(11921),"tensor(14359., dtype=torch.float64)",tensor(9),1,3.3485723,0.9660581,1,1,0,-5.917711,0.0026841303,0,0,0,-6.531338,0.0014549347,0,0,0,-3.0322566,0.04598972,0,0,0,-0.5112512,0.37490028,0,0
tensor(11941),"tensor(11811., dtype=torch.float64)",tensor(9),1,1.5495286,0.8248457,1,1,0,-3.4768665,0.029977664,0,0,0,-3.8738892,0.020354493,0,0,0,-2.6641545,0.06512194,0,0,0,0.7695776,0.68342954,1,0
tensor(11947),"tensor(10077., dtype=torch.float64)",tensor(9),0,-2.953565,0.0495683,0,0,0,-3.120875,0.042254355,0,0,1,3.860152,0.9793698,1,1,0,-5.5747495,0.0037780977,0,0,1,0.6304429,0.65258986,1,0
tensor(11949),"tensor(15545., dtype=torch.float64)",tensor(9),0,1.506449,0.8185344,1,1,0,-2.1448958,0.10480916,0,0,1,-0.24091244,0.44006154,0,1,0,-2.5159187,0.07474973,0,0,0,-2.0659232,0.11245328,0,0
tensor(11951),"tensor(16130., dtype=torch.float64)",tensor(9),1,3.6959476,0.9757774,1,1,0,-5.7889853,0.003051745,0,0,0,-5.599705,0.003685322,0,0,0,-3.363174,0.033466402,0,0,0,-1.1442922,0.24153319,0,0
tensor(11959),"tensor(359., dtype=torch.float64)",tensor(9),1,-2.0868237,0.1103841,0,0,0,0.24662468,0.5613455,1,0,0,-0.6846599,0.33522207,0,0,0,0.34869364,0.58630073,1,1,0,1.9650787,0.8770816,1,1
tensor(11963),"tensor(3204., dtype=torch.float64)",tensor(9),0,-5.1947265,0.0055151475,0,0,1,1.128972,0.75564915,1,1,0,-2.9660928,0.048981406,0,0,1,5.4207416,0.99559563,1,1,0,0.23679964,0.55892485,1,0
tensor(11969),"tensor(5051., dtype=torch.float64)",tensor(9),0,0.8068408,0.6914359,1,1,1,-1.5374322,0.17690887,0,0,0,-0.5380267,0.36864674,0,0,0,-2.97541,0.048549216,0,0,0,-0.33415315,0.41723043,0,0
tensor(11989),"tensor(18210., dtype=torch.float64)",tensor(9),1,1.5692627,0.82767844,1,1,0,-2.410224,0.08239639,0,0,0,-2.6762092,0.06439188,0,0,0,0.16084099,0.54012376,1,1,0,-1.8296814,0.13827623,0,0
tensor(11997),"tensor(6971., dtype=torch.float64)",tensor(9),0,-3.2186186,0.03847105,0,0,0,-0.41738155,0.3971435,0,0,1,2.0806172,0.88900495,1,1,0,1.6382283,0.83729374,1,1,0,0.48737738,0.6194884,1,0
tensor(12011),"tensor(2215., dtype=torch.float64)",tensor(9),0,-3.087783,0.043614015,0,0,0,-1.3325381,0.20873985,0,0,0,-3.0178373,0.046626512,0,0,1,4.7207084,0.9911698,1,1,0,-0.24793862,0.43833092,0,0
tensor(12035),"tensor(5976., dtype=torch.float64)",tensor(9),0,-3.6875222,0.02442256,0,0,1,1.1765443,0.76432586,1,1,1,2.0722876,0.8881804,1,1,0,-1.7955731,0.1423908,0,0,0,-0.5644426,0.36252016,0,0
tensor(12073),"tensor(4161., dtype=torch.float64)",tensor(9),1,4.550258,0.989546,1,1,0,-5.909831,0.002705307,0,0,0,-6.074078,0.0022964813,0,0,0,-4.2145686,0.014563466,0,0,0,-2.2501416,0.09533725,0,0
tensor(12085),"tensor(658., dtype=torch.float64)",tensor(9),0,-0.2758707,0.4314664,0,0,0,-1.9573433,0.123754844,0,0,0,-1.5266867,0.17847899,0,0,0,-1.3385506,0.20774853,0,0,0,-1.8023399,0.14156647,0,0
tensor(12115),"tensor(17825., dtype=torch.float64)",tensor(9),1,3.607574,0.97359836,1,1,0,-3.8513014,0.02080981,0,0,0,-4.359565,0.012622584,0,0,0,-3.8606148,0.020620879,0,0,0,-2.719682,0.06182191,0,0
tensor(12123),"tensor(14146., dtype=torch.float64)",tensor(9),1,4.8030457,0.99186206,1,1,0,-5.089814,0.006121461,0,0,0,-5.1943336,0.005517303,0,0,0,-3.4843922,0.029759595,0,0,0,-4.7264204,0.008780345,0,0
tensor(12131),"tensor(9054., dtype=torch.float64)",tensor(9),0,-1.7198498,0.15189052,0,0,0,-4.001793,0.017954571,0,0,1,2.8991692,0.94780535,1,1,0,-4.174241,0.015153696,0,0,1,1.2977918,0.78546315,1,1
tensor(12145),"tensor(9895., dtype=torch.float64)",tensor(9),0,0.21947265,0.554649,1,0,1,-0.3176526,0.42124793,0,0,0,-2.6325984,0.06706968,0,0,0,1.1512934,0.759747,1,1,0,-2.2011085,0.099650994,0,0
tensor(12151),"tensor(5289., dtype=torch.float64)",tensor(9),0,-4.4358068,0.011706834,0,0,1,1.5783157,0.82896584,1,1,1,1.8633752,0.86568993,1,1,1,0.9873195,0.7285582,1,1,0,0.49171695,0.6205109,1,0
tensor(12167),"tensor(6286., dtype=torch.float64)",tensor(9),0,-4.7499743,0.008577704,0,0,1,1.3887932,0.80039954,1,1,0,-0.15152618,0.46219078,0,1,1,3.500675,0.970707,1,1,0,-0.5076181,0.37575203,0,0
tensor(12171),"tensor(9970., dtype=torch.float64)",tensor(9),1,3.5267441,0.97143924,1,1,0,-2.606356,0.06873048,0,0,0,-5.5485744,0.0038779066,0,0,0,-2.0987272,0.109220594,0,0,0,-4.3614154,0.012599541,0,0
tensor(12173),"tensor(13066., dtype=torch.float64)",tensor(9),0,-4.697376,0.009036769,0,0,1,3.8933685,0.98003036,1,1,0,0.5581152,0.63601637,1,1,0,-0.4284807,0.39448917,0,0,0,0.0039576553,0.50098944,1,0
tensor(12191),"tensor(17566., dtype=torch.float64)",tensor(9),0,0.79669064,0.68926615,1,1,1,-2.4208105,0.0815995,0,0,0,0.808284,0.69174373,1,1,0,-3.7158203,0.023757325,0,0,0,-3.3362546,0.03434817,0,0
tensor(12209),"tensor(10632., dtype=torch.float64)",tensor(9),0,-3.4093678,0.03200398,0,0,1,-0.835187,0.30254942,0,0,0,2.5236614,0.92578405,1,1,0,-0.07185029,0.48204517,0,0,0,1.94178,0.8745476,1,1
tensor(12253),"tensor(9743., dtype=torch.float64)",tensor(9),1,1.3328137,0.7913057,1,1,0,-3.0645187,0.04459478,0,0,0,-3.7687206,0.022560835,0,0,0,-0.47202408,0.38413724,0,0,0,-0.07463302,0.4813504,0,0
tensor(12261),"tensor(19080., dtype=torch.float64)",tensor(9),1,4.2235274,0.98556453,1,1,0,-5.417434,0.0044189068,0,0,0,-5.773298,0.0030998474,0,0,0,-3.6046991,0.026475606,0,0,0,-2.0472093,0.11433467,0,0
tensor(12263),"tensor(8090., dtype=torch.float64)",tensor(9),1,2.5069141,0.92462516,1,1,0,-3.6989157,0.024152564,0,0,0,-5.3575993,0.0046901046,0,0,0,-0.8997629,0.28909922,0,0,0,-1.5822178,0.17048162,0,0
tensor(12269),"tensor(1234., dtype=torch.float64)",tensor(9),0,-2.833071,0.05556302,0,0,0,-3.114702,0.04250487,0,0,1,3.1049337,0.9570958,1,1,0,-3.405951,0.03211,0,0,1,3.1025586,0.9569982,1,1
tensor(12271),"tensor(17468., dtype=torch.float64)",tensor(9),1,2.1060622,0.89149094,1,1,0,-6.1942205,0.0020370358,0,0,0,-1.6471481,0.16149476,0,0,0,-4.342237,0.012840378,0,0,0,0.13024978,0.53251654,1,0
tensor(12305),"tensor(19763., dtype=torch.float64)",tensor(9),0,-1.5998251,0.16800605,0,0,0,-0.8347048,0.3026512,0,0,1,1.707717,0.8465399,1,1,0,-2.9975367,0.047537282,0,0,0,0.8608217,0.70283234,1,0
tensor(12311),"tensor(2026., dtype=torch.float64)",tensor(9),0,3.305866,0.9646295,1,1,0,-5.9959087,0.0024827349,0,0,0,-5.5628715,0.0038230687,0,0,0,-4.1876054,0.0149555355,0,0,1,-0.303113,0.42479664,0,0
tensor(12321),"tensor(3292., dtype=torch.float64)",tensor(9),1,5.1569414,0.9942737,1,1,0,-4.7322106,0.008730095,0,0,0,-6.155595,0.0021170871,0,0,0,-3.2080913,0.03886237,0,0,0,-5.606811,0.0036593229,0,0
tensor(12357),"tensor(5461., dtype=torch.float64)",tensor(9),1,4.540874,0.9894484,1,1,0,-5.0373898,0.0064488114,0,0,0,-5.801272,0.003014591,0,0,0,-4.2096486,0.014634245,0,0,0,-2.9245384,0.05095379,0,0
tensor(12361),"tensor(2262., dtype=torch.float64)",tensor(9),1,2.0427423,0.8852122,1,1,0,-0.32081825,0.42047635,0,0,0,-5.864693,0.0028298628,0,0,0,-2.0597057,0.11307535,0,0,0,-4.3709984,0.012480876,0,0
tensor(12363),"tensor(2264., dtype=torch.float64)",tensor(9),0,2.3354897,0.9117739,1,1,0,-4.5337934,0.010625739,0,0,0,-5.5039945,0.004053978,0,0,0,-2.8945277,0.052424744,0,0,1,0.33399585,0.5827313,1,0
tensor(12441),"tensor(3680., dtype=torch.float64)",tensor(9),0,1.766398,0.85400915,1,1,0,-3.9830315,0.018288385,0,0,1,-1.6612642,0.15959238,0,0,0,-2.39914,0.0832383,0,0,0,-0.24180613,0.43984133,0,0
tensor(12453),"tensor(4790., dtype=torch.float64)",tensor(9),1,3.312032,0.9648393,1,1,0,-1.5670606,0.17263584,0,0,0,-6.968533,0.0009401477,0,0,0,-5.1389885,0.005829436,0,0,0,-3.6845815,0.024492726,0,0
tensor(12455),"tensor(414., dtype=torch.float64)",tensor(9),1,3.680819,0.97541726,1,1,0,-3.9720857,0.018485945,0,0,0,-5.65671,0.003481827,0,0,0,-3.0174088,0.046645567,0,0,0,-2.0292916,0.11616164,0,0
tensor(12459),"tensor(13741., dtype=torch.float64)",tensor(9),0,0.7029,0.66883045,1,1,0,-1.8056813,0.14116089,0,0,0,-3.660547,0.025073586,0,0,1,1.6575065,0.83990294,1,1,0,-2.6934147,0.06336306,0,0
tensor(12465),"tensor(21107., dtype=torch.float64)",tensor(9),1,2.8967729,0.9476867,1,1,0,-5.2421207,0.005261202,0,0,0,-5.970673,0.002546024,0,0,0,-3.8481627,0.020873865,0,0,0,0.1872292,0.54667103,1,0
tensor(12469),"tensor(19728., dtype=torch.float64)",tensor(9),1,1.1138551,0.75284714,1,1,0,-0.7387871,0.32326943,0,0,0,-0.55178106,0.36545128,0,0,0,-2.0349872,0.115578145,0,0,0,-2.4918568,0.07643102,0,0
tensor(12493),"tensor(20738., dtype=torch.float64)",tensor(9),0,-2.067219,0.11232402,0,0,1,2.5121598,0.9249898,1,1,0,-2.9472692,0.04986573,0,0,0,0.6269216,0.65179116,1,1,1,0.11684327,0.5291776,1,0
tensor(12499),"tensor(6396., dtype=torch.float64)",tensor(9),1,4.282327,0.9863776,1,1,0,-6.2176466,0.0019899644,0,0,0,-5.8482537,0.0028766335,0,0,0,-4.9434524,0.007079465,0,0,0,-1.4731592,0.18646291,0,0
tensor(12525),"tensor(359., dtype=torch.float64)",tensor(9),0,-3.4969475,0.029399207,0,0,0,0.4933386,0.6208926,1,1,0,-0.2841117,0.429446,0,1,0,2.9721894,0.9513018,1,1,0,-0.6298975,0.3475338,0,0
tensor(12579),"tensor(4269., dtype=torch.float64)",tensor(9),1,0.8383651,0.6981208,1,1,0,-1.0944504,0.25078118,0,0,0,-5.14399,0.005800522,0,0,0,-0.026818804,0.4932957,0,1,0,-0.9763651,0.27361363,0,0
tensor(12583),"tensor(5961., dtype=torch.float64)",tensor(9),0,-5.540116,0.0039107185,0,0,0,-0.36265156,0.4103178,0,0,1,3.826516,0.9786791,1,1,0,0.5706916,0.6389227,1,1,0,2.191648,0.899497,1,1
tensor(12615),"tensor(3872., dtype=torch.float64)",tensor(9),0,-5.6485896,0.003510117,0,0,1,-1.2795962,0.21761897,0,0,0,4.832726,0.9920982,1,1,0,-3.3810856,0.032891843,0,0,0,2.2488947,0.9045551,1,1
tensor(12645),"tensor(1961., dtype=torch.float64)",tensor(9),1,0.9222675,0.71550393,1,1,0,-3.2117875,0.03872454,0,0,0,0.22559643,0.5561611,1,1,0,-3.1949599,0.039355833,0,0,0,-0.39484414,0.40255174,0,0
tensor(12693),"tensor(5739., dtype=torch.float64)",tensor(9),0,-2.0409677,0.114968225,0,0,0,-2.2595208,0.09453138,0,0,1,2.8331068,0.9444389,1,1,0,-1.8528458,0.13553913,0,0,0,0.054657195,0.5136609,1,0
tensor(12741),"tensor(15976., dtype=torch.float64)",tensor(9),0,-0.5056227,0.37622023,0,0,1,0.3727426,0.59212154,1,1,1,0.024926431,0.50623125,1,1,0,-1.8915446,0.13106847,0,0,0,-1.7698938,0.14555554,0,0
tensor(12753),"tensor(6261., dtype=torch.float64)",tensor(9),0,-4.25213,0.014034123,0,0,0,-0.35107395,0.41312203,0,0,1,3.3043845,0.9645789,1,1,0,-1.9429486,0.12532428,0,0,1,1.6184834,0.8345859,1,1
tensor(12789),"tensor(11149., dtype=torch.float64)",tensor(9),1,2.5809948,0.92962843,1,1,0,-1.320719,0.2106987,0,0,0,-4.4034634,0.012087009,0,0,0,-2.487002,0.07677443,0,0,0,-3.4921122,0.029537499,0,0
tensor(12805),"tensor(21686., dtype=torch.float64)",tensor(9),1,1.8557978,0.86480635,1,1,0,-0.20544347,0.448819,0,0,0,-5.361709,0.004670958,0,0,0,-2.0389345,0.11517528,0,0,0,-3.956721,0.018766796,0,0
tensor(12863),"tensor(10495., dtype=torch.float64)",tensor(9),0,2.0929275,0.89021385,1,1,0,-3.976277,0.018410046,0,0,1,-3.7511451,0.022951677,0,0,0,-3.1700807,0.040307295,0,0,0,0.17918919,0.5446778,1,0
tensor(12869),"tensor(13894., dtype=torch.float64)",tensor(9),0,-3.9342983,0.019184187,0,0,0,2.003962,0.8812124,1,1,0,-2.4555137,0.07903628,0,0,0,2.7667537,0.9408526,1,1,0,-1.4740809,0.18632314,0,0
tensor(12871),"tensor(14167., dtype=torch.float64)",tensor(9),0,-4.799291,0.008168313,0,0,1,1.9643679,0.8770049,1,1,1,1.5479305,0.8246146,1,1,0,1.142793,0.75819206,1,1,1,1.2452581,0.77647793,1,1
tensor(12873),"tensor(8770., dtype=torch.float64)",tensor(9),0,-3.3291032,0.03458616,0,0,1,3.241606,0.96237034,1,1,0,-3.5226672,0.028674114,0,0,0,1.9949238,0.8802631,1,1,0,-0.7049523,0.33071515,0,0
tensor(12903),"tensor(1242., dtype=torch.float64)",tensor(9),0,-3.792589,0.02204045,0,0,0,-0.5650341,0.36238346,0,0,1,3.1226635,0.957818,1,1,0,0.114606924,0.5286204,1,1,0,0.6128103,0.6485816,1,0
tensor(12913),"tensor(17771., dtype=torch.float64)",tensor(9),1,3.1618812,0.9593743,1,1,0,-4.191473,0.014898662,0,0,0,-2.3846033,0.08435433,0,0,0,-2.6594915,0.06540641,0,0,0,-3.3234758,0.034774553,0,0
tensor(12947),"tensor(4622., dtype=torch.float64)",tensor(9),1,2.410805,0.91764754,1,1,0,-5.340273,0.0047716843,0,0,0,-6.444675,0.0015864403,0,0,0,0.21487257,0.5535124,1,1,0,-1.8180065,0.13967325,0,0
tensor(12965),"tensor(15797., dtype=torch.float64)",tensor(9),1,4.875653,0.99242765,1,1,0,-4.311616,0.013234362,0,0,0,-6.0522547,0.0023470302,0,0,0,-4.6758246,0.009231818,0,0,0,-4.6129003,0.0098255,0,0
tensor(12973),"tensor(15118., dtype=torch.float64)",tensor(9),0,1.490046,0.81608516,1,1,1,0.26691395,0.56633514,1,0,0,-6.487368,0.0015202361,0,0,0,-2.063798,0.11266557,0,0,0,-3.4523854,0.030697802,0,0
tensor(13013),"tensor(12125., dtype=torch.float64)",tensor(9),0,-6.674828,0.0012606983,0,0,1,2.6825526,0.93598926,1,1,1,2.0673537,0.8876894,1,1,0,1.78969,0.85688925,1,1,0,1.4229845,0.80580586,1,1
tensor(13029),"tensor(2363., dtype=torch.float64)",tensor(9),1,0.23247921,0.5578595,1,0,0,-3.044985,0.045434475,0,0,0,-2.9510894,0.049685054,0,0,0,-1.7106733,0.1530764,0,0,0,1.9569062,0.8761977,1,1
tensor(13041),"tensor(702., dtype=torch.float64)",tensor(9),0,-5.3583837,0.0046864445,0,0,0,2.3109434,0.90977925,1,1,1,2.3408005,0.9122002,1,1,1,-2.2867594,0.0922255,0,0,0,1.2181863,0.7717442,1,1
tensor(13051),"tensor(18138., dtype=torch.float64)",tensor(9),1,3.0008423,0.9526121,1,1,0,-2.228886,0.09718635,0,0,0,-5.522122,0.0039814417,0,0,0,-2.8434615,0.055020284,0,0,0,-2.4415972,0.080055214,0,0
tensor(13069),"tensor(12204., dtype=torch.float64)",tensor(9),0,-5.6196747,0.0036127213,0,0,1,1.6574638,0.8398972,1,1,0,0.096116126,0.5240106,1,1,1,4.088383,0.98351014,1,1,0,0.766044,0.6826645,1,0
tensor(13073),"tensor(7003., dtype=torch.float64)",tensor(9),1,2.058262,0.8867798,1,1,0,-4.728774,0.008759885,0,0,0,-4.4294887,0.011780157,0,0,0,-3.3199031,0.03489467,0,0,0,0.7646322,0.68235856,1,0
tensor(13099),"tensor(10047., dtype=torch.float64)",tensor(9),0,0.46785387,0.6148756,1,1,1,0.08226884,0.5205556,1,0,0,-4.1090255,0.01615839,0,0,0,0.25007913,0.56219596,1,1,0,-1.7954891,0.14240107,0,0
tensor(13119),"tensor(2094., dtype=torch.float64)",tensor(9),1,2.1981173,0.9000803,1,1,0,-3.5082133,0.029079441,0,0,0,-5.6948876,0.0033518423,0,0,0,0.5089441,0.6245589,1,1,0,-2.8991048,0.05219783,0,0
tensor(13137),"tensor(18138., dtype=torch.float64)",tensor(9),0,1.9793146,0.87860805,1,1,0,-2.0765216,0.11139982,0,0,1,-1.4663771,0.18749389,0,0,0,-2.2853186,0.0923462,0,0,0,-2.0903525,0.110038035,0,0
tensor(13159),"tensor(20691., dtype=torch.float64)",tensor(9),0,0.7219668,0.67304,1,1,1,-0.71297675,0.3289414,0,0,0,-0.82305783,0.30511492,0,0,0,-3.9993129,0.01799835,0,0,0,-1.2828467,0.21706605,0,0
tensor(13201),"tensor(11587., dtype=torch.float64)",tensor(9),0,-5.062366,0.0062907394,0,0,0,-2.1201441,0.10715428,0,0,1,4.7521157,0.99144053,1,1,1,-2.9469678,0.049880017,0,0,0,2.9830713,0.9518034,1,1
tensor(13229),"tensor(18388., dtype=torch.float64)",tensor(9),1,-1.2383475,0.22472376,0,0,0,2.114028,0.89225924,1,1,0,-0.89563435,0.28994846,0,0,0,-2.2195883,0.0980052,0,0,0,-2.2826843,0.09256723,0,0
tensor(13281),"tensor(13547., dtype=torch.float64)",tensor(9),0,-4.7834144,0.008297948,0,0,0,-1.537435,0.17690846,0,0,0,-2.9096577,0.051678207,0,0,1,5.630026,0.9964244,1,1,0,-0.29039463,0.42790723,0,0
tensor(13321),"tensor(19906., dtype=torch.float64)",tensor(9),0,-3.0241575,0.046346378,0,0,0,-1.4875104,0.18429568,0,0,1,3.2481077,0.962605,1,1,1,-2.4599624,0.078713074,0,0,0,0.59873736,0.6453674,1,0
tensor(13329),"tensor(21176., dtype=torch.float64)",tensor(9),0,-3.2850072,0.036089126,0,0,1,4.943909,0.99292374,1,1,0,-3.7782845,0.022350894,0,0,0,-2.4900243,0.07656048,0,0,0,-2.6030133,0.06894474,0,0
tensor(13345),"tensor(11725., dtype=torch.float64)",tensor(9),0,0.516858,0.6264128,1,1,1,-0.92135197,0.2846825,0,0,0,-0.33540297,0.4169266,0,1,0,-1.6406074,0.16238244,0,0,0,-0.1357522,0.46611395,0,0
tensor(13417),"tensor(20901., dtype=torch.float64)",tensor(9),0,-5.4220724,0.0043985485,0,0,1,4.9393654,0.9928918,1,1,0,0.21457916,0.5534399,1,1,0,-1.3732471,0.20209573,0,0,0,-0.22493778,0.44400144,0,0
tensor(13427),"tensor(8047., dtype=torch.float64)",tensor(9),1,3.790757,0.97792006,1,1,0,-6.201542,0.0020222063,0,0,0,-4.3119197,0.013230395,0,0,0,-3.9661593,0.018593779,0,0,0,-1.4200684,0.19465086,0,0
tensor(13445),"tensor(11929., dtype=torch.float64)",tensor(9),0,-5.7402506,0.003203666,0,0,1,5.4098454,0.99554753,1,1,0,-0.09278097,0.4768214,0,1,0,-3.1391268,0.04152186,0,0,1,-0.9048444,0.288056,0,0
tensor(13487),"tensor(11859., dtype=torch.float64)",tensor(9),0,3.7812533,0.9777139,1,1,0,-4.03748,0.017336035,0,0,0,-6.610946,0.0013437504,0,0,1,-0.7869514,0.31282365,0,0,0,-4.749993,0.008577546,0,0
tensor(13503),"tensor(13889., dtype=torch.float64)",tensor(9),0,-5.611898,0.0036408233,0,0,1,4.0994873,0.98368925,1,1,0,-0.63695705,0.34593472,0,0,0,2.0506792,0.88601625,1,1,0,-0.57351065,0.36042714,0,0
tensor(13505),"tensor(19172., dtype=torch.float64)",tensor(9),1,2.2811785,0.90730613,1,1,0,-1.6114881,0.1663821,0,0,0,-2.1129422,0.10784525,0,0,0,-3.613327,0.02625413,0,0,0,-4.1372485,0.015715795,0,0
tensor(13515),"tensor(9759., dtype=torch.float64)",tensor(9),0,-6.033359,0.0023916936,0,0,1,3.8875434,0.979916,1,1,0,-2.1270854,0.106492,0,0,1,3.5709643,0.9726408,1,1,1,-0.23514602,0.4414829,0,0
tensor(13563),"tensor(10023., dtype=torch.float64)",tensor(9),0,-4.4266734,0.011812976,0,0,1,2.6165438,0.93191874,1,1,0,-4.0638666,0.016892204,0,0,1,3.5801036,0.97288305,1,1,0,-1.5254447,0.17866115,0,0
tensor(13581),"tensor(14982., dtype=torch.float64)",tensor(9),0,-4.465232,0.011371236,0,0,1,2.4898348,0.92342615,1,1,0,0.51099545,0.6250398,1,1,0,1.569519,0.82771504,1,1,0,-0.54071355,0.3680216,0,0
tensor(13585),"tensor(20709., dtype=torch.float64)",tensor(9),0,-4.3040576,0.013333431,0,0,1,3.7254,0.9764639,1,1,0,-3.084996,0.04373042,0,0,0,1.0758944,0.7457162,1,1,0,-2.1237507,0.10680972,0,0
tensor(13605),"tensor(13177., dtype=torch.float64)",tensor(9),1,3.5166433,0.9711576,1,1,0,-6.862974,0.0010447063,0,0,0,-3.4848325,0.029746888,0,0,0,-4.804852,0.008123383,0,0,0,-0.91214734,0.28656062,0,0
tensor(13621),"tensor(17422., dtype=torch.float64)",tensor(9),1,3.623336,0.9740006,1,1,0,-3.0960095,0.04327216,0,0,0,-4.073093,0.016739663,0,0,0,-2.4371192,0.08038562,0,0,0,-4.9687505,0.006903834,0,0
tensor(13641),"tensor(11537., dtype=torch.float64)",tensor(9),0,-1.389111,0.19954972,0,0,0,-1.8271987,0.13857234,0,0,1,-0.3793962,0.40627253,0,1,1,2.499037,0.9240743,1,1,0,-1.392378,0.19902839,0,0
tensor(13725),"tensor(2836., dtype=torch.float64)",tensor(9),0,-1.3727376,0.20217791,0,0,0,-1.1367595,0.24291581,0,0,0,-1.8497984,0.13589656,0,0,1,2.9699664,0.9511987,1,1,1,-0.30971435,0.42318448,0,0
tensor(13771),"tensor(15680., dtype=torch.float64)",tensor(9),0,-2.2255907,0.097475864,0,0,1,3.1644726,0.95947516,1,1,0,-4.0416446,0.017265232,0,0,0,-1.4445441,0.19084267,0,0,0,-2.4349937,0.08054288,0,0
tensor(13785),"tensor(13454., dtype=torch.float64)",tensor(9),1,-2.0880573,0.11026303,0,0,0,2.074959,0.8884454,1,1,0,-1.6736507,0.15793803,0,0,0,-3.4867496,0.029691601,0,0,0,-1.819585,0.13948369,0,0
tensor(13787),"tensor(15036., dtype=torch.float64)",tensor(9),0,-0.7117496,0.32921237,0,0,1,0.7788233,0.6854265,1,1,0,-2.256826,0.094762295,0,0,0,1.5026252,0.8179657,1,1,0,-1.6757497,0.15765911,0,0
tensor(13789),"tensor(19137., dtype=torch.float64)",tensor(9),0,0.80731285,0.6915366,1,1,0,-2.9505694,0.049709607,0,0,1,0.60095316,0.6458743,1,1,0,-3.3983324,0.032347623,0,0,0,-1.2969387,0.2146807,0,0
tensor(13815),"tensor(1271., dtype=torch.float64)",tensor(9),0,0.7275453,0.6742664,1,1,1,0.32623634,0.5808433,1,1,0,-2.5778973,0.07057453,0,0,0,-1.8372936,0.13737169,0,0,0,-1.0149337,0.26601544,0,0
tensor(13829),"tensor(11216., dtype=torch.float64)",tensor(9),0,3.1261375,0.9579581,1,1,0,-3.4675777,0.030248957,0,0,0,-3.6530795,0.025256777,0,0,1,-3.288728,0.035959914,0,0,0,-2.2103367,0.09882609,0,0
tensor(13831),"tensor(1672., dtype=torch.float64)",tensor(9),0,-5.988362,0.0025014959,0,0,1,1.1470594,0.75897336,1,1,0,-1.3744116,0.20190802,0,0,1,5.3935637,0.9954749,1,1,0,0.94691753,0.72049487,1,0
tensor(13839),"tensor(8114., dtype=torch.float64)",tensor(9),0,-2.6759534,0.06440729,0,0,1,4.3859863,0.98770255,1,1,0,-3.4749215,0.030034276,0,0,0,-2.4029565,0.08294752,0,0,0,-2.6545646,0.065708235,0,0
tensor(13883),"tensor(12521., dtype=torch.float64)",tensor(9),0,-2.4321268,0.08075546,0,0,0,-1.8600457,0.13469772,0,0,1,2.8884194,0.94727093,1,1,0,-1.21541,0.22874522,0,0,0,0.7111035,0.67064494,1,0
tensor(13909),"tensor(3380., dtype=torch.float64)",tensor(9),1,2.654788,0.93430555,1,1,0,-2.947232,0.049867496,0,0,0,-2.6325772,0.067071006,0,0,0,-2.2770848,0.093038656,0,0,0,-2.5942674,0.069508284,0,0
tensor(13925),"tensor(18847., dtype=torch.float64)",tensor(9),1,3.0073946,0.9529071,1,1,0,-5.091732,0.006109804,0,0,0,-4.877156,0.0075610476,0,0,0,-3.7390575,0.023224307,0,0,0,-0.30429277,0.42450842,0,0
tensor(13929),"tensor(11984., dtype=torch.float64)",tensor(9),1,2.6946146,0.9367081,1,1,0,-4.3862014,0.012294878,0,0,0,-2.5309062,0.07371975,0,0,0,-2.9291997,0.05072885,0,0,0,-1.3044635,0.21341479,0,0
tensor(13953),"tensor(610., dtype=torch.float64)",tensor(9),0,-5.7762074,0.0030908685,0,0,1,3.4343174,0.96876,1,1,0,-0.42751527,0.39471984,0,0,1,2.911105,0.9483927,1,1,0,0.82226264,0.69471645,1,0
tensor(13977),"tensor(19446., dtype=torch.float64)",tensor(9),1,3.3266895,0.96533316,1,1,0,-3.6919427,0.02431746,0,0,0,-3.1746438,0.040131155,0,0,0,-3.760982,0.022732116,0,0,0,-2.7984414,0.057408456,0,0
tensor(13983),"tensor(2799., dtype=torch.float64)",tensor(9),0,-4.248248,0.014087939,0,0,1,3.1621287,0.95938396,1,1,1,-2.4506521,0.079390876,0,0,1,2.2695026,0.9063196,1,1,1,-1.3393404,0.20761855,0,0
tensor(13991),"tensor(5973., dtype=torch.float64)",tensor(9),1,3.5201142,0.97125465,1,1,0,-2.8250365,0.055986147,0,0,0,-5.578382,0.0037644494,0,0,0,-3.572585,0.02731604,0,0,0,-2.436238,0.08045078,0,0
tensor(14013),"tensor(13685., dtype=torch.float64)",tensor(9),1,4.6239753,0.9902817,1,1,0,-8.23989,0.00026384363,0,0,0,-6.660583,0.0012787624,0,0,0,-4.626872,0.009690494,0,0,0,-1.0868737,0.25220746,0,0
tensor(14019),"tensor(7628., dtype=torch.float64)",tensor(9),0,-6.137503,0.002155654,0,0,1,3.9575984,0.9812493,1,1,1,0.9421747,0.7195387,1,1,1,0.871404,0.7050377,1,1,0,0.9872718,0.72854877,1,0
tensor(14033),"tensor(10493., dtype=torch.float64)",tensor(9),0,2.482178,0.9228829,1,1,0,-1.6347244,0.16318421,0,0,0,-3.3760767,0.03305155,0,0,1,-1.9037411,0.12968564,0,0,0,-3.378265,0.03298169,0,0
tensor(14047),"tensor(15010., dtype=torch.float64)",tensor(9),0,-4.314116,0.013201753,0,0,0,-1.7012883,0.15429707,0,0,0,-2.7364817,0.06085467,0,0,1,5.1834908,0.99442285,1,1,0,-0.4790139,0.38248503,0,0
tensor(14059),"tensor(10131., dtype=torch.float64)",tensor(9),0,-0.8907009,0.2909652,0,0,0,-0.021923766,0.4945193,0,0,0,-2.72176,0.06170149,0,0,1,2.5437279,0.92715096,1,1,0,-1.3290534,0.20931599,0,0
tensor(14075),"tensor(7883., dtype=torch.float64)",tensor(9),1,0.09252942,0.5231159,1,0,0,-0.9294303,0.2830403,0,0,0,-3.49278,0.029518364,0,0,0,1.5859983,0.8300524,1,1,0,-0.9085172,0.28730336,0,0
tensor(14093),"tensor(2048., dtype=torch.float64)",tensor(9),0,-1.1722875,0.23644178,0,0,1,0.65987605,0.65923256,1,1,1,-0.23630977,0.4411959,0,1,1,0.7144367,0.67138076,1,1,0,-1.4068652,0.19672896,0,0
tensor(14109),"tensor(3581., dtype=torch.float64)",tensor(9),0,-4.64785,0.009491234,0,0,1,0.49302837,0.62081957,1,1,0,-1.8998342,0.13012724,0,0,1,4.7603216,0.9915099,1,1,0,-0.25429943,0.43676555,0,0
tensor(14113),"tensor(5562., dtype=torch.float64)",tensor(9),1,3.8004098,0.9781275,1,1,0,-2.8185737,0.0563287,0,0,0,-5.0526123,0.0063520065,0,0,0,-4.2627645,0.01388773,0,0,0,-3.690232,0.02435808,0,0
tensor(14129),"tensor(19019., dtype=torch.float64)",tensor(9),1,5.617802,0.9963805,1,1,0,-7.129163,0.00080074836,0,0,0,-6.050514,0.0023511092,0,0,0,-4.6414943,0.009551173,0,0,0,-4.0412803,0.01727141,0,0
tensor(14155),"tensor(16498., dtype=torch.float64)",tensor(9),0,1.281873,0.7827684,1,1,1,0.32851365,0.58139765,1,1,0,-5.0308914,0.006490581,0,0,0,-1.4800937,0.18541326,0,0,0,-3.169215,0.0403408,0,0
tensor(14161),"tensor(15261., dtype=torch.float64)",tensor(9),0,-5.087753,0.0061340155,0,0,0,-1.737273,0.14965966,0,0,1,4.599289,0.9900412,1,1,0,-2.6367579,0.06680989,0,0,1,2.8477411,0.94520175,1,1
tensor(14169),"tensor(17962., dtype=torch.float64)",tensor(9),1,4.7350345,0.9912943,1,1,0,-6.005307,0.0024595675,0,0,0,-7.1562223,0.0007793877,0,0,0,-4.2781754,0.013678254,0,0,0,-2.1129065,0.1078487,0,0
tensor(14207),"tensor(18528., dtype=torch.float64)",tensor(9),1,3.1277733,0.95802397,1,1,0,-1.6414884,0.16226263,0,0,0,-6.698742,0.0012309444,0,0,0,-3.5233593,0.028654844,0,0,0,-3.3192065,0.03491814,0,0
tensor(14219),"tensor(10518., dtype=torch.float64)",tensor(9),0,-4.7661824,0.00844096,0,0,0,-2.0506885,0.11398283,0,0,0,-2.9884784,0.0479491,0,0,1,5.7671638,0.9968811,1,1,0,-0.045536924,0.48861775,0,0
tensor(14235),"tensor(8371., dtype=torch.float64)",tensor(9),1,-3.2267578,0.0381711,0,0,0,-2.6453612,0.06627549,0,0,0,3.89644,0.9800903,1,1,0,-3.4456654,0.030898392,0,0,0,0.5837539,0.6419307,1,0
tensor(14297),"tensor(7800., dtype=torch.float64)",tensor(9),0,-0.27059203,0.43276176,0,0,0,-3.7519724,0.022933133,0,0,1,1.87834,0.8674204,1,1,0,-3.5052319,0.029163735,0,0,0,-0.52146965,0.37250865,0,0
tensor(14339),"tensor(8081., dtype=torch.float64)",tensor(9),1,3.2143447,0.9613705,1,1,0,-4.709551,0.008928388,0,0,0,-2.0103443,0.11812111,0,0,0,-3.8430402,0.020978814,0,0,0,-3.036359,0.045810062,0,0
tensor(14349),"tensor(529., dtype=torch.float64)",tensor(9),0,-1.2280855,0.2265167,0,0,1,-0.3205203,0.42054898,0,0,1,1.0215254,0.7352696,1,1,0,0.08427986,0.5210575,1,1,0,-1.4116983,0.19596632,0,0
tensor(14385),"tensor(3687., dtype=torch.float64)",tensor(9),1,2.767761,0.9409087,1,1,0,-4.92082,0.0072403415,0,0,0,-0.94199187,0.28049818,0,0,0,-3.4954352,0.029442394,0,0,0,-3.07654,0.044085395,0,0
tensor(14403),"tensor(488., dtype=torch.float64)",tensor(9),1,0.8043131,0.6908964,1,1,0,-0.45707408,0.38768017,0,0,0,-0.8035633,0.30926383,0,0,0,-1.0726713,0.25489542,0,0,0,-0.9462532,0.27963898,0,0
tensor(14407),"tensor(9815., dtype=torch.float64)",tensor(9),1,2.7005565,0.93705946,1,1,0,-3.3627222,0.03348102,0,0,0,-7.771994,0.00042119474,0,0,0,0.5046422,0.62354964,1,1,0,-4.6621175,0.009358038,0,0
tensor(14435),"tensor(20180., dtype=torch.float64)",tensor(9),1,4.238762,0.98577976,1,1,0,-4.788303,0.0082578175,0,0,0,-5.5587783,0.0038386893,0,0,0,-3.382705,0.03284037,0,0,0,-2.789151,0.057913262,0,0
tensor(14449),"tensor(488., dtype=torch.float64)",tensor(9),1,1.5814676,0.8294123,1,1,0,-2.6083543,0.06860268,0,0,0,-2.5891871,0.06983756,0,0,0,-1.288536,0.21610072,0,0,0,-0.4069117,0.39965287,0,0
tensor(14461),"tensor(3403., dtype=torch.float64)",tensor(9),1,-0.18159622,0.45472527,0,0,0,1.9841908,0.8791272,1,1,0,-4.517057,0.010803136,0,0,0,-2.2918494,0.09180024,0,0,0,-1.6810899,0.15695119,0,0
tensor(14467),"tensor(1716., dtype=torch.float64)",tensor(9),0,-4.942477,0.007086322,0,0,0,-2.066367,0.11240901,0,0,0,-3.0735323,0.044212315,0,0,1,5.9138994,0.99730563,1,1,1,-0.08927722,0.4776955,0,0
tensor(14487),"tensor(15893., dtype=torch.float64)",tensor(9),0,-4.1973734,0.014812314,0,0,1,2.607014,0.93131167,1,1,0,0.4708981,0.61559635,1,1,1,1.3627032,0.7961987,1,1,0,-0.5709257,0.36102328,0,0
tensor(14493),"tensor(3716., dtype=torch.float64)",tensor(9),0,-4.636837,0.009595332,0,0,0,-1.4999413,0.18243428,0,0,0,-2.8552816,0.05440894,0,0,1,5.5170865,0.9959985,1,1,1,-0.061413962,0.48465133,0,0
tensor(14495),"tensor(17466., dtype=torch.float64)",tensor(9),0,-0.03405881,0.4914861,0,0,1,2.3291829,0.9112653,1,1,0,-6.5448065,0.0014354986,0,0,0,-2.8350475,0.055459395,0,0,0,-3.7400637,0.023201495,0,0
tensor(14509),"tensor(5555., dtype=torch.float64)",tensor(9),1,-0.24041128,0.44018504,0,0,0,-0.39045104,0.40360874,0,0,0,0.6098374,0.64790374,1,1,0,-0.39125887,0.40341428,0,0,0,-0.520906,0.3726404,0,0
tensor(14519),"tensor(19301., dtype=torch.float64)",tensor(9),1,3.6501958,0.9746721,1,1,0,-4.2309694,0.014329957,0,0,0,-4.103376,0.016248448,0,0,0,-2.8092473,0.056826513,0,0,0,-2.7729394,0.058804113,0,0
tensor(14549),"tensor(4932., dtype=torch.float64)",tensor(9),1,0.8322379,0.6968279,1,1,0,-2.6090372,0.06855907,0,0,0,0.82713777,0.6957494,1,1,0,-3.8426514,0.020986803,0,0,0,-2.2454245,0.09574486,0,0
tensor(14589),"tensor(4395., dtype=torch.float64)",tensor(9),0,-4.4852214,0.011148696,0,0,1,3.3911617,0.96742713,1,1,1,0.857924,0.7022267,1,1,0,-1.8265395,0.13865104,0,0,1,-0.3013903,0.42521766,0,0
tensor(14601),"tensor(6780., dtype=torch.float64)",tensor(9),0,-2.973961,0.048616182,0,0,0,-0.9300689,0.28291073,0,0,1,2.7378883,0.93922573,1,1,0,-0.80712515,0.30850342,0,0,0,1.2532166,0.7778562,1,1
tensor(14615),"tensor(11573., dtype=torch.float64)",tensor(9),0,-1.664294,0.15918642,0,0,0,0.021293994,0.5053233,1,0,1,1.281892,0.7827717,1,1,0,0.005839646,0.5014599,1,1,0,0.42638612,0.6050104,1,0
tensor(14671),"tensor(14147., dtype=torch.float64)",tensor(9),0,-2.488812,0.07664624,0,0,0,-0.052715294,0.4868242,0,0,1,1.832366,0.8620434,1,1,1,0.6435866,0.6555637,1,1,0,-0.24517785,0.4390107,0,0
tensor(14741),"tensor(6796., dtype=torch.float64)",tensor(9),0,-6.3756857,0.0016995586,0,0,0,0.37375426,0.5923658,1,1,0,2.3143942,0.91006213,1,1,1,2.974927,0.9514285,1,1,1,2.4514873,0.92067015,1,1
tensor(14777),"tensor(12067., dtype=torch.float64)",tensor(9),0,-6.7765083,0.0011389507,0,0,1,5.525367,0.99603134,1,1,0,0.74928945,0.67902386,1,1,0,-1.8908029,0.13115296,0,0,0,-0.016157437,0.4959607,0,0
tensor(14791),"tensor(16256., dtype=torch.float64)",tensor(9),1,3.332608,0.9655307,1,1,0,-2.2320802,0.09690644,0,0,0,-6.2929597,0.001845865,0,0,0,-2.7483335,0.06018084,0,0,0,-3.4737554,0.030068267,0,0
tensor(14809),"tensor(21216., dtype=torch.float64)",tensor(9),1,3.6378875,0.97436655,1,1,0,-3.554715,0.02779488,0,0,0,-5.733848,0.0032241773,0,0,0,-3.6511416,0.02530453,0,0,0,-2.0047257,0.11870765,0,0
tensor(14835),"tensor(10164., dtype=torch.float64)",tensor(9),1,2.5044334,0.924452,1,1,0,-2.366979,0.08572562,0,0,0,-3.6651375,0.024961617,0,0,0,-0.6891105,0.334231,0,0,0,-4.10516,0.016219953,0,0
tensor(14887),"tensor(1841., dtype=torch.float64)",tensor(9),0,-4.7017684,0.008997517,0,0,0,-1.3521905,0.2055125,0,0,0,-1.9984665,0.11936403,0,0,1,5.275278,0.99490947,1,1,0,0.33783042,0.5836634,1,0
tensor(14901),"tensor(1075., dtype=torch.float64)",tensor(9),1,1.5482473,0.8246605,1,1,0,-1.1292903,0.24429211,0,0,0,-2.7642772,0.059285372,0,0,0,-0.9976786,0.2693981,0,0,0,-1.2934377,0.21527153,0,0
tensor(14921),"tensor(6074., dtype=torch.float64)",tensor(9),1,1.1098149,0.75209457,1,1,0,-2.248654,0.095465645,0,0,0,-5.3555017,0.0046999063,0,0,0,-0.3196541,0.42076004,0,0,0,-0.23701741,0.4410215,0,0
tensor(14969),"tensor(6531., dtype=torch.float64)",tensor(9),0,-0.08391689,0.47903308,0,0,0,-3.2483819,0.03738508,0,0,1,1.406811,0.8032625,1,1,0,-3.3657823,0.033382136,0,0,0,-0.9624088,0.2763962,0,0
tensor(14979),"tensor(475., dtype=torch.float64)",tensor(9),1,0.84292597,0.69908106,1,1,0,-1.1987867,0.23169112,0,0,0,-0.38162264,0.4057356,0,1,0,-1.255975,0.22166756,0,0,0,-0.68572664,0.33498436,0,0
tensor(15005),"tensor(2055., dtype=torch.float64)",tensor(9),1,0.28213543,0.5700697,1,0,0,-1.5338668,0.17742863,0,0,1,0.6353654,0.6537051,1,1,0,-2.3630164,0.086036704,0,0,0,-0.6442832,0.34427896,0,0
tensor(15009),"tensor(9561., dtype=torch.float64)",tensor(9),1,0.63996845,0.65474635,1,1,0,-0.72586876,0.32610196,0,0,0,-5.0807805,0.0061766678,0,0,0,1.2648988,0.7798683,1,1,0,-3.0073779,0.047093675,0,0
tensor(15071),"tensor(19222., dtype=torch.float64)",tensor(9),0,-0.9638776,0.2761025,0,0,0,-2.6714332,0.06468021,0,0,1,2.099837,0.8908874,1,1,0,-4.1029773,0.016254822,0,0,0,-1.2863003,0.21647967,0,0
tensor(15079),"tensor(6194., dtype=torch.float64)",tensor(9),0,-0.5890811,0.35684574,0,0,0,-1.4774272,0.18581632,0,0,1,1.486948,0.8156197,1,1,0,-0.8513431,0.29915118,0,0,0,-0.9159671,0.28578034,0,0
tensor(15093),"tensor(3321., dtype=torch.float64)",tensor(9),0,-0.42857057,0.39446774,0,0,1,0.21408102,0.5533168,1,0,0,0.45943487,0.6128801,1,1,0,-1.1690762,0.23702198,0,0,0,-0.95028967,0.27882656,0,0
tensor(15119),"tensor(7803., dtype=torch.float64)",tensor(9),0,2.5080738,0.92470586,1,1,0,-6.2241087,0.0019771717,0,0,0,-6.315987,0.001803921,0,0,0,-4.02145,0.017611237,0,0,1,1.2156723,0.77130103,1,1
tensor(15125),"tensor(960., dtype=torch.float64)",tensor(9),0,-1.8054359,0.14119066,0,0,1,-0.58156663,0.35857224,0,0,1,1.3871422,0.8001356,1,1,0,-0.9394179,0.28101793,0,0,1,1.4224554,0.805723,1,1
tensor(15137),"tensor(14274., dtype=torch.float64)",tensor(9),1,4.297728,0.98658305,1,1,0,-4.634562,0.009616975,0,0,0,-6.623723,0.0013267134,0,0,0,-3.5591333,0.027675735,0,0,0,-2.3175085,0.08968326,0,0
tensor(15153),"tensor(21608., dtype=torch.float64)",tensor(9),1,2.7012365,0.9370996,1,1,0,-2.2296631,0.09711818,0,0,0,-3.1264963,0.042027444,0,0,0,-2.3063748,0.09059638,0,0,0,-2.7608366,0.05947755,0,0
tensor(15171),"tensor(9442., dtype=torch.float64)",tensor(9),1,5.7881885,0.9969458,1,1,0,-6.410425,0.0016416258,0,0,0,-7.329069,0.0006557539,0,0,0,-3.5523367,0.02785922,0,0,0,-4.927088,0.0071954294,0,0
tensor(15211),"tensor(20875., dtype=torch.float64)",tensor(9),1,3.7649837,0.9773566,1,1,0,-4.1807904,0.015056264,0,0,0,-5.207763,0.0054441034,0,0,0,-4.892769,0.0074447854,0,0,0,-1.7957343,0.14237112,0,0
tensor(15251),"tensor(11092., dtype=torch.float64)",tensor(9),0,-2.605347,0.06879509,0,0,0,0.8267153,0.69565994,1,1,1,1.2662561,0.7801012,1,1,1,0.54217887,0.63231915,1,1,1,0.33307198,0.58250666,1,0
tensor(15301),"tensor(15228., dtype=torch.float64)",tensor(9),0,-3.699393,0.024141315,0,0,0,-2.4607403,0.07865667,0,0,1,3.9393542,0.9809107,1,1,0,-1.87184,0.13332897,0,0,0,1.5329841,0.82244253,1,1
tensor(15341),"tensor(13753., dtype=torch.float64)",tensor(9),0,-6.7531705,0.0011658125,0,0,0,1.8453467,0.8635798,1,1,1,3.2551806,0.9628588,1,1,0,-0.15411595,0.46154714,0,0,1,2.5507436,0.9276234,1,1
tensor(15343),"tensor(13897., dtype=torch.float64)",tensor(9),1,1.5920966,0.8309109,1,1,0,-1.6197264,0.1652426,0,0,0,-1.4435041,0.19100331,0,0,0,-1.3651478,0.20340493,0,0,0,-1.6571009,0.16015154,0,0
tensor(15361),"tensor(9500., dtype=torch.float64)",tensor(9),1,2.6798728,0.93582845,1,1,0,-2.6609228,0.06531897,0,0,0,-3.7911177,0.022072183,0,0,0,-3.6499555,0.025333801,0,0,0,-1.4040647,0.19717191,0,0
tensor(15363),"tensor(15507., dtype=torch.float64)",tensor(9),1,1.8276064,0.86147636,1,1,0,-4.102088,0.016269049,0,0,0,-5.745913,0.0031856345,0,0,0,0.007920988,0.50198025,1,1,0,-0.8553793,0.29830566,0,0
tensor(15403),"tensor(16292., dtype=torch.float64)",tensor(9),1,1.4208937,0.80547845,1,1,0,-1.0806944,0.25337464,0,0,0,-2.7946534,0.057613783,0,0,0,-1.08922,0.2517652,0,0,0,-1.3514949,0.20562609,0,0
tensor(15413),"tensor(14145., dtype=torch.float64)",tensor(9),1,3.4562147,0.9694159,1,1,0,-2.7720172,0.058855172,0,0,0,-4.685839,0.009140668,0,0,0,-3.1943688,0.039378185,0,0,0,-3.2917886,0.035853963,0,0
tensor(15417),"tensor(13133., dtype=torch.float64)",tensor(9),0,1.2116113,0.7705839,1,1,0,-0.7267777,0.32590225,0,0,1,-3.6467688,0.025412606,0,0,0,-0.28446326,0.42935985,0,0,0,-2.3514838,0.0869479,0,0
tensor(15465),"tensor(18102., dtype=torch.float64)",tensor(9),1,2.6859157,0.9361904,1,1,0,-4.1706023,0.015208098,0,0,0,-4.636905,0.009594683,0,0,0,-1.8195508,0.13948779,0,0,0,-1.0277666,0.26351732,0,0
tensor(15471),"tensor(13133., dtype=torch.float64)",tensor(9),0,-0.9351924,0.28187248,0,0,0,-0.2956572,0.42661944,0,0,1,1.1831242,0.7655091,1,1,0,-1.8039033,0.14137658,0,0,0,-1.533033,0.17755036,0,0
tensor(15479),"tensor(17997., dtype=torch.float64)",tensor(9),0,-3.5895383,0.026869189,0,0,1,1.9781256,0.8784812,1,1,1,1.3409951,0.79265356,1,1,0,-1.9990199,0.11930588,0,0,0,-1.2060223,0.23040563,0,0
tensor(15485),"tensor(12579., dtype=torch.float64)",tensor(9),0,-6.542718,0.0014384956,0,0,0,-0.4182103,0.39694512,0,0,0,-0.6939966,0.33314458,0,0,1,6.077069,0.99771035,1,1,1,1.0835696,0.7471689,1,0
tensor(15515),"tensor(17393., dtype=torch.float64)",tensor(9),0,-3.827238,0.021305837,0,0,1,4.289841,0.9864782,1,1,0,-0.6396141,0.34533378,0,0,0,-2.2000272,0.099748045,0,0,0,-1.1025993,0.24925318,0,0
tensor(15525),"tensor(8004., dtype=torch.float64)",tensor(9),1,0.7098837,0.67037547,1,1,0,-1.5405812,0.17645079,0,0,0,-1.9254401,0.12725616,0,0,0,0.65647537,0.6584682,1,1,0,-0.85917646,0.29751143,0,0
tensor(15537),"tensor(14188., dtype=torch.float64)",tensor(9),0,-6.3378644,0.0017649537,0,0,1,3.796612,0.9780462,1,1,0,-0.3729009,0.40784022,0,1,0,3.3849661,0.96723133,1,1,0,0.19430208,0.5484233,1,0
tensor(15553),"tensor(17012., dtype=torch.float64)",tensor(9),1,3.3238726,0.96523875,1,1,0,-6.195696,0.0020340385,0,0,0,-5.169997,0.0056524533,0,0,0,-3.9505043,0.018881617,0,0,0,-0.41973117,0.39658105,0,0
tensor(15563),"tensor(14188., dtype=torch.float64)",tensor(9),0,-5.448479,0.0042844084,0,0,1,3.2793393,0.9637132,1,1,0,-0.8225437,0.30522397,0,0,0,3.0701103,0.9556428,1,1,0,-0.2833574,0.42963088,0,0
tensor(15597),"tensor(14188., dtype=torch.float64)",tensor(9),0,-6.891867,0.0010149837,0,0,1,3.042573,0.9544608,1,1,1,1.1175834,0.75354016,1,1,1,3.0853968,0.9562864,1,1,0,1.2975188,0.7854171,1,1
tensor(15609),"tensor(12619., dtype=torch.float64)",tensor(9),1,4.3530087,0.98729545,1,1,0,-6.1165314,0.0022012389,0,0,0,-5.540199,0.0039103953,0,0,0,-3.685398,0.02447322,0,0,0,-2.07208,0.11184027,0,0
tensor(15679),"tensor(18575., dtype=torch.float64)",tensor(9),1,3.564926,0.9724797,1,1,0,-3.8245144,0.021362709,0,0,0,-4.2898955,0.013521032,0,0,0,-2.0892262,0.11014839,0,0,0,-3.0427618,0.045530993,0,0
tensor(15687),"tensor(16502., dtype=torch.float64)",tensor(9),0,-0.825582,0.30458003,0,0,0,-2.089563,0.11011539,0,0,1,1.8642097,0.86578685,1,1,0,-0.85227937,0.29895493,0,0,0,-1.3802935,0.20096186,0,0
tensor(15697),"tensor(8547., dtype=torch.float64)",tensor(9),1,2.9740868,0.9513897,1,1,0,-4.071776,0.016761355,0,0,0,-3.8131983,0.02160057,0,0,0,-4.0729966,0.01674125,0,0,0,-1.1742947,0.23607957,0,0
tensor(15699),"tensor(16502., dtype=torch.float64)",tensor(9),1,3.7031906,0.97594804,1,1,0,-4.5720553,0.010230939,0,0,0,-4.091448,0.016440216,0,0,0,-2.7604074,0.05950156,0,0,0,-2.8709235,0.053609774,0,0
tensor(15731),"tensor(14804., dtype=torch.float64)",tensor(9),0,-2.420581,0.081616685,0,0,1,0.6569676,0.6585789,1,1,0,0.5655529,0.6377364,1,1,1,1.3076224,0.7871151,1,1,0,-0.5628846,0.3628803,0,0
tensor(15763),"tensor(8258., dtype=torch.float64)",tensor(9),0,-6.361593,0.0017236384,0,0,0,-0.806927,0.3085457,0,0,1,4.5237775,0.9892685,1,1,1,-0.71085554,0.3294098,0,0,0,3.4099915,0.9680154,1,1
tensor(15775),"tensor(7056., dtype=torch.float64)",tensor(9),1,2.8008451,0.9427215,1,1,0,-3.1992152,0.03919527,0,0,0,-2.8632169,0.054002125,0,0,0,-4.132795,0.015784835,0,0,1,-2.459077,0.078777306,0,0
tensor(15783),"tensor(15287., dtype=torch.float64)",tensor(9),0,-4.008265,0.017840806,0,0,1,5.187295,0.99444395,1,1,0,-3.8979084,0.019881021,0,0,0,-2.1509962,0.10423817,0,0,0,-3.0969434,0.04323351,0,0
tensor(15785),"tensor(16502., dtype=torch.float64)",tensor(9),1,2.2847002,0.90760195,1,1,0,-3.0463808,0.045373984,0,0,0,-1.1467171,0.24108925,0,0,0,-2.785963,0.058087442,0,0,0,-2.9329307,0.05054948,0,0
tensor(15799),"tensor(17354., dtype=torch.float64)",tensor(9),0,-0.8949972,0.29007965,0,0,0,-1.4891645,0.18404716,0,0,1,0.3383283,0.5837844,1,1,1,1.1057651,0.7513388,1,1,0,-0.31932506,0.42084026,0,0
tensor(15805),"tensor(8258., dtype=torch.float64)",tensor(9),0,-6.512832,0.0014820702,0,0,0,-0.5385686,0.36852062,0,0,1,4.3033304,0.98665696,1,1,1,-0.33669314,0.41661298,0,0,0,3.6242275,0.97402304,1,1
tensor(15811),"tensor(20799., dtype=torch.float64)",tensor(9),0,-5.253489,0.005202039,0,0,1,5.1342387,0.99414295,1,1,0,-1.464081,0.18784393,0,0,0,-4.1651025,0.015290687,0,0,0,-2.9917955,0.0477979,0,0
tensor(15813),"tensor(7937., dtype=torch.float64)",tensor(9),1,3.5050652,0.9708316,1,1,0,-5.682524,0.0033933981,0,0,0,-2.8066304,0.056966934,0,0,0,-3.685757,0.024464658,0,0,0,-2.1708977,0.10239449,0,0
tensor(15819),"tensor(8682., dtype=torch.float64)",tensor(9),1,0.5509439,0.63435453,1,1,0,-3.0224974,0.046419803,0,0,0,-7.2607102,0.0007021155,0,0,0,3.2084365,0.96115047,1,1,0,-2.957879,0.049365442,0,0
tensor(15831),"tensor(13204., dtype=torch.float64)",tensor(9),0,0.5164402,0.626315,1,1,0,-3.6788423,0.024630226,0,0,1,0.22177136,0.5552167,1,1,0,-2.0387287,0.11519626,0,0,0,0.374886,0.5926391,1,0
tensor(15853),"tensor(21223., dtype=torch.float64)",tensor(9),0,-4.459766,0.011432848,0,0,0,-0.7713274,0.31619206,0,0,1,-1.8192279,0.13952655,0,0,1,4.8968935,0.9925856,1,1,1,-0.116925195,0.47080195,0,0
tensor(15855),"tensor(9629., dtype=torch.float64)",tensor(9),0,-0.035430968,0.4911432,0,0,0,-0.05157183,0.48710993,0,0,1,0.17879876,0.544581,1,1,0,-2.2620022,0.094319195,0,0,0,-1.7596927,0.14682883,0,0
tensor(15859),"tensor(12268., dtype=torch.float64)",tensor(9),0,-5.0374966,0.006448127,0,0,0,-2.9657934,0.048995357,0,0,1,5.0827317,0.99383533,1,1,0,-2.8831706,0.0529918,0,0,1,2.870222,0.9463547,1,1
tensor(15867),"tensor(16720., dtype=torch.float64)",tensor(9),0,-1.7451084,0.14866525,0,0,0,-1.1532631,0.23989357,0,0,0,-5.8019614,0.0030125196,0,0,0,-4.86095,0.007683629,0,0,0,-6.3954163,0.0016664093,0,0
tensor(15875),"tensor(11128., dtype=torch.float64)",tensor(9),1,0.8456221,0.69964796,1,1,0,-1.6176381,0.16553088,0,0,0,-4.9798217,0.0068283416,0,0,0,0.08449591,0.5211114,1,1,0,-0.45864227,0.38730797,0,0
tensor(15889),"tensor(17166., dtype=torch.float64)",tensor(9),0,0.3273225,0.5811078,1,0,0,-1.7657672,0.14606951,0,0,1,0.9045482,0.71188325,1,1,0,-3.0533037,0.045075055,0,0,0,-1.8265352,0.13865155,0,0
tensor(15895),"tensor(13953., dtype=torch.float64)",tensor(9),1,4.043314,0.98276305,1,1,0,-4.525462,0.010713683,0,0,0,-5.2390866,0.005277104,0,0,0,-4.4473047,0.011574548,0,0,0,-2.4424944,0.07998916,0,0
tensor(15905),"tensor(7434., dtype=torch.float64)",tensor(9),0,-5.1032906,0.0060400143,0,0,0,0.25065875,0.56233865,1,0,1,3.6216896,0.97395885,1,1,0,-4.451421,0.011527552,0,0,0,0.839731,0.69840854,1,0
tensor(15909),"tensor(17166., dtype=torch.float64)",tensor(9),1,-1.8302813,0.13820477,0,0,0,-0.96909934,0.27506006,0,0,0,2.2597723,0.9054901,1,1,0,-1.6661903,0.15893278,0,0,0,-0.7540159,0.3199469,0,0
tensor(15921),"tensor(16502., dtype=torch.float64)",tensor(9),1,3.0438628,0.9545168,1,1,0,-4.2412496,0.014185476,0,0,0,-2.3321178,0.08849768,0,0,0,-3.4181108,0.031734224,0,0,0,-2.550183,0.07241419,0,0
tensor(15945),"tensor(8665., dtype=torch.float64)",tensor(9),0,3.134778,0.95830476,1,1,0,-3.8414948,0.021010578,0,0,1,-3.1249025,0.04209166,0,0,0,-3.81416,0.021580257,0,0,0,-2.3297033,0.08869264,0,0
tensor(15967),"tensor(3717., dtype=torch.float64)",tensor(9),1,0.16554478,0.54129195,1,0,0,-3.8139927,0.021583788,0,0,0,-3.9575927,0.018750751,0,0,0,2.4208164,0.91840094,1,1,0,-0.47396076,0.38367924,0,0
tensor(15989),"tensor(15877., dtype=torch.float64)",tensor(9),0,-0.26358956,0.43448153,0,0,0,-1.6260067,0.16437814,0,0,0,-3.4135075,0.03187598,0,0,1,2.785621,0.9418938,1,1,0,-1.5958593,0.16856113,0,0
tensor(15995),"tensor(3757., dtype=torch.float64)",tensor(9),0,0.9666443,0.7244501,1,1,0,-3.1828573,0.03981596,0,0,0,-3.8806584,0.02021995,0,0,1,1.8737609,0.8668928,1,1,1,-3.421399,0.031633344,0,0
tensor(16011),"tensor(10532., dtype=torch.float64)",tensor(9),0,0.17490245,0.5436145,1,0,0,-2.8176663,0.056376956,0,0,0,-5.2780943,0.005076245,0,0,1,3.13338,0.95824885,1,1,0,-1.8309302,0.13812749,0,0
tensor(16057),"tensor(16563., dtype=torch.float64)",tensor(9),1,4.4312015,0.98823977,1,1,0,-6.357838,0.001730111,0,0,0,-6.7055173,0.0012226427,0,0,0,-4.5065465,0.010916035,0,0,0,-1.4701684,0.18691702,0,0
tensor(16067),"tensor(2847., dtype=torch.float64)",tensor(9),1,0.25663394,0.5638087,1,0,0,-0.610963,0.35183957,0,0,0,-0.89895886,0.2892645,0,0,0,-1.2428051,0.22394809,0,0,0,0.58054686,0.6411932,1,0
tensor(16069),"tensor(2393., dtype=torch.float64)",tensor(9),0,-2.0336177,0.115718216,0,0,0,-0.3439949,0.41483942,0,0,0,1.129677,0.75577927,1,1,1,1.0061111,0.7322584,1,1,0,0.79042006,0.6879215,1,0
tensor(16085),"tensor(2718., dtype=torch.float64)",tensor(9),0,-2.3278627,0.08884152,0,0,0,-0.6425053,0.34468046,0,0,0,-2.3614109,0.086163044,0,0,1,3.8160663,0.97845995,1,1,0,-0.49474397,0.37877664,0,0
tensor(16109),"tensor(11473., dtype=torch.float64)",tensor(9),1,2.4515986,0.92067826,1,1,0,-3.0855896,0.043705598,0,0,0,-5.763262,0.003131016,0,0,0,-2.8098874,0.056792207,0,0,0,-0.25788775,0.43588302,0,0
tensor(16115),"tensor(8867., dtype=torch.float64)",tensor(9),0,-3.9417517,0.019044446,0,0,0,-2.5424356,0.07293631,0,0,1,4.224537,0.9855789,1,1,0,-1.5921757,0.16907802,0,0,0,1.3112445,0.7877213,1,1
tensor(16145),"tensor(16656., dtype=torch.float64)",tensor(9),1,4.716707,0.99113464,1,1,0,-5.3330326,0.004806191,0,0,0,-7.3499427,0.0006422165,0,0,0,-5.762835,0.0031323486,0,0,0,-1.988413,0.120424874,0,0
tensor(16153),"tensor(21398., dtype=torch.float64)",tensor(9),0,-2.2948465,0.09155066,0,0,0,1.0770812,0.7459412,1,1,1,1.1030093,0.75082356,1,1,0,-1.8258771,0.13873017,0,0,0,0.22985868,0.557213,1,0
tensor(16171),"tensor(13559., dtype=torch.float64)",tensor(9),0,-4.327229,0.013032008,0,0,1,0.6080293,0.64749116,1,1,0,0.6270146,0.6518122,1,1,1,3.2794352,0.96371657,1,1,0,0.2318138,0.5576953,1,0
tensor(16209),"tensor(12826., dtype=torch.float64)",tensor(9),0,1.1187792,0.7537622,1,1,0,-0.8495393,0.29952952,0,0,1,-1.100824,0.24958554,0,0,1,-2.1788237,0.101668306,0,0,0,-1.1266719,0.24477582,0,0
tensor(16253),"tensor(7307., dtype=torch.float64)",tensor(9),1,2.1918805,0.899518,1,1,0,-0.7530918,0.32014796,0,0,0,-4.7073855,0.008947569,0,0,0,-3.0738907,0.044197176,0,0,0,-3.489722,0.02960609,0,0
tensor(16267),"tensor(1284., dtype=torch.float64)",tensor(9),1,1.2730758,0.7812688,1,1,0,-3.1105993,0.042672157,0,0,0,-4.1712623,0.015198218,0,0,0,0.95410836,0.72194064,1,1,0,-1.3575548,0.20463799,0,0
tensor(16287),"tensor(9957., dtype=torch.float64)",tensor(9),1,3.7390475,0.9767754,1,1,0,-2.817376,0.05639241,0,0,0,-3.6596606,0.025095263,0,0,0,-3.7986376,0.021910448,0,0,0,-5.7941637,0.0030360306,0,0
tensor(16303),"tensor(8239., dtype=torch.float64)",tensor(9),0,4.500578,0.98901933,1,1,0,-4.8343134,0.007889409,0,0,0,-6.3413215,0.0017588733,0,0,0,-2.492708,0.07637097,0,0,1,-3.593941,0.02675431,0,0
tensor(16359),"tensor(5070., dtype=torch.float64)",tensor(9),0,-4.6072626,0.0098805,0,0,0,-0.25732926,0.43602037,0,0,1,1.4929037,0.8165137,1,1,1,3.5538635,0.97218204,1,1,0,0.5076984,0.62426674,1,0
tensor(16373),"tensor(6942., dtype=torch.float64)",tensor(9),0,-6.872954,0.0010343431,0,0,1,2.8488436,0.94525886,1,1,0,1.9100344,0.871023,1,1,0,1.7712977,0.85461897,1,1,0,1.8713341,0.8666126,1,1
tensor(16437),"tensor(3878., dtype=torch.float64)",tensor(9),1,1.4896533,0.8160263,1,1,0,-0.34381962,0.41488197,0,0,0,-3.7752857,0.022416515,0,0,0,-1.2788507,0.21774593,0,0,0,-3.4073389,0.032066893,0,0
tensor(16441),"tensor(20525., dtype=torch.float64)",tensor(9),0,3.523514,0.9713495,1,1,0,-5.6956205,0.0033493948,0,0,0,-5.938688,0.002628558,0,0,0,-4.7347875,0.008707824,0,0,1,-0.5018039,0.37711686,0,0
tensor(16445),"tensor(19238., dtype=torch.float64)",tensor(9),0,-1.6853926,0.15638271,0,0,0,-1.1394057,0.24242948,0,0,0,-2.5641804,0.071479596,0,0,0,-1.1154498,0.24685629,0,0,0,-3.7554216,0.022855971,0,0
tensor(16455),"tensor(1513., dtype=torch.float64)",tensor(9),0,-4.2108755,0.014616563,0,0,0,0.58401626,0.641991,1,1,0,-1.3725724,0.20220456,0,0,1,4.2341876,0.98571545,1,1,0,-0.07256834,0.48186585,0,0
tensor(16521),"tensor(20762., dtype=torch.float64)",tensor(9),0,-1.9456985,0.12502316,0,0,1,-1.3365042,0.20808552,0,0,0,2.2047048,0.9006712,1,1,0,-3.0974376,0.043213077,0,0,0,0.5994971,0.6455412,1,0
tensor(16527),"tensor(19167., dtype=torch.float64)",tensor(9),0,0.15821692,0.5394719,1,0,0,-0.6997734,0.33186248,0,0,1,0.2757843,0.5685124,1,1,0,-0.29499584,0.42678127,0,0,0,-1.4083331,0.19649711,0,0
tensor(16545),"tensor(6830., dtype=torch.float64)",tensor(9),1,2.0868466,0.88961816,1,1,0,-1.8650713,0.13411304,0,0,0,-2.5474966,0.07259485,0,0,0,-1.5260689,0.17856957,0,0,0,-1.9991369,0.11929358,0,0
tensor(16551),"tensor(4952., dtype=torch.float64)",tensor(9),1,5.086183,0.9938564,1,1,0,-6.630373,0.0013179315,0,0,0,-5.695701,0.003349126,0,0,0,-4.3242993,0.013069745,0,0,0,-3.2943563,0.03576531,0,0
tensor(16593),"tensor(3811., dtype=torch.float64)",tensor(9),0,-5.643081,0.0035294371,0,0,1,1.6242006,0.83537364,1,1,0,-1.8539075,0.13541478,0,0,1,4.8936934,0.992562,1,1,0,-0.3143128,0.42206237,0,0
tensor(16623),"tensor(19247., dtype=torch.float64)",tensor(9),1,4.2232857,0.9855611,1,1,0,-5.211727,0.005422683,0,0,0,-5.6392765,0.0035428435,0,0,0,-4.347908,0.012768693,0,0,0,-2.1991692,0.09982513,0,0
tensor(16661),"tensor(19239., dtype=torch.float64)",tensor(9),0,-4.38242,0.012340882,0,0,1,-1.047878,0.2596328,0,0,1,-2.2990673,0.09120025,0,0,1,5.01618,0.99341387,1,1,1,-0.19851515,0.4505335,0,0
tensor(16687),"tensor(10556., dtype=torch.float64)",tensor(9),0,0.57501,0.6399184,1,1,0,-1.4729195,0.18649927,0,0,1,-1.7539538,0.14754921,0,0,0,-1.823019,0.139072,0,0,0,0.9303627,0.7171489,1,0
tensor(16711),"tensor(8826., dtype=torch.float64)",tensor(9),0,-3.1302166,0.041877918,0,0,1,3.255317,0.9628637,1,1,0,-0.65918136,0.34092352,0,0,0,-0.25925565,0.43554667,0,0,0,-1.4557065,0.18912488,0,0
tensor(16715),"tensor(10556., dtype=torch.float64)",tensor(9),0,-0.46109945,0.38672507,0,0,0,0.41126823,0.6013919,1,1,1,0.27123514,0.5673961,1,1,0,-0.6629322,0.34008124,0,0,0,-1.1595296,0.2387528,0,0
tensor(16719),"tensor(10556., dtype=torch.float64)",tensor(9),0,-2.8160148,0.056464877,0,0,0,1.1205319,0.7540873,1,1,0,0.61276025,0.6485702,1,1,0,1.6702461,0.84160864,1,1,1,0.20090656,0.55005836,1,0
tensor(16741),"tensor(20893., dtype=torch.float64)",tensor(9),1,-1.0226371,0.26451406,0,0,0,1.2785454,0.78220206,1,1,0,-2.8808563,0.05310806,0,0,0,0.9937553,0.729829,1,1,0,-1.8696923,0.13357733,0,0
tensor(16763),"tensor(4470., dtype=torch.float64)",tensor(9),1,2.8858442,0.9471422,1,1,0,-1.2592483,0.22110336,0,0,0,-5.0929956,0.0061021354,0,0,0,-3.1287117,0.041938342,0,0,0,-4.538879,0.01057241,0,0
tensor(16773),"tensor(6550., dtype=torch.float64)",tensor(9),0,-4.104361,0.016232708,0,0,1,-1.6038418,0.16744536,0,0,1,3.9009783,0.9801788,1,1,0,-4.4292645,0.011782766,0,0,1,1.252432,0.77772063,1,1
tensor(16797),"tensor(6828., dtype=torch.float64)",tensor(9),0,-4.707408,0.0089473715,0,0,1,2.7483943,0.93982255,1,1,1,0.61035347,0.64802146,1,1,0,1.1754084,0.7641212,1,1,1,1.089857,0.7483548,1,0
tensor(16877),"tensor(10045., dtype=torch.float64)",tensor(9),0,2.2418244,0.903943,1,1,1,-0.669673,0.3385701,0,0,0,-5.4134145,0.0044366266,0,0,0,-2.0554354,0.11350431,0,0,0,-4.0459013,0.017193154,0,0
tensor(16879),"tensor(8330., dtype=torch.float64)",tensor(9),0,-2.0111277,0.11803952,0,0,0,-1.2059947,0.23041052,0,0,0,-2.8632658,0.053999633,0,0,0,-2.7821715,0.058295235,0,0,0,-4.7951307,0.008202086,0,0
tensor(16925),"tensor(12478., dtype=torch.float64)",tensor(9),1,1.4409809,0.80860645,1,1,0,-2.001641,0.11903073,0,0,0,-6.2566895,0.0019139134,0,0,0,0.98194396,0.7274938,1,1,0,-3.2230754,0.03830653,0,0
tensor(16951),"tensor(6580., dtype=torch.float64)",tensor(9),0,0.36247018,0.5896383,1,0,1,0.32261297,0.57996094,1,1,0,-2.3958611,0.083488844,0,0,0,-0.23735172,0.44093907,0,0,0,-1.5493447,0.17518094,0,0
tensor(16973),"tensor(15492., dtype=torch.float64)",tensor(9),1,1.5170283,0.8201004,1,1,0,-2.5227277,0.074280165,0,0,0,-4.360722,0.012608168,0,0,1,0.8484496,0.70024186,1,1,0,-2.3819928,0.084556185,0,0
tensor(16989),"tensor(2324., dtype=torch.float64)",tensor(9),0,-3.168769,0.04035807,0,0,1,2.4520433,0.9207107,1,1,0,-0.92301077,0.28434482,0,0,1,1.0339143,0.73767406,1,1,0,-0.923617,0.28422147,0,0
tensor(16995),"tensor(7426., dtype=torch.float64)",tensor(9),0,-2.9056494,0.05187499,0,0,0,0.96881646,0.7248835,1,1,0,-1.5627158,0.1732573,0,0,0,2.2731118,0.9066255,1,1,0,-1.3808147,0.20087819,0,0
tensor(17039),"tensor(10329., dtype=torch.float64)",tensor(9),1,3.171714,0.9597559,1,1,0,-3.9059312,0.019725291,0,0,0,-5.734945,0.0032206543,0,0,0,-1.7384813,0.14950596,0,0,0,-1.8861423,0.13168496,0,0
tensor(17055),"tensor(21249., dtype=torch.float64)",tensor(9),1,1.4713044,0.8132556,1,1,0,-2.02701,0.1163961,0,0,0,-3.3434525,0.034110226,0,0,0,0.18178454,0.5453214,1,1,0,-1.7647306,0.14619887,0,0
tensor(17059),"tensor(15201., dtype=torch.float64)",tensor(9),1,3.2152264,0.9614033,1,1,0,-2.7280333,0.061339304,0,0,0,-4.5918274,0.010032648,0,0,0,-2.008679,0.11829469,0,0,0,-3.1068366,0.04282613,0,0
tensor(17165),"tensor(11161., dtype=torch.float64)",tensor(9),0,-5.179691,0.00559823,0,0,1,0.6673892,0.6609183,1,1,0,-1.9207582,0.12777704,0,0,1,4.9816175,0.9931838,1,1,0,1.0132332,0.7336524,1,0
tensor(17181),"tensor(19598., dtype=torch.float64)",tensor(9),1,0.87843204,0.7064972,1,1,0,-3.64336,0.025497172,0,0,0,-0.3896621,0.40379864,0,1,0,-3.101468,0.043046743,0,0,0,0.6192946,0.6500581,1,0
tensor(17185),"tensor(20147., dtype=torch.float64)",tensor(9),1,0.49792954,0.6219726,1,1,0,-3.718417,0.023697175,0,0,0,0.7993477,0.68983495,1,1,0,-2.9139886,0.051466372,0,0,0,0.02834506,0.5070858,1,0
tensor(17207),"tensor(15916., dtype=torch.float64)",tensor(9),0,-0.4632417,0.3862171,0,0,1,0.4032881,0.5994774,1,1,0,-1.7284522,0.15078565,0,0,0,0.36714238,0.5907683,1,1,0,0.25679716,0.56384885,1,0
tensor(17227),"tensor(17322., dtype=torch.float64)",tensor(9),0,-1.8112457,0.14048764,0,0,0,-0.0018849,0.49952874,0,0,1,1.6043408,0.8326242,1,1,1,-0.7203352,0.32731915,0,0,0,-0.36219648,0.410428,0,0
tensor(17303),"tensor(11735., dtype=torch.float64)",tensor(9),0,-3.2078524,0.038871292,0,0,1,1.197759,0.76812595,1,1,0,0.10997548,0.5274662,1,1,1,1.9260645,0.87281317,1,1,0,-1.0511197,0.25901017,0,0
tensor(17317),"tensor(20439., dtype=torch.float64)",tensor(9),1,0.93654126,0.7184005,1,1,0,-3.7521122,0.022930002,0,0,0,-3.749015,0.022999492,0,0,0,-0.8719846,0.29484153,0,0,0,0.8575096,0.7021401,1,0
tensor(17335),"tensor(20273., dtype=torch.float64)",tensor(9),1,1.5457706,0.8243021,1,1,0,-2.034407,0.11563749,0,0,0,-1.6339934,0.16328405,0,0,0,-1.4712182,0.18675752,0,0,0,-0.75423783,0.3198986,0,0
tensor(17349),"tensor(18040., dtype=torch.float64)",tensor(9),1,0.37234136,0.5920246,1,0,0,-2.5138495,0.07489297,0,0,0,-6.216802,0.0019916422,0,0,0,3.1192021,0.9576779,1,1,0,-2.9910913,0.047829967,0,0
tensor(17373),"tensor(17736., dtype=torch.float64)",tensor(9),1,2.464359,0.92160517,1,1,0,-2.910895,0.0516176,0,0,0,-2.7570274,0.059690997,0,0,0,-2.4328713,0.0807002,0,0,0,-1.5685406,0.17242454,0,0
tensor(17411),"tensor(21463., dtype=torch.float64)",tensor(9),1,2.94223,0.94989496,1,1,0,-3.3706453,0.033225574,0,0,0,-4.6196218,0.009760321,0,0,0,-3.0765884,0.044083357,0,0,0,-1.3270776,0.20964317,0,0
tensor(17433),"tensor(21107., dtype=torch.float64)",tensor(9),1,2.0935125,0.890271,1,1,0,-3.4821064,0.029825665,0,0,0,-2.0950906,0.1095749,0,0,0,-3.3077557,0.03530608,0,0,0,-0.64251846,0.34467748,0,0
tensor(17523),"tensor(10229., dtype=torch.float64)",tensor(9),1,-1.0357459,0.26197165,0,0,0,0.875569,0.7059032,1,1,0,-1.9580667,0.12367643,0,0,1,-0.5182621,0.37325874,0,0,0,1.1539593,0.76023334,1,1
tensor(17609),"tensor(19851., dtype=torch.float64)",tensor(9),1,1.7329361,0.84978765,1,1,0,-3.0335238,0.04593415,0,0,0,-5.201478,0.005478241,0,0,0,-1.9090647,0.12908597,0,0,0,0.39248043,0.59687966,1,0
tensor(17613),"tensor(424., dtype=torch.float64)",tensor(9),1,0.06871658,0.5171724,1,0,0,-1.8932652,0.13087262,0,0,0,1.0403506,0.7389176,1,1,0,-1.0758933,0.25428396,0,0,0,-1.0078543,0.26739997,0,0
tensor(17633),"tensor(21365., dtype=torch.float64)",tensor(9),0,1.0159752,0.7341879,1,1,0,-2.2930326,0.09170164,0,0,0,-1.1769805,0.23559555,0,0,1,-0.101696886,0.47459763,0,0,0,-1.2039999,0.23076442,0,0
tensor(17639),"tensor(1728., dtype=torch.float64)",tensor(9),0,-5.591411,0.0037159014,0,0,1,0.6966403,0.6674425,1,1,1,3.306586,0.9646541,1,1,1,0.7909735,0.6880403,1,1,1,1.2123574,0.77071583,1,1
tensor(17653),"tensor(2695., dtype=torch.float64)",tensor(9),0,-6.064857,0.0023177061,0,0,0,1.6070683,0.83300394,1,1,1,2.9202082,0.94883645,1,1,0,0.6397808,0.6547039,1,1,0,1.5848439,0.8298894,1,1
tensor(17677),"tensor(11797., dtype=torch.float64)",tensor(9),1,3.9711533,0.98149717,1,1,0,-6.7092633,0.0012180768,0,0,0,-5.4219294,0.004399175,0,0,0,-3.5321946,0.028409947,0,0,0,-1.3066045,0.2130556,0,0
tensor(17681),"tensor(18040., dtype=torch.float64)",tensor(9),0,0.39796728,0.5981992,1,0,1,-2.1207128,0.10709988,0,0,0,-6.1224723,0.0021882285,0,0,0,2.8009276,0.9427259,1,1,0,-2.9085426,0.051732883,0,0
tensor(17717),"tensor(4218., dtype=torch.float64)",tensor(9),1,5.4628253,0.99577636,1,1,0,-7.545554,0.0005281752,0,0,0,-6.327318,0.0017836322,0,0,0,-3.9924026,0.018120894,0,0,0,-3.4459312,0.030890433,0,0
tensor(17723),"tensor(5619., dtype=torch.float64)",tensor(9),1,3.7585979,0.9772149,1,1,0,-4.7034054,0.008982932,0,0,0,-6.4316874,0.0016071452,0,0,0,-4.1314244,0.01580614,0,0,0,-1.1952235,0.232326,0,0
tensor(17753),"tensor(2443., dtype=torch.float64)",tensor(9),1,4.208618,0.98535085,1,1,0,-3.0462987,0.045377534,0,0,0,-7.1455703,0.0007877275,0,0,0,-3.0787754,0.04399129,0,0,0,-4.06889,0.016808981,0,0
tensor(17777),"tensor(8213., dtype=torch.float64)",tensor(9),1,2.7213023,0.93827206,1,1,0,-3.4118984,0.031925675,0,0,0,-4.094024,0.016398609,0,0,0,-0.35625294,0.41186696,0,0,0,-3.4657288,0.03030324,0,0
tensor(17787),"tensor(2976., dtype=torch.float64)",tensor(9),0,-0.26244968,0.43476158,0,0,1,1.476491,0.814042,1,1,0,-5.038347,0.0064426824,0,0,0,-0.46148884,0.38663265,0,0,0,-1.2956725,0.21489424,0,0
tensor(17807),"tensor(5403., dtype=torch.float64)",tensor(9),1,0.8321021,0.6967992,1,1,0,0.27673253,0.568745,1,0,0,-3.264821,0.036797952,0,0,0,-1.5425057,0.1761713,0,0,0,-1.4255129,0.1937988,0,0
tensor(17819),"tensor(4076., dtype=torch.float64)",tensor(9),0,0.8014082,0.69027567,1,1,0,-2.2379217,0.096396424,0,0,1,-0.25283366,0.43712613,0,1,0,-0.78183,0.31392562,0,0,0,-0.7022406,0.33131564,0,0
tensor(17821),"tensor(2477., dtype=torch.float64)",tensor(9),1,5.3535676,0.995291,1,1,0,-6.0242705,0.0024134766,0,0,0,-7.27834,0.00068985444,0,0,0,-4.6952477,0.009055847,0,0,0,-3.2450519,0.037505098,0,0
tensor(17823),"tensor(5136., dtype=torch.float64)",tensor(9),0,-3.8041317,0.021793015,0,0,1,0.33566684,0.5831376,1,1,1,-0.06555735,0.48361656,0,1,1,3.0641184,0.9553881,1,1,1,0.095966995,0.52397335,1,0
tensor(17863),"tensor(1519., dtype=torch.float64)",tensor(9),1,1.5777373,0.8288839,1,1,0,-0.8419859,0.3011167,0,0,0,-2.1795712,0.101600066,0,0,0,-2.35671,0.086533904,0,0,0,-1.7358956,0.14983502,0,0
tensor(17871),"tensor(4093., dtype=torch.float64)",tensor(9),1,3.2128913,0.9613166,1,1,0,-3.0879636,0.043606486,0,0,0,-5.2435937,0.0052534984,0,0,0,-3.3846247,0.03277945,0,0,0,-1.5667651,0.17267804,0,0
tensor(17873),"tensor(2042., dtype=torch.float64)",tensor(9),0,-1.7740145,0.1450438,0,0,0,-1.4094743,0.196317,0,0,0,-2.7215426,0.06171408,0,0,1,3.698968,0.9758487,1,1,0,-0.2585465,0.43572104,0,0
tensor(17883),"tensor(830., dtype=torch.float64)",tensor(9),1,5.1391187,0.9941713,1,1,0,-5.787061,0.0030576047,0,0,0,-5.666695,0.0034473534,0,0,0,-3.9923854,0.0181212,0,0,0,-4.2791076,0.013665683,0,0
tensor(17905),"tensor(19051., dtype=torch.float64)",tensor(9),0,-1.2420645,0.22407682,0,0,0,-1.5602387,0.17361239,0,0,1,-0.4670025,0.38532597,0,0,0,2.1540177,0.8960436,1,1,0,-0.65626925,0.3415782,0,0
tensor(17939),"tensor(12781., dtype=torch.float64)",tensor(9),0,-6.270078,0.0018885075,0,0,1,3.1938045,0.9606005,1,1,0,-2.3114254,0.09018112,0,0,1,4.692988,0.9909238,1,1,0,-0.10985035,0.472565,0,0
tensor(17949),"tensor(9108., dtype=torch.float64)",tensor(9),0,-1.6817162,0.15686835,0,0,0,-2.5567245,0.07197602,0,0,1,2.4982097,0.9240162,1,1,0,-2.5126996,0.07497267,0,0,0,1.2330953,0.7743599,1,1
tensor(17953),"tensor(3485., dtype=torch.float64)",tensor(9),0,-2.1867592,0.10094584,0,0,0,-1.1802747,0.23500282,0,0,0,-0.9768649,0.2735143,0,0,1,3.3023262,0.9645085,1,1,0,-0.7126155,0.3290212,0,0
tensor(17957),"tensor(16563., dtype=torch.float64)",tensor(9),1,4.35043,0.987263,1,1,0,-5.9131713,0.0026963097,0,0,0,-6.00738,0.0024544871,0,0,0,-4.0376515,0.017333113,0,0,0,-1.9095912,0.12902679,0,0
tensor(17961),"tensor(7758., dtype=torch.float64)",tensor(9),0,-3.603196,0.026514376,0,0,1,1.7004321,0.8455912,1,1,0,1.0501273,0.74079937,1,1,1,0.4791938,0.61755747,1,1,0,1.2862198,0.7835067,1,1
tensor(17979),"tensor(19775., dtype=torch.float64)",tensor(9),1,4.0351124,0.9826235,1,1,0,-5.2743907,0.0050949845,0,0,0,-6.3333735,0.0017728835,0,0,0,-4.058823,0.016976163,0,0,0,-1.4268606,0.19358833,0,0
tensor(18003),"tensor(16391., dtype=torch.float64)",tensor(9),0,0.8103,0.6921735,1,1,0,-2.4412687,0.080079414,0,0,0,-6.717917,0.001207594,0,0,1,2.5934978,0.930442,1,1,0,-3.6996107,0.024136188,0,0
tensor(18029),"tensor(7206., dtype=torch.float64)",tensor(9),0,-4.758575,0.00850487,0,0,0,0.27089596,0.56731284,1,0,1,3.2825787,0.9638263,1,1,0,-1.7627437,0.14644706,0,0,1,1.4922649,0.81641793,1,1
tensor(18037),"tensor(500., dtype=torch.float64)",tensor(9),0,-3.7763922,0.02239228,0,0,0,-1.1797922,0.23508957,0,0,0,-1.9132314,0.12861826,0,0,1,4.2755923,0.9862868,1,1,1,-0.6755017,0.33726603,0,0
tensor(18059),"tensor(993., dtype=torch.float64)",tensor(9),0,2.3056576,0.90934455,1,1,0,-3.4074244,0.032064237,0,0,1,-2.2406328,0.09616052,0,0,0,-1.7794602,0.1443698,0,0,0,-1.4580771,0.1887616,0,0
tensor(18073),"tensor(19957., dtype=torch.float64)",tensor(9),1,3.1833158,0.96020156,1,1,0,-5.101298,0.0060519893,0,0,0,-3.597459,0.026662853,0,0,0,-3.175928,0.04008171,0,0,0,-1.2837127,0.2169189,0,0
tensor(18119),"tensor(17223., dtype=torch.float64)",tensor(9),0,-2.0697622,0.11207071,0,0,0,-2.5925272,0.069620915,0,0,1,2.8806684,0.9468825,1,1,0,-2.9000802,0.052149598,0,0,0,1.2069296,0.76975524,1,1
tensor(18137),"tensor(4638., dtype=torch.float64)",tensor(9),0,-1.0273106,0.26360583,0,0,1,2.176003,0.8980738,1,1,0,-2.1058037,0.108534016,0,0,1,-1.0983329,0.2500524,0,0,0,-2.028949,0.116196804,0,0
tensor(18141),"tensor(3766., dtype=torch.float64)",tensor(9),0,3.8260286,0.9786689,1,1,0,-4.8658895,0.007646059,0,0,0,-4.1604905,0.015360285,0,0,0,-1.9981847,0.11939365,0,0,1,-3.4540138,0.030649384,0,0
tensor(18171),"tensor(5229., dtype=torch.float64)",tensor(9),1,1.9161761,0.87171143,1,1,0,-3.0540643,0.045042332,0,0,0,-1.7184834,0.15206662,0,0,0,-2.2169726,0.098236665,0,0,0,-0.77215683,0.31601274,0,0
tensor(18183),"tensor(4388., dtype=torch.float64)",tensor(9),1,2.452483,0.9207428,1,1,0,-2.471337,0.077892154,0,0,0,-2.5092847,0.07520985,0,0,0,-1.9908991,0.12016178,0,0,0,-2.6276388,0.067380674,0,0
tensor(18201),"tensor(7590., dtype=torch.float64)",tensor(9),1,2.3549838,0.9133296,1,1,0,-2.693688,0.06334685,0,0,0,-5.2369885,0.0052881297,0,0,0,-0.15830451,0.46050626,0,0,0,-3.3924186,0.032533243,0,0
tensor(18203),"tensor(14335., dtype=torch.float64)",tensor(9),0,-4.5923285,0.010027673,0,0,1,4.2981405,0.98658854,1,1,0,0.2275413,0.55664116,1,1,0,-1.7354851,0.14988732,0,0,0,0.22550757,0.55613923,1,0
tensor(18235),"tensor(5366., dtype=torch.float64)",tensor(9),0,-0.64500606,0.34411576,0,0,0,-3.8217163,0.021421283,0,0,1,2.1101305,0.8918839,1,1,0,-4.3630576,0.012579125,0,0,0,-1.1747231,0.23600231,0,0
tensor(18261),"tensor(2721., dtype=torch.float64)",tensor(9),0,-3.462148,0.03040864,0,0,0,-1.4001666,0.19778967,0,0,1,3.4997804,0.9706815,1,1,0,-2.4482584,0.079566,0,0,0,0.8506983,0.7007136,1,0
tensor(18273),"tensor(5833., dtype=torch.float64)",tensor(9),0,-4.9017854,0.0073784534,0,0,0,-2.1272655,0.10647488,0,0,1,4.497885,0.98899007,1,1,0,-2.4833727,0.07703207,0,0,0,3.2087874,0.9611636,1,1
tensor(18277),"tensor(3802., dtype=torch.float64)",tensor(9),0,-3.677522,0.024661962,0,0,1,2.6867297,0.936239,1,1,0,0.25790912,0.56412226,1,1,0,0.8314746,0.69666666,1,1,0,-0.0449883,0.48875484,0,0
tensor(18289),"tensor(7597., dtype=torch.float64)",tensor(9),1,3.7481098,0.9769802,1,1,0,-5.2560444,0.005188832,0,0,0,-4.9423327,0.0070873396,0,0,0,-4.6053586,0.009899143,0,0,0,-1.3497965,0.20590363,0,0
tensor(18293),"tensor(500., dtype=torch.float64)",tensor(9),0,-2.6948345,0.063278854,0,0,0,-1.4193318,0.19476636,0,0,0,-1.8845527,0.13186681,0,0,1,3.1543596,0.95908016,1,1,1,-1.0021486,0.2685192,0,0
tensor(18297),"tensor(21759., dtype=torch.float64)",tensor(9),0,-2.3153183,0.08986222,0,0,0,-2.127151,0.106485754,0,0,1,2.9526954,0.95039076,1,1,0,-3.7444153,0.023103077,0,0,0,0.51212305,0.6253041,1,0
tensor(18343),"tensor(4659., dtype=torch.float64)",tensor(9),0,-3.342827,0.034130838,0,0,1,0.6966969,0.667455,1,1,1,1.8513702,0.8642879,1,1,0,0.2098298,0.5522658,1,1,1,1.0172044,0.7344277,1,0
tensor(18377),"tensor(7295., dtype=torch.float64)",tensor(9),1,1.601476,0.83222455,1,1,0,-2.9764926,0.048499227,0,0,0,-0.7042858,0.3308627,0,0,0,-2.898426,0.052231424,0,0,0,-1.0864047,0.2522959,0,0
tensor(18383),"tensor(15090., dtype=torch.float64)",tensor(9),0,-2.8937552,0.052463125,0,0,1,1.6016552,0.8322496,1,1,0,1.0792632,0.7463546,1,1,0,-0.70978934,0.3296454,0,0,0,0.506081,0.6238873,1,0
tensor(18393),"tensor(12178., dtype=torch.float64)",tensor(9),1,1.5657449,0.8271762,1,1,0,-1.2656789,0.21999785,0,0,0,-1.668131,0.15867352,0,0,0,-2.9000607,0.052150566,0,0,0,-2.1821156,0.101368055,0,0
tensor(18397),"tensor(1495., dtype=torch.float64)",tensor(9),0,-3.9484274,0.01892013,0,0,0,-0.8043014,0.30910617,0,0,1,2.561915,0.9283699,1,1,1,2.3363736,0.9118451,1,1,1,-0.34814832,0.4138315,0,0
tensor(18401),"tensor(451., dtype=torch.float64)",tensor(9),0,-0.5062079,0.37608293,0,0,1,0.21113124,0.5525876,1,0,0,0.5157423,0.6261516,1,1,0,-0.47587162,0.38322747,0,0,0,-0.71005255,0.32958722,0,0
tensor(18405),"tensor(5452., dtype=torch.float64)",tensor(9),0,1.3184283,0.7889201,1,1,0,-2.9032297,0.05199414,0,0,0,-3.9448297,0.018987028,0,0,1,1.4673883,0.8126601,1,1,0,-3.1000693,0.043104395,0,0
tensor(18417),"tensor(9143., dtype=torch.float64)",tensor(9),0,-5.4151044,0.0044291685,0,0,0,0.8232559,0.6949271,1,1,0,-3.1992233,0.039194964,0,0,1,5.5614505,0.99617153,1,1,1,1.1102724,0.75217986,1,0
tensor(18431),"tensor(16258., dtype=torch.float64)",tensor(9),0,-2.6230366,0.06767046,0,0,1,1.2505964,0.77740306,1,1,0,0.93457466,0.71800244,1,1,0,-3.4513533,0.030728525,0,0,0,-0.56213415,0.3630538,0,0
tensor(18463),"tensor(11061., dtype=torch.float64)",tensor(9),0,-0.56684583,0.36196494,0,0,1,1.8603444,0.8653371,1,1,0,-2.0169985,0.11742972,0,0,0,-2.0703146,0.11201574,0,0,0,-1.5926737,0.16900806,0,0
tensor(18477),"tensor(14969., dtype=torch.float64)",tensor(9),0,1.4774954,0.81419396,1,1,0,-1.4655526,0.18761955,0,0,0,-1.9012909,0.12996244,0,0,1,-0.48095793,0.38202593,0,0,0,-3.2042174,0.03900732,0,0
tensor(18521),"tensor(18988., dtype=torch.float64)",tensor(9),0,-3.5276883,0.028534597,0,0,0,-0.31243354,0.42252085,0,0,1,2.9130027,0.94848555,1,1,0,-2.0032003,0.11886733,0,0,0,0.7055825,0.66942436,1,0
tensor(18523),"tensor(8513., dtype=torch.float64)",tensor(9),0,1.7686892,0.8542946,1,1,0,-2.8961246,0.05234547,0,0,0,-4.7685494,0.008421172,0,0,1,0.22702807,0.5565145,1,1,0,-1.7351689,0.14992763,0,0
tensor(18525),"tensor(9251., dtype=torch.float64)",tensor(9),0,-7.0931253,0.00083010714,0,0,1,3.0414753,0.954413,1,1,1,1.8287362,0.8616111,1,1,1,1.9987501,0.88066584,1,1,0,1.6724344,0.84190017,1,1
tensor(18537),"tensor(21486., dtype=torch.float64)",tensor(9),0,1.997031,0.880485,1,1,0,-2.367781,0.08566279,0,0,1,-0.8814584,0.29287565,0,0,0,-1.8601093,0.13469031,0,0,0,-3.6532092,0.025253585,0,0
tensor(18549),"tensor(16527., dtype=torch.float64)",tensor(9),0,3.531615,0.971574,1,1,0,-3.8851974,0.020130223,0,0,0,-3.772723,0.022472745,0,0,1,-2.942528,0.05009085,0,0,0,-2.9171085,0.05131428,0,0
tensor(18597),"tensor(15210., dtype=torch.float64)",tensor(9),1,1.9456031,0.87496644,1,1,0,-3.2709787,0.03658032,0,0,0,-0.14514199,0.46377808,0,1,0,-2.4588299,0.07879523,0,0,0,-3.3814955,0.03287881,0,0
tensor(18605),"tensor(9096., dtype=torch.float64)",tensor(9),1,2.4210775,0.91842055,1,1,0,-3.6857803,0.024464099,0,0,0,-4.4455037,0.01159517,0,0,0,-1.984269,0.12086448,0,0,0,-0.7743582,0.3155371,0,0
tensor(18609),"tensor(2919., dtype=torch.float64)",tensor(9),1,5.5971003,0.9963051,1,1,0,-6.9876328,0.0009223778,0,0,0,-7.278292,0.0006898873,0,0,0,-3.6556175,0.025194371,0,0,0,-3.7322297,0.023379702,0,0
tensor(18611),"tensor(21792., dtype=torch.float64)",tensor(9),0,-5.8158712,0.0029710296,0,0,0,-2.0966003,0.10942768,0,0,0,-2.7231476,0.061621204,0,0,1,6.5032663,0.9985037,1,1,0,1.360947,0.79591364,1,1
tensor(18613),"tensor(3431., dtype=torch.float64)",tensor(9),1,3.0953667,0.9567012,1,1,0,-3.4263265,0.03148275,0,0,0,-4.5753508,0.010197623,0,0,0,-3.0919986,0.043438513,0,0,0,-1.6887779,0.15593661,0,0
tensor(18625),"tensor(16153., dtype=torch.float64)",tensor(9),0,3.1766853,0.9599474,1,1,1,-3.951411,0.018864827,0,0,0,-4.419542,0.011896516,0,0,0,-2.954935,0.049503785,0,0,0,-1.4093839,0.19633125,0,0
tensor(18641),"tensor(3341., dtype=torch.float64)",tensor(9),1,0.6565239,0.65847915,1,1,0,-2.3996851,0.08319671,0,0,0,-5.510374,0.004028301,0,0,0,2.3395753,0.91210204,1,1,0,-2.2957845,0.09147269,0,0
tensor(18709),"tensor(20133., dtype=torch.float64)",tensor(9),0,0.076874524,0.5192092,1,0,0,-2.8274186,0.05586039,0,0,1,0.91772854,0.71457905,1,1,0,-0.64380425,0.34438708,0,0,0,-1.0662236,0.25612193,0,0
tensor(18711),"tensor(8638., dtype=torch.float64)",tensor(9),0,-5.289519,0.0050188703,0,0,1,2.5742223,0.92918396,1,1,1,1.8803381,0.86765,1,1,1,-0.775863,0.3152122,0,0,1,1.7727896,0.8548043,1,1
tensor(18753),"tensor(13340., dtype=torch.float64)",tensor(9),1,6.356696,0.9982679,1,1,0,-6.6584787,0.0012814526,0,0,0,-7.670981,0.0004659431,0,0,0,-4.3557615,0.012670073,0,0,0,-5.630252,0.003574846,0,0
tensor(18811),"tensor(10036., dtype=torch.float64)",tensor(9),0,-3.5702026,0.027379416,0,0,0,1.1976652,0.7681092,1,1,1,1.8136212,0.85979897,1,1,0,-0.51231676,0.3746506,0,0,0,-0.23272826,0.44207913,0,0
tensor(18851),"tensor(15223., dtype=torch.float64)",tensor(9),0,-0.8798916,0.29320025,0,0,0,1.6772267,0.842537,1,1,1,-0.92589754,0.28375775,0,0,0,-1.8674355,0.13383874,0,0,0,-0.7348655,0.32412794,0,0
tensor(18855),"tensor(15223., dtype=torch.float64)",tensor(9),1,2.2656412,0.9059912,1,1,0,-2.7936537,0.057668082,0,0,0,-5.7318377,0.0032306444,0,0,0,-2.5654378,0.07139618,0,0,0,-0.28137663,0.4301163,0,0
tensor(18871),"tensor(20111., dtype=torch.float64)",tensor(9),0,-2.4996796,0.075880654,0,0,1,-2.147344,0.10457967,0,0,0,-3.7973492,0.021938076,0,0,1,4.917849,0.9927383,1,1,0,-0.36047933,0.41084355,0,0
tensor(18895),"tensor(21740., dtype=torch.float64)",tensor(9),0,-5.123135,0.005922037,0,0,1,4.886154,0.9925062,1,1,0,-0.13671634,0.46587405,0,1,0,-1.1206954,0.24588233,0,0,0,-0.67885613,0.33651668,0,0
tensor(18913),"tensor(18566., dtype=torch.float64)",tensor(9),1,2.9532363,0.9504162,1,1,0,-2.646901,0.06618028,0,0,0,-3.1847997,0.039741766,0,0,0,-4.174069,0.015156266,0,0,0,-2.7593057,0.05956325,0,0
tensor(18927),"tensor(15223., dtype=torch.float64)",tensor(9),1,1.4361298,0.8078546,1,1,0,0.25276297,0.5628565,1,0,0,-6.606693,0.0013494702,0,0,0,-2.0627732,0.11276808,0,0,0,-2.7693868,0.05900106,0,0
tensor(18945),"tensor(19995., dtype=torch.float64)",tensor(9),0,0.905785,0.71213686,1,1,0,-1.2990994,0.21431662,0,0,1,-1.0609303,0.25713173,0,0,0,-0.17870286,0.45544282,0,0,0,-0.923526,0.28424,0,0
tensor(18969),"tensor(9626., dtype=torch.float64)",tensor(9),1,4.076518,0.9833166,1,1,0,-4.503153,0.010952735,0,0,0,-4.008573,0.017835412,0,0,0,-3.895335,0.01993123,0,0,0,-3.7912536,0.022069251,0,0
tensor(18975),"tensor(20676., dtype=torch.float64)",tensor(9),1,1.514471,0.8197229,1,1,0,-1.2216214,0.22765125,0,0,0,-2.640198,0.06659573,0,0,0,-0.88161755,0.2928427,0,0,0,-2.3099856,0.09029932,0,0
tensor(19013),"tensor(18558., dtype=torch.float64)",tensor(9),0,-3.5665982,0.027475564,0,0,0,1.3899217,0.8005797,1,1,1,1.751988,0.8522034,1,1,0,-1.7458037,0.14857726,0,0,0,0.9151511,0.7140531,1,0
tensor(19025),"tensor(16024., dtype=torch.float64)",tensor(9),1,2.863184,0.94599617,1,1,0,-2.0118053,0.11796901,0,0,0,-4.0267825,0.017519215,0,0,0,-3.5078845,0.029088724,0,0,0,-3.2015338,0.03910805,0,0
tensor(19073),"tensor(10036., dtype=torch.float64)",tensor(9),0,-1.3542104,0.20518288,0,0,0,-0.29462913,0.42687094,0,0,1,1.2876498,0.7837491,1,1,0,-1.5278807,0.17830397,0,0,0,-1.8038992,0.14137709,0,0
tensor(19113),"tensor(8820., dtype=torch.float64)",tensor(9),0,-4.737901,0.008680986,0,0,1,2.0165594,0.8825248,1,1,0,-0.10718354,0.4732297,0,1,1,3.0784197,0.9559938,1,1,0,-0.2201901,0.44517383,0,0
tensor(19161),"tensor(10396., dtype=torch.float64)",tensor(9),0,-4.6549525,0.009424695,0,0,0,-1.9097703,0.12900665,0,0,0,-2.391599,0.08381557,0,0,1,5.4037013,0.99552023,1,1,0,0.0051826052,0.5012956,1,0
tensor(19165),"tensor(17718., dtype=torch.float64)",tensor(9),1,7.4453683,0.99941623,1,1,0,-9.200714,0.000100957084,0,0,0,-8.898841,0.00013652847,0,0,0,-4.9916005,0.0067489226,0,0,0,-5.7630305,0.003131738,0,0
tensor(19169),"tensor(13137., dtype=torch.float64)",tensor(9),1,4.0119095,0.9822229,1,1,0,-5.774218,0.0030970047,0,0,0,-5.861086,0.0028400603,0,0,0,-5.5572066,0.0038447035,0,0,0,-1.0421681,0.2607319,0,0
tensor(19195),"tensor(17840., dtype=torch.float64)",tensor(9),1,1.4341266,0.80754346,1,1,0,-0.43348664,0.39329404,0,0,0,-7.0571303,0.0008605049,0,0,0,-2.0660315,0.1124425,0,0,0,-1.2268689,0.22672991,0,0
tensor(19201),"tensor(14414., dtype=torch.float64)",tensor(9),0,-3.5750525,0.027250562,0,0,1,1.5511029,0.825073,1,1,1,1.737222,0.85033387,1,1,0,-2.1378586,0.105471246,0,0,0,-0.023765195,0.494059,0,0
tensor(19205),"tensor(12709., dtype=torch.float64)",tensor(9),1,0.9629003,0.72370213,1,1,0,-0.5008175,0.37734857,0,0,0,-2.0173023,0.11739823,0,0,0,-0.2853197,0.42915004,0,0,0,-1.9201113,0.12784916,0,0
tensor(19283),"tensor(10147., dtype=torch.float64)",tensor(9),1,1.4841683,0.8152014,1,1,0,-2.5340855,0.073502935,0,0,0,-1.2434969,0.22382791,0,0,0,-0.9903987,0.27083334,0,0,0,-1.731745,0.15036452,0,0
tensor(19289),"tensor(21104., dtype=torch.float64)",tensor(9),1,3.0581186,0.95513177,1,1,0,-2.2496836,0.09537676,0,0,0,-4.7191367,0.008843965,0,0,0,-2.7251863,0.06150342,0,0,0,-3.4671931,0.030260239,0,0
tensor(19309),"tensor(10780., dtype=torch.float64)",tensor(9),0,-5.737019,0.0032140026,0,0,1,-0.011655189,0.4970862,0,0,0,4.015848,0.9822916,1,1,0,-3.4110928,0.03195058,0,0,0,2.6695302,0.93520457,1,1
tensor(19313),"tensor(12980., dtype=torch.float64)",tensor(9),1,3.013046,0.95316005,1,1,0,-2.1640286,0.10302756,0,0,0,-4.352698,0.012708455,0,0,0,-3.5010998,0.029280953,0,0,0,-2.514144,0.07487257,0,0
tensor(19319),"tensor(21060., dtype=torch.float64)",tensor(9),0,2.6311545,0.93283993,1,1,0,-2.9097042,0.051675927,0,0,0,-3.6448278,0.025460722,0,0,0,-3.1092672,0.042726606,0,0,1,-1.2586149,0.22121243,0,0
tensor(19321),"tensor(9434., dtype=torch.float64)",tensor(9),0,-2.799976,0.057325467,0,0,1,3.160348,0.9593145,1,1,0,-0.39158848,0.403335,0,1,0,-0.8339303,0.30281466,0,0,0,-0.8828776,0.29258183,0,0
tensor(19343),"tensor(20644., dtype=torch.float64)",tensor(9),0,1.6217349,0.83503425,1,1,1,0.12546536,0.5313253,1,0,0,-4.2506495,0.014054623,0,0,0,-3.2194242,0.038441263,0,0,0,-4.0154576,0.01771521,0,0
tensor(19355),"tensor(20536., dtype=torch.float64)",tensor(9),0,2.2891116,0.9079712,1,1,0,-4.82019,0.008000727,0,0,0,-4.476785,0.011242085,0,0,0,0.0798325,0.5199475,1,1,1,-1.960749,0.12338601,0,0
tensor(19357),"tensor(17064., dtype=torch.float64)",tensor(9),1,2.9313323,0.9493738,1,1,0,-3.3632548,0.03346379,0,0,0,-2.7762182,0.058622915,0,0,0,-3.2604384,0.036953602,0,0,0,-2.5206742,0.07442149,0,0
tensor(19361),"tensor(16357., dtype=torch.float64)",tensor(9),1,3.9623682,0.9813369,1,1,0,-6.232939,0.0019598242,0,0,0,-5.913283,0.0026960094,0,0,0,-4.0970535,0.01634982,0,0,0,-1.0147041,0.26606026,0,0
tensor(19367),"tensor(11221., dtype=torch.float64)",tensor(9),1,3.4902918,0.9704103,1,1,0,-4.627037,0.009688911,0,0,0,-2.923559,0.05100117,0,0,0,-4.428184,0.011795355,0,0,0,-2.746254,0.06029856,0,0
tensor(19399),"tensor(14833., dtype=torch.float64)",tensor(9),0,2.0710976,0.8880621,1,1,0,-3.9013774,0.019813538,0,0,0,-0.53532696,0.36927536,0,0,0,-3.1225507,0.042186588,0,0,1,-2.1920583,0.10046592,0,0
tensor(19545),"tensor(21457., dtype=torch.float64)",tensor(9),0,-4.4442873,0.011609119,0,0,1,2.815745,0.9435207,1,1,0,-2.3178875,0.089652315,0,0,0,2.5724874,0.92906976,1,1,0,-1.4714507,0.18672222,0,0
tensor(19553),"tensor(13739., dtype=torch.float64)",tensor(9),1,4.458395,0.9885516,1,1,0,-6.7538576,0.0011650126,0,0,0,-6.224917,0.0019755776,0,0,0,-4.7515326,0.008564462,0,0,0,-1.4769543,0.18588789,0,0
tensor(19599),"tensor(11586., dtype=torch.float64)",tensor(9),0,-2.6923158,0.06342831,0,0,0,-1.7752767,0.14488736,0,0,1,3.1449487,0.95870924,1,1,0,-4.3254156,0.013055353,0,0,0,-0.4424936,0.39114696,0,0
tensor(19649),"tensor(16633., dtype=torch.float64)",tensor(9),1,4.1926904,0.98511916,1,1,0,-3.4301755,0.031365596,0,0,0,-7.01546,0.00089708716,0,0,0,-2.9662735,0.04897299,0,0,0,-3.4200008,0.031676203,0,0
tensor(19663),"tensor(8070., dtype=torch.float64)",tensor(9),0,-1.8859813,0.13170335,0,0,1,2.3729668,0.9147425,1,1,0,-0.44079393,0.3915518,0,0,0,-1.4707925,0.18682218,0,0,0,-0.92288125,0.28437117,0,0
tensor(19665),"tensor(20455., dtype=torch.float64)",tensor(9),0,-2.6420577,0.06648022,0,0,0,-2.4736717,0.07772463,0,0,1,3.4215648,0.9683717,1,1,0,-2.6388698,0.06667834,0,0,0,0.9575615,0.7226333,1,0
tensor(19711),"tensor(9513., dtype=torch.float64)",tensor(9),0,-5.4585843,0.0042415145,0,0,0,0.110346265,0.5275586,1,0,0,-1.1591861,0.23881522,0,0,1,5.2902827,0.994985,1,1,0,0.8795229,0.70672333,1,0
tensor(19719),"tensor(17715., dtype=torch.float64)",tensor(9),0,-4.5896897,0.010053902,0,0,0,-0.11655805,0.47089338,0,0,1,3.5464358,0.9719805,1,1,0,-3.471115,0.030145362,0,0,0,1.0000925,0.7310768,1,0
tensor(19737),"tensor(14414., dtype=torch.float64)",tensor(9),0,-1.35056,0.20577884,0,0,1,-0.2938756,0.4270553,0,0,0,1.5089029,0.8188986,1,1,0,-1.9810894,0.12120276,0,0,1,-0.8907701,0.29095095,0,0
tensor(19785),"tensor(17428., dtype=torch.float64)",tensor(9),0,0.605958,0.6470182,1,1,1,-0.6271919,0.34814754,0,0,0,-0.0106914565,0.49732715,0,1,0,-0.8251869,0.30466372,0,0,0,-1.2552588,0.22179115,0,0
tensor(19795),"tensor(17621., dtype=torch.float64)",tensor(9),1,4.5902867,0.989952,1,1,0,-5.191837,0.005531019,0,0,0,-5.2814784,0.0050591817,0,0,0,-4.0873246,0.016507022,0,0,0,-3.4905417,0.02958255,0,0
tensor(19811),"tensor(8036., dtype=torch.float64)",tensor(9),0,-4.067203,0.016836885,0,0,1,2.406387,0.9173131,1,1,0,1.4525003,0.81038296,1,1,0,-1.9462485,0.12496299,0,0,0,-0.7047997,0.33074895,0,0
tensor(19855),"tensor(10599., dtype=torch.float64)",tensor(9),1,2.4583726,0.92117155,1,1,0,-4.5477967,0.010479529,0,0,0,-4.9709744,0.0068886033,0,0,0,-0.25133476,0.437495,0,0,0,-1.8238194,0.13897622,0,0
tensor(19859),"tensor(15817., dtype=torch.float64)",tensor(9),0,-5.9769044,0.0025302481,0,0,1,3.654832,0.9747864,1,1,0,0.9134476,0.7137051,1,1,1,-0.13793999,0.46556956,0,0,0,2.373418,0.91477776,1,1
tensor(19953),"tensor(18220., dtype=torch.float64)",tensor(9),0,1.7815306,0.85588574,1,1,0,-2.8483884,0.054764677,0,0,0,-4.505037,0.010932346,0,0,1,-1.7456183,0.14860071,0,0,0,-0.022657204,0.49433595,0,0
tensor(20089),"tensor(20671., dtype=torch.float64)",tensor(9),1,4.138451,0.98430276,1,1,0,-3.2666728,0.036732372,0,0,0,-6.2456784,0.0019350629,0,0,0,-4.0792084,0.016639303,0,0,0,-3.923645,0.019385671,0,0
tensor(20105),"tensor(15413., dtype=torch.float64)",tensor(9),0,1.2539048,0.7779751,1,1,0,-0.46110895,0.38672277,0,0,0,-3.8293762,0.0212613,0,0,1,-0.7958351,0.31091714,0,0,0,-1.9153886,0.12837668,0,0
tensor(20111),"tensor(19251., dtype=torch.float64)",tensor(9),1,1.7461576,0.85146743,1,1,0,-3.5037992,0.029204324,0,0,0,-4.6056495,0.009896292,0,0,0,-0.38587528,0.40471068,0,0,0,-0.7638238,0.31781664,0,0
tensor(20131),"tensor(8941., dtype=torch.float64)",tensor(9),1,1.4284155,0.80665433,1,1,0,-2.1267276,0.106526054,0,0,0,-2.2594116,0.09454072,0,0,0,-2.22289,0.097713724,0,0,0,-0.10290857,0.47429553,0,0
tensor(20137),"tensor(10061., dtype=torch.float64)",tensor(9),0,-5.869538,0.0028162245,0,0,1,1.5705903,0.8278677,1,1,1,1.2579093,0.778666,1,1,1,2.6699328,0.93522894,1,1,1,1.8299621,0.86175716,1,1
tensor(20143),"tensor(21455., dtype=torch.float64)",tensor(9),1,2.0158317,0.88244927,1,1,0,-3.524874,0.028612718,0,0,0,-5.267409,0.0051304977,0,0,0,1.0106503,0.7331474,1,1,0,-3.3719156,0.033184793,0,0
tensor(20151),"tensor(12750., dtype=torch.float64)",tensor(9),1,3.1053145,0.9571114,1,1,0,-7.1881347,0.0007549267,0,0,0,-6.133126,0.0021650903,0,0,0,-3.743558,0.023122435,0,0,0,0.27467802,0.568241,1,0
tensor(20199),"tensor(9113., dtype=torch.float64)",tensor(9),1,2.299153,0.90880686,1,1,0,-2.6484122,0.06608694,0,0,0,-5.5648456,0.0038155578,0,0,0,-0.7193937,0.3275265,0,0,0,-2.3586462,0.08638097,0,0
tensor(20243),"tensor(16587., dtype=torch.float64)",tensor(9),0,-5.7366734,0.0032151104,0,0,0,-2.1650665,0.102931686,0,0,0,-3.211786,0.038724598,0,0,1,6.28253,0.99813473,1,1,0,1.7617377,0.8534272,1,1
tensor(20245),"tensor(12917., dtype=torch.float64)",tensor(9),0,-3.9835985,0.018278208,0,0,0,-1.3680305,0.20293821,0,0,0,-1.9230402,0.12752295,0,0,1,4.494004,0.98894775,1,1,0,-0.5408286,0.36799484,0,0
tensor(20247),"tensor(19945., dtype=torch.float64)",tensor(9),0,0.2759,0.56854075,1,0,1,-0.5360072,0.3691169,0,0,0,0.1645971,0.54105663,1,1,0,-1.0751169,0.25443122,0,0,0,-0.4752625,0.38337144,0,0
tensor(20259),"tensor(18034., dtype=torch.float64)",tensor(9),1,2.6503801,0.9340344,1,1,0,-5.4471874,0.0042899223,0,0,0,-2.9477432,0.049843285,0,0,0,-2.5210867,0.07439308,0,0,0,-0.8670812,0.29586202,0,0
tensor(20267),"tensor(9897., dtype=torch.float64)",tensor(9),1,0.1624791,0.5405306,1,0,0,-1.8970828,0.130439,0,0,0,-4.258269,0.0139494315,0,0,0,2.607322,0.9313313,1,1,0,-2.5178916,0.07461339,0,0
tensor(20279),"tensor(21605., dtype=torch.float64)",tensor(9),0,0.9047217,0.71191883,1,1,0,-1.9985273,0.11935763,0,0,1,-0.60085285,0.3541486,0,0,0,-2.864529,0.053935137,0,0,0,-0.17936936,0.4552775,0,0
tensor(20295),"tensor(17972., dtype=torch.float64)",tensor(9),0,-6.7659106,0.0011510712,0,0,0,-0.027885608,0.4930291,0,0,1,2.1697114,0.8974964,1,1,1,3.7387314,0.97676826,1,1,1,2.4400637,0.91983175,1,1
tensor(20351),"tensor(8402., dtype=torch.float64)",tensor(9),1,1.0768397,0.74589545,1,1,0,0.47304308,0.61610377,1,1,0,-5.096723,0.006079571,0,0,0,-1.2515194,0.22243723,0,0,0,-3.3070602,0.035329774,0,0
tensor(20355),"tensor(11738., dtype=torch.float64)",tensor(9),1,4.405236,0.9879341,1,1,0,-3.9172819,0.019507006,0,0,0,-7.6219473,0.0004893479,0,0,0,-3.0060608,0.047152814,0,0,0,-3.373956,0.033119395,0,0
tensor(20393),"tensor(8850., dtype=torch.float64)",tensor(9),1,1.4018929,0.8024841,1,1,0,-0.15350932,0.46169788,0,0,0,-3.2545245,0.037164647,0,0,0,-1.9517066,0.124367386,0,0,0,-2.4812098,0.07718599,0,0
tensor(20403),"tensor(21545., dtype=torch.float64)",tensor(9),0,0.41639388,0.60262,1,0,0,-3.4697826,0.030184345,0,0,1,0.8686188,0.7044582,1,1,0,-2.5892134,0.069835864,0,0,0,0.23341702,0.55809075,1,0
tensor(20451),"tensor(14069., dtype=torch.float64)",tensor(9),0,-7.4811625,0.0005632844,0,0,1,5.5044603,0.9959479,1,1,1,1.2360086,0.7748684,1,1,0,-1.0697262,0.25545517,0,0,0,1.2921969,0.78451884,1,1
tensor(20499),"tensor(8174., dtype=torch.float64)",tensor(9),0,-4.3141537,0.013201262,0,0,0,2.3813682,0.91539544,1,1,1,1.3405545,0.79258114,1,1,0,-4.1555877,0.015434613,0,0,0,-0.8110103,0.30767524,0,0
tensor(20551),"tensor(18497., dtype=torch.float64)",tensor(9),0,-3.4104257,0.03197122,0,0,1,0.19588158,0.5488144,1,0,1,2.6358685,0.9331347,1,1,0,-2.5943418,0.06950347,0,0,0,-0.3406545,0.4156505,0,0
tensor(20561),"tensor(20449., dtype=torch.float64)",tensor(9),0,-7.002185,0.00090906466,0,0,1,2.8256333,0.94404536,1,1,0,1.5309565,0.82214624,1,1,1,2.9980721,0.952487,1,1,0,1.1938199,0.76742357,1,1
tensor(20585),"tensor(13287., dtype=torch.float64)",tensor(9),0,-5.8878827,0.002765174,0,0,1,1.8178179,0.86030406,1,1,0,1.9196416,0.8720985,1,1,1,2.0421999,0.8851571,1,1,0,1.7507132,0.85204273,1,1
tensor(20587),"tensor(10766., dtype=torch.float64)",tensor(9),0,-3.9648235,0.018618172,0,0,0,-0.41433126,0.39787406,0,0,0,2.8976805,0.9477317,1,1,1,1.377845,0.7986447,1,1,0,-0.027709652,0.49307302,0,0
tensor(20645),"tensor(11255., dtype=torch.float64)",tensor(9),0,-3.0884473,0.043586317,0,0,0,-2.1027827,0.10882665,0,0,1,3.420331,0.9683339,1,1,0,-3.9229279,0.01939931,0,0,0,0.8445082,0.69941384,1,0
tensor(20661),"tensor(13641., dtype=torch.float64)",tensor(9),0,-4.5278373,0.010688538,0,0,1,0.25286263,0.562881,1,0,1,3.1305444,0.95813525,1,1,0,-1.662987,0.15936142,0,0,0,1.2352713,0.77473986,1,1
tensor(20737),"tensor(19353., dtype=torch.float64)",tensor(9),0,1.1395457,0.7575962,1,1,0,-2.5345097,0.07347406,0,0,1,0.14132065,0.53527147,1,1,0,-2.9095485,0.05168356,0,0,0,-1.6063166,0.16710062,0,0
tensor(20787),"tensor(18283., dtype=torch.float64)",tensor(9),0,-2.5286922,0.07387107,0,0,1,3.1311414,0.9581592,1,1,0,-0.79848635,0.3103494,0,0,0,-1.416208,0.19525672,0,0,0,-0.013688516,0.49657795,0,0
tensor(20791),"tensor(17359., dtype=torch.float64)",tensor(9),0,1.1740081,0.76386875,1,1,0,0.38039404,0.5939681,1,1,1,-5.6758356,0.0034160935,0,0,0,-2.6224508,0.06770743,0,0,0,-1.7581767,0.14701885,0,0
tensor(20809),"tensor(18589., dtype=torch.float64)",tensor(9),0,-0.1171602,0.47074342,0,0,0,-2.7036982,0.06275549,0,0,0,-2.4228725,0.0814451,0,0,0,-2.903582,0.051976774,0,0,1,2.7656088,0.94078887,1,1
tensor(20833),"tensor(21219., dtype=torch.float64)",tensor(9),0,1.265471,0.7799665,1,1,0,-5.8158,0.0029712399,0,0,0,-6.3825264,0.0016879917,0,0,0,-2.8496842,0.05469764,0,0,1,2.411584,0.9177064,1,1
tensor(20835),"tensor(14966., dtype=torch.float64)",tensor(9),0,-4.039911,0.017294671,0,0,1,1.0309457,0.73709923,1,1,1,2.3342764,0.9116763,1,1,0,-1.3142407,0.21177809,0,0,1,0.8707644,0.70490474,1,0
tensor(20837),"tensor(11968., dtype=torch.float64)",tensor(9),0,-6.4803386,0.0015309441,0,0,1,3.524879,0.9713874,1,1,0,-2.259886,0.094500124,0,0,1,4.549746,0.98954064,1,1,0,-0.40687683,0.39966124,0,0
tensor(20843),"tensor(13165., dtype=torch.float64)",tensor(9),0,1.904187,0.87036467,1,1,1,-0.27689108,0.43121615,0,0,0,-7.045049,0.00087095477,0,0,0,-1.9640208,0.12303256,0,0,0,-3.1278644,0.0419724,0,0
tensor(20859),"tensor(19334., dtype=torch.float64)",tensor(9),0,2.5260832,0.9259502,1,1,1,-2.6467464,0.066189826,0,0,0,-4.0702825,0.016785985,0,0,0,-1.9202046,0.12783875,0,0,0,-1.5144349,0.18028246,0,0
tensor(21023),"tensor(11080., dtype=torch.float64)",tensor(9),0,-1.8854051,0.13176927,0,0,1,1.0791973,0.746342,1,1,0,0.5364005,0.6309747,1,1,0,-0.822557,0.30522117,0,0,0,-1.5479014,0.17538959,0,0
tensor(21061),"tensor(19627., dtype=torch.float64)",tensor(9),1,2.5754611,0.9292655,1,1,0,-1.8297582,0.13826708,0,0,0,-3.9504988,0.018881718,0,0,0,-2.5790083,0.070501685,0,0,0,-3.2688134,0.036656708,0,0
tensor(21103),"tensor(12376., dtype=torch.float64)",tensor(9),1,3.6729271,0.9752273,1,1,0,-2.9848087,0.048116904,0,0,0,-5.2316346,0.005316367,0,0,0,-4.0059156,0.017882021,0,0,0,-3.2895186,0.03593252,0,0
tensor(21117),"tensor(9918., dtype=torch.float64)",tensor(9),0,-3.5634563,0.027559642,0,0,0,0.45161673,0.61102355,1,1,1,2.5235672,0.9257775,1,1,0,-3.3849776,0.032768264,0,0,0,0.030956443,0.50773853,1,0
tensor(21161),"tensor(19024., dtype=torch.float64)",tensor(9),1,3.0411994,0.9544011,1,1,0,-2.6638126,0.06514276,0,0,0,-6.0754924,0.002293243,0,0,0,-2.7172737,0.061961737,0,0,0,-1.8760606,0.13284202,0,0
tensor(21165),"tensor(8897., dtype=torch.float64)",tensor(9),0,-6.7923265,0.0011210964,0,0,1,4.0505033,0.9828844,1,1,1,1.9612548,0.8766687,1,1,0,-2.917772,0.051281985,0,0,1,1.734573,0.84999645,1,1
tensor(21267),"tensor(15383., dtype=torch.float64)",tensor(9),1,0.047090665,0.5117705,1,0,0,-2.792354,0.057738744,0,0,0,1.0300361,0.7369229,1,1,0,-3.3533878,0.0337844,0,0,0,-0.6481416,0.34340844,0,0
tensor(21341),"tensor(17428., dtype=torch.float64)",tensor(9),1,2.099418,0.8908466,1,1,0,-2.5672438,0.07127654,0,0,0,-1.981458,0.121163495,0,0,0,-1.0080781,0.26735613,0,0,0,-2.3033192,0.09084844,0,0
tensor(21349),"tensor(16124., dtype=torch.float64)",tensor(9),0,0.26430368,0.565694,1,0,0,-2.157469,0.103635326,0,0,1,0.5334421,0.63028556,1,1,0,-1.158051,0.23902161,0,0,0,-0.07141435,0.482154,0,0
tensor(21489),"tensor(16419., dtype=torch.float64)",tensor(9),0,-7.0754313,0.00084491324,0,0,1,1.9161439,0.8717078,1,1,1,3.4449255,0.9690795,1,1,0,-1.1897687,0.23330033,0,0,0,2.9778304,0.9515624,1,1
tensor(21597),"tensor(11363., dtype=torch.float64)",tensor(9),1,2.6620674,0.9347509,1,1,0,-2.4967356,0.07608735,0,0,0,-4.9816957,0.0068156444,0,0,0,-2.961938,0.04917531,0,0,0,-1.2772509,0.21801855,0,0
tensor(21633),"tensor(8530., dtype=torch.float64)",tensor(9),0,-0.4743467,0.38358796,0,0,0,1.2015047,0.7687924,1,1,1,-0.76198065,0.31821638,0,0,1,-1.1471393,0.24101198,0,0,0,-0.50381196,0.37664527,0,0
tensor(21657),"tensor(7941., dtype=torch.float64)",tensor(9),0,-2.1586459,0.103526056,0,0,1,-1.6586533,0.15994287,0,0,0,-2.0944574,0.10963671,0,0,1,3.7107246,0.97612417,1,1,0,-0.8832113,0.29251277,0,0
tensor(21699),"tensor(9612., dtype=torch.float64)",tensor(9),0,-4.252483,0.014029241,0,0,1,0.7551394,0.68029755,1,1,0,-2.1048589,0.10862546,0,0,1,4.203425,0.98527575,1,1,0,-0.6697087,0.33856207,0,0
tensor(21765),"tensor(15902., dtype=torch.float64)",tensor(9),0,-6.520997,0.0014700363,0,0,1,3.2835538,0.9638603,1,1,0,1.9080068,0.870795,1,1,0,-0.15495014,0.4613398,0,0,0,2.3308828,0.91140264,1,1
tensor(21777),"tensor(8572., dtype=torch.float64)",tensor(9),1,3.9859488,0.9817639,1,1,0,-3.9928467,0.018112991,0,0,0,-5.3654704,0.004653504,0,0,0,-4.8703365,0.0076123904,0,0,0,-2.9243593,0.050962448,0,0
tensor(21817),"tensor(18354., dtype=torch.float64)",tensor(9),0,-4.4876146,0.011122343,0,0,0,-1.0090697,0.26716197,0,0,0,3.9564776,0.98122877,1,1,0,-3.3402576,0.034215644,0,0,0,1.2650362,0.77989185,1,1
tensor(21831),"tensor(11905., dtype=torch.float64)",tensor(9),1,6.011436,0.99755543,1,1,0,-6.7193847,0.0012058251,0,0,0,-7.2977614,0.0006765946,0,0,0,-3.9788027,0.018364461,0,0,0,-5.02018,0.0065600188,0,0
tensor(21837),"tensor(11744., dtype=torch.float64)",tensor(9),1,3.729241,0.976552,1,1,0,-4.907859,0.0073341043,0,0,0,-4.629725,0.009663154,0,0,0,-5.325043,0.004844557,0,0,0,-1.8204863,0.13937554,0,0
