ecg_id,patient_id,strat_fold,true_NORM,logit_NORM,prob_NORM,pred05_NORM,predopt_NORM,true_MI,logit_MI,prob_MI,pred05_MI,predopt_MI,true_STTC,logit_STTC,prob_STTC,pred05_STTC,predopt_STTC,true_CD,logit_CD,prob_CD,pred05_CD,predopt_CD,true_HYP,logit_HYP,prob_HYP,pred05_HYP,predopt_HYP
tensor(17),"tensor(13619., dtype=torch.float64)",tensor(9),0,-3.1947796,0.039362647,0,0,0,-1.2146868,0.22887282,0,0,0,0.25868684,0.5643135,1,0,0,-3.4545002,0.030634936,0,0,0,-5.2275066,0.0053382404,0,0
tensor(23),"tensor(13619., dtype=torch.float64)",tensor(9),0,-3.6503098,0.025325052,0,0,0,-0.9860873,0.2716856,0,0,0,2.1214426,0.89296985,1,1,0,-3.3162441,0.035018105,0,0,0,-3.4127238,0.03190017,0,0
tensor(39),"tensor(13619., dtype=torch.float64)",tensor(9),0,-3.8423715,0.020992555,0,0,1,1.8398609,0.8629323,1,1,1,1.5069861,0.8186141,1,1,0,-2.4200559,0.08165607,0,0,0,-1.3864685,0.19997214,0,0
tensor(41),"tensor(8420., dtype=torch.float64)",tensor(9),0,-3.5731795,0.027300254,0,0,0,-0.6703807,0.3384116,0,0,0,-2.3360393,0.08818186,0,0,1,5.3143406,0.9951036,1,1,0,-1.5053234,0.18163289,0,0
tensor(47),"tensor(8295., dtype=torch.float64)",tensor(9),1,4.6167817,0.99021214,1,1,0,-5.331467,0.0048136846,0,0,0,-4.8209267,0.007994882,0,0,0,-3.5140839,0.028914148,0,0,0,-4.9793553,0.006831505,0,0
tensor(49),"tensor(13958., dtype=torch.float64)",tensor(9),0,4.1967506,0.98517865,1,1,0,-5.404339,0.004476894,0,0,0,-5.574593,0.0037786863,0,0,1,-0.53014725,0.37048253,0,0,0,-7.1313305,0.0007990158,0,0
tensor(51),"tensor(16750., dtype=torch.float64)",tensor(9),1,2.9830678,0.9518033,1,1,0,-5.6771464,0.0034116344,0,0,0,-3.9786868,0.01836655,0,0,0,-2.8379703,0.05530649,0,0,0,-0.86604285,0.29607838,0,0
tensor(69),"tensor(8339., dtype=torch.float64)",tensor(9),1,0.58752537,0.6427971,1,1,0,-2.134059,0.10583029,0,0,0,0.098237626,0.5245397,1,0,0,-2.569121,0.07115239,0,0,0,-0.3175233,0.4212795,0,0
tensor(91),"tensor(8305., dtype=torch.float64)",tensor(9),1,5.4257455,0.9956175,1,1,0,-7.819444,0.00040168353,0,0,0,-5.4265003,0.0043792003,0,0,0,-4.622916,0.009728531,0,0,0,-4.4497623,0.011546466,0,0
tensor(127),"tensor(11926., dtype=torch.float64)",tensor(9),0,-0.6375236,0.34580654,0,0,0,-1.5790725,0.17092688,0,0,1,1.5341603,0.8226142,1,1,0,-3.1360357,0.041645054,0,0,0,-0.75960726,0.31873155,0,0
tensor(151),"tensor(12152., dtype=torch.float64)",tensor(9),1,4.6255136,0.9902964,1,1,0,-6.4414096,0.0015916207,0,0,0,-4.711018,0.008915415,0,0,0,-4.404972,0.012069007,0,0,0,-3.3231301,0.03478616,0,0
tensor(153),"tensor(20254., dtype=torch.float64)",tensor(9),0,3.4973102,0.97061116,1,1,1,-2.5044394,0.07554756,0,0,0,-4.4338393,0.011729617,0,0,0,-2.7658749,0.05919633,0,0,0,-4.7210693,0.008827039,0,0
tensor(155),"tensor(12640., dtype=torch.float64)",tensor(9),0,0.15563995,0.53883165,1,0,1,0.3057162,0.5758393,1,0,0,-4.860974,0.007683448,0,0,0,-2.7477071,0.060216274,0,0,0,-7.176644,0.00076364476,0,0
tensor(165),"tensor(9277., dtype=torch.float64)",tensor(9),1,5.614458,0.9963684,1,1,0,-7.87763,0.00037898676,0,0,0,-6.0942254,0.0022507794,0,0,0,-4.7431936,0.008635561,0,0,0,-4.3088503,0.013270527,0,0
tensor(171),"tensor(15591., dtype=torch.float64)",tensor(9),0,-4.8080163,0.008097926,0,0,0,-4.7999854,0.008162689,0,0,1,4.9828672,0.99319226,1,1,0,-2.7516332,0.05999448,0,0,0,2.8784583,0.9467712,1,1
tensor(173),"tensor(10676., dtype=torch.float64)",tensor(9),0,-1.2830938,0.21702404,0,0,0,-1.3423859,0.20711797,0,0,1,1.9919106,0.8799451,1,1,0,-2.7019286,0.062859654,0,0,1,-0.42045587,0.39640766,0,0
tensor(189),"tensor(13112., dtype=torch.float64)",tensor(9),0,-4.6625214,0.009354295,0,0,1,4.6088586,0.99013513,1,1,0,-2.1674068,0.10271579,0,0,0,0.3794207,0.5937334,1,0,0,-2.9612577,0.049207125,0,0
tensor(193),"tensor(17536., dtype=torch.float64)",tensor(9),1,3.2925344,0.9641718,1,1,0,-4.93712,0.007124116,0,0,0,-5.073663,0.0062205107,0,0,0,-2.3386328,0.08797355,0,0,0,-1.4721766,0.18661201,0,0
tensor(195),"tensor(14472., dtype=torch.float64)",tensor(9),0,-2.251833,0.09519148,0,0,0,-1.0957788,0.25053164,0,0,0,-4.2742133,0.01373181,0,0,1,4.655012,0.9905758,1,1,0,-1.1723657,0.23642765,0,0
tensor(205),"tensor(21222., dtype=torch.float64)",tensor(9),1,2.0398734,0.88492036,1,1,0,-3.67279,0.024776042,0,0,0,-0.54265964,0.36756912,0,0,0,-5.179782,0.005597723,0,0,0,-3.6297996,0.025836281,0,0
tensor(217),"tensor(21519., dtype=torch.float64)",tensor(9),0,-1.1711488,0.2366474,0,0,0,1.2155854,0.7712857,1,0,1,0.15694979,0.5391571,1,0,0,-1.0432882,0.26051605,0,0,0,-0.8373394,0.30209544,0,0
tensor(219),"tensor(21519., dtype=torch.float64)",tensor(9),1,-1.2531269,0.22215933,0,0,0,2.6270647,0.9325833,1,1,0,-2.4866486,0.07679948,0,0,0,-2.0840983,0.11065203,0,0,0,-3.0492444,0.045250107,0,0
tensor(223),"tensor(16039., dtype=torch.float64)",tensor(9),0,-7.8346705,0.0003956161,0,0,1,-1.2843368,0.21681292,0,0,1,5.372684,0.9953798,1,1,0,-0.5953656,0.3554047,0,0,1,4.734847,0.99129266,1,1
tensor(233),"tensor(20772., dtype=torch.float64)",tensor(9),1,4.047876,0.9828402,1,1,0,-4.7226057,0.008813608,0,0,0,-4.744343,0.008625727,0,0,0,-1.9307789,0.1266644,0,0,0,-4.601697,0.009935096,0,0
tensor(281),"tensor(641., dtype=torch.float64)",tensor(9),0,-4.4869576,0.011129573,0,0,1,0.9731927,0.72575545,1,0,0,-3.440304,0.031059332,0,0,1,-1.9111118,0.128856,0,0,0,-7.1336465,0.00079716893,0,0
tensor(287),"tensor(6437., dtype=torch.float64)",tensor(9),0,-4.035359,0.017372204,0,0,1,-0.90264225,0.28850782,0,0,0,-4.3175025,0.013157709,0,0,1,5.634568,0.9964405,1,1,0,1.3817042,0.7992646,1,0
tensor(293),"tensor(1689., dtype=torch.float64)",tensor(9),1,5.4690213,0.99580234,1,1,0,-5.514973,0.0040098913,0,0,0,-7.4680037,0.00057074125,0,0,0,-4.2474337,0.014099256,0,0,0,-4.782195,0.008307989,0,0
tensor(295),"tensor(603., dtype=torch.float64)",tensor(9),0,-0.25826952,0.43578914,0,0,0,0.19787833,0.54930884,1,0,1,0.16868225,0.54207087,1,0,0,-2.444179,0.07986527,0,0,0,-3.2408397,0.037657447,0,0
tensor(303),"tensor(3327., dtype=torch.float64)",tensor(9),1,11.217781,0.9999865,1,1,0,-13.855563,9.607379e-07,0,0,0,-12.55418,3.5301027e-06,0,0,0,-8.489575,0.00020555829,0,0,0,-11.926499,6.6127827e-06,0,0
tensor(343),"tensor(4004., dtype=torch.float64)",tensor(9),1,3.9813545,0.9816815,1,1,0,-6.546063,0.0014336987,0,0,0,-8.058842,0.00031619295,0,0,0,0.69384223,0.66682106,1,1,0,-9.339807,8.7848704e-05,0,0
tensor(365),"tensor(9158., dtype=torch.float64)",tensor(9),1,5.1592374,0.9942867,1,1,0,-7.7509084,0.00043016628,0,0,0,-6.452129,0.0015746775,0,0,0,-1.6433067,0.16201562,0,0,0,-5.6313686,0.0035708705,0,0
tensor(383),"tensor(15446., dtype=torch.float64)",tensor(9),0,-7.360215,0.0006356573,0,0,1,0.4594371,0.61288065,1,0,1,4.7430015,0.9913628,1,1,0,-2.3075166,0.09050235,0,0,1,2.6255062,0.9324852,1,1
tensor(387),"tensor(14950., dtype=torch.float64)",tensor(9),1,4.8938594,0.9925633,1,1,0,-9.738328,5.897559e-05,0,0,0,-5.9680953,0.0025525787,0,0,0,-3.9873688,0.018210674,0,0,0,-2.4297183,0.08093443,0,0
tensor(419),"tensor(1909., dtype=torch.float64)",tensor(9),1,2.905512,0.94811827,1,1,0,-3.956737,0.018766502,0,0,0,-4.494429,0.011047642,0,0,0,-1.4394869,0.19162482,0,0,0,-2.1483047,0.10448974,0,0
tensor(425),"tensor(2440., dtype=torch.float64)",tensor(9),0,-3.9397705,0.019081494,0,0,1,1.1100459,0.75213766,1,0,1,2.023736,0.88326675,1,1,0,0.38896626,0.5960338,1,0,1,0.23945856,0.5595802,1,0
tensor(437),"tensor(2990., dtype=torch.float64)",tensor(9),1,6.3341403,0.9982285,1,1,0,-9.691135,6.182535e-05,0,0,0,-7.602243,0.000499081,0,0,0,-4.614908,0.009805983,0,0,0,-4.562832,0.010324761,0,0
tensor(441),"tensor(6036., dtype=torch.float64)",tensor(9),1,4.9043746,0.99264044,1,1,0,-8.421753,0.00021998023,0,0,0,-3.8258154,0.021335524,0,0,0,-5.6688805,0.0034398544,0,0,0,-3.982411,0.01829953,0,0
tensor(445),"tensor(3996., dtype=torch.float64)",tensor(9),1,1.6080625,0.8331422,1,1,0,-1.4773486,0.18582824,0,0,0,-1.6228856,0.1648073,0,0,0,-1.7226874,0.15152533,0,0,0,-1.4682846,0.18720348,0,0
tensor(483),"tensor(19895., dtype=torch.float64)",tensor(9),0,-4.8100915,0.008081275,0,0,1,0.16006747,0.53993165,1,0,0,1.5156815,0.8199017,1,1,1,3.9104419,0.9803617,1,1,0,-1.4730875,0.18647379,0,0
tensor(491),"tensor(3731., dtype=torch.float64)",tensor(9),1,5.3381343,0.9952181,1,1,0,-10.25248,3.5268695e-05,0,0,0,-5.3541083,0.004706429,0,0,0,-6.43832,0.0015965377,0,0,0,-2.275163,0.09320095,0,0
tensor(515),"tensor(12266., dtype=torch.float64)",tensor(9),0,-1.2584615,0.22123887,0,0,1,-0.91498506,0.28598082,0,0,0,1.9557189,0.87606883,1,1,0,-2.2969794,0.09137343,0,0,0,-2.0179577,0.11733034,0,0
tensor(529),"tensor(13474., dtype=torch.float64)",tensor(9),0,-2.2881086,0.09211261,0,0,0,1.135877,0.7569219,1,0,1,1.101492,0.75053954,1,1,0,-1.3490714,0.20602223,0,0,0,-0.8561963,0.29813465,0,0
tensor(537),"tensor(21127., dtype=torch.float64)",tensor(9),0,-11.139332,1.4529254e-05,0,0,1,3.5017996,0.9707389,1,1,1,4.178489,0.9849096,1,1,0,0.87088394,0.7049296,1,1,1,3.9585373,0.9812666,1,1
tensor(545),"tensor(15734., dtype=torch.float64)",tensor(9),0,-9.456955,7.813807e-05,0,0,1,0.6253138,0.6514261,1,0,1,3.6616719,0.97495395,1,1,1,4.1274633,0.98413205,1,1,1,3.7494888,0.97701114,1,1
tensor(553),"tensor(10977., dtype=torch.float64)",tensor(9),1,5.992864,0.9975097,1,1,0,-7.2874117,0.0006836288,0,0,0,-7.097134,0.00082678883,0,0,0,-3.750587,0.022964194,0,0,0,-5.9415636,0.0026210297,0,0
tensor(563),"tensor(12015., dtype=torch.float64)",tensor(9),0,-6.6807804,0.0012532258,0,0,1,3.4072278,0.96792966,1,1,0,1.5594804,0.8262788,1,1,1,1.4774249,0.8141833,1,1,0,1.0494175,0.74066305,1,0
tensor(587),"tensor(11694., dtype=torch.float64)",tensor(9),1,6.9234366,0.9990165,1,1,0,-8.53084,0.00019725028,0,0,0,-8.042,0.00032156162,0,0,0,-5.5067534,0.0040428536,0,0,0,-6.1301584,0.0021715106,0,0
tensor(601),"tensor(4261., dtype=torch.float64)",tensor(9),0,-2.1449268,0.104806244,0,0,1,1.4151431,0.8045759,1,0,0,0.78117806,0.68593395,1,0,0,-1.7722639,0.14526102,0,0,0,-2.6329818,0.067045696,0,0
tensor(615),"tensor(7655., dtype=torch.float64)",tensor(9),1,0.96752465,0.7246258,1,1,0,-2.80264,0.05718168,0,0,0,0.091041416,0.52274466,1,0,0,-3.4236472,0.03156455,0,0,0,-1.2769575,0.21806855,0,0
tensor(627),"tensor(2819., dtype=torch.float64)",tensor(9),0,-5.753947,0.0031602252,0,0,1,7.141488,0.9992091,1,1,1,-4.256969,0.013967323,0,0,0,-3.75541,0.022856232,0,0,0,-3.9853294,0.018247174,0,0
tensor(633),"tensor(709., dtype=torch.float64)",tensor(9),0,-0.36342692,0.4101303,0,0,0,-2.4529347,0.07922421,0,0,0,-4.0395103,0.017301481,0,0,1,3.5671291,0.97253865,1,1,0,-3.0776212,0.044039857,0,0
tensor(673),"tensor(2745., dtype=torch.float64)",tensor(9),1,6.7262125,0.9988024,1,1,0,-7.802752,0.00040844208,0,0,0,-7.935406,0.00035771859,0,0,0,-5.3359814,0.0047921077,0,0,0,-6.195652,0.002034128,0,0
tensor(705),"tensor(4874., dtype=torch.float64)",tensor(9),0,-5.498754,0.004075192,0,0,1,0.24418223,0.56074405,1,0,0,2.242311,0.90398526,1,1,1,3.3598566,0.96642613,1,1,0,-2.8340585,0.05551122,0,0
tensor(717),"tensor(3795., dtype=torch.float64)",tensor(9),0,-1.2177979,0.22832422,0,0,1,-0.53322804,0.36976433,0,0,1,1.5110729,0.8192202,1,1,0,-0.16272166,0.4594091,0,0,0,-2.012501,0.117896624,0,0
tensor(771),"tensor(3063., dtype=torch.float64)",tensor(9),1,1.0613589,0.74295014,1,1,0,-1.3103328,0.21243118,0,0,0,-1.6071368,0.16698651,0,0,0,-1.1811558,0.23484445,0,0,0,-5.445503,0.0042971224,0,0
tensor(787),"tensor(18804., dtype=torch.float64)",tensor(9),1,5.8107457,0.9970137,1,1,0,-5.3038025,0.0049480447,0,0,0,-7.332336,0.0006536165,0,0,0,-4.2022696,0.014741032,0,0,0,-6.5914764,0.001370133,0,0
tensor(823),"tensor(1791., dtype=torch.float64)",tensor(9),0,-0.9533112,0.2782194,0,0,0,-0.095168285,0.47622585,0,0,1,-1.4471623,0.19043869,0,0,1,1.2529459,0.7778094,1,1,0,-2.3458097,0.087399416,0,0
tensor(839),"tensor(1551., dtype=torch.float64)",tensor(9),1,2.3182266,0.91037536,1,1,0,-4.155926,0.015429472,0,0,0,-1.3891478,0.19954385,0,0,0,-1.2509341,0.22253849,0,0,0,-4.295461,0.013446998,0,0
tensor(843),"tensor(1756., dtype=torch.float64)",tensor(9),1,6.0697417,0.9976935,1,1,0,-7.6897187,0.0004572976,0,0,0,-4.940638,0.0070992745,0,0,0,-6.796425,0.0011165162,0,0,0,-7.38346,0.000621061,0,0
tensor(849),"tensor(7475., dtype=torch.float64)",tensor(9),0,-1.5710874,0.17206144,0,0,0,-2.8320918,0.055614434,0,0,1,2.4105678,0.9176296,1,1,0,-2.6216843,0.067755826,0,0,0,-0.8426214,0.30098298,0,0
tensor(881),"tensor(2682., dtype=torch.float64)",tensor(9),1,2.2948496,0.9084496,1,1,0,-7.459863,0.0005754037,0,0,0,-0.84677213,0.3001104,0,0,0,-4.1199613,0.01598546,0,0,0,-2.4838777,0.07699618,0,0
tensor(885),"tensor(2841., dtype=torch.float64)",tensor(9),0,-1.4567542,0.18896426,0,0,0,-0.5525616,0.36527032,0,0,1,1.7411183,0.85082906,1,1,0,-2.2086277,0.09897839,0,0,1,-0.44478825,0.39060062,0,0
tensor(889),"tensor(11105., dtype=torch.float64)",tensor(9),1,-2.0571082,0.113336116,0,0,0,3.610694,0.97367847,1,1,0,-3.5883994,0.026898982,0,0,0,-2.866034,0.053858384,0,0,0,-3.018415,0.04660084,0,0
tensor(901),"tensor(5843., dtype=torch.float64)",tensor(9),1,4.759372,0.9915018,1,1,0,-4.416879,0.011927857,0,0,0,-6.444943,0.0015860157,0,0,0,-3.8490794,0.020855136,0,0,0,-4.2114563,0.0146082,0,0
tensor(913),"tensor(6560., dtype=torch.float64)",tensor(9),1,6.256116,0.998085,1,1,0,-4.959458,0.0069678393,0,0,0,-7.783831,0.00041624045,0,0,0,-5.5930657,0.0037097812,0,0,0,-7.6712017,0.0004658403,0,0
tensor(925),"tensor(5897., dtype=torch.float64)",tensor(9),1,2.1494074,0.89561343,1,1,0,-4.019148,0.017651109,0,0,0,-4.8700013,0.007614923,0,0,0,0.7271872,0.6741877,1,1,0,-4.3921766,0.0122225275,0,0
tensor(927),"tensor(2826., dtype=torch.float64)",tensor(9),1,1.7788346,0.8555529,1,1,0,-2.4440386,0.079875596,0,0,0,-2.190125,0.10064078,0,0,0,-1.5000808,0.18241347,0,0,0,-1.100144,0.24971291,0,0
tensor(985),"tensor(7407., dtype=torch.float64)",tensor(9),1,3.608792,0.97362965,1,1,0,-6.1839314,0.00205806,0,0,0,-3.927216,0.019317904,0,0,0,-3.6589332,0.025113069,0,0,0,-1.5901408,0.16936408,0,0
tensor(987),"tensor(7818., dtype=torch.float64)",tensor(9),0,-3.4383543,0.031118065,0,0,0,-1.6001285,0.16796364,0,0,1,3.6262515,0.9740743,1,1,0,-1.3566855,0.20477952,0,0,0,-0.30802494,0.4235969,0,0
tensor(999),"tensor(1497., dtype=torch.float64)",tensor(9),1,2.5458088,0.9272914,1,1,0,-5.679445,0.003403829,0,0,0,-3.8679886,0.020472486,0,0,0,-1.1571366,0.23918799,0,0,0,-1.4458497,0.19064113,0,0
tensor(1007),"tensor(10526., dtype=torch.float64)",tensor(9),1,4.1345572,0.98424244,1,1,0,-4.5432935,0.01052633,0,0,0,-4.2586007,0.013944868,0,0,0,-1.7107667,0.1530643,0,0,0,-6.4178133,0.0016295618,0,0
tensor(1015),"tensor(5995., dtype=torch.float64)",tensor(9),0,-4.1461864,0.015578131,0,0,0,-0.861225,0.29708347,0,0,1,3.8277392,0.9787046,1,1,0,-3.4480805,0.030826153,0,0,1,-0.38913545,0.40392548,0,0
tensor(1103),"tensor(4833., dtype=torch.float64)",tensor(9),0,4.5419526,0.98945975,1,1,0,-9.216927,9.933368e-05,0,0,0,-4.809364,0.00808711,0,0,0,-3.9034476,0.019773372,0,0,1,-2.486732,0.07679357,0,0
tensor(1109),"tensor(4267., dtype=torch.float64)",tensor(9),0,-4.444647,0.011604995,0,0,1,2.8953605,0.9476166,1,1,0,0.006235875,0.50155896,1,0,1,-1.4333994,0.19256955,0,0,0,-4.7917476,0.008229654,0,0
tensor(1119),"tensor(16469., dtype=torch.float64)",tensor(9),1,3.7968824,0.97805184,1,1,0,-2.8250813,0.05598378,0,0,0,-5.957648,0.0025793174,0,0,0,-4.1136727,0.016084678,0,0,0,-3.2153828,0.038590927,0,0
tensor(1123),"tensor(7009., dtype=torch.float64)",tensor(9),0,-3.515045,0.028887175,0,0,0,-2.4859724,0.076847434,0,0,0,-3.1381927,0.04155905,0,0,1,6.0447826,0.99763536,1,1,0,-0.034232236,0.4914428,0,0
tensor(1139),"tensor(4705., dtype=torch.float64)",tensor(9),1,4.8289533,0.9920685,1,1,0,-6.8573737,0.0010505675,0,0,0,-5.35994,0.0046791905,0,0,0,-4.906713,0.0073424517,0,0,0,-2.8608983,0.054120693,0,0
tensor(1159),"tensor(649., dtype=torch.float64)",tensor(9),0,-3.222276,0.03833599,0,0,1,4.008707,0.9821669,1,1,0,-2.2248173,0.09754391,0,0,0,-1.1494104,0.24059682,0,0,0,-2.1233513,0.10684782,0,0
tensor(1205),"tensor(18791., dtype=torch.float64)",tensor(9),0,-3.6525364,0.025270153,0,0,0,-1.0808942,0.25333682,0,0,1,3.4336872,0.96874094,1,1,1,-2.0426002,0.11480223,0,0,0,0.41678205,0.6027129,1,0
tensor(1249),"tensor(19947., dtype=torch.float64)",tensor(9),1,1.8778615,0.8673653,1,1,0,-4.0885262,0.016487526,0,0,0,-3.1789804,0.039964437,0,0,0,0.85573125,0.70176804,1,1,0,-3.9905918,0.01815314,0,0
tensor(1261),"tensor(8420., dtype=torch.float64)",tensor(9),0,-3.6369627,0.025656605,0,0,1,1.2477206,0.77690506,1,0,0,-2.8505213,0.054654375,0,0,1,4.317808,0.98684627,1,1,0,-0.4630004,0.3862743,0,0
tensor(1295),"tensor(20870., dtype=torch.float64)",tensor(9),0,4.3538914,0.9873065,1,1,0,-6.3355174,0.0017690933,0,0,1,-3.191926,0.039470695,0,0,0,-3.2516685,0.03726698,0,0,0,-5.6510878,0.00350139,0,0
tensor(1321),"tensor(5894., dtype=torch.float64)",tensor(9),1,2.6245422,0.9324245,1,1,0,-2.6210797,0.067794025,0,0,0,-2.8951497,0.052393854,0,0,0,-1.0974456,0.25021884,0,0,0,-4.4748116,0.011264044,0,0
tensor(1367),"tensor(21233., dtype=torch.float64)",tensor(9),0,-4.520058,0.010771111,0,0,0,-3.6864705,0.024447631,0,0,0,-2.957502,0.049383145,0,0,1,6.815365,0.99890435,1,1,1,-0.21838897,0.4456187,0,0
tensor(1379),"tensor(7123., dtype=torch.float64)",tensor(9),1,0.51019055,0.62485117,1,1,0,1.4353374,0.80773157,1,0,0,-5.015741,0.0065890127,0,0,0,-3.3033712,0.03545572,0,0,0,-3.755132,0.022862444,0,0
tensor(1399),"tensor(12213., dtype=torch.float64)",tensor(9),0,-7.6143265,0.00049308955,0,0,0,-5.3124795,0.0049055056,0,0,0,-10.08399,4.174079e-05,0,0,0,-3.2904143,0.0359015,0,0,0,-14.235158,6.572781e-07,0,0
tensor(1421),"tensor(4879., dtype=torch.float64)",tensor(9),1,-1.3724291,0.20222768,0,0,0,-3.3820395,0.032861512,0,0,0,1.7460127,0.85144913,1,1,0,-2.316522,0.089763835,0,0,0,1.5568774,0.82590485,1,0
tensor(1427),"tensor(20044., dtype=torch.float64)",tensor(9),0,-5.097817,0.0060729636,0,0,1,3.069367,0.95561135,1,1,1,1.4472615,0.80957663,1,1,0,-1.6002933,0.16794063,0,0,0,0.22579658,0.5562105,1,0
tensor(1433),"tensor(16989., dtype=torch.float64)",tensor(9),0,-4.491536,0.011079295,0,0,1,5.2913814,0.9949904,1,1,0,-2.6729198,0.06459034,0,0,0,-2.8082576,0.056879576,0,0,0,-2.9991672,0.04746351,0,0
tensor(1439),"tensor(16142., dtype=torch.float64)",tensor(9),0,-4.98811,0.0067723617,0,0,1,0.55641186,0.6356219,1,0,1,3.022139,0.9535643,1,1,0,-1.8187906,0.13957906,0,0,1,1.8189268,0.8604373,1,1
tensor(1449),"tensor(18349., dtype=torch.float64)",tensor(9),0,-5.339454,0.0047755735,0,0,0,0.6140312,0.64885986,1,0,1,3.382057,0.967139,1,1,0,-2.745428,0.060345378,0,0,0,1.383919,0.7996197,1,0
tensor(1451),"tensor(16916., dtype=torch.float64)",tensor(9),0,-7.6089416,0.00049575063,0,0,0,1.0929574,0.7489382,1,0,0,4.2422767,0.9858289,1,1,0,-2.2363958,0.0965294,0,0,1,4.051813,0.9829064,1,1
tensor(1453),"tensor(17864., dtype=torch.float64)",tensor(9),1,3.719585,0.9763298,1,1,0,-4.8569756,0.0077139917,0,0,0,-4.5720687,0.010230804,0,0,0,-1.0008917,0.26876613,0,0,0,-6.5459995,0.0014337895,0,0
tensor(1455),"tensor(20051., dtype=torch.float64)",tensor(9),1,1.1119792,0.7524979,1,1,0,-3.1838465,0.039778158,0,0,0,-0.659691,0.34080902,0,0,0,-1.5537478,0.17454563,0,0,0,-0.98245025,0.27240586,0,0
tensor(1469),"tensor(4058., dtype=torch.float64)",tensor(9),0,-6.796843,0.0011160498,0,0,0,1.0218494,0.7353327,1,0,1,3.4366877,0.9688317,1,1,1,1.4938883,0.8166612,1,1,1,1.5265411,0.82149965,1,0
tensor(1473),"tensor(17115., dtype=torch.float64)",tensor(9),0,-4.9868603,0.006780773,0,0,1,5.1062055,0.9939774,1,1,1,-1.6321573,0.16353504,0,0,0,-2.1264334,0.10655406,0,0,0,-3.7866383,0.02216908,0,0
tensor(1497),"tensor(18668., dtype=torch.float64)",tensor(9),1,5.5686064,0.9961987,1,1,0,-7.379514,0.0006235149,0,0,0,-6.7337523,0.0011886446,0,0,0,-2.5843258,0.070154026,0,0,0,-6.211495,0.002002219,0,0
tensor(1515),"tensor(668., dtype=torch.float64)",tensor(9),0,-4.8952293,0.007426626,0,0,1,5.294782,0.9950073,1,1,1,-1.5675426,0.172567,0,0,0,-2.4685836,0.07809015,0,0,0,-2.2027984,0.09949949,0,0
tensor(1541),"tensor(20956., dtype=torch.float64)",tensor(9),0,-0.9348227,0.2819473,0,0,1,1.4283074,0.8066374,1,0,0,-3.8408353,0.021024147,0,0,0,0.96573675,0.7242689,1,1,0,-1.1038909,0.24901156,0,0
tensor(1577),"tensor(7809., dtype=torch.float64)",tensor(9),0,-1.7131214,0.1527593,0,0,1,2.431432,0.9191929,1,1,0,-1.5035415,0.18189791,0,0,0,-0.11804305,0.47052342,0,0,0,-2.05989,0.11305685,0,0
tensor(1595),"tensor(3742., dtype=torch.float64)",tensor(9),1,-0.12236781,0.46944612,0,0,0,-2.3920093,0.08378407,0,0,1,1.3793387,0.79888475,1,1,0,-4.937703,0.0071199927,0,0,0,-1.512649,0.18054654,0,0
tensor(1611),"tensor(12706., dtype=torch.float64)",tensor(9),0,-3.4946582,0.029464604,0,0,0,2.833449,0.9444568,1,1,0,0.010784365,0.5026961,1,0,0,-1.2036558,0.23082548,0,0,1,-2.7872992,0.058014378,0,0
tensor(1619),"tensor(2638., dtype=torch.float64)",tensor(9),1,2.4174974,0.91815186,1,1,0,-4.7878585,0.008261457,0,0,0,-1.8150704,0.14002645,0,0,0,-3.7549596,0.022866294,0,0,0,-1.3030465,0.21365276,0,0
tensor(1627),"tensor(6034., dtype=torch.float64)",tensor(9),0,-5.9448266,0.0026125135,0,0,1,2.6528134,0.9341842,1,1,1,0.90723795,0.71243465,1,1,0,2.5605974,0.9282822,1,1,0,-2.2102509,0.09883373,0,0
tensor(1645),"tensor(7424., dtype=torch.float64)",tensor(9),1,1.9997777,0.8807737,1,1,0,-5.131056,0.0058755907,0,0,0,-6.4257665,0.0016166739,0,0,0,1.532281,0.82233983,1,1,0,-3.5809698,0.02709414,0,0
tensor(1699),"tensor(20837., dtype=torch.float64)",tensor(9),1,-1.0823257,0.25306615,0,0,0,1.433801,0.80749285,1,0,0,-5.484509,0.004133417,0,0,0,-2.5552235,0.07207635,0,0,0,-6.33214,0.001775068,0,0
tensor(1701),"tensor(20919., dtype=torch.float64)",tensor(9),1,3.603182,0.97348523,1,1,0,-1.6668643,0.1588427,0,0,0,-6.9498,0.0009579084,0,0,0,-2.4185796,0.081766844,0,0,0,-7.295187,0.0006783375,0,0
tensor(1713),"tensor(7961., dtype=torch.float64)",tensor(9),0,-0.8213309,0.30548123,0,0,0,-0.23062256,0.44259852,0,0,1,1.1920514,0.7671078,1,1,1,-0.6709728,0.33827904,0,0,0,-1.7677996,0.14581619,0,0
tensor(1763),"tensor(21187., dtype=torch.float64)",tensor(9),0,-2.5412183,0.07301867,0,0,0,0.0032190233,0.5008048,1,0,1,2.08505,0.88944167,1,1,0,-1.8872823,0.13155466,0,0,1,0.78887093,0.6875889,1,0
tensor(1809),"tensor(361., dtype=torch.float64)",tensor(9),0,-4.535992,0.010602649,0,0,1,3.3345797,0.96559626,1,1,0,-0.09176675,0.47707444,0,0,1,0.17663448,0.54404414,1,0,0,-2.7285986,0.061306767,0,0
tensor(1817),"tensor(11885., dtype=torch.float64)",tensor(9),0,-4.9982314,0.0067046187,0,0,0,2.6867323,0.93623924,1,1,1,0.41911027,0.60327035,1,0,1,2.285276,0.90765023,1,1,0,0.29242423,0.5725895,1,0
tensor(1841),"tensor(7070., dtype=torch.float64)",tensor(9),1,-2.2049592,0.09930605,0,0,0,-3.4129953,0.031891786,0,0,0,2.7770438,0.9414227,1,1,0,-1.7832339,0.14390427,0,0,0,1.1264255,0.75517863,1,0
tensor(1871),"tensor(1585., dtype=torch.float64)",tensor(9),1,3.6116486,0.97370285,1,1,0,-7.6748667,0.00046413692,0,0,0,-3.105958,0.042862162,0,0,0,-3.7022235,0.024074722,0,0,0,-2.146138,0.10469267,0,0
tensor(1889),"tensor(2348., dtype=torch.float64)",tensor(9),0,-0.64345545,0.34446585,0,0,0,-1.4508655,0.1898684,0,0,1,0.95708257,0.7225373,1,1,0,-0.8362074,0.30233416,0,0,0,0.30019453,0.57449013,1,0
tensor(1907),"tensor(7931., dtype=torch.float64)",tensor(9),0,-3.5346627,0.028341902,0,0,1,0.109727986,0.5274045,1,0,0,-2.9117851,0.051574048,0,0,1,4.893198,0.99255836,1,1,0,-0.82706773,0.30426544,0,0
tensor(1977),"tensor(847., dtype=torch.float64)",tensor(9),0,-5.5043516,0.004052536,0,0,1,-0.17148235,0.45723414,0,0,0,2.8839376,0.9470467,1,1,1,3.1206293,0.9577357,1,1,0,-0.78792083,0.31261528,0,0
tensor(1981),"tensor(459., dtype=torch.float64)",tensor(9),0,-4.963123,0.0069425264,0,0,0,0.51721215,0.62649566,1,0,1,3.1178088,0.95762134,1,1,0,-2.4474392,0.079626024,0,0,0,1.1687055,0.76291096,1,0
tensor(1995),"tensor(389., dtype=torch.float64)",tensor(9),0,-0.9156046,0.28585434,0,0,0,-3.4356391,0.03120003,0,0,0,-4.9067106,0.007342469,0,0,1,4.275048,0.9862795,1,1,0,-0.9970026,0.26953113,0,0
tensor(2033),"tensor(5507., dtype=torch.float64)",tensor(9),0,-6.9040666,0.0010026891,0,0,1,3.0888312,0.9564297,1,1,1,1.1644199,0.7621349,1,1,1,3.1696324,0.9596754,1,1,0,0.44562742,0.6095991,1,0
tensor(2051),"tensor(389., dtype=torch.float64)",tensor(9),0,-4.686603,0.009133751,0,0,0,1.1088539,0.7519154,1,0,0,1.3668497,0.79687065,1,1,0,-0.74219525,0.3225243,0,0,0,-4.6790457,0.009202402,0,0
tensor(2089),"tensor(1651., dtype=torch.float64)",tensor(9),1,4.6135597,0.99018097,1,1,0,-5.071324,0.0062349895,0,0,0,-4.805926,0.008114735,0,0,0,-3.1912315,0.03949704,0,0,0,-5.4151955,0.004428767,0,0
tensor(2099),"tensor(13882., dtype=torch.float64)",tensor(9),0,-2.9026608,0.052022185,0,0,1,1.2216792,0.7723589,1,0,0,1.5572915,0.82596433,1,1,0,-1.4081813,0.19652107,0,0,0,-2.590473,0.06975409,0,0
tensor(2107),"tensor(2719., dtype=torch.float64)",tensor(9),1,-1.299593,0.21423352,0,0,0,-0.549474,0.3659865,0,0,0,0.90526885,0.71203107,1,1,0,0.8810228,0.7070342,1,1,0,0.3272701,0.58109504,1,0
tensor(2111),"tensor(4920., dtype=torch.float64)",tensor(9),0,-5.4367833,0.0043345937,0,0,1,1.3350428,0.7916736,1,0,1,0.8354896,0.6975144,1,1,1,3.3828025,0.9671628,1,1,1,1.7696643,0.85441595,1,1
tensor(2115),"tensor(20329., dtype=torch.float64)",tensor(9),1,4.7126155,0.9910987,1,1,0,-6.0290494,0.0024019983,0,0,0,-6.257916,0.0019115721,0,0,0,-3.459626,0.030483088,0,0,0,-3.2782757,0.036324024,0,0
tensor(2123),"tensor(4949., dtype=torch.float64)",tensor(9),0,2.311427,0.90981907,1,1,0,-1.2929853,0.21534795,0,0,0,-3.269893,0.036618605,0,0,1,-1.860606,0.13463244,0,0,1,-3.319525,0.034907408,0,0
tensor(2135),"tensor(8046., dtype=torch.float64)",tensor(9),0,-3.0531511,0.045081627,0,0,0,-2.157341,0.10364723,0,0,0,-4.261628,0.0139033,0,0,1,5.777513,0.9969131,1,1,0,-0.8279269,0.30408362,0,0
tensor(2139),"tensor(20870., dtype=torch.float64)",tensor(9),1,0.08150747,0.5203656,1,0,0,-4.7818813,0.008310574,0,0,0,2.4269648,0.91886055,1,1,0,-6.030225,0.0023991836,0,0,0,-3.758118,0.022795832,0,0
tensor(2149),"tensor(7231., dtype=torch.float64)",tensor(9),1,6.4165635,0.99836844,1,1,0,-6.934465,0.0009726968,0,0,0,-7.6709785,0.0004659442,0,0,0,-4.938665,0.0071131964,0,0,0,-6.340233,0.0017607855,0,0
tensor(2161),"tensor(20411., dtype=torch.float64)",tensor(9),1,3.5241163,0.9713662,1,1,0,-9.188905,0.00010215626,0,0,0,-3.8530488,0.020774234,0,0,0,-5.6559916,0.0034843218,0,0,0,-0.27109715,0.43263778,0,0
tensor(2169),"tensor(6021., dtype=torch.float64)",tensor(9),0,-1.6438085,0.1619475,0,0,0,2.2714112,0.9064815,1,1,1,-0.62650985,0.34830233,0,0,0,-4.200398,0.01476824,0,0,0,-3.8154273,0.021553515,0,0
tensor(2181),"tensor(2652., dtype=torch.float64)",tensor(9),1,1.6412911,0.83771056,1,1,0,-3.931549,0.019235985,0,0,0,-2.398775,0.08326615,0,0,0,-0.42712167,0.39481384,0,0,0,-1.1395746,0.24239847,0,0
tensor(2205),"tensor(4376., dtype=torch.float64)",tensor(9),0,-6.1538424,0.0021207924,0,0,0,3.0445213,0.9545454,1,1,0,0.31749082,0.5787126,1,0,0,3.1936214,0.9605936,1,1,0,-0.47623456,0.38314167,0,0
tensor(2233),"tensor(5310., dtype=torch.float64)",tensor(9),0,-1.3724928,0.20221739,0,0,0,-0.62532735,0.34857082,0,0,0,-0.37521052,0.4072826,0,0,1,2.2133641,0.90144324,1,1,0,-2.6054862,0.068786174,0,0
tensor(2237),"tensor(2202., dtype=torch.float64)",tensor(9),1,2.8990662,0.9478003,1,1,0,-1.4303473,0.19304457,0,0,0,-4.3352513,0.012929226,0,0,0,-3.1049252,0.042904556,0,0,0,-5.0885544,0.0061291307,0,0
tensor(2261),"tensor(3857., dtype=torch.float64)",tensor(9),1,4.5007234,0.9890209,1,1,0,-6.051131,0.0023496635,0,0,0,-4.847648,0.007785718,0,0,0,-5.192045,0.0055298735,0,0,0,-2.662849,0.06520147,0,0
tensor(2273),"tensor(16350., dtype=torch.float64)",tensor(9),0,-3.2567723,0.037084293,0,0,1,1.3379784,0.7921573,1,0,0,0.9442692,0.7199612,1,1,0,-1.7808546,0.14419764,0,0,0,-4.1066628,0.016195996,0,0
tensor(2283),"tensor(3200., dtype=torch.float64)",tensor(9),1,2.4324849,0.9192711,1,1,0,-1.303887,0.21351156,0,0,0,-2.8290708,0.055773314,0,0,0,-7.7172556,0.00044488237,0,0,0,-4.7336245,0.0087178685,0,0
tensor(2297),"tensor(4963., dtype=torch.float64)",tensor(9),0,-0.22889692,0.44302434,0,0,0,-0.8932312,0.29044348,0,0,0,-0.92883617,0.28316087,0,0,1,1.6451558,0.8382353,1,1,1,-3.28006,0.03626162,0,0
tensor(2301),"tensor(2793., dtype=torch.float64)",tensor(9),1,0.23012859,0.5572796,1,0,0,-2.6493878,0.066026755,0,0,0,1.7349151,0.85004,1,1,0,-4.59766,0.009974883,0,0,0,-4.277187,0.013691596,0,0
tensor(2309),"tensor(1134., dtype=torch.float64)",tensor(9),1,2.5937855,0.9304606,1,1,0,-3.0361972,0.04581714,0,0,0,-1.4679222,0.18725865,0,0,0,-4.818787,0.008011868,0,0,0,-3.7491472,0.022996522,0,0
tensor(2311),"tensor(4897., dtype=torch.float64)",tensor(9),0,-7.7478137,0.00043149907,0,0,1,3.772405,0.9775203,1,1,0,0.83520764,0.69745487,1,1,1,3.3958035,0.9675731,1,1,0,1.4006665,0.8022896,1,0
tensor(2319),"tensor(2577., dtype=torch.float64)",tensor(9),1,2.657663,0.93448174,1,1,0,-7.7270823,0.000440534,0,0,0,-0.40664455,0.399717,0,0,0,-5.898406,0.0027363072,0,0,0,-3.086838,0.04365345,0,0
tensor(2335),"tensor(11190., dtype=torch.float64)",tensor(9),0,-4.9441805,0.0070743477,0,0,0,2.739781,0.9393336,1,1,0,0.2644327,0.5657256,1,0,1,2.2153616,0.9016205,1,1,0,-0.7634361,0.31790072,0,0
tensor(2357),"tensor(18869., dtype=torch.float64)",tensor(9),1,4.6469893,0.9905007,1,1,0,-9.26837,9.435332e-05,0,0,0,-5.9772987,0.0025292535,0,0,0,-3.6407435,0.02556226,0,0,0,-2.1362817,0.10562012,0,0
tensor(2359),"tensor(13668., dtype=torch.float64)",tensor(9),0,-2.9083593,0.051741876,0,0,1,1.0668554,0.74399847,1,0,0,1.4258155,0.8062484,1,1,1,-0.10005763,0.47500643,0,0,0,0.6280957,0.6520575,1,0
tensor(2361),"tensor(13039., dtype=torch.float64)",tensor(9),1,4.773723,0.991622,1,1,0,-5.6742043,0.003421652,0,0,0,-3.7196102,0.023669584,0,0,0,-4.3731575,0.012454291,0,0,0,-6.9299855,0.0009770595,0,0
tensor(2377),"tensor(20400., dtype=torch.float64)",tensor(9),1,1.45174,0.8102661,1,1,0,-0.0139926,0.4965019,0,0,0,-4.525026,0.010718307,0,0,0,-2.7163372,0.062016193,0,0,0,-1.7700853,0.14553171,0,0
tensor(2389),"tensor(19437., dtype=torch.float64)",tensor(9),1,4.0216956,0.982393,1,1,0,-3.5339475,0.028361604,0,0,0,-5.545605,0.003889393,0,0,0,-3.1736422,0.040169753,0,0,0,-3.617224,0.02615469,0,0
tensor(2395),"tensor(17170., dtype=torch.float64)",tensor(9),1,3.3945923,0.96753514,1,1,0,-5.2534204,0.005202394,0,0,0,-6.9728665,0.0009360862,0,0,0,-0.19167654,0.45222703,0,0,0,-4.5017753,0.010967669,0,0
tensor(2397),"tensor(9357., dtype=torch.float64)",tensor(9),0,1.6840498,0.8434401,1,1,1,-0.2218763,0.44475737,0,0,0,-4.1780133,0.015097503,0,0,0,-3.0860748,0.043685324,0,0,0,-6.5520687,0.0014251263,0,0
tensor(2421),"tensor(17173., dtype=torch.float64)",tensor(9),1,0.80113953,0.69021815,1,1,0,-6.450251,0.0015776326,0,0,0,-5.69085,0.0033653583,0,0,1,4.1931725,0.98512626,1,1,0,-5.170597,0.0056490824,0,0
tensor(2429),"tensor(8456., dtype=torch.float64)",tensor(9),1,4.207198,0.98533034,1,1,0,-4.6819563,0.009175902,0,0,0,-4.5755653,0.010195456,0,0,0,-2.8945847,0.052421913,0,0,0,-4.5053883,0.010928546,0,0
tensor(2443),"tensor(21046., dtype=torch.float64)",tensor(9),0,-0.31941774,0.42081767,0,0,0,-3.258587,0.037019555,0,0,1,0.07611283,0.519019,1,0,0,-3.1029902,0.04298408,0,0,0,1.6907666,0.84432495,1,1
tensor(2465),"tensor(1298., dtype=torch.float64)",tensor(9),1,5.1822567,0.994416,1,1,0,-6.597107,0.0013624507,0,0,0,-5.2792463,0.00507043,0,0,0,-5.4225664,0.004396386,0,0,0,-4.092565,0.016422162,0,0
tensor(2467),"tensor(7513., dtype=torch.float64)",tensor(9),1,3.6114302,0.97369736,1,1,0,-5.422051,0.0043986426,0,0,0,-2.2539291,0.09501108,0,0,0,-7.213665,0.00073591113,0,0,0,-3.7808611,0.02229466,0,0
tensor(2505),"tensor(20101., dtype=torch.float64)",tensor(9),0,-2.9792054,0.048374195,0,0,0,-2.093028,0.1097763,0,0,1,3.1661081,0.9595387,1,1,0,-2.2635155,0.09419001,0,0,1,1.7953246,0.8575788,1,1
tensor(2543),"tensor(13440., dtype=torch.float64)",tensor(9),0,-3.4668562,0.030270128,0,0,0,-0.65451616,0.34197256,0,0,1,2.4943557,0.9237452,1,1,0,1.2219336,0.77240366,1,1,0,-0.9743022,0.2740238,0,0
tensor(2577),"tensor(8053., dtype=torch.float64)",tensor(9),1,3.7516959,0.9770607,1,1,0,-6.814539,0.0010964955,0,0,0,-6.3931227,0.0016702294,0,0,0,-1.549074,0.17522003,0,0,0,-2.4624627,0.07853195,0,0
tensor(2591),"tensor(17271., dtype=torch.float64)",tensor(9),0,-7.544196,0.00052889256,0,0,1,8.501735,0.9997969,1,1,0,-4.8259597,0.007955064,0,0,0,-5.0339727,0.006470742,0,0,0,-7.343012,0.0006466801,0,0
tensor(2613),"tensor(21108., dtype=torch.float64)",tensor(9),1,4.067686,0.98317116,1,1,0,-7.7087646,0.00044867428,0,0,0,-2.6149268,0.06818391,0,0,0,-4.288534,0.013539203,0,0,0,-4.2038145,0.014718613,0,0
tensor(2623),"tensor(7433., dtype=torch.float64)",tensor(9),0,-4.2892566,0.013529558,0,0,1,-1.0822645,0.25307772,0,0,0,-0.56140584,0.36322224,0,0,1,5.2178593,0.9946103,1,1,0,-0.3718126,0.40810308,0,0
tensor(2629),"tensor(17864., dtype=torch.float64)",tensor(9),1,4.0157356,0.9822896,1,1,0,-5.0069833,0.006646585,0,0,0,-3.994269,0.018087719,0,0,0,-2.5770433,0.07063057,0,0,0,-4.243995,0.014147132,0,0
tensor(2669),"tensor(585., dtype=torch.float64)",tensor(9),0,-6.052524,0.0023463995,0,0,1,2.7358873,0.9391113,1,1,0,0.47471026,0.616498,1,0,1,3.5563798,0.9722501,1,1,0,-0.38328147,0.40533566,0,0
tensor(2697),"tensor(5609., dtype=torch.float64)",tensor(9),1,4.8999896,0.99260837,1,1,0,-6.388783,0.0016774813,0,0,0,-5.98436,0.0025115006,0,0,0,-4.1098914,0.016144631,0,0,0,-3.3969338,0.032391433,0,0
tensor(2707),"tensor(20920., dtype=torch.float64)",tensor(9),0,4.0389066,0.98268825,1,1,1,-2.876431,0.053331032,0,0,0,-5.6776757,0.003409835,0,0,0,-2.5710282,0.07102643,0,0,0,-5.688597,0.0033729223,0,0
tensor(2721),"tensor(12807., dtype=torch.float64)",tensor(9),1,3.4041092,0.96783274,1,1,0,-3.3710287,0.03321326,0,0,0,-3.4737597,0.03006814,0,0,0,-2.424386,0.081331946,0,0,0,-4.1082687,0.016170423,0,0
tensor(2727),"tensor(4424., dtype=torch.float64)",tensor(9),0,-1.8643773,0.13419367,0,0,1,-0.02747535,0.49313158,0,0,0,1.3710835,0.79755515,1,1,0,-0.8215314,0.30543867,0,0,0,-1.5790304,0.17093284,0,0
tensor(2745),"tensor(2158., dtype=torch.float64)",tensor(9),0,-4.6652083,0.009329428,0,0,0,-0.48138967,0.381924,0,0,1,3.5886986,0.9731088,1,1,0,-1.3993069,0.1979261,0,0,0,1.6024668,0.8323629,1,1
tensor(2801),"tensor(9053., dtype=torch.float64)",tensor(9),1,6.5222316,0.9985318,1,1,0,-6.0143714,0.002437428,0,0,0,-6.596049,0.0013638912,0,0,0,-6.2341356,0.0019574845,0,0,0,-8.8197,0.00014777081,0,0
tensor(2825),"tensor(7860., dtype=torch.float64)",tensor(9),0,-5.496597,0.004083956,0,0,0,2.2365365,0.90348285,1,1,1,2.5700142,0.92890656,1,1,0,-0.9210722,0.28473946,0,0,0,-0.47125712,0.38431874,0,0
tensor(2841),"tensor(5273., dtype=torch.float64)",tensor(9),1,3.5026891,0.97076416,1,1,0,-4.704605,0.008972259,0,0,0,-2.1168404,0.10747077,0,0,0,-6.806412,0.0011054329,0,0,0,-4.448729,0.011558264,0,0
tensor(2849),"tensor(7390., dtype=torch.float64)",tensor(9),1,6.8690486,0.99896157,1,1,0,-9.084337,0.00011341571,0,0,0,-8.409821,0.00022262023,0,0,0,-4.0459046,0.0171931,0,0,0,-6.3087997,0.0018169095,0,0
tensor(2851),"tensor(14209., dtype=torch.float64)",tensor(9),1,1.4292442,0.80678356,1,1,0,0.04654745,0.51163477,1,0,0,-4.3292003,0.013006679,0,0,0,-1.945309,0.12506576,0,0,0,-3.740227,0.023197796,0,0
tensor(2895),"tensor(15808., dtype=torch.float64)",tensor(9),0,-6.108059,0.002219926,0,0,0,2.64303,0.93358004,1,1,0,1.4581156,0.81124425,1,1,1,2.1840453,0.8988076,1,1,0,-0.5222559,0.37232488,0,0
tensor(2899),"tensor(20652., dtype=torch.float64)",tensor(9),0,-5.4164057,0.0044234344,0,0,1,3.3157363,0.9649647,1,1,1,1.3655097,0.7966537,1,1,0,-2.618248,0.067973204,0,0,0,0.4546514,0.6117446,1,0
tensor(2907),"tensor(21195., dtype=torch.float64)",tensor(9),1,4.373091,0.98754483,1,1,0,-5.266772,0.0051337504,0,0,0,-4.0526032,0.017080273,0,0,0,-3.6672401,0.024910493,0,0,0,-5.0352054,0.0064628227,0,0
tensor(2911),"tensor(13978., dtype=torch.float64)",tensor(9),0,0.20654273,0.55145293,1,0,0,-4.4026256,0.012097018,0,0,0,-0.87455493,0.2943074,0,0,0,-2.408229,0.08254734,0,0,1,1.6416608,0.8377608,1,1
tensor(2933),"tensor(13267., dtype=torch.float64)",tensor(9),1,0.9051331,0.7120032,1,1,0,-1.0800444,0.25349763,0,0,0,-0.57236546,0.3606912,0,0,0,-1.1650434,0.2377521,0,0,0,-1.0800725,0.2534923,0,0
tensor(2949),"tensor(1627., dtype=torch.float64)",tensor(9),0,-0.82920647,0.3038129,0,0,0,-3.7291293,0.023450596,0,0,1,2.2282186,0.9027551,1,1,0,-3.2116218,0.038730714,0,0,0,-1.3008909,0.21401513,0,0
tensor(2967),"tensor(7635., dtype=torch.float64)",tensor(9),0,-2.6743896,0.06450159,0,0,1,0.022604182,0.50565076,1,0,1,2.3114228,0.90981865,1,1,0,-2.6764212,0.06437911,0,0,0,-1.0856332,0.2524415,0,0
tensor(2971),"tensor(13926., dtype=torch.float64)",tensor(9),0,-4.708655,0.00893632,0,0,1,2.8725514,0.94647276,1,1,0,1.2310781,0.7740072,1,1,0,-1.4148397,0.19547181,0,0,0,1.4393418,0.8083527,1,0
tensor(3003),"tensor(20949., dtype=torch.float64)",tensor(9),1,4.9425325,0.9929141,1,1,0,-3.2821689,0.036187995,0,0,0,-5.869595,0.002816064,0,0,0,-4.204956,0.014702065,0,0,0,-7.7356596,0.00043677323,0,0
tensor(3029),"tensor(3385., dtype=torch.float64)",tensor(9),0,-3.7720501,0.02248753,0,0,0,0.061274834,0.5153139,1,0,0,-3.2691474,0.036644917,0,0,1,5.318054,0.99512166,1,1,0,-0.955315,0.2778172,0,0
tensor(3041),"tensor(3851., dtype=torch.float64)",tensor(9),0,-5.293057,0.0050012334,0,0,0,1.838,0.862712,1,1,0,-0.5904474,0.35653222,0,0,1,4.5267963,0.98930043,1,1,0,-1.0771632,0.25404322,0,0
tensor(3053),"tensor(21329., dtype=torch.float64)",tensor(9),1,4.653729,0.99056387,1,1,0,-6.5314155,0.0014548225,0,0,0,-3.313429,0.035113357,0,0,0,-3.859685,0.020639665,0,0,0,-6.475134,0.0015389208,0,0
tensor(3083),"tensor(10698., dtype=torch.float64)",tensor(9),1,5.05329,0.9936522,1,1,0,-7.415362,0.0006015724,0,0,0,-4.6917787,0.009087029,0,0,0,-5.8801603,0.0027865507,0,0,0,-3.594436,0.026741425,0,0
tensor(3089),"tensor(2095., dtype=torch.float64)",tensor(9),1,1.3177093,0.78880036,1,1,0,-2.4097238,0.08243421,0,0,0,-1.7708111,0.14544149,0,0,0,-1.7593015,0.14687784,0,0,0,-0.16243158,0.45948118,0,0
tensor(3111),"tensor(5711., dtype=torch.float64)",tensor(9),1,3.7969024,0.9780523,1,1,0,-7.071302,0.00084840646,0,0,0,-3.9898305,0.018166715,0,0,0,-2.47474,0.07764808,0,0,0,-2.880355,0.05313328,0,0
tensor(3127),"tensor(17465., dtype=torch.float64)",tensor(9),0,-3.8748634,0.020335076,0,0,1,3.93765,0.98087883,1,1,0,-0.5295859,0.3706135,0,0,0,-3.229135,0.038083922,0,0,0,-1.875478,0.13290915,0,0
tensor(3155),"tensor(732., dtype=torch.float64)",tensor(9),0,-6.551894,0.0014253746,0,0,0,0.23400843,0.5582366,1,0,0,0.4847184,0.6188615,1,0,1,5.1434875,0.99419653,1,1,0,2.2272952,0.90267396,1,1
tensor(3169),"tensor(8852., dtype=torch.float64)",tensor(9),1,3.0349715,0.9541293,1,1,0,-4.6462812,0.009505994,0,0,0,-1.2462244,0.22335438,0,0,0,-5.746284,0.0031844568,0,0,0,-5.0119615,0.006613798,0,0
tensor(3189),"tensor(21285., dtype=torch.float64)",tensor(9),1,3.6039608,0.9735054,1,1,0,-4.0867677,0.016516067,0,0,0,-4.123279,0.015933352,0,0,0,-1.8288503,0.1383753,0,0,0,-4.235291,0.014269044,0,0
tensor(3203),"tensor(10042., dtype=torch.float64)",tensor(9),1,1.7284218,0.84921044,1,1,0,-5.784652,0.0030649563,0,0,0,1.0802467,0.74654067,1,1,0,-6.356476,0.0017324655,0,0,0,-5.328064,0.004830015,0,0
tensor(3233),"tensor(14392., dtype=torch.float64)",tensor(9),1,1.1511645,0.7597236,1,1,0,-5.194827,0.005514596,0,0,0,-7.565254,0.0005178773,0,0,1,3.395697,0.9675698,1,1,0,-4.232218,0.014312336,0,0
tensor(3265),"tensor(1353., dtype=torch.float64)",tensor(9),0,0.55375755,0.63500696,1,1,1,-1.6570944,0.16015244,0,0,0,0.1634554,0.54077315,1,0,0,-2.6505315,0.06595626,0,0,1,-0.46510464,0.38577557,0,0
tensor(3271),"tensor(10309., dtype=torch.float64)",tensor(9),1,4.8215256,0.9920099,1,1,0,-3.9662757,0.01859166,0,0,0,-5.3873973,0.004553037,0,0,0,-3.9079657,0.019685991,0,0,0,-6.70972,0.0012175211,0,0
tensor(3273),"tensor(1040., dtype=torch.float64)",tensor(9),1,7.5593505,0.9994791,1,1,0,-7.673434,0.00046480214,0,0,0,-8.746246,0.00015903196,0,0,0,-6.913636,0.0009931489,0,0,0,-7.9186916,0.0003637457,0,0
tensor(3283),"tensor(1792., dtype=torch.float64)",tensor(9),1,5.707786,0.996691,1,1,0,-6.872689,0.0010346171,0,0,0,-5.5192943,0.0039926707,0,0,0,-4.181422,0.015046897,0,0,0,-6.7496614,0.0011699058,0,0
tensor(3337),"tensor(746., dtype=torch.float64)",tensor(9),0,-3.5614898,0.027612394,0,0,0,-2.3630466,0.08603433,0,0,1,3.5990555,0.9733785,1,1,1,1.0161551,0.734223,1,1,0,-1.8050177,0.14124136,0,0
tensor(3345),"tensor(7784., dtype=torch.float64)",tensor(9),1,3.0272725,0.9537911,1,1,0,-3.5668569,0.027468655,0,0,0,-5.587723,0.0037295811,0,0,0,-0.46750957,0.38520586,0,0,0,-6.088296,0.0022641348,0,0
tensor(3349),"tensor(4835., dtype=torch.float64)",tensor(9),0,1.9047087,0.87042356,1,1,0,-3.448451,0.030815085,0,0,0,-1.7356433,0.14986718,0,0,1,-0.7444016,0.3220424,0,0,0,-2.124878,0.10670222,0,0
tensor(3389),"tensor(10644., dtype=torch.float64)",tensor(9),0,-5.450952,0.0042738724,0,0,1,4.3525662,0.98728985,1,1,0,-0.5604904,0.36343402,0,0,0,0.9929739,0.72967494,1,1,0,-1.1538582,0.23978506,0,0
tensor(3401),"tensor(7511., dtype=torch.float64)",tensor(9),0,-5.6093287,0.003650155,0,0,0,3.1772969,0.95997095,1,1,1,1.4100511,0.803774,1,1,0,-0.87394917,0.29443324,0,0,0,1.9582334,0.87634164,1,1
tensor(3409),"tensor(7108., dtype=torch.float64)",tensor(9),0,-3.6780875,0.024648366,0,0,0,-1.363067,0.2037423,0,0,0,-0.32202104,0.42018327,0,0,1,4.3070498,0.98670584,1,1,0,0.60006297,0.6456707,1,0
tensor(3411),"tensor(4377., dtype=torch.float64)",tensor(9),0,-5.74472,0.0031894257,0,0,1,1.9131702,0.87137485,1,1,0,0.5488462,0.6338678,1,0,1,4.1710696,0.98479897,1,1,0,-0.6234995,0.34898597,0,0
tensor(3417),"tensor(1044., dtype=torch.float64)",tensor(9),1,1.6704,0.84162915,1,1,0,-2.9387755,0.050269697,0,0,0,-3.514811,0.028893737,0,0,1,0.7479018,0.67872137,1,1,0,-4.450436,0.0115387775,0,0
tensor(3433),"tensor(2663., dtype=torch.float64)",tensor(9),0,-4.4258013,0.011823161,0,0,0,-3.2104712,0.038773574,0,0,1,4.5029364,0.9890449,1,1,0,-3.0122616,0.046875,0,0,0,2.6113958,0.9315914,1,1
tensor(3443),"tensor(4536., dtype=torch.float64)",tensor(9),0,-3.0022266,0.047325384,0,0,1,0.25486785,0.5633743,1,0,0,-3.595325,0.026718296,0,0,1,4.021229,0.982385,1,1,0,0.76604426,0.6826646,1,0
tensor(3447),"tensor(21065., dtype=torch.float64)",tensor(9),1,1.882821,0.86793476,1,1,0,-6.9418263,0.00096556963,0,0,0,-5.7239194,0.003256244,0,0,0,1.4968001,0.81709677,1,1,0,-2.1274931,0.10645322,0,0
tensor(3457),"tensor(6881., dtype=torch.float64)",tensor(9),0,-6.018824,0.0024266255,0,0,0,-1.2862464,0.21648884,0,0,1,4.7847166,0.9917128,1,1,0,-0.72597694,0.32607818,0,0,1,2.5297744,0.92620295,1,1
tensor(3475),"tensor(10208., dtype=torch.float64)",tensor(9),1,2.95454,0.95047766,1,1,0,-3.5933952,0.026768524,0,0,0,-1.5080006,0.18123528,0,0,0,-7.838926,0.0003939369,0,0,0,-5.1528234,0.0057498026,0,0
tensor(3495),"tensor(17675., dtype=torch.float64)",tensor(9),0,2.6725767,0.9353889,1,1,1,-3.3627765,0.033479262,0,0,0,-2.066266,0.11241909,0,0,1,-2.1577036,0.10361354,0,0,0,-3.2191322,0.03845206,0,0
tensor(3531),"tensor(5612., dtype=torch.float64)",tensor(9),0,-6.207106,0.002011008,0,0,0,-1.4953126,0.18312567,0,0,1,4.8475966,0.9922139,1,1,0,-1.4002355,0.19777873,0,0,0,3.6394892,0.9744065,1,1
tensor(3587),"tensor(13541., dtype=torch.float64)",tensor(9),1,7.3828354,0.99937856,1,1,0,-10.175002,3.810976e-05,0,0,0,-8.395432,0.00022584575,0,0,0,-5.6154847,0.0036278355,0,0,0,-6.2910433,0.0018493994,0,0
tensor(3595),"tensor(19798., dtype=torch.float64)",tensor(9),1,4.525985,0.98929185,1,1,0,-7.50365,0.00055076566,0,0,0,-4.7475195,0.008598605,0,0,0,-3.5216007,0.028703835,0,0,0,-3.3252623,0.034714635,0,0
tensor(3597),"tensor(14329., dtype=torch.float64)",tensor(9),0,-5.7752147,0.0030939293,0,0,0,-0.1355252,0.46617046,0,0,0,1.0439305,0.7396077,1,1,1,5.050285,0.9936333,1,1,1,0.73047364,0.67490923,1,0
tensor(3607),"tensor(12194., dtype=torch.float64)",tensor(9),1,0.9075472,0.712498,1,1,0,-2.1749525,0.10202242,0,0,0,-1.5768368,0.17124394,0,0,0,1.2842401,0.7831707,1,1,0,-3.5415266,0.028153492,0,0
tensor(3611),"tensor(14707., dtype=torch.float64)",tensor(9),1,3.7606924,0.9772614,1,1,0,-4.8108954,0.008074834,0,0,0,-2.3235755,0.08918918,0,0,0,-4.326507,0.013041299,0,0,0,-6.6147957,0.0013385944,0,0
tensor(3637),"tensor(14504., dtype=torch.float64)",tensor(9),0,4.223969,0.9855708,1,1,0,-6.21975,0.0019857914,0,0,0,-4.476833,0.011241555,0,0,0,-2.8898904,0.05265558,0,0,1,-3.6784952,0.024638563,0,0
tensor(3651),"tensor(9624., dtype=torch.float64)",tensor(9),0,-4.0611453,0.016937455,0,0,1,3.2610078,0.96306664,1,1,0,0.4412099,0.60854733,1,0,0,-3.642764,0.025511982,0,0,0,-0.40100577,0.40107074,0,0
tensor(3663),"tensor(14521., dtype=torch.float64)",tensor(9),0,-3.4179878,0.031738006,0,0,0,-1.4033638,0.19728285,0,0,1,1.6570728,0.8398447,1,1,0,3.2001462,0.9608398,1,1,0,-0.71003205,0.32959172,0,0
tensor(3687),"tensor(20965., dtype=torch.float64)",tensor(9),0,-3.3487368,0.033936556,0,0,0,-4.1481504,0.01554804,0,0,1,4.4768724,0.9887589,1,1,0,-4.9204893,0.00724272,0,0,0,-0.42369983,0.39563176,0,0
tensor(3715),"tensor(11558., dtype=torch.float64)",tensor(9),0,-1.7584676,0.14698237,0,0,1,2.1672869,0.8972732,1,1,0,-2.8233428,0.05607573,0,0,0,-3.0539699,0.04504639,0,0,0,-5.801115,0.0030150625,0,0
tensor(3727),"tensor(15447., dtype=torch.float64)",tensor(9),1,5.2109876,0.9945733,1,1,0,-4.604173,0.009910769,0,0,0,-5.62185,0.0036048996,0,0,0,-3.2480938,0.037395447,0,0,0,-8.492926,0.0002048709,0,0
tensor(3739),"tensor(19781., dtype=torch.float64)",tensor(9),0,-2.4598458,0.07872152,0,0,0,1.5640477,0.82693344,1,1,1,-0.7234339,0.32663727,0,0,0,-4.943413,0.0070797424,0,0,0,-6.909138,0.0009976218,0,0
tensor(3741),"tensor(4989., dtype=torch.float64)",tensor(9),1,0.59520197,0.64455783,1,1,0,-4.98702,0.0067796973,0,0,0,-7.3682976,0.00063054357,0,0,1,3.9527087,0.9811592,1,1,0,-3.3710299,0.033213224,0,0
tensor(3747),"tensor(16811., dtype=torch.float64)",tensor(9),1,0.8472781,0.6999958,1,1,0,-4.5924926,0.010026044,0,0,0,-5.8737745,0.002804352,0,0,1,3.0577002,0.9551138,1,1,0,-3.3304884,0.034539938,0,0
tensor(3757),"tensor(1187., dtype=torch.float64)",tensor(9),1,3.606569,0.97357255,1,1,0,-7.1908565,0.00075287634,0,0,0,-5.4185863,0.0044138418,0,0,0,-2.4562168,0.07898512,0,0,0,-1.3968496,0.1983165,0,0
tensor(3771),"tensor(8569., dtype=torch.float64)",tensor(9),1,7.626945,0.99951315,1,1,0,-10.957891,1.7419698e-05,0,0,0,-8.075167,0.0003110746,0,0,0,-6.306058,0.001821889,0,0,0,-6.3524847,0.0017393816,0,0
tensor(3783),"tensor(14136., dtype=torch.float64)",tensor(9),0,-1.1908545,0.23310614,0,0,1,2.1896377,0.8993151,1,1,0,-2.267113,0.09388353,0,0,0,-1.9465995,0.12492463,0,0,0,-0.678396,0.3366194,0,0
tensor(3789),"tensor(12138., dtype=torch.float64)",tensor(9),0,-4.7549167,0.008535775,0,0,1,2.3945327,0.9164095,1,1,0,1.6373035,0.83716774,1,1,0,-3.1045752,0.042918928,0,0,0,0.4036049,0.59955347,1,0
tensor(3799),"tensor(17602., dtype=torch.float64)",tensor(9),0,-6.200688,0.0020239307,0,0,0,4.583847,0.9898878,1,1,1,0.8408757,0.69864964,1,1,0,-3.201512,0.03910886,0,0,0,-1.5738368,0.17167011,0,0
tensor(3807),"tensor(1717., dtype=torch.float64)",tensor(9),1,2.6122787,0.9316477,1,1,0,-7.3338714,0.00065261434,0,0,0,-4.063344,0.016900884,0,0,0,-3.1911392,0.039500535,0,0,0,0.11543634,0.5288271,1,0
tensor(3821),"tensor(15040., dtype=torch.float64)",tensor(9),0,-3.7552981,0.022858731,0,0,1,4.5433764,0.98947453,1,1,0,-2.2539773,0.095006935,0,0,1,-0.6359427,0.34616426,0,0,0,-0.18335244,0.45428988,0,0
tensor(3833),"tensor(2162., dtype=torch.float64)",tensor(9),1,2.8320694,0.94438446,1,1,0,-4.733862,0.008715816,0,0,0,-4.6582294,0.009394153,0,0,0,-1.637151,0.16285309,0,0,0,-1.2497591,0.22274186,0,0
tensor(3835),"tensor(3490., dtype=torch.float64)",tensor(9),0,-7.447558,0.00058252376,0,0,0,1.780682,0.855781,1,1,0,1.8500657,0.86413485,1,1,1,3.816877,0.97847706,1,1,0,2.5163794,0.9252822,1,1
tensor(3857),"tensor(12069., dtype=torch.float64)",tensor(9),1,2.3842974,0.91562206,1,1,0,-4.3520937,0.012716037,0,0,0,-5.3819795,0.004577659,0,0,1,-0.090201214,0.47746497,0,0,0,-2.23293,0.0968321,0,0
tensor(3877),"tensor(13533., dtype=torch.float64)",tensor(9),0,-3.7417572,0.023163147,0,0,1,-4.1167665,0.01603579,0,0,0,3.668268,0.9751144,1,1,0,-1.4469091,0.19047771,0,0,0,2.7038023,0.9372507,1,1
tensor(3883),"tensor(17269., dtype=torch.float64)",tensor(9),0,-7.401913,0.00060971256,0,0,1,2.8434186,0.9449775,1,1,1,2.9435468,0.94995755,1,1,0,-0.13276581,0.46685722,0,0,0,1.722851,0.8484957,1,1
tensor(3889),"tensor(10581., dtype=torch.float64)",tensor(9),1,0.2101967,0.55235654,1,0,0,-2.8410501,0.055145796,0,0,0,-3.1004565,0.04308843,0,0,1,2.771585,0.9411209,1,1,0,-3.1705358,0.040289696,0,0
tensor(3891),"tensor(19879., dtype=torch.float64)",tensor(9),0,-2.2658997,0.09398679,0,0,1,2.8237247,0.94394445,1,1,0,-0.8488141,0.29968166,0,0,1,-0.5560758,0.36445594,0,0,0,-0.9797448,0.27294242,0,0
tensor(3893),"tensor(17201., dtype=torch.float64)",tensor(9),0,-3.9484994,0.018918796,0,0,0,-2.287697,0.09214702,0,0,0,-4.806812,0.008107608,0,0,0,-1.7572954,0.14712942,0,0,0,-7.7597003,0.00042640252,0,0
tensor(3899),"tensor(18692., dtype=torch.float64)",tensor(9),0,-5.7923775,0.003041442,0,0,1,5.690105,0.99663216,1,1,0,-1.1348574,0.24326581,0,0,0,-1.4855286,0.18459381,0,0,0,-2.668425,0.06486242,0,0
tensor(3903),"tensor(21345., dtype=torch.float64)",tensor(9),1,3.1738784,0.95983934,1,1,0,-3.9597936,0.0187103,0,0,0,-3.0636458,0.044631988,0,0,0,-3.093719,0.043367084,0,0,0,-2.7119682,0.06227082,0,0
tensor(3905),"tensor(16933., dtype=torch.float64)",tensor(9),0,-6.0939,0.0022515098,0,0,0,-4.376959,0.012407624,0,0,1,4.5199723,0.989228,1,1,0,0.57454944,0.6398123,1,0,1,3.9584687,0.98126537,1,1
tensor(3917),"tensor(14457., dtype=torch.float64)",tensor(9),1,0.10651218,0.52660286,1,0,0,-3.6547713,0.02521516,0,0,0,1.3804611,0.79906505,1,1,0,-4.2476077,0.014096836,0,0,0,-1.6018424,0.16772425,0,0
tensor(3919),"tensor(12865., dtype=torch.float64)",tensor(9),0,5.8569055,0.9971481,1,1,1,-5.0860724,0.0061442675,0,0,0,-7.0133705,0.00089896185,0,0,0,-4.5857096,0.010093592,0,0,0,-7.263403,0.0007002288,0,0
tensor(3939),"tensor(12807., dtype=torch.float64)",tensor(9),0,3.4281907,0.9685741,1,1,0,-4.203693,0.014720375,0,0,1,-3.3764877,0.03303842,0,0,0,-2.2264166,0.09740322,0,0,0,-3.5608866,0.027628591,0,0
tensor(3979),"tensor(3495., dtype=torch.float64)",tensor(9),0,-2.2998714,0.09113361,0,0,0,-1.4115428,0.19599085,0,0,1,-0.42946383,0.39425436,0,0,1,1.333644,0.79144275,1,1,1,2.0916874,0.89009255,1,1
tensor(4005),"tensor(1030., dtype=torch.float64)",tensor(9),1,-1.8824555,0.1321071,0,0,0,-0.7821432,0.31385815,0,0,0,2.1344147,0.8942034,1,1,0,-3.3884687,0.032657795,0,0,0,-0.69081897,0.33385092,0,0
tensor(4057),"tensor(21263., dtype=torch.float64)",tensor(9),1,2.231588,0.9030504,1,1,0,-2.9229295,0.051031645,0,0,0,-4.931051,0.0071671745,0,0,0,-1.5886436,0.16957483,0,0,0,-0.7607272,0.3184884,0,0
tensor(4105),"tensor(5419., dtype=torch.float64)",tensor(9),0,-7.444117,0.0005845304,0,0,1,4.521973,0.9892492,1,1,0,1.8586414,0.86513853,1,1,1,-3.1789856,0.039964236,0,0,0,2.08481,0.889418,1,1
tensor(4117),"tensor(19574., dtype=torch.float64)",tensor(9),0,0.25946432,0.5645046,1,0,0,-5.673992,0.003422375,0,0,0,0.756945,0.68069005,1,0,0,-2.3678892,0.0856543,0,0,0,-1.3228825,0.21033911,0,0
tensor(4145),"tensor(1022., dtype=torch.float64)",tensor(9),0,-5.551186,0.0038678308,0,0,0,3.0293665,0.9538833,1,1,1,1.5510362,0.82506335,1,1,0,0.33723277,0.5835182,1,0,0,0.13292536,0.5331825,1,0
tensor(4161),"tensor(18532., dtype=torch.float64)",tensor(9),0,-2.9691663,0.048838437,0,0,1,-0.17672792,0.45593265,0,0,0,0.8497168,0.7005077,1,1,0,-6.8551717,0.0010528809,0,0,0,-6.6835065,0.0012498184,0,0
tensor(4185),"tensor(8611., dtype=torch.float64)",tensor(9),1,5.9014344,0.99727196,1,1,0,-7.832248,0.0003965752,0,0,0,-6.503121,0.0014965115,0,0,0,-3.0734735,0.044214807,0,0,0,-6.593326,0.0013676046,0,0
tensor(4195),"tensor(17410., dtype=torch.float64)",tensor(9),0,-5.1000547,0.006059472,0,0,1,4.4677806,0.9886574,1,1,1,-0.45767018,0.38753867,0,0,0,-1.8345594,0.137696,0,0,0,-3.1859205,0.039699018,0,0
tensor(4209),"tensor(17668., dtype=torch.float64)",tensor(9),0,-4.407726,0.012036217,0,0,1,5.6309,0.9964275,1,1,0,-3.1864822,0.03967761,0,0,0,-3.9146018,0.019558333,0,0,0,-4.3071604,0.013292674,0,0
tensor(4223),"tensor(17367., dtype=torch.float64)",tensor(9),0,-2.4144979,0.082073815,0,0,0,-0.82919854,0.3038146,0,0,0,-3.216486,0.038550016,0,0,1,4.5014434,0.9890287,1,1,0,-1.7215695,0.15166911,0,0
tensor(4233),"tensor(14717., dtype=torch.float64)",tensor(9),0,-3.3887773,0.03264805,0,0,1,3.9924603,0.98188007,1,1,0,-1.5678675,0.17252061,0,0,0,-3.606317,0.026433937,0,0,1,-2.795018,0.05759399,0,0
tensor(4243),"tensor(12033., dtype=torch.float64)",tensor(9),1,3.0974858,0.95678896,1,1,0,-1.9020027,0.129882,0,0,0,-4.4228973,0.011857136,0,0,0,-2.527637,0.073943295,0,0,0,-3.8171644,0.02151691,0,0
tensor(4279),"tensor(3040., dtype=torch.float64)",tensor(9),0,-0.47417837,0.38362777,0,0,0,0.057208277,0.5142982,1,0,0,-0.25851503,0.43572876,0,0,1,-2.0010538,0.11909232,0,0,0,0.79002327,0.6878363,1,0
tensor(4281),"tensor(10812., dtype=torch.float64)",tensor(9),0,-1.0986626,0.24999058,0,0,0,-0.6810491,0.33602718,0,0,0,-0.20715341,0.44839606,0,0,1,1.5687319,0.82760274,1,1,0,-2.3686845,0.08559204,0,0
tensor(4307),"tensor(13866., dtype=torch.float64)",tensor(9),0,-9.015053,0.00012155128,0,0,1,5.8924975,0.9972475,1,1,1,1.8454561,0.8635927,1,1,0,-3.7461154,0.023064734,0,0,0,0.2813181,0.56986934,1,0
tensor(4333),"tensor(4365., dtype=torch.float64)",tensor(9),0,-3.6251526,0.0259535,0,0,1,-0.45485452,0.3882072,0,0,1,2.4103262,0.9176113,1,1,0,2.0638912,0.88734376,1,1,0,-2.1614952,0.10326192,0,0
tensor(4367),"tensor(14477., dtype=torch.float64)",tensor(9),0,-0.036460318,0.4908859,0,0,0,-2.5256686,0.074078195,0,0,1,1.4584956,0.8113025,1,1,0,-1.4709692,0.18679534,0,0,0,-3.0034435,0.04727055,0,0
tensor(4395),"tensor(7589., dtype=torch.float64)",tensor(9),0,-2.922664,0.051044513,0,0,0,0.91195524,0.7134001,1,0,1,1.5315998,0.8222403,1,1,0,0.2717281,0.5675171,1,0,0,-1.3953619,0.19855314,0,0
tensor(4415),"tensor(2405., dtype=torch.float64)",tensor(9),0,-7.2549396,0.0007061761,0,0,0,1.4048276,0.80294883,1,0,0,1.3744166,0.7980928,1,1,1,4.9603677,0.9930385,1,1,0,1.7876673,0.85664105,1,1
tensor(4439),"tensor(9118., dtype=torch.float64)",tensor(9),1,0.81607,0.69340146,1,1,0,-3.0958805,0.0432775,0,0,0,-3.4697628,0.030184925,0,0,0,-1.95517,0.12399071,0,0,0,1.4878349,0.8157531,1,0
tensor(4447),"tensor(18578., dtype=torch.float64)",tensor(9),1,2.8755138,0.9466226,1,1,0,-5.405104,0.004473484,0,0,0,-6.8675675,0.0010399236,0,0,0,1.0713958,0.74486226,1,1,0,-7.5586715,0.0005212958,0,0
tensor(4483),"tensor(9206., dtype=torch.float64)",tensor(9),1,1.9585783,0.876379,1,1,0,-0.31526265,0.4218307,0,0,0,-4.36135,0.012600353,0,0,0,-3.5436091,0.028096564,0,0,0,-3.6743982,0.024737215,0,0
tensor(4485),"tensor(5786., dtype=torch.float64)",tensor(9),1,4.2615514,0.9860956,1,1,0,-4.7692065,0.008415688,0,0,0,-4.709601,0.008927946,0,0,0,-4.4966764,0.011023115,0,0,0,-3.3749583,0.033087313,0,0
tensor(4507),"tensor(15898., dtype=torch.float64)",tensor(9),1,5.615704,0.99637294,1,1,0,-9.168707,0.00010424035,0,0,0,-4.218966,0.014500491,0,0,0,-5.6594515,0.0034723287,0,0,0,-5.6080685,0.0036547417,0,0
tensor(4543),"tensor(7514., dtype=torch.float64)",tensor(9),1,4.5905194,0.98995435,1,1,0,-5.3220277,0.004859117,0,0,0,-6.281161,0.0018677321,0,0,0,-0.99736524,0.26945975,0,0,0,-7.195481,0.00074940536,0,0
tensor(4571),"tensor(1606., dtype=torch.float64)",tensor(9),0,-6.6482625,0.0012945943,0,0,1,3.1102147,0.9573121,1,1,0,0.08568705,0.5214087,1,0,1,4.0883875,0.98351026,1,1,1,-0.03940423,0.49015027,0,0
tensor(4587),"tensor(761., dtype=torch.float64)",tensor(9),1,8.659627,0.9998266,1,1,0,-7.658653,0.00047172018,0,0,0,-11.158022,1.42602275e-05,0,0,0,-7.2317386,0.0007227396,0,0,0,-9.946742,4.7881083e-05,0,0
tensor(4647),"tensor(531., dtype=torch.float64)",tensor(9),1,1.9753981,0.87818974,1,1,0,-4.0250506,0.01754905,0,0,0,-0.4427469,0.39108664,0,0,0,-3.0223103,0.046428084,0,0,0,-4.142286,0.015638063,0,0
tensor(4651),"tensor(6944., dtype=torch.float64)",tensor(9),0,-5.165068,0.005680224,0,0,0,-0.2872309,0.4286819,0,0,1,2.4199023,0.91833246,1,1,1,3.550096,0.97208,1,1,0,-0.99500644,0.26992434,0,0
tensor(4661),"tensor(15993., dtype=torch.float64)",tensor(9),0,-6.717814,0.0012077184,0,0,1,5.0171127,0.99341995,1,1,0,0.85988754,0.70263714,1,1,0,-1.7014402,0.15427725,0,0,1,1.8369577,0.8625885,1,1
tensor(4663),"tensor(5941., dtype=torch.float64)",tensor(9),0,5.0857663,0.9938539,1,1,0,-8.956919,0.00012882604,0,0,0,-5.644944,0.0035228913,0,0,0,-4.1824417,0.015031796,0,0,1,-3.1604636,0.04068096,0,0
tensor(4677),"tensor(4670., dtype=torch.float64)",tensor(9),1,1.2657671,0.7800173,1,1,0,-3.6097803,0.026344955,0,0,0,-1.5546513,0.17441551,0,0,0,-0.7809795,0.31410882,0,0,0,-0.46356422,0.38614067,0,0
tensor(4681),"tensor(5632., dtype=torch.float64)",tensor(9),0,1.3443108,0.793198,1,1,0,-4.030435,0.017456455,0,0,0,0.34179097,0.58462554,1,0,1,-1.9975663,0.119458675,0,0,0,-4.6116734,0.009837443,0,0
tensor(4695),"tensor(4798., dtype=torch.float64)",tensor(9),0,-3.5211813,0.028715529,0,0,0,-0.4715775,0.38424295,0,0,1,2.7736642,0.941236,1,1,0,-1.6237586,0.16468716,0,0,0,-1.8497148,0.1359064,0,0
tensor(4733),"tensor(21541., dtype=torch.float64)",tensor(9),0,-5.1352096,0.0058513777,0,0,0,2.8243012,0.943975,1,1,0,-1.3653241,0.20337635,0,0,1,2.2431235,0.9040557,1,1,0,2.263951,0.90584713,1,1
tensor(4751),"tensor(3264., dtype=torch.float64)",tensor(9),0,-0.29081666,0.42780393,0,0,0,-0.021591395,0.49460235,0,0,1,0.54233855,0.6323563,1,0,0,-2.6082206,0.06861123,0,0,0,-2.08208,0.1108508,0,0
tensor(4761),"tensor(9303., dtype=torch.float64)",tensor(9),0,-2.4648032,0.07836273,0,0,0,0.71667373,0.67187417,1,0,1,1.3574026,0.79533726,1,1,0,-1.4118584,0.19594109,0,0,0,-1.2401817,0.22440438,0,0
tensor(4861),"tensor(8484., dtype=torch.float64)",tensor(9),0,-3.3835647,0.032813076,0,0,1,3.3390903,0.9657458,1,1,0,-1.563372,0.17316331,0,0,0,0.82863265,0.6960657,1,1,0,-2.3778558,0.08487697,0,0
tensor(4863),"tensor(16346., dtype=torch.float64)",tensor(9),0,-3.4990053,0.029340547,0,0,0,-3.068738,0.04441536,0,0,0,4.1366005,0.9842742,1,1,0,-3.5625978,0.02758266,0,0,1,-0.05860033,0.4853541,0,0
tensor(4925),"tensor(13415., dtype=torch.float64)",tensor(9),0,-5.670366,0.0034347659,0,0,1,3.8156495,0.97845113,1,1,0,1.2686255,0.7805073,1,1,0,-0.8759698,0.29401362,0,0,0,0.41279942,0.60175896,1,0
tensor(4953),"tensor(16348., dtype=torch.float64)",tensor(9),0,-3.0778377,0.04403074,0,0,1,-1.416399,0.19522673,0,0,0,3.28433,0.9638873,1,1,0,-2.7840014,0.058194857,0,0,0,0.15361062,0.53832734,1,0
tensor(4961),"tensor(6777., dtype=torch.float64)",tensor(9),1,0.7486545,0.67888546,1,1,0,0.45134428,0.61095876,1,0,0,-1.6298699,0.16384816,0,0,0,-4.5390253,0.010570877,0,0,0,-5.6742597,0.0034214633,0,0
tensor(4989),"tensor(21679., dtype=torch.float64)",tensor(9),0,-2.860978,0.05411663,0,0,0,-1.5529382,0.17466229,0,0,1,3.0167322,0.9533244,1,1,0,-0.5357295,0.36918157,0,0,0,-2.3159134,0.08981356,0,0
tensor(5109),"tensor(17295., dtype=torch.float64)",tensor(9),0,0.9970049,0.7304693,1,1,1,-1.5474375,0.17545667,0,0,0,-0.5934852,0.35583562,0,0,0,-1.2066077,0.23030184,0,0,0,-1.2929308,0.21535715,0,0
tensor(5139),"tensor(21190., dtype=torch.float64)",tensor(9),0,-4.0718436,0.016760238,0,0,1,3.9246616,0.9806337,1,1,0,-0.44953725,0.38947082,0,0,0,-0.47719157,0.3829155,0,0,0,-1.1842068,0.23429665,0,0
tensor(5161),"tensor(16546., dtype=torch.float64)",tensor(9),1,6.153964,0.9978795,1,1,0,-7.8987455,0.00037107116,0,0,0,-5.5178924,0.00399825,0,0,0,-6.1690135,0.0020889272,0,0,0,-6.601225,0.0013568593,0,0
tensor(5199),"tensor(13233., dtype=torch.float64)",tensor(9),1,1.6139983,0.8339658,1,1,0,-3.2772605,0.03635958,0,0,0,-2.6795306,0.064192064,0,0,0,1.1507851,0.7596543,1,1,0,-4.8162565,0.008032006,0,0
tensor(5211),"tensor(12626., dtype=torch.float64)",tensor(9),0,-6.961527,0.0009467514,0,0,1,-0.14304844,0.46429875,0,0,1,4.5293255,0.9893272,1,1,0,-0.6741295,0.3375728,0,0,1,3.2343063,0.9621051,1,1
tensor(5253),"tensor(8175., dtype=torch.float64)",tensor(9),1,1.4812944,0.814768,1,1,0,-2.820125,0.05624629,0,0,0,-5.719877,0.003269391,0,0,0,0.8520474,0.70099646,1,1,0,-3.574272,0.02727126,0,0
tensor(5263),"tensor(15753., dtype=torch.float64)",tensor(9),1,4.3535576,0.9873023,1,1,0,-5.182677,0.005581632,0,0,0,-4.719171,0.008843663,0,0,0,-1.6170627,0.16561036,0,0,0,-6.723732,0.0012006006,0,0
tensor(5293),"tensor(14465., dtype=torch.float64)",tensor(9),0,-8.158857,0.00028610733,0,0,1,1.981826,0.8788757,1,1,1,3.60215,0.9734586,1,1,0,0.18926893,0.5471765,1,0,1,3.4467442,0.9691339,1,1
tensor(5335),"tensor(19037., dtype=torch.float64)",tensor(9),0,0.52782965,0.62897676,1,1,0,-0.61590624,0.35071307,0,0,1,0.17364785,0.5433032,1,0,1,-3.2413895,0.03763753,0,0,0,-3.457885,0.030534578,0,0
tensor(5345),"tensor(20329., dtype=torch.float64)",tensor(9),1,4.3450866,0.98719573,1,1,0,-5.8084245,0.0029931704,0,0,0,-4.3285117,0.013015522,0,0,0,-5.3290772,0.0048251473,0,0,0,-2.9731834,0.048652165,0,0
tensor(5347),"tensor(17734., dtype=torch.float64)",tensor(9),0,-3.435251,0.031211765,0,0,1,1.8820657,0.8678482,1,1,0,0.113873444,0.5284377,1,0,0,-0.1330589,0.46678427,0,0,0,-2.9306872,0.050657265,0,0
tensor(5371),"tensor(8992., dtype=torch.float64)",tensor(9),1,1.4866316,0.81557214,1,1,0,-5.156982,0.0057260776,0,0,0,-3.647381,0.025397446,0,0,0,-2.8861854,0.05284071,0,0,0,1.2798766,0.78242874,1,0
tensor(5377),"tensor(12289., dtype=torch.float64)",tensor(9),1,3.043425,0.9544978,1,1,0,-1.4730793,0.18647502,0,0,0,-4.990546,0.006755994,0,0,0,-2.3730888,0.08524797,0,0,0,-4.944809,0.007069934,0,0
tensor(5403),"tensor(19194., dtype=torch.float64)",tensor(9),1,5.6476192,0.99648654,1,1,0,-7.407462,0.0006063406,0,0,0,-7.725263,0.00044133578,0,0,0,-3.0792513,0.043971278,0,0,0,-4.8779883,0.0075548026,0,0
tensor(5405),"tensor(19508., dtype=torch.float64)",tensor(9),1,1.9019306,0.87010986,1,1,0,-2.2511375,0.09525139,0,0,0,-2.5762305,0.07068394,0,0,0,-0.9876504,0.27137643,0,0,0,-1.9220592,0.12763211,0,0
tensor(5427),"tensor(14119., dtype=torch.float64)",tensor(9),1,5.638747,0.9964553,1,1,0,-8.141948,0.00029098502,0,0,0,-5.1858172,0.0055642286,0,0,0,-5.785671,0.0030618447,0,0,0,-4.595524,0.009996002,0,0
tensor(5437),"tensor(14197., dtype=torch.float64)",tensor(9),0,-0.7595968,0.3187338,0,0,0,-2.0946481,0.10961808,0,0,1,2.218718,0.9019178,1,1,0,-4.53973,0.01056351,0,0,0,-2.8120701,0.056675404,0,0
tensor(5487),"tensor(10480., dtype=torch.float64)",tensor(9),1,0.46389496,0.61393774,1,1,0,1.0426115,0.7393536,1,0,0,-5.167053,0.0056690243,0,0,0,-3.6453617,0.025447479,0,0,0,-1.2578914,0.22133708,0,0
tensor(5579),"tensor(12253., dtype=torch.float64)",tensor(9),1,3.5876627,0.97308177,1,1,0,-8.2863655,0.00025186499,0,0,0,-4.102418,0.016263768,0,0,0,-3.26371,0.036837354,0,0,0,-1.5049798,0.18168397,0,0
tensor(5589),"tensor(17964., dtype=torch.float64)",tensor(9),1,0.6778251,0.6632531,1,1,0,-1.2685505,0.2195055,0,0,0,-2.540412,0.07307327,0,0,0,1.3479865,0.79380023,1,1,0,-2.584626,0.070134446,0,0
tensor(5621),"tensor(16080., dtype=torch.float64)",tensor(9),1,9.69809,0.9999386,1,1,0,-12.01607,6.0462253e-06,0,0,0,-11.757787,7.82807e-06,0,0,0,-6.0504665,0.002351221,0,0,0,-10.100895,4.104113e-05,0,0
tensor(5625),"tensor(20009., dtype=torch.float64)",tensor(9),0,-1.7137485,0.15267815,0,0,0,-1.81788,0.13968843,0,0,1,2.3252966,0.9109505,1,1,0,-2.5133495,0.07492761,0,0,1,-0.18560243,0.45373213,0,0
tensor(5655),"tensor(10654., dtype=torch.float64)",tensor(9),1,4.0646396,0.9831207,1,1,0,-6.994351,0.00091620773,0,0,0,-5.7098956,0.0033020785,0,0,0,-2.1341918,0.105817705,0,0,0,-2.604587,0.06884378,0,0
tensor(5665),"tensor(17295., dtype=torch.float64)",tensor(9),0,-2.413177,0.08217339,0,0,1,-1.535551,0.17718296,0,0,0,2.9146905,0.94856787,1,1,0,-2.2881203,0.092111625,0,0,0,-0.4641991,0.38599014,0,0
tensor(5687),"tensor(16438., dtype=torch.float64)",tensor(9),0,-5.473213,0.0041801753,0,0,0,-0.78779507,0.3126423,0,0,1,4.0364003,0.9826455,1,1,1,-0.14019729,0.46500796,0,0,1,2.7245321,0.9384588,1,1
tensor(5731),"tensor(7028., dtype=torch.float64)",tensor(9),1,5.7461476,0.99681515,1,1,0,-7.551945,0.00052481215,0,0,0,-6.5916486,0.0013698975,0,0,0,-5.0298824,0.0064970916,0,0,0,-4.233654,0.014292088,0,0
tensor(5733),"tensor(11021., dtype=torch.float64)",tensor(9),1,5.2064176,0.9945486,1,1,0,-6.504568,0.0014943506,0,0,0,-5.302819,0.004952891,0,0,0,-3.955467,0.018789902,0,0,0,-5.4003143,0.0044948664,0,0
tensor(5755),"tensor(6338., dtype=torch.float64)",tensor(9),0,-0.06303155,0.48424736,0,0,1,-2.147421,0.104572475,0,0,0,1.1034255,0.7509014,1,1,0,-1.2626324,0.22052109,0,0,0,-0.9628668,0.2763046,0,0
tensor(5769),"tensor(8484., dtype=torch.float64)",tensor(9),0,-8.576247,0.00018849561,0,0,1,3.6087527,0.97362864,1,1,1,2.346916,0.91268873,1,1,0,1.8994219,0.8698261,1,1,1,2.1331367,0.8940825,1,1
tensor(5825),"tensor(823., dtype=torch.float64)",tensor(9),1,2.9514215,0.9503306,1,1,0,-7.648733,0.0004764205,0,0,0,-4.8477035,0.0077852905,0,0,0,-3.0176497,0.046634857,0,0,0,-0.05109477,0.4872291,0,0
tensor(5857),"tensor(14338., dtype=torch.float64)",tensor(9),0,-3.4689257,0.03020944,0,0,1,0.6395485,0.6546514,1,0,0,-3.256206,0.037104525,0,0,1,3.9097724,0.9803489,1,1,0,1.2306807,0.77393764,1,0
tensor(5861),"tensor(19492., dtype=torch.float64)",tensor(9),0,-2.2412066,0.096110664,0,0,0,2.577108,0.92937374,1,1,1,-0.99269694,0.27037972,0,0,0,-2.1378145,0.10547541,0,0,0,0.032949366,0.50823665,1,0
tensor(5863),"tensor(9194., dtype=torch.float64)",tensor(9),0,-6.9187865,0.0009880522,0,0,1,3.8679805,0.9795274,1,1,0,-0.3590366,0.4111928,0,0,0,3.7636824,0.9773278,1,1,0,0.2503965,0.5622741,1,0
tensor(5889),"tensor(17657., dtype=torch.float64)",tensor(9),0,-4.159286,0.015378514,0,0,1,5.1084504,0.99399084,1,1,0,-2.4219198,0.0815164,0,0,0,-1.1970464,0.23200108,0,0,0,-1.2098523,0.2297272,0,0
tensor(5923),"tensor(20812., dtype=torch.float64)",tensor(9),1,1.3749948,0.79818594,1,1,0,-4.0596714,0.016962014,0,0,0,-3.4038444,0.032175537,0,0,1,1.3147413,0.78830546,1,1,0,-2.2846544,0.092401884,0,0
tensor(5925),"tensor(16910., dtype=torch.float64)",tensor(9),0,-5.1677184,0.0056652753,0,0,0,-4.578619,0.0101646865,0,0,0,-3.2396343,0.03770116,0,0,1,7.8127346,0.9995956,1,1,0,-0.25090522,0.43760073,0,0
tensor(5927),"tensor(13482., dtype=torch.float64)",tensor(9),0,-6.053414,0.0023443177,0,0,1,5.100647,0.9939441,1,1,0,0.16869581,0.54207426,1,0,0,-0.56046253,0.36344042,0,0,0,0.34866056,0.5862927,1,0
tensor(5943),"tensor(7252., dtype=torch.float64)",tensor(9),0,-3.2080781,0.03886286,0,0,0,-1.0707014,0.25526974,0,0,0,-3.351369,0.033850368,0,0,1,5.30974,0.99508107,1,1,0,0.05105517,0.512761,1,0
tensor(5945),"tensor(3122., dtype=torch.float64)",tensor(9),1,2.9079928,0.9482401,1,1,0,-5.2421227,0.0052611916,0,0,0,-5.417666,0.0044178874,0,0,0,-0.83577794,0.30242476,0,0,0,-2.2227867,0.09772282,0,0
tensor(5949),"tensor(3483., dtype=torch.float64)",tensor(9),0,-4.1569023,0.015414648,0,0,0,-1.0453727,0.26011467,0,0,1,3.5711746,0.9726465,1,1,0,-4.0960183,0.016366474,0,0,0,-2.3285792,0.08878355,0,0
tensor(5955),"tensor(20843., dtype=torch.float64)",tensor(9),0,-0.19279495,0.45195,0,0,0,-5.890816,0.0027570967,0,0,0,-0.08130578,0.47968474,0,0,0,-1.0357196,0.26197672,0,0,1,1.1517334,0.7598274,1,0
tensor(5961),"tensor(9038., dtype=torch.float64)",tensor(9),1,1.4842149,0.8152083,1,1,0,-4.235114,0.014271531,0,0,0,-5.1666045,0.005671554,0,0,1,1.5983368,0.8317858,1,1,0,-3.8462658,0.020912668,0,0
tensor(6011),"tensor(7745., dtype=torch.float64)",tensor(9),0,-6.791875,0.0011216021,0,0,1,3.6823206,0.9754532,1,1,0,1.6385272,0.8373344,1,1,0,0.57989657,0.6410436,1,0,0,0.5937947,0.6442354,1,0
tensor(6031),"tensor(14402., dtype=torch.float64)",tensor(9),1,2.6451876,0.9337138,1,1,0,-6.3090954,0.0018163733,0,0,0,-0.98878473,0.2711522,0,0,0,-4.368124,0.012516351,0,0,0,-2.941704,0.05013007,0,0
tensor(6057),"tensor(7969., dtype=torch.float64)",tensor(9),0,0.3653352,0.5903313,1,1,0,-0.9728203,0.27431872,0,0,0,-5.843153,0.0028913014,0,0,1,1.8026613,0.8584726,1,1,0,-3.7914946,0.02206405,0,0
tensor(6067),"tensor(3191., dtype=torch.float64)",tensor(9),0,1.8251381,0.8611815,1,1,1,0.21534961,0.5536303,1,0,0,-3.4419785,0.031008985,0,0,0,-3.084562,0.043748565,0,0,0,-4.211655,0.014605338,0,0
tensor(6073),"tensor(1107., dtype=torch.float64)",tensor(9),0,-4.1869073,0.014965822,0,0,0,2.141438,0.894866,1,1,1,-1.1691115,0.2370156,0,0,1,2.785517,0.9418881,1,1,0,-1.8369193,0.13741605,0,0
tensor(6097),"tensor(4982., dtype=torch.float64)",tensor(9),1,2.573227,0.9291185,1,1,0,-3.351307,0.033852395,0,0,0,-4.9046607,0.0073574246,0,0,0,-1.7766676,0.1447151,0,0,0,-1.1614206,0.23840925,0,0
tensor(6109),"tensor(7594., dtype=torch.float64)",tensor(9),1,1.9891155,0.8796495,1,1,0,-1.7330409,0.15019903,0,0,0,-3.4965732,0.029409891,0,0,1,-1.0763432,0.25419867,0,0,0,-1.720969,0.15174639,0,0
tensor(6111),"tensor(2090., dtype=torch.float64)",tensor(9),1,1.365696,0.79668385,1,1,0,-5.4625096,0.004224968,0,0,0,-2.6123428,0.068348266,0,0,0,-0.7566142,0.3193818,0,0,0,0.0707979,0.5176921,1,0
tensor(6115),"tensor(4861., dtype=torch.float64)",tensor(9),0,-3.5375605,0.02826221,0,0,1,3.4735067,0.96992445,1,1,0,-3.464826,0.030329775,0,0,1,1.7932552,0.8573259,1,1,0,0.29631522,0.5735415,1,0
tensor(6135),"tensor(5382., dtype=torch.float64)",tensor(9),0,-5.6866155,0.0033795903,0,0,0,-0.37734553,0.40676728,0,0,1,3.6307068,0.9741865,1,1,0,-0.5658277,0.3622001,0,0,1,3.5165172,0.97115415,1,1
tensor(6153),"tensor(3064., dtype=torch.float64)",tensor(9),0,-4.6651063,0.009330371,0,0,0,-3.449451,0.030785238,0,0,0,-3.3643732,0.033427637,0,0,1,7.1494417,0.99921525,1,1,0,-0.5805144,0.35881427,0,0
tensor(6187),"tensor(13784., dtype=torch.float64)",tensor(9),1,5.664786,0.9965461,1,1,0,-5.735993,0.0032172918,0,0,0,-5.942409,0.0026188204,0,0,0,-4.901442,0.007380968,0,0,0,-6.7061844,0.0012218283,0,0
tensor(6191),"tensor(7156., dtype=torch.float64)",tensor(9),1,1.770756,0.8545517,1,1,0,-3.5801687,0.027115267,0,0,0,-3.25954,0.036985587,0,0,0,-0.1909516,0.4524066,0,0,0,-1.3442996,0.2068039,0,0
tensor(6221),"tensor(11885., dtype=torch.float64)",tensor(9),0,-5.526913,0.0039624865,0,0,1,2.2294235,0.9028608,1,1,1,0.9692294,0.72496593,1,1,0,2.7500353,0.9399153,1,1,0,0.9310094,0.71728003,1,0
tensor(6233),"tensor(18411., dtype=torch.float64)",tensor(9),0,1.6303767,0.8362213,1,1,0,-4.2987723,0.013403143,0,0,1,-1.5632374,0.17318259,0,0,0,-1.9652349,0.122901626,0,0,0,-0.64070237,0.3450878,0,0
tensor(6241),"tensor(14331., dtype=torch.float64)",tensor(9),0,-4.4785743,0.011222215,0,0,1,4.9229493,0.99277496,1,1,0,-1.8321306,0.13798466,0,0,0,-2.45273,0.079239145,0,0,1,0.73565185,0.67604434,1,0
tensor(6255),"tensor(8492., dtype=torch.float64)",tensor(9),0,1.5817215,0.8294482,1,1,1,-3.5634584,0.027559584,0,0,0,-2.3445258,0.087501876,0,0,0,-3.0293374,0.046117965,0,0,0,0.2469804,0.56143314,1,0
tensor(6263),"tensor(13296., dtype=torch.float64)",tensor(9),1,1.6646926,0.8408669,1,1,0,-5.980432,0.0025213608,0,0,0,-4.6020317,0.009931804,0,0,1,2.7065544,0.93741226,1,1,0,-6.0746875,0.0022950855,0,0
tensor(6281),"tensor(16104., dtype=torch.float64)",tensor(9),1,3.365947,0.9666231,1,1,0,-3.4610727,0.030440355,0,0,0,-4.126811,0.015878068,0,0,0,-1.6969794,0.15486018,0,0,0,-3.83906,0.021060716,0,0
tensor(6285),"tensor(13634., dtype=torch.float64)",tensor(9),0,-3.2925282,0.035828408,0,0,1,3.865775,0.9794831,1,1,0,-1.4033831,0.19727981,0,0,0,-1.7620388,0.14653517,0,0,1,-1.4759793,0.18603548,0,0
tensor(6289),"tensor(10880., dtype=torch.float64)",tensor(9),1,-0.9159064,0.2857927,0,0,0,-0.75010467,0.3207985,0,0,0,0.72559613,0.67383814,1,0,0,0.02460144,0.50615007,1,0,0,-3.7961051,0.021964787,0,0
tensor(6319),"tensor(10181., dtype=torch.float64)",tensor(9),0,6.785282,0.9988709,1,1,0,-8.365181,0.0002327807,0,0,0,-8.564442,0.00019073368,0,0,0,-3.9594595,0.018716434,0,0,1,-6.596595,0.0013631477,0,0
tensor(6323),"tensor(2713., dtype=torch.float64)",tensor(9),1,4.098372,0.98367137,1,1,0,-5.3230596,0.0048541296,0,0,0,-5.5921197,0.0037132793,0,0,0,-1.420551,0.19457524,0,0,0,-4.9483614,0.007045041,0,0
tensor(6329),"tensor(6421., dtype=torch.float64)",tensor(9),1,-5.579646,0.003759712,0,0,0,2.7273035,0.9386187,1,1,1,2.1207185,0.89290065,1,1,0,-1.4532555,0.18950103,0,0,0,-0.9950767,0.26991048,0,0
tensor(6335),"tensor(6787., dtype=torch.float64)",tensor(9),0,-2.6122053,0.06835703,0,0,0,-0.6097701,0.35211164,0,0,1,2.627223,0.9325932,1,1,0,-1.644221,0.16189153,0,0,0,-1.2073089,0.23017757,0,0
tensor(6359),"tensor(2267., dtype=torch.float64)",tensor(9),0,-3.7411606,0.023176648,0,0,0,-1.0003122,0.26888004,0,0,1,3.6707556,0.9751747,1,1,0,-2.4311097,0.080830984,0,0,0,-0.47576702,0.3832522,0,0
tensor(6365),"tensor(13919., dtype=torch.float64)",tensor(9),1,7.064516,0.99914587,1,1,0,-9.037098,0.000118901284,0,0,0,-7.135652,0.000795573,0,0,0,-6.4672413,0.0015510957,0,0,0,-6.6686816,0.0012684611,0,0
tensor(6377),"tensor(629., dtype=torch.float64)",tensor(9),0,-0.26819828,0.43334946,0,0,0,0.66816276,0.6610917,1,0,1,-1.1881008,0.23359878,0,0,0,0.30716747,0.57619375,1,0,0,-1.5925082,0.1690313,0,0
tensor(6431),"tensor(19907., dtype=torch.float64)",tensor(9),1,5.038099,0.9935557,1,1,0,-6.618306,0.0013339098,0,0,0,-6.5159593,0.0014774498,0,0,0,-3.588104,0.026906718,0,0,0,-3.7119546,0.023847146,0,0
tensor(6439),"tensor(19985., dtype=torch.float64)",tensor(9),0,-0.92597044,0.28374293,0,0,0,-2.8899803,0.052651104,0,0,0,-4.1240783,0.015920827,0,0,1,4.233308,0.98570305,1,1,0,-2.2192128,0.09803839,0,0
tensor(6445),"tensor(18186., dtype=torch.float64)",tensor(9),0,-6.593558,0.0013672881,0,0,1,3.065846,0.95546174,1,1,1,2.2256966,0.9025335,1,1,1,-1.0729452,0.25484338,0,0,0,1.885482,0.8682395,1,1
tensor(6469),"tensor(4330., dtype=torch.float64)",tensor(9),0,-2.8159184,0.056470007,0,0,1,3.69909,0.97585154,1,1,0,-2.7374105,0.060801607,0,0,1,-1.3916465,0.19914503,0,0,0,-2.4117773,0.08227902,0,0
tensor(6481),"tensor(2133., dtype=torch.float64)",tensor(9),1,-0.5691621,0.36143017,0,0,0,-5.1140556,0.0059757284,0,0,0,-0.52825415,0.3709242,0,0,0,-1.2766253,0.21812524,0,0,0,2.2169576,0.90176207,1,1
tensor(6487),"tensor(7131., dtype=torch.float64)",tensor(9),0,-5.4534283,0.004263347,0,0,1,2.3799193,0.9152832,1,1,1,2.0983942,0.890747,1,1,0,-1.0139365,0.2662102,0,0,1,1.8956997,0.869404,1,1
tensor(6493),"tensor(15171., dtype=torch.float64)",tensor(9),1,3.792689,0.97796166,1,1,0,-3.346397,0.034013353,0,0,0,-3.7181416,0.023703547,0,0,0,-2.798286,0.057416867,0,0,0,-6.544276,0.0014362589,0,0
tensor(6505),"tensor(11903., dtype=torch.float64)",tensor(9),0,-3.2052815,0.038967453,0,0,0,-2.674013,0.06452432,0,0,0,-1.5221049,0.17915177,0,0,1,5.3078794,0.99507195,1,1,0,-2.0146606,0.11767222,0,0
tensor(6515),"tensor(12961., dtype=torch.float64)",tensor(9),0,0.2677075,0.56653005,1,0,0,-0.60058874,0.35420904,0,0,1,0.2192368,0.55459076,1,0,0,-1.4712595,0.18675126,0,0,0,-2.5418577,0.0729754,0,0
tensor(6517),"tensor(1033., dtype=torch.float64)",tensor(9),0,-6.027987,0.0024045454,0,0,0,1.723038,0.84851974,1,1,0,0.66810566,0.6610789,1,0,1,4.548842,0.9895313,1,1,0,0.035980724,0.5089942,1,0
tensor(6547),"tensor(5383., dtype=torch.float64)",tensor(9),0,-6.887676,0.0010192426,0,0,1,4.011559,0.98221684,1,1,0,1.4646485,0.8122426,1,1,0,0.43032926,0.60595226,1,0,0,1.1775992,0.7645158,1,0
tensor(6563),"tensor(6070., dtype=torch.float64)",tensor(9),0,-3.5337808,0.028366197,0,0,0,0.85336846,0.70127326,1,0,0,-2.579237,0.0704867,0,0,1,4.043569,0.98276746,1,1,0,-2.1386988,0.105392,0,0
tensor(6581),"tensor(20675., dtype=torch.float64)",tensor(9),0,2.0834782,0.88928694,1,1,0,-2.5990255,0.069201164,0,0,0,-2.5927587,0.06960592,0,0,0,-1.3568445,0.20475365,0,0,1,-1.6710786,0.15828043,0,0
tensor(6585),"tensor(14204., dtype=torch.float64)",tensor(9),0,-5.8486595,0.0028754699,0,0,1,4.454993,0.98851305,1,1,0,0.6392974,0.65459466,1,0,0,-1.5393625,0.17662796,0,0,0,-1.6485757,0.16130154,0,0
tensor(6589),"tensor(853., dtype=torch.float64)",tensor(9),0,-5.571642,0.0037898116,0,0,0,-4.2452197,0.014130064,0,0,0,-3.348351,0.033949204,0,0,1,8.114249,0.9997009,1,1,0,0.22009036,0.5548015,1,0
tensor(6615),"tensor(15212., dtype=torch.float64)",tensor(9),0,-1.5897901,0.16941343,0,0,0,-1.5399777,0.17653853,0,0,1,1.9741068,0.8780516,1,1,0,-2.2033925,0.09944625,0,0,0,0.99559546,0.7301917,1,0
tensor(6667),"tensor(3794., dtype=torch.float64)",tensor(9),1,0.7841369,0.68657106,1,1,0,-2.6596951,0.06539396,0,0,0,0.35549104,0.5879485,1,0,0,-2.9752672,0.04855581,0,0,0,-1.7733771,0.14512287,0,0
tensor(6697),"tensor(4314., dtype=torch.float64)",tensor(9),0,-1.4660199,0.18754834,0,0,0,-0.28638232,0.42888978,0,0,1,0.87774104,0.7063539,1,1,0,-1.2229658,0.22741495,0,0,0,1.5353047,0.8227811,1,0
tensor(6731),"tensor(6579., dtype=torch.float64)",tensor(9),0,-2.0672803,0.11231791,0,0,0,-4.137564,0.01571091,0,0,1,2.9709673,0.9512452,1,1,0,-2.3237493,0.08917506,0,0,0,0.23441279,0.5583363,1,0
tensor(6753),"tensor(14774., dtype=torch.float64)",tensor(9),1,2.0728245,0.8882336,1,1,0,-3.689303,0.02438017,0,0,0,-1.9326625,0.12645617,0,0,0,-3.4485276,0.030812796,0,0,0,-0.77783823,0.314786,0,0
tensor(6771),"tensor(13065., dtype=torch.float64)",tensor(9),1,3.2049143,0.9610188,1,1,0,-2.5208683,0.07440813,0,0,0,-4.910795,0.007312758,0,0,0,-1.5628331,0.17324048,0,0,0,-4.5961103,0.009990199,0,0
tensor(6781),"tensor(3051., dtype=torch.float64)",tensor(9),0,0.41870928,0.6031744,1,1,0,-0.6102493,0.35200232,0,0,0,-1.4116883,0.1959679,0,0,1,0.14457525,0.53608096,1,0,0,-0.13672426,0.46587208,0,0
tensor(6803),"tensor(10368., dtype=torch.float64)",tensor(9),0,-1.7887087,0.14323112,0,0,1,1.6094459,0.83333445,1,1,0,-3.5100365,0.02902801,0,0,1,1.9412129,0.8744853,1,1,0,-1.8618631,0.13448603,0,0
tensor(6837),"tensor(12779., dtype=torch.float64)",tensor(9),1,0.1776073,0.5442855,1,0,0,-0.06234216,0.48441955,0,0,0,-3.3080378,0.035296474,0,0,1,1.3568736,0.79525113,1,1,0,-3.5838351,0.027018715,0,0
tensor(6865),"tensor(18726., dtype=torch.float64)",tensor(9),1,5.637067,0.99644935,1,1,0,-7.354144,0.00063952565,0,0,0,-6.1159954,0.0022024163,0,0,0,-3.4852412,0.029735094,0,0,0,-5.7097964,0.0033024051,0,0
tensor(6953),"tensor(18245., dtype=torch.float64)",tensor(9),0,-1.6275818,0.1641619,0,0,0,-0.62086374,0.34958503,0,0,1,1.6547668,0.8395343,1,1,0,0.008176994,0.50204426,1,0,0,-2.0827749,0.11078232,0,0
tensor(6985),"tensor(14958., dtype=torch.float64)",tensor(9),1,0.7317217,0.67518294,1,1,0,-3.2957695,0.035716604,0,0,0,0.8999325,0.7109356,1,1,0,-3.1407056,0.041459072,0,0,0,-3.3107324,0.035204835,0,0
tensor(6987),"tensor(13822., dtype=torch.float64)",tensor(9),0,-3.47389,0.03006434,0,0,1,1.3264196,0.79024774,1,0,1,1.6495922,0.83883595,1,1,0,-1.8298696,0.13825381,0,0,0,-0.14834756,0.462981,0,0
tensor(6999),"tensor(18284., dtype=torch.float64)",tensor(9),1,2.5710845,0.92897725,1,1,0,-6.3409433,0.0017595373,0,0,0,-1.6916788,0.15555519,0,0,0,-4.053536,0.017064622,0,0,0,-1.7183791,0.15208006,0,0
tensor(7023),"tensor(13908., dtype=torch.float64)",tensor(9),0,-8.055586,0.00031722378,0,0,1,1.9906398,0.8798108,1,1,1,4.01489,0.9822749,1,1,0,-2.135549,0.10568935,0,0,0,3.5866458,0.9730551,1,1
tensor(7027),"tensor(13822., dtype=torch.float64)",tensor(9),0,-5.369802,0.004633484,0,0,0,0.47030586,0.6154561,1,0,1,2.6822882,0.93597335,1,1,0,2.426905,0.918856,1,1,0,-0.5178686,0.37335077,0,0
tensor(7045),"tensor(19599., dtype=torch.float64)",tensor(9),1,5.410603,0.995551,1,1,0,-5.334809,0.0047977027,0,0,0,-7.047869,0.0008685043,0,0,0,-2.850296,0.054666013,0,0,0,-6.92566,0.0009812907,0,0
tensor(7091),"tensor(1866., dtype=torch.float64)",tensor(9),1,0.9918448,0.7294522,1,1,0,-1.6549371,0.1604428,0,0,0,-1.8361833,0.13750331,0,0,0,0.75896704,0.6811294,1,1,0,-3.2157943,0.038575664,0,0
tensor(7093),"tensor(2001., dtype=torch.float64)",tensor(9),0,-4.2878156,0.013548803,0,0,1,1.5757445,0.828601,1,1,0,0.59970546,0.64558893,1,0,1,2.801492,0.9427564,1,1,0,0.20386025,0.5507893,1,0
tensor(7123),"tensor(11142., dtype=torch.float64)",tensor(9),0,-1.1093748,0.24798748,0,0,1,1.7809678,0.8558163,1,1,0,-1.2961817,0.21480834,0,0,0,-2.4268646,0.08114694,0,0,0,-0.23788491,0.44080764,0,0
tensor(7129),"tensor(19643., dtype=torch.float64)",tensor(9),1,0.886938,0.7082579,1,1,0,-2.8828232,0.05300923,0,0,0,-4.211723,0.014604364,0,0,0,2.3874338,0.9158641,1,1,0,-3.5057013,0.029150447,0,0
tensor(7153),"tensor(8651., dtype=torch.float64)",tensor(9),0,0.26672304,0.56628823,1,0,1,-0.20651963,0.4485528,0,0,0,-4.606122,0.009891664,0,0,0,-3.322263,0.03481528,0,0,0,-3.2771938,0.036361918,0,0
tensor(7183),"tensor(8651., dtype=torch.float64)",tensor(9),0,2.6656623,0.9349698,1,1,1,-2.8014073,0.057248175,0,0,0,-1.7442896,0.1487689,0,0,0,-3.8433967,0.020971496,0,0,0,-5.0303926,0.0064937985,0,0
tensor(7191),"tensor(17069., dtype=torch.float64)",tensor(9),0,-0.13427782,0.46648088,0,0,0,-3.2899878,0.03591627,0,0,1,2.148332,0.8955128,1,1,0,-4.8409586,0.007837566,0,0,0,-6.164272,0.0020988348,0,0
tensor(7205),"tensor(21697., dtype=torch.float64)",tensor(9),1,4.752766,0.991446,1,1,0,-3.729246,0.023447929,0,0,0,-4.774746,0.008369587,0,0,0,-6.0378,0.0023811213,0,0,0,-6.366916,0.0017145028,0,0
tensor(7245),"tensor(10190., dtype=torch.float64)",tensor(9),1,4.693706,0.9909304,1,1,0,-5.790592,0.00304686,0,0,0,-5.785769,0.003061546,0,0,0,-2.8850698,0.05289657,0,0,0,-4.2130427,0.014585381,0,0
tensor(7263),"tensor(19612., dtype=torch.float64)",tensor(9),1,6.707086,0.99877924,1,1,0,-6.1910815,0.002043427,0,0,0,-8.697061,0.00016704829,0,0,0,-5.8817,0.0027822754,0,0,0,-6.665239,0.00127283,0,0
tensor(7279),"tensor(9621., dtype=torch.float64)",tensor(9),1,3.4279926,0.968568,1,1,0,-4.4328,0.011741674,0,0,0,-2.8247561,0.056000967,0,0,0,-2.6632526,0.06517688,0,0,0,-3.9502947,0.0188855,0,0
tensor(7281),"tensor(11903., dtype=torch.float64)",tensor(9),0,-3.0724232,0.04425921,0,0,0,-2.1462607,0.10468116,0,0,1,-2.0755024,0.11150077,0,0,0,5.222061,0.9946327,1,1,0,-0.85404456,0.29858512,0,0
tensor(7347),"tensor(14255., dtype=torch.float64)",tensor(9),1,9.577614,0.99993074,1,1,0,-11.931262,6.5813633e-06,0,0,0,-11.176611,1.3997596e-05,0,0,0,-7.9442954,0.00035455398,0,0,0,-8.842634,0.0001444209,0,0
tensor(7411),"tensor(9068., dtype=torch.float64)",tensor(9),0,-3.5639923,0.02754528,0,0,0,-1.7986752,0.14201242,0,0,1,3.3061347,0.9646387,1,1,1,1.4023491,0.80255634,1,1,0,-1.8635893,0.13428524,0,0
tensor(7419),"tensor(17395., dtype=torch.float64)",tensor(9),0,2.7584546,0.94038904,1,1,0,-2.594578,0.06948819,0,0,0,-3.1442914,0.041316804,0,0,1,-2.2073097,0.09909599,0,0,0,-2.5369859,0.07330566,0,0
tensor(7421),"tensor(9659., dtype=torch.float64)",tensor(9),1,0.8732178,0.7054148,1,1,0,-2.5604398,0.07172825,0,0,0,-4.475719,0.011253944,0,0,0,1.781064,0.85582817,1,1,0,-3.7326288,0.023370592,0,0
tensor(7435),"tensor(13885., dtype=torch.float64)",tensor(9),1,2.0491598,0.8858627,1,1,0,-7.826843,0.00039872382,0,0,0,-3.3954718,0.032437284,0,0,0,-2.9376462,0.05032365,0,0,0,0.5968333,0.64493144,1,0
tensor(7437),"tensor(8219., dtype=torch.float64)",tensor(9),0,-4.3196626,0.01312969,0,0,0,1.3529747,0.7946155,1,0,1,2.5379086,0.92675704,1,1,0,-3.6001034,0.026594318,0,0,0,-1.1102934,0.24781619,0,0
tensor(7441),"tensor(8219., dtype=torch.float64)",tensor(9),0,-1.342969,0.20702222,0,0,1,-0.31517792,0.42185137,0,0,0,1.9381549,0.8741493,1,1,0,-5.3942194,0.004522222,0,0,1,-2.7523973,0.059951406,0,0
tensor(7493),"tensor(8748., dtype=torch.float64)",tensor(9),0,1.2247357,0.7728958,1,1,0,-5.243335,0.0052548517,0,0,0,-5.199146,0.0054909615,0,0,1,2.718962,0.93813634,1,1,0,-5.2390604,0.005277243,0,0
tensor(7505),"tensor(12474., dtype=torch.float64)",tensor(9),0,-2.4630435,0.07848992,0,0,0,2.4499786,0.9205598,1,1,0,-0.8927536,0.29054192,0,0,0,-0.7229471,0.32674435,0,0,0,-3.346486,0.03401042,0,0
tensor(7601),"tensor(15914., dtype=torch.float64)",tensor(9),0,-4.9181914,0.0072592613,0,0,1,3.5182471,0.9712025,1,1,1,0.1277268,0.53188837,1,0,1,0.9279207,0.7166532,1,1,0,-0.14664152,0.46340513,0,0
tensor(7649),"tensor(15009., dtype=torch.float64)",tensor(9),1,8.104466,0.9996979,1,1,0,-8.441753,0.00021562516,0,0,0,-9.330173,8.869906e-05,0,0,0,-5.5450773,0.0038914387,0,0,0,-9.961779,4.716654e-05,0,0
tensor(7653),"tensor(14935., dtype=torch.float64)",tensor(9),0,-7.2490115,0.00071037177,0,0,1,3.4422407,0.9689989,1,1,0,2.3502789,0.91295636,1,1,0,-1.6180173,0.16547848,0,0,0,2.982506,0.9517775,1,1
tensor(7671),"tensor(13622., dtype=torch.float64)",tensor(9),1,6.3792453,0.9983065,1,1,0,-5.030184,0.006495146,0,0,0,-7.996495,0.0003365273,0,0,0,-5.2810173,0.005061504,0,0,0,-8.165543,0.00028420155,0,0
tensor(7675),"tensor(10206., dtype=torch.float64)",tensor(9),1,1.6434102,0.8379984,1,1,0,0.15701324,0.5391729,1,0,0,-4.4880004,0.011118102,0,0,0,-3.5981627,0.026644604,0,0,0,-3.8683517,0.020465204,0,0
tensor(7701),"tensor(1299., dtype=torch.float64)",tensor(9),1,4.6559434,0.99058455,1,1,0,-6.889295,0.0010175951,0,0,0,-3.6811695,0.02457438,0,0,0,-6.67292,0.0012631029,0,0,0,-3.8483193,0.020870665,0,0
tensor(7725),"tensor(16393., dtype=torch.float64)",tensor(9),0,-3.0532272,0.045078352,0,0,0,-3.489684,0.029607179,0,0,0,-2.8922243,0.052539285,0,0,1,5.7679353,0.99688345,1,1,0,-0.18710607,0.45335945,0,0
tensor(7753),"tensor(16513., dtype=torch.float64)",tensor(9),0,-1.4801574,0.18540365,0,0,1,2.0876706,0.889699,1,1,0,-1.7977021,0.14213103,0,0,0,-0.83837044,0.3018781,0,0,0,-1.3408,0.20737852,0,0
tensor(7767),"tensor(17183., dtype=torch.float64)",tensor(9),0,-6.436124,0.0016000423,0,0,0,2.662944,0.9348044,1,1,1,1.55023,0.82494694,1,1,1,1.1974416,0.7680694,1,1,1,2.7820067,0.94169575,1,1
tensor(7771),"tensor(14938., dtype=torch.float64)",tensor(9),1,3.9546006,0.9811941,1,1,0,-4.3278747,0.013023708,0,0,0,-3.4027185,0.03221061,0,0,0,-3.0765576,0.044084653,0,0,0,-5.646796,0.0035163956,0,0
tensor(7821),"tensor(18347., dtype=torch.float64)",tensor(9),0,-5.6785817,0.0034067575,0,0,0,-3.2054837,0.038959883,0,0,1,5.1797986,0.99440235,1,1,0,-1.9797982,0.12134035,0,0,1,3.6154597,0.9738003,1,1
tensor(7829),"tensor(11445., dtype=torch.float64)",tensor(9),0,-6.090061,0.0022601504,0,0,1,1.2190417,0.77189493,1,0,0,1.4117198,0.8040371,1,1,1,4.184688,0.98500144,1,1,0,-1.6187115,0.16538265,0,0
tensor(7839),"tensor(10550., dtype=torch.float64)",tensor(9),1,5.0213823,0.99344784,1,1,0,-5.1873603,0.0055556963,0,0,0,-6.0668225,0.0023131655,0,0,0,-3.7988534,0.021905825,0,0,0,-5.0863223,0.006142742,0,0
tensor(7855),"tensor(16859., dtype=torch.float64)",tensor(9),1,2.1243503,0.8932474,1,1,0,-1.7646087,0.14621408,0,0,0,-4.2703385,0.013784385,0,0,0,-3.0550969,0.044997934,0,0,0,-1.3615117,0.20399472,0,0
tensor(7871),"tensor(10463., dtype=torch.float64)",tensor(9),1,7.241281,0.9992841,1,1,0,-9.233473,9.770375e-05,0,0,0,-7.900706,0.00037034476,0,0,0,-2.5427144,0.07291747,0,0,0,-10.157646,3.8776936e-05,0,0
tensor(7879),"tensor(20610., dtype=torch.float64)",tensor(9),1,2.5764272,0.9293289,1,1,0,-8.118885,0.00029777188,0,0,0,-3.7464807,0.023056509,0,0,0,-3.1141977,0.042525396,0,0,0,0.059203126,0.51479644,1,0
tensor(7937),"tensor(2359., dtype=torch.float64)",tensor(9),1,-1.5217683,0.17920128,0,0,0,1.5713266,0.82797265,1,1,0,-1.145232,0.24136107,0,0,0,-1.5360966,0.17710344,0,0,0,-2.6153462,0.06815728,0,0
tensor(7941),"tensor(7244., dtype=torch.float64)",tensor(9),1,9.137891,0.9998925,1,1,0,-10.200865,3.7136808e-05,0,0,0,-10.07617,4.2068474e-05,0,0,0,-7.6779656,0.00046270152,0,0,0,-9.980698,4.628263e-05,0,0
tensor(7945),"tensor(6212., dtype=torch.float64)",tensor(9),0,-3.7075644,0.023949558,0,0,0,-1.3820693,0.20067687,0,0,1,3.830884,0.97877,1,1,1,-3.7220898,0.023612352,0,0,1,-0.60837746,0.35242942,0,0
tensor(7953),"tensor(4939., dtype=torch.float64)",tensor(9),0,-4.405473,0.012063032,0,0,1,5.539264,0.996086,1,1,1,-3.113873,0.04253862,0,0,0,-1.5517398,0.17483512,0,0,0,-1.520544,0.17938142,0,0
tensor(8007),"tensor(632., dtype=torch.float64)",tensor(9),0,-3.879961,0.02023377,0,0,0,1.7435235,0.85113406,1,1,1,-0.29175344,0.42757466,0,0,1,2.7044015,0.93728584,1,1,0,0.53926873,0.6316423,1,0
tensor(8017),"tensor(1683., dtype=torch.float64)",tensor(9),0,0.31404325,0.5778719,1,1,0,-3.1871371,0.039652657,0,0,0,-1.0148686,0.26602814,0,0,0,-2.595989,0.069397,0,0,1,1.3872887,0.80015904,1,0
tensor(8063),"tensor(9540., dtype=torch.float64)",tensor(9),0,-3.195873,0.039321322,0,0,0,3.131178,0.95816064,1,1,0,-4.2265134,0.014393033,0,0,1,2.0843859,0.8893763,1,1,0,0.0063008443,0.50157523,1,0
tensor(8081),"tensor(512., dtype=torch.float64)",tensor(9),0,-6.264255,0.0018995156,0,0,1,3.7009323,0.97589487,1,1,1,1.6294442,0.8360935,1,1,1,-1.045691,0.26005343,0,0,1,0.55525565,0.6353541,1,0
tensor(8111),"tensor(9221., dtype=torch.float64)",tensor(9),1,1.838589,0.86278176,1,1,0,-4.3965626,0.012169689,0,0,0,-3.8098893,0.021670613,0,0,1,0.018556219,0.5046389,1,0,0,-1.4580505,0.18876566,0,0
tensor(8159),"tensor(14818., dtype=torch.float64)",tensor(9),0,6.2971835,0.998162,1,1,0,-7.706865,0.00044952708,0,0,0,-6.6282363,0.0013207468,0,0,0,-3.9353976,0.019163514,0,0,1,-7.3996572,0.00061108865,0,0
tensor(8171),"tensor(19447., dtype=torch.float64)",tensor(9),0,-0.21989954,0.44524556,0,0,0,-4.0031333,0.017930951,0,0,1,1.292152,0.78451127,1,1,0,-0.7698333,0.31651518,0,0,0,-0.9946833,0.269988,0,0
tensor(8177),"tensor(10035., dtype=torch.float64)",tensor(9),0,-0.66488904,0.3396422,0,0,0,-1.345867,0.20654689,0,0,0,1.583792,0.8297409,1,1,0,-1.3097285,0.21253227,0,0,1,-3.0532777,0.045076177,0,0
tensor(8181),"tensor(16043., dtype=torch.float64)",tensor(9),1,6.0327334,0.99760675,1,1,0,-7.4545293,0.00057847926,0,0,0,-6.1548643,0.002118631,0,0,1,-2.5462592,0.07267821,0,0,0,-8.550142,0.00019348011,0,0
tensor(8225),"tensor(13741., dtype=torch.float64)",tensor(9),0,-2.4662857,0.078255735,0,0,1,1.1849788,0.76584184,1,0,0,-1.8340309,0.13775879,0,0,1,2.5522194,0.9277225,1,1,0,-0.13044217,0.46743563,0,0
tensor(8233),"tensor(14717., dtype=torch.float64)",tensor(9),0,-2.654826,0.06569219,0,0,0,4.1863256,0.9850256,1,1,0,-3.0623772,0.04468611,0,0,1,-3.3465242,0.034009166,0,0,0,-3.2204337,0.038403966,0,0
tensor(8235),"tensor(3500., dtype=torch.float64)",tensor(9),1,6.279488,0.9981292,1,1,0,-8.332448,0.00024052453,0,0,0,-7.4845743,0.0005613669,0,0,0,-4.240714,0.014192966,0,0,0,-5.4932775,0.0040974785,0,0
tensor(8243),"tensor(16762., dtype=torch.float64)",tensor(9),1,-1.3370824,0.20799027,0,0,0,-3.671496,0.02480733,0,0,0,2.7212546,0.9382692,1,1,0,-1.9182185,0.12806036,0,0,0,-3.1440294,0.041327182,0,0
tensor(8251),"tensor(12459., dtype=torch.float64)",tensor(9),0,4.551974,0.98956376,1,1,0,-6.6393847,0.0013061234,0,0,0,-5.182859,0.005580621,0,0,1,-2.0418723,0.11487622,0,0,1,-4.6004457,0.009947413,0,0
tensor(8255),"tensor(11256., dtype=torch.float64)",tensor(9),1,2.349386,0.9128854,1,1,0,-3.3377013,0.034300216,0,0,0,-1.1333929,0.24353549,0,0,0,-2.7108514,0.062336072,0,0,0,-3.9424694,0.019031044,0,0
tensor(8257),"tensor(8500., dtype=torch.float64)",tensor(9),0,-2.195193,0.10018298,0,0,1,-4.0176454,0.01767718,0,0,0,3.6604896,0.97492504,1,1,0,-5.0565586,0.006327147,0,0,0,-1.7577888,0.1470675,0,0
tensor(8323),"tensor(3061., dtype=torch.float64)",tensor(9),0,-5.613997,0.0036332167,0,0,0,1.3480647,0.79381305,1,0,1,1.5933971,0.8310935,1,1,1,3.1066651,0.9571668,1,1,0,-1.7298521,0.1506065,0,0
tensor(8337),"tensor(7254., dtype=torch.float64)",tensor(9),0,-4.2679105,0.013817432,0,0,0,-3.221683,0.038357858,0,0,0,-4.7106347,0.008918802,0,0,1,6.9316063,0.9990245,1,1,1,1.2744299,0.7815001,1,0
tensor(8357),"tensor(384., dtype=torch.float64)",tensor(9),0,-3.5727236,0.027312359,0,0,0,-2.053752,0.11367382,0,0,1,3.8180757,0.9785023,1,1,0,-1.8941771,0.13076894,0,0,0,0.7428585,0.67762065,1,0
tensor(8393),"tensor(21692., dtype=torch.float64)",tensor(9),0,-0.64184695,0.34482917,0,0,0,-2.3521504,0.086895,0,0,0,1.3369836,0.7919935,1,1,0,-1.4596888,0.18851492,0,0,1,-0.3541314,0.4123809,0,0
tensor(8425),"tensor(12891., dtype=torch.float64)",tensor(9),0,-2.0099897,0.118158035,0,0,1,2.027458,0.88365,1,1,0,-0.76652014,0.31723234,0,0,0,-3.2658346,0.036762048,0,0,0,-2.7797062,0.058430716,0,0
tensor(8427),"tensor(2515., dtype=torch.float64)",tensor(9),1,3.241772,0.9623763,1,1,0,-5.294122,0.004995935,0,0,0,-2.12905,0.10630521,0,0,0,-4.0672536,0.016836049,0,0,0,-3.1633444,0.040568683,0,0
tensor(8439),"tensor(5534., dtype=torch.float64)",tensor(9),1,0.86581695,0.7038745,1,1,0,-2.848554,0.054756116,0,0,0,-1.9472885,0.12484932,0,0,1,0.68187654,0.6641574,1,1,0,-0.705547,0.33058354,0,0
tensor(8441),"tensor(9819., dtype=torch.float64)",tensor(9),1,7.1363797,0.99920505,1,1,0,-7.668778,0.00046697023,0,0,0,-8.71867,0.0001634778,0,0,0,-4.0306897,0.017452091,0,0,0,-8.746485,0.00015899405,0,0
tensor(8467),"tensor(5966., dtype=torch.float64)",tensor(9),1,4.723354,0.9911929,1,1,0,-8.242081,0.0002632664,0,0,0,-7.6801353,0.00046169915,0,0,0,-0.88309693,0.29253644,0,0,0,-5.3632774,0.004663673,0,0
tensor(8483),"tensor(4970., dtype=torch.float64)",tensor(9),1,0.56625044,0.63789755,1,1,0,-2.2423828,0.09600854,0,0,0,-4.409153,0.012019258,0,0,1,2.0841634,0.8893544,1,1,0,-4.509535,0.0108838165,0,0
tensor(8525),"tensor(2407., dtype=torch.float64)",tensor(9),0,-3.6278284,0.025885943,0,0,0,0.9016033,0.71127886,1,0,1,2.1967244,0.899955,1,1,0,-1.2000526,0.23146586,0,0,0,-1.2609851,0.22080435,0,0
tensor(8543),"tensor(2284., dtype=torch.float64)",tensor(9),0,-10.4278965,2.9594381e-05,0,0,0,-7.1149707,0.00081218436,0,0,0,-13.991675,8.384791e-07,0,0,0,-6.696423,0.0012337986,0,0,0,-20.753103,9.706033e-10,0,0
tensor(8551),"tensor(4265., dtype=torch.float64)",tensor(9),0,-4.6329293,0.009632537,0,0,1,-0.20963898,0.44778135,0,0,0,-1.5807378,0.17069101,0,0,1,5.7022595,0.99667263,1,1,1,-0.1376627,0.46563855,0,0
tensor(8563),"tensor(7919., dtype=torch.float64)",tensor(9),1,1.8272241,0.8614307,1,1,0,0.069703296,0.51741874,1,0,0,-3.4582355,0.030524204,0,0,0,-3.6680927,0.024889793,0,0,0,-4.0585413,0.016980868,0,0
tensor(8565),"tensor(6422., dtype=torch.float64)",tensor(9),1,3.1614265,0.95935655,1,1,0,-2.3688405,0.085579835,0,0,0,-6.0721526,0.0023008971,0,0,0,-1.7601054,0.14677715,0,0,0,-4.4970245,0.011019321,0,0
tensor(8581),"tensor(385., dtype=torch.float64)",tensor(9),0,-4.9623847,0.0069476175,0,0,0,1.2356213,0.7748009,1,0,0,0.19825794,0.5494028,1,0,1,4.1924567,0.9851158,1,1,0,0.029529609,0.50738186,1,0
tensor(8583),"tensor(5915., dtype=torch.float64)",tensor(9),1,4.729858,0.99124956,1,1,0,-5.7626834,0.0031328218,0,0,0,-5.4058394,0.004470211,0,0,0,-3.5264363,0.028569324,0,0,0,-4.199899,0.014775499,0,0
tensor(8603),"tensor(11296., dtype=torch.float64)",tensor(9),1,4.8152843,0.9919602,1,1,0,-5.4060955,0.0044690715,0,0,0,-5.959665,0.0025741337,0,0,0,-3.101307,0.04305338,0,0,0,-4.568246,0.010269586,0,0
tensor(8627),"tensor(5404., dtype=torch.float64)",tensor(9),1,2.7420669,0.93946373,1,1,0,-2.0911965,0.10995542,0,0,0,-2.4551663,0.079061575,0,0,0,-3.1240635,0.042125504,0,0,0,-3.9734695,0.018460853,0,0
tensor(8683),"tensor(3922., dtype=torch.float64)",tensor(9),0,-3.6307237,0.025813034,0,0,1,2.6958022,0.9367785,1,1,0,-0.053775363,0.4865594,0,0,0,-1.872576,0.13324393,0,0,0,-2.8806803,0.05311691,0,0
tensor(8689),"tensor(8609., dtype=torch.float64)",tensor(9),1,7.7569747,0.99957246,1,1,0,-11.517757,9.951697e-06,0,0,0,-7.989577,0.00033886265,0,0,0,-7.5635014,0.0005187854,0,0,0,-5.7416983,0.003199047,0,0
tensor(8739),"tensor(2030., dtype=torch.float64)",tensor(9),1,2.6375165,0.93323743,1,1,0,-4.423852,0.0118459575,0,0,0,-2.1055675,0.108556874,0,0,0,-1.4770844,0.18586822,0,0,0,-3.4132056,0.031885296,0,0
tensor(8757),"tensor(18426., dtype=torch.float64)",tensor(9),1,0.59253895,0.6439475,1,1,0,-4.9203,0.0072440812,0,0,0,-1.3334213,0.20859398,0,0,0,-0.5044013,0.37650692,0,0,0,0.8125817,0.6926594,1,0
tensor(8761),"tensor(18223., dtype=torch.float64)",tensor(9),0,-2.4764745,0.07752395,0,0,1,3.273963,0.9635247,1,1,0,-3.2554007,0.037133303,0,0,0,0.27002785,0.56709975,1,0,0,-0.41594946,0.39748645,0,0
tensor(8763),"tensor(18245., dtype=torch.float64)",tensor(9),0,-3.8111472,0.021643959,0,0,0,-0.89763284,0.2895372,0,0,1,1.797442,0.85783726,1,1,0,3.1500173,0.95890933,1,1,0,-0.5756487,0.35993445,0,0
tensor(8767),"tensor(6690., dtype=torch.float64)",tensor(9),1,1.0663011,0.74389285,1,1,0,-0.040178664,0.48995674,0,0,0,-1.5743717,0.17159405,0,0,0,-2.4429235,0.07995758,0,0,0,-1.737246,0.14966308,0,0
tensor(8779),"tensor(17952., dtype=torch.float64)",tensor(9),0,-2.3619573,0.086120024,0,0,0,-1.6278919,0.16411936,0,0,1,3.0991764,0.9568588,1,1,0,-4.500146,0.010985358,0,0,0,-3.587797,0.026914757,0,0
tensor(8789),"tensor(20786., dtype=torch.float64)",tensor(9),1,2.9004254,0.94786745,1,1,0,-4.89506,0.007427873,0,0,0,-3.9046397,0.01975028,0,0,0,-2.395861,0.08348887,0,0,0,-1.2333491,0.22559579,0,0
tensor(8809),"tensor(14680., dtype=torch.float64)",tensor(9),1,3.8060315,0.97824746,1,1,0,-3.4427118,0.030986952,0,0,0,-5.150283,0.0057643442,0,0,0,-2.1202846,0.10714085,0,0,0,-5.192484,0.005527461,0,0
tensor(8863),"tensor(9899., dtype=torch.float64)",tensor(9),0,-4.820832,0.007995635,0,0,0,-1.1230303,0.24544962,0,0,0,-0.9493193,0.27902174,0,0,1,5.864496,0.99716955,1,1,0,-0.08927743,0.47769544,0,0
tensor(8887),"tensor(18703., dtype=torch.float64)",tensor(9),0,-2.092859,0.10979282,0,0,1,0.23220178,0.557791,1,0,0,1.7334397,0.84985185,1,1,0,-1.5940899,0.16880926,0,0,0,-2.8240764,0.056036912,0,0
tensor(8907),"tensor(11141., dtype=torch.float64)",tensor(9),0,-4.0680594,0.016822712,0,0,0,0.6987787,0.66791695,1,0,0,0.043953262,0.51098657,1,0,1,3.8954604,0.98007125,1,1,1,-0.7977102,0.31051555,0,0
tensor(8931),"tensor(7018., dtype=torch.float64)",tensor(9),1,-1.9462907,0.12495838,0,0,0,-1.758325,0.14700025,0,0,0,2.279639,0.9071767,1,1,0,0.35195896,0.5870925,1,0,0,-0.6220455,0.3493164,0,0
tensor(8935),"tensor(12835., dtype=torch.float64)",tensor(9),1,3.247973,0.9626002,1,1,0,-2.6587048,0.06545451,0,0,0,-6.282538,0.0018651666,0,0,0,-1.4062449,0.19682702,0,0,0,-6.1073456,0.002221507,0,0
tensor(8967),"tensor(21654., dtype=torch.float64)",tensor(9),0,-3.0200186,0.046529654,0,0,0,-2.5041606,0.07556702,0,0,0,-3.2085154,0.038846526,0,0,0,-0.25297838,0.43709058,0,0,0,-6.554195,0.0014221037,0,0
tensor(8977),"tensor(7062., dtype=torch.float64)",tensor(9),0,5.2540803,0.99480104,1,1,1,-2.4898496,0.076572835,0,0,0,-6.8013043,0.0011110875,0,0,0,-8.290425,0.00025084478,0,0,0,-9.673451,6.292831e-05,0,0
tensor(9007),"tensor(11412., dtype=torch.float64)",tensor(9),1,6.6130147,0.998659,1,1,0,-8.287188,0.0002516581,0,0,0,-7.6220193,0.00048931275,0,0,0,-2.743126,0.060476054,0,0,0,-8.190722,0.0002771367,0,0
tensor(9011),"tensor(1688., dtype=torch.float64)",tensor(9),1,-0.22029614,0.4451476,0,0,0,-0.34751663,0.41398478,0,0,0,-1.8939071,0.13079962,0,0,0,1.6009278,0.832148,1,1,0,-2.6997786,0.062986426,0,0
tensor(9043),"tensor(21546., dtype=torch.float64)",tensor(9),1,4.5581284,0.989627,1,1,0,-3.4332194,0.031273253,0,0,0,-3.9290538,0.01928312,0,0,0,-5.891861,0.0027542256,0,0,0,-8.940121,0.00013100806,0,0
tensor(9073),"tensor(15003., dtype=torch.float64)",tensor(9),1,1.3241973,0.7898792,1,1,0,-2.8149269,0.056522865,0,0,0,-2.1382256,0.10543664,0,0,0,0.22427441,0.5558348,1,0,0,-1.4923354,0.18357144,0,0
tensor(9081),"tensor(19253., dtype=torch.float64)",tensor(9),0,-6.2480636,0.0019304618,0,0,0,0.08969535,0.52240884,1,0,0,0.23746818,0.55908966,1,0,1,5.2587795,0.99482524,1,1,0,2.0577388,0.8867272,1,1
tensor(9085),"tensor(6911., dtype=torch.float64)",tensor(9),1,-0.9399636,0.2809077,0,0,0,-2.3886998,0.084038466,0,0,1,-1.3840315,0.2003623,0,0,1,2.7413092,0.9394206,1,1,0,-0.82630885,0.3044261,0,0
tensor(9127),"tensor(6277., dtype=torch.float64)",tensor(9),1,5.3476453,0.9952632,1,1,0,-7.314397,0.0006654397,0,0,0,-5.416665,0.004422292,0,0,0,-5.3450546,0.0047490294,0,0,0,-4.0934415,0.016408011,0,0
tensor(9155),"tensor(15982., dtype=torch.float64)",tensor(9),1,4.74713,0.9913981,1,1,0,-7.316354,0.00066413963,0,0,0,-5.253996,0.0051994165,0,0,0,-3.8795795,0.020241335,0,0,0,-3.262131,0.036893416,0,0
tensor(9197),"tensor(19232., dtype=torch.float64)",tensor(9),1,6.6523633,0.99871075,1,1,0,-7.8426247,0.00039248308,0,0,0,-6.2298093,0.001965955,0,0,0,-8.239125,0.00026404546,0,0,0,-7.1212206,0.0008071282,0,0
tensor(9225),"tensor(21500., dtype=torch.float64)",tensor(9),1,2.987847,0.952022,1,1,0,-4.01069,0.017798362,0,0,0,-2.6344254,0.066955455,0,0,0,-2.8065195,0.05697289,0,0,0,-2.582994,0.07024095,0,0
tensor(9417),"tensor(10093., dtype=torch.float64)",tensor(9),1,2.4288855,0.9190036,1,1,0,-2.5861745,0.07003352,0,0,0,-3.7849016,0.022206757,0,0,0,-2.2739727,0.09330159,0,0,0,-1.2740909,0.21855779,0,0
tensor(9431),"tensor(20520., dtype=torch.float64)",tensor(9),1,-0.6113902,0.35174212,0,0,0,-6.0888205,0.0022629502,0,0,0,1.1849549,0.7658375,1,1,0,-3.9176803,0.019499386,0,0,0,1.4653678,0.8123523,1,0
tensor(9459),"tensor(9206., dtype=torch.float64)",tensor(9),1,2.664034,0.9348707,1,1,0,-0.8957464,0.2899254,0,0,0,-4.0209413,0.017620042,0,0,0,-4.1122074,0.016107883,0,0,0,-4.6222396,0.009735052,0,0
tensor(9479),"tensor(16595., dtype=torch.float64)",tensor(9),1,-3.2147987,0.038612608,0,0,0,1.5508072,0.8250303,1,1,0,0.49511442,0.62131053,1,0,0,1.4027728,0.80262357,1,1,0,-1.7742786,0.14501105,0,0
tensor(9521),"tensor(19367., dtype=torch.float64)",tensor(9),1,7.2818885,0.99931264,1,1,0,-8.952332,0.00012941826,0,0,0,-7.7658553,0.00042378716,0,0,0,-6.02944,0.0024010625,0,0,0,-7.3097644,0.0006685275,0,0
tensor(9555),"tensor(19999., dtype=torch.float64)",tensor(9),1,4.807695,0.9918995,1,1,0,-7.3412504,0.0006478195,0,0,0,-5.1645236,0.005683301,0,0,0,-3.5812252,0.027087415,0,0,0,-3.7864177,0.02217386,0,0
tensor(9615),"tensor(18393., dtype=torch.float64)",tensor(9),0,-1.6194972,0.16527423,0,0,0,-2.0808716,0.110969946,0,0,0,1.5947051,0.8312771,1,1,0,-0.6663788,0.33930817,0,0,1,1.3874499,0.80018485,1,0
tensor(9645),"tensor(14816., dtype=torch.float64)",tensor(9),1,-2.6521075,0.065859236,0,0,0,1.7416652,0.85089844,1,1,0,0.8617409,0.7030242,1,1,0,-1.8150674,0.14002681,0,0,0,-1.4336716,0.19252725,0,0
tensor(9667),"tensor(15687., dtype=torch.float64)",tensor(9),1,6.937982,0.9990307,1,1,0,-8.653073,0.00017455898,0,0,0,-8.296307,0.0002493742,0,0,0,-4.401808,0.012106795,0,0,0,-6.7050343,0.0012232326,0,0
tensor(9671),"tensor(20833., dtype=torch.float64)",tensor(9),1,3.0424006,0.9544533,1,1,0,-1.4508675,0.18986809,0,0,0,-4.6611524,0.00936699,0,0,0,-3.1271644,0.042000555,0,0,0,-4.700946,0.009004854,0,0
tensor(9673),"tensor(9402., dtype=torch.float64)",tensor(9),0,-7.0061717,0.0009054509,0,0,0,-0.23035467,0.44266462,0,0,1,3.137497,0.95841324,1,1,0,4.4448624,0.9883974,1,1,0,0.5765194,0.6402661,1,0
tensor(9677),"tensor(17012., dtype=torch.float64)",tensor(9),1,3.8107367,0.9783473,1,1,0,-6.221111,0.0019830964,0,0,0,-4.427859,0.0117991455,0,0,0,-3.4408302,0.031043502,0,0,0,-2.025836,0.11651689,0,0
tensor(9699),"tensor(10577., dtype=torch.float64)",tensor(9),0,-1.0693724,0.25552246,0,0,0,-1.1847808,0.23419368,0,0,0,-3.0354776,0.045848604,0,0,1,3.0571623,0.95509076,1,1,0,-2.0387723,0.1151918,0,0
tensor(9759),"tensor(17113., dtype=torch.float64)",tensor(9),1,4.378529,0.9876116,1,1,0,-6.23848,0.0019490151,0,0,0,-4.813271,0.008055828,0,0,0,-2.5044584,0.07554623,0,0,0,-4.0791025,0.016641036,0,0
tensor(9771),"tensor(10614., dtype=torch.float64)",tensor(9),1,5.9553185,0.9974147,1,1,0,-7.082706,0.0008387942,0,0,0,-7.4153857,0.00060155813,0,0,0,-3.464207,0.03034799,0,0,0,-5.89983,0.0027324243,0,0
tensor(9789),"tensor(14683., dtype=torch.float64)",tensor(9),0,1.6836874,0.8433922,1,1,0,-4.1361604,0.015732635,0,0,1,-1.5929474,0.16896963,0,0,0,0.22806282,0.5567699,1,0,0,-3.9241588,0.019375907,0,0
tensor(9813),"tensor(13317., dtype=torch.float64)",tensor(9),0,-4.6521087,0.009451282,0,0,0,-2.1295538,0.10625736,0,0,0,-0.13376221,0.4666092,0,0,1,5.1003876,0.99394256,1,1,1,-1.3235924,0.21022122,0,0
tensor(9841),"tensor(7877., dtype=torch.float64)",tensor(9),1,2.5971076,0.93067515,1,1,0,-9.613438,6.682024e-05,0,0,0,-2.7239764,0.061573304,0,0,0,-3.6998453,0.024130665,0,0,0,-0.35830614,0.41136968,0,0
tensor(9845),"tensor(1152., dtype=torch.float64)",tensor(9),0,-0.51718855,0.37350988,0,0,0,-5.4989095,0.0040745605,0,0,1,2.3288379,0.91123736,1,1,0,-4.870764,0.007609164,0,0,0,-1.241045,0.22425413,0,0
tensor(9847),"tensor(4660., dtype=torch.float64)",tensor(9),0,-1.1724108,0.23641948,0,0,0,-5.4505067,0.004275768,0,0,1,2.7504468,0.9399386,1,1,0,-5.041121,0.006424948,0,0,0,-0.19235799,0.45205826,0,0
tensor(9879),"tensor(13111., dtype=torch.float64)",tensor(9),0,-3.600279,0.02658977,0,0,1,3.787706,0.9778541,1,1,0,-0.8430316,0.3008967,0,0,0,-1.6081492,0.16684574,0,0,0,-2.3287554,0.08876929,0,0
tensor(9895),"tensor(8141., dtype=torch.float64)",tensor(9),0,-4.212288,0.014596233,0,0,1,-1.3261706,0.2097935,0,0,0,-3.1204329,0.04227225,0,0,1,5.968577,0.9974486,1,1,1,0.89077306,0.7090497,1,0
tensor(9899),"tensor(19456., dtype=torch.float64)",tensor(9),0,-3.6258337,0.025936285,0,0,0,-0.98000586,0.27289063,0,0,1,3.47964,0.9701029,1,1,1,-2.030731,0.11601393,0,0,0,-1.4159881,0.1952913,0,0
tensor(9913),"tensor(12994., dtype=torch.float64)",tensor(9),0,-7.6556973,0.00047311574,0,0,1,4.4454274,0.9884039,1,1,1,1.7888691,0.8567886,1,1,0,-0.5080491,0.37565097,0,0,1,2.4948587,0.9237806,1,1
tensor(9915),"tensor(9979., dtype=torch.float64)",tensor(9),0,-5.3188205,0.00487465,0,0,1,5.881229,0.99721634,1,1,1,-1.9793632,0.12138674,0,0,0,-2.923529,0.051002625,0,0,0,-2.7865467,0.058055513,0,0
tensor(9955),"tensor(16214., dtype=torch.float64)",tensor(9),1,3.5192049,0.97122926,1,1,0,-4.988607,0.00676902,0,0,0,-3.1701117,0.0403061,0,0,0,-4.315207,0.013187548,0,0,0,-2.4075983,0.082595125,0,0
tensor(9965),"tensor(10897., dtype=torch.float64)",tensor(9),0,-2.441963,0.080028266,0,0,1,2.7449713,0.9396287,1,1,0,-3.1241617,0.04212154,0,0,0,0.6934453,0.6667329,1,1,0,-2.3841283,0.08439102,0,0
tensor(9989),"tensor(3936., dtype=torch.float64)",tensor(9),0,-3.3836095,0.032811653,0,0,0,3.9155908,0.9804606,1,1,0,-1.4003501,0.19776055,0,0,1,-1.1030926,0.24916092,0,0,0,-0.5785377,0.35926914,0,0
tensor(10003),"tensor(5760., dtype=torch.float64)",tensor(9),0,-4.3460793,0.012791764,0,0,0,0.015552126,0.50388795,1,0,0,-0.1941633,0.45161113,0,0,1,4.6155753,0.99020046,1,1,0,-0.52493894,0.37169805,0,0
tensor(10005),"tensor(4499., dtype=torch.float64)",tensor(9),1,9.342112,0.9999124,1,1,0,-9.636442,6.530072e-05,0,0,0,-11.44782,1.0672605e-05,0,0,0,-8.059365,0.0003160275,0,0,0,-9.61899,6.6450295e-05,0,0
tensor(10013),"tensor(17483., dtype=torch.float64)",tensor(9),1,4.2014947,0.98524773,1,1,0,-4.3942795,0.012197165,0,0,0,-5.412643,0.004440035,0,0,0,-2.35733,0.086484894,0,0,0,-4.5352726,0.0106101995,0,0
tensor(10025),"tensor(7110., dtype=torch.float64)",tensor(9),0,1.1438377,0.7583836,1,1,1,-1.3438879,0.20687142,0,0,0,-1.4503227,0.1899519,0,0,0,-2.1217246,0.10700316,0,0,0,-0.33323598,0.41745347,0,0
tensor(10035),"tensor(6230., dtype=torch.float64)",tensor(9),1,1.5400103,0.82346624,1,1,0,-4.342052,0.012842723,0,0,0,-0.33239666,0.4176576,0,0,0,-4.143709,0.015616165,0,0,0,-1.4409708,0.19139507,0,0
tensor(10039),"tensor(21412., dtype=torch.float64)",tensor(9),1,3.4880774,0.9703466,1,1,0,-5.124398,0.0059146057,0,0,0,-3.937261,0.01912852,0,0,0,-2.4727037,0.077794045,0,0,0,-2.7313068,0.06115109,0,0
tensor(10045),"tensor(11479., dtype=torch.float64)",tensor(9),0,5.5777082,0.99623305,1,1,0,-7.4131727,0.00060289,0,0,0,-5.249127,0.005224662,0,0,1,-4.6647944,0.009333254,0,0,1,-5.755756,0.0031545314,0,0
tensor(10057),"tensor(4158., dtype=torch.float64)",tensor(9),0,-3.2200096,0.03841963,0,0,0,-2.0281367,0.11628025,0,0,1,3.748083,0.9769795,1,1,0,-3.2210407,0.038381558,0,0,0,-0.5942081,0.3556699,0,0
tensor(10103),"tensor(18832., dtype=torch.float64)",tensor(9),1,3.7305572,0.9765821,1,1,0,-5.1795573,0.0055989735,0,0,0,-3.8934503,0.01996808,0,0,0,-3.8291342,0.021266336,0,0,0,-2.4393353,0.08022194,0,0
tensor(10111),"tensor(495., dtype=torch.float64)",tensor(9),0,1.245826,0.7765765,1,1,0,-3.0129728,0.04684323,0,0,1,0.13276228,0.5331419,1,0,0,-3.0010467,0.04737861,0,0,0,-2.0912464,0.10995054,0,0
tensor(10125),"tensor(12855., dtype=torch.float64)",tensor(9),1,6.483778,0.9984743,1,1,0,-6.3577275,0.001730302,0,0,0,-6.913859,0.0009929282,0,0,0,-4.6885347,0.009116286,0,0,0,-8.730699,0.00016152348,0,0
tensor(10145),"tensor(1347., dtype=torch.float64)",tensor(9),1,6.105166,0.9977736,1,1,0,-10.343393,3.2203818e-05,0,0,0,-7.0527034,0.00086431945,0,0,0,-4.7845726,0.008288423,0,0,0,-3.960206,0.018702729,0,0
tensor(10155),"tensor(4993., dtype=torch.float64)",tensor(9),1,1.1533486,0.76012206,1,1,0,-4.5638323,0.010314544,0,0,0,-0.22556075,0.44384772,0,0,0,-2.1433008,0.10495891,0,0,0,-1.0172305,0.2655672,0,0
tensor(10191),"tensor(11124., dtype=torch.float64)",tensor(9),1,7.579061,0.9994892,1,1,0,-11.369024,1.1547567e-05,0,0,0,-7.5027456,0.00055126386,0,0,0,-6.1666546,0.0020938504,0,0,0,-6.6619015,0.0012770797,0,0
tensor(10203),"tensor(17437., dtype=torch.float64)",tensor(9),1,-0.2920874,0.42749292,0,0,0,-2.1103575,0.108094186,0,0,0,-1.4780788,0.18571778,0,0,1,0.91802645,0.71463984,1,1,0,0.7902738,0.6878901,1,0
tensor(10209),"tensor(12421., dtype=torch.float64)",tensor(9),1,-3.7867458,0.022166748,0,0,0,4.1721854,0.9848156,1,1,0,-2.2116847,0.0987061,0,0,0,0.0637984,0.51594424,1,0,0,-2.2041855,0.099375255,0,0
tensor(10217),"tensor(9238., dtype=torch.float64)",tensor(9),1,4.445921,0.98840964,1,1,0,-5.6807685,0.0033993411,0,0,0,-3.5611548,0.027621387,0,0,0,-4.083444,0.01657014,0,0,0,-5.6837716,0.0033891825,0,0
tensor(10235),"tensor(17371., dtype=torch.float64)",tensor(9),1,1.9831537,0.87901694,1,1,0,-1.2351992,0.22527274,0,0,0,-3.6746192,0.024731882,0,0,0,-1.3705195,0.20253593,0,0,0,-2.4107044,0.082360074,0,0
tensor(10263),"tensor(18245., dtype=torch.float64)",tensor(9),0,-4.2602654,0.0139219975,0,0,0,-1.2384949,0.2246981,0,0,1,3.6768835,0.97532266,1,1,0,1.2512293,0.77751255,1,1,0,-0.83692706,0.30218238,0,0
tensor(10273),"tensor(10471., dtype=torch.float64)",tensor(9),0,-4.352341,0.01271293,0,0,1,1.47424,0.813701,1,0,1,-1.0272689,0.26361394,0,0,1,3.9453611,0.9810229,1,1,0,0.68831205,0.66559136,1,0
tensor(10277),"tensor(13646., dtype=torch.float64)",tensor(9),1,0.7592695,0.68119514,1,1,0,-4.950031,0.0070333714,0,0,0,1.0407295,0.7389908,1,1,0,-4.180752,0.015056837,0,0,0,-2.4240446,0.08135745,0,0
tensor(10279),"tensor(21447., dtype=torch.float64)",tensor(9),0,-3.1622057,0.040613025,0,0,0,-3.0958357,0.043279357,0,0,0,-5.1259747,0.005905344,0,0,1,6.4885635,0.9984816,1,1,1,-0.23681086,0.4410724,0,0
tensor(10297),"tensor(20406., dtype=torch.float64)",tensor(9),1,3.2679021,0.9633111,1,1,0,-4.047999,0.017157745,0,0,0,-2.8744698,0.05343014,0,0,0,-3.558797,0.02768479,0,0,0,-3.0593827,0.04481412,0,0
tensor(10301),"tensor(21606., dtype=torch.float64)",tensor(9),0,-6.18842,0.002048862,0,0,1,2.6036081,0.93109345,1,1,0,1.6846495,0.8435192,1,1,1,1.8097409,0.8593306,1,1,0,1.3449103,0.7932962,1,0
tensor(10305),"tensor(12632., dtype=torch.float64)",tensor(9),0,1.8575938,0.8650162,1,1,0,-1.9669122,0.12272095,0,0,0,-4.312691,0.013220326,0,0,1,-0.20539857,0.44883013,0,0,0,-3.2037284,0.03902566,0,0
tensor(10313),"tensor(8207., dtype=torch.float64)",tensor(9),0,-3.7030153,0.024056127,0,0,1,2.8842719,0.94706345,1,1,0,-3.998539,0.018012034,0,0,1,2.9633856,0.9508924,1,1,0,0.32922688,0.5815712,1,0
tensor(10331),"tensor(3237., dtype=torch.float64)",tensor(9),0,-4.5604506,0.010349122,0,0,0,0.9164104,0.7143101,1,0,0,1.3292196,0.7907115,1,1,1,3.024576,0.9536722,1,1,0,0.3559245,0.5880535,1,0
tensor(10347),"tensor(18563., dtype=torch.float64)",tensor(9),0,-5.105005,0.0060297316,0,0,1,3.5791888,0.9728589,1,1,0,-1.7688742,0.14568241,0,0,1,1.1943353,0.76751554,1,1,0,-4.0700607,0.016789645,0,0
tensor(10349),"tensor(13867., dtype=torch.float64)",tensor(9),0,-0.8844141,0.29226393,0,0,0,-4.9001374,0.0073905326,0,0,1,2.1608083,0.8966744,1,1,0,-2.4399912,0.08017356,0,0,1,-0.31066242,0.42295304,0,0
tensor(10361),"tensor(9565., dtype=torch.float64)",tensor(9),0,0.9445466,0.72001714,1,1,1,-0.07720219,0.48070908,0,0,0,-2.7541687,0.059851643,0,0,0,-2.2248697,0.097539306,0,0,0,-4.69716,0.0090387035,0,0
tensor(10375),"tensor(6566., dtype=torch.float64)",tensor(9),1,-1.0859632,0.2523792,0,0,0,-2.6778615,0.06429241,0,0,0,0.45491657,0.6118076,1,0,0,-1.4456754,0.19066802,0,0,0,2.0370543,0.88463295,1,1
tensor(10395),"tensor(7375., dtype=torch.float64)",tensor(9),0,-4.36916,0.012503552,0,0,0,-3.6222427,0.026027163,0,0,0,-3.0390563,0.045692302,0,0,1,6.7938614,0.99888057,1,1,0,0.26751557,0.5664829,1,0
tensor(10413),"tensor(889., dtype=torch.float64)",tensor(9),1,6.355446,0.9982658,1,1,0,-8.914888,0.0001343553,0,0,0,-7.1033797,0.0008216454,0,0,0,-5.1109457,0.00599423,0,0,0,-4.992291,0.0067442963,0,0
tensor(10439),"tensor(3789., dtype=torch.float64)",tensor(9),0,0.35849604,0.58867633,1,1,0,-4.8606877,0.0076856287,0,0,0,-4.971345,0.0068860697,0,0,1,2.443128,0.9200574,1,1,0,-0.11444848,0.47141907,0,0
tensor(10453),"tensor(2058., dtype=torch.float64)",tensor(9),0,-5.3191524,0.0048730397,0,0,1,4.682145,0.99082583,1,1,1,-0.16886368,0.45788416,0,0,0,-5.4258585,0.004382,0,0,0,-4.7012005,0.009002582,0,0
tensor(10483),"tensor(17168., dtype=torch.float64)",tensor(9),1,3.9495332,0.9811003,1,1,0,-5.8266044,0.0029394052,0,0,0,-6.322067,0.0017930067,0,0,0,-0.7140811,0.32869768,0,0,0,-5.3117757,0.0049089426,0,0
tensor(10491),"tensor(17007., dtype=torch.float64)",tensor(9),1,2.59954,0.9308319,1,1,0,-6.1254225,0.0021817966,0,0,0,-4.3561397,0.012665343,0,0,0,-2.60077,0.069088876,0,0,0,-0.05377201,0.48656026,0,0
tensor(10509),"tensor(5450., dtype=torch.float64)",tensor(9),1,4.1367774,0.9842769,1,1,0,-5.369403,0.0046353247,0,0,0,-4.033167,0.017409664,0,0,0,-3.981236,0.018320648,0,0,0,-3.4453094,0.030909052,0,0
tensor(10529),"tensor(3175., dtype=torch.float64)",tensor(9),0,-6.82671,0.0010832452,0,0,1,2.5865808,0.929993,1,1,1,2.0106936,0.8819153,1,1,1,2.531904,0.9263484,1,1,1,0.632152,0.6529772,1,0
tensor(10535),"tensor(5145., dtype=torch.float64)",tensor(9),1,2.146959,0.89538425,1,1,0,-0.58345413,0.3581382,0,0,0,-3.314395,0.03508065,0,0,0,-2.8870916,0.05279537,0,0,0,-3.8498485,0.020839436,0,0
tensor(10549),"tensor(1218., dtype=torch.float64)",tensor(9),1,2.1807222,0.898505,1,1,0,-3.5396314,0.028205391,0,0,0,-0.8504707,0.29933414,0,0,0,-3.9130573,0.01958797,0,0,0,-3.4513106,0.030729797,0,0
tensor(10575),"tensor(19785., dtype=torch.float64)",tensor(9),0,0.5597373,0.63639176,1,1,0,-3.6690426,0.024866749,0,0,1,1.1722482,0.7635511,1,1,0,-6.3090215,0.0018165073,0,0,0,-2.0195735,0.1171631,0,0
tensor(10595),"tensor(16144., dtype=torch.float64)",tensor(9),1,4.4781046,0.9887726,1,1,0,-6.592442,0.0013688125,0,0,0,-5.886395,0.0027692795,0,0,0,-3.0324333,0.045981966,0,0,0,-2.905206,0.05189681,0,0
tensor(10605),"tensor(11139., dtype=torch.float64)",tensor(9),0,-5.545726,0.0038889258,0,0,0,2.9319732,0.94940454,1,1,0,-0.84466976,0.3005522,0,0,0,3.456512,0.9694248,1,1,0,-1.5441983,0.17592579,0,0
tensor(10609),"tensor(2817., dtype=torch.float64)",tensor(9),0,-3.7711117,0.022508167,0,0,1,2.981487,0.9517307,1,1,1,0.14556491,0.5363271,1,0,0,-3.222321,0.03833433,0,0,1,-0.3738504,0.40761098,0,0
tensor(10621),"tensor(524., dtype=torch.float64)",tensor(9),1,-0.30429918,0.4245068,0,0,0,-4.3508472,0.012731696,0,0,0,1.4550216,0.81077003,1,1,0,-3.8621726,0.020589441,0,0,0,-0.4963298,0.37840354,0,0
tensor(10627),"tensor(14290., dtype=torch.float64)",tensor(9),1,3.9572077,0.9812422,1,1,0,-6.059385,0.002330394,0,0,0,-2.9588304,0.049320813,0,0,0,-4.0694838,0.016799172,0,0,0,-4.174359,0.015151939,0,0
tensor(10641),"tensor(20211., dtype=torch.float64)",tensor(9),1,4.987064,0.99322057,1,1,0,-5.2842355,0.0050453236,0,0,0,-6.3734565,0.001703345,0,0,0,-2.554982,0.07209251,0,0,0,-5.701853,0.0033286547,0,0
tensor(10643),"tensor(5972., dtype=torch.float64)",tensor(9),0,3.7918808,0.9779443,1,1,0,-4.5208116,0.010763087,0,0,1,-2.0908802,0.109986395,0,0,0,-6.4149632,0.001634205,0,0,0,-7.012977,0.00089931535,0,0
tensor(10653),"tensor(924., dtype=torch.float64)",tensor(9),1,2.9444482,0.9500004,1,1,0,-6.7439218,0.001176632,0,0,0,-2.5877843,0.06992875,0,0,0,-4.360864,0.012606399,0,0,0,-0.73213935,0.32472545,0,0
tensor(10695),"tensor(17440., dtype=torch.float64)",tensor(9),0,0.74717504,0.6785629,1,1,0,-0.91420686,0.28613976,0,0,0,-3.748217,0.023017429,0,0,1,-0.034624714,0.4913447,0,0,1,-0.099845596,0.47505933,0,0
tensor(10711),"tensor(6815., dtype=torch.float64)",tensor(9),1,0.9827783,0.72765917,1,1,0,-4.137528,0.015711473,0,0,0,-0.4757491,0.38325644,0,0,0,-3.3799894,0.03292673,0,0,0,0.41233525,0.60164773,1,0
tensor(10749),"tensor(1203., dtype=torch.float64)",tensor(9),1,5.062815,0.99371207,1,1,0,-5.076201,0.006204843,0,0,0,-6.983926,0.0009258001,0,0,0,-3.4710512,0.03014723,0,0,0,-4.64602,0.009508454,0,0
tensor(10761),"tensor(20664., dtype=torch.float64)",tensor(9),0,-2.9443262,0.05000536,0,0,1,3.5431962,0.9718921,1,1,0,-2.6821506,0.06403486,0,0,0,-0.6383025,0.34563038,0,0,1,-1.9156651,0.12834574,0,0
tensor(10763),"tensor(6426., dtype=torch.float64)",tensor(9),0,-2.7966335,0.05750637,0,0,0,-0.6935631,0.3332409,0,0,1,2.6659079,0.9349847,1,1,0,-2.7185924,0.061885133,0,0,1,0.8389709,0.69824845,1,0
tensor(10775),"tensor(344., dtype=torch.float64)",tensor(9),0,-1.7601244,0.14677477,0,0,0,-0.10298888,0.47427553,0,0,0,-4.4559884,0.011475623,0,0,1,3.7285237,0.9765355,1,1,0,-2.585184,0.07009806,0,0
tensor(10783),"tensor(5960., dtype=torch.float64)",tensor(9),1,1.5842844,0.8298105,1,1,0,-4.617739,0.009778533,0,0,0,0.31035456,0.5769718,1,0,0,-4.334578,0.012937822,0,0,0,-3.3288388,0.03459499,0,0
tensor(10867),"tensor(19906., dtype=torch.float64)",tensor(9),0,-4.750028,0.008577246,0,0,1,2.4858036,0.9231406,1,1,0,1.582415,0.8295462,1,1,0,-0.62080216,0.34959903,0,0,0,0.00036207587,0.5000905,1,0
tensor(10873),"tensor(21528., dtype=torch.float64)",tensor(9),0,-3.231177,0.038009185,0,0,1,-1.8035136,0.1414239,0,0,0,3.5114892,0.97101295,1,1,0,-1.6622602,0.15945883,0,0,0,0.22309428,0.5555434,1,0
tensor(10881),"tensor(13043., dtype=torch.float64)",tensor(9),0,-6.6018624,0.0013559957,0,0,1,4.02361,0.98242605,1,1,0,1.3902948,0.80063933,1,1,0,0.13225079,0.5330146,1,0,0,0.39310884,0.5970309,1,0
tensor(10919),"tensor(20855., dtype=torch.float64)",tensor(9),0,-0.88406396,0.29233631,0,0,1,0.14093956,0.5351767,1,0,0,0.66464627,0.6603033,1,0,0,-1.0490762,0.25940254,0,0,0,-0.2634032,0.4345273,0,0
tensor(10987),"tensor(2017., dtype=torch.float64)",tensor(9),1,1.199858,0.7684995,1,1,0,-0.095000796,0.4762676,0,0,0,-3.6037402,0.026500333,0,0,1,-0.8057959,0.30878708,0,0,0,-2.4623568,0.07853961,0,0
tensor(10995),"tensor(9936., dtype=torch.float64)",tensor(9),0,-7.1829295,0.00075886346,0,0,1,3.359201,0.9664049,1,1,0,0.63923484,0.6545805,1,0,1,2.78342,0.94177324,1,1,0,2.35876,0.913628,1,1
tensor(11023),"tensor(9936., dtype=torch.float64)",tensor(9),0,-5.5232425,0.0039770002,0,0,1,3.132307,0.95820594,1,1,1,0.12446915,0.53107715,1,0,1,2.6225872,0.93230116,1,1,0,-0.45244762,0.38877898,0,0
tensor(11045),"tensor(9439., dtype=torch.float64)",tensor(9),0,-4.5786705,0.010164169,0,0,0,0.080490835,0.5201118,1,0,0,-0.6659662,0.33940068,0,0,1,5.091058,0.99388605,1,1,0,-0.8140126,0.3070361,0,0
tensor(11049),"tensor(3685., dtype=torch.float64)",tensor(9),1,2.7901683,0.9421422,1,1,0,-4.1725097,0.015179559,0,0,0,-4.2460685,0.014118246,0,0,0,-0.23405649,0.44175154,0,0,0,-5.4643393,0.0042172777,0,0
tensor(11061),"tensor(15571., dtype=torch.float64)",tensor(9),0,-1.4445121,0.19084759,0,0,1,1.3943478,0.8012855,1,0,0,-0.8222491,0.30528644,0,0,0,-2.5705175,0.071060136,0,0,1,0.9106927,0.71314186,1,0
tensor(11069),"tensor(9534., dtype=torch.float64)",tensor(9),1,2.762125,0.94059443,1,1,0,-2.607709,0.06864393,0,0,0,-2.9078374,0.05176749,0,0,0,-2.6479151,0.06611763,0,0,0,-2.6872103,0.063732274,0,0
tensor(11079),"tensor(11908., dtype=torch.float64)",tensor(9),1,4.3261466,0.98695403,1,1,0,-3.2549229,0.037150394,0,0,0,-5.384022,0.0045683593,0,0,0,-3.5270267,0.028552946,0,0,0,-5.8601055,0.002842838,0,0
tensor(11133),"tensor(12331., dtype=torch.float64)",tensor(9),0,-3.805027,0.021773938,0,0,0,-1.373659,0.20202932,0,0,1,3.0506434,0.95481026,1,1,0,-1.062354,0.25685987,0,0,0,2.7601545,0.9404843,1,1
tensor(11179),"tensor(15488., dtype=torch.float64)",tensor(9),0,1.1753242,0.76410604,1,1,1,-1.5016081,0.1821858,0,0,0,-0.5046474,0.37644917,0,0,0,-2.092681,0.10981024,0,0,0,-2.017906,0.117335685,0,0
tensor(11201),"tensor(20037., dtype=torch.float64)",tensor(9),0,-3.2119572,0.038718224,0,0,0,-1.2979813,0.21450497,0,0,1,3.3224616,0.9651914,1,1,0,-4.350045,0.012741781,0,0,0,-1.7934736,0.14264739,0,0
tensor(11225),"tensor(20691., dtype=torch.float64)",tensor(9),1,4.304754,0.9866757,1,1,0,-2.8828788,0.053006444,0,0,0,-5.575025,0.0037770602,0,0,0,-4.826441,0.007951268,0,0,0,-6.1078854,0.0022203107,0,0
tensor(11235),"tensor(10078., dtype=torch.float64)",tensor(9),0,-1.5241616,0.17884953,0,0,1,0.20589355,0.55129236,1,0,0,0.3411232,0.58446336,1,0,1,0.6967856,0.66747475,1,1,1,0.7395563,0.67689884,1,0
tensor(11245),"tensor(20464., dtype=torch.float64)",tensor(9),1,4.209707,0.9853666,1,1,0,-4.6671486,0.009311513,0,0,0,-4.5284905,0.010681633,0,0,0,-2.210997,0.09876728,0,0,0,-5.2620916,0.005157709,0,0
tensor(11293),"tensor(21175., dtype=torch.float64)",tensor(9),0,-4.621426,0.009742898,0,0,1,0.6107614,0.6481145,1,0,1,2.7899842,0.9421321,1,1,0,-1.1805378,0.23495547,0,0,0,-1.2082645,0.23000827,0,0
tensor(11303),"tensor(14859., dtype=torch.float64)",tensor(9),0,-4.257394,0.013961472,0,0,1,4.082031,0.98340684,1,1,0,-3.3963685,0.03240915,0,0,1,1.4033033,0.8027075,1,1,1,-2.3040988,0.090784065,0,0
tensor(11331),"tensor(12114., dtype=torch.float64)",tensor(9),1,2.7298098,0.9387629,1,1,0,-4.3829274,0.0123347,0,0,0,-5.617268,0.003621395,0,0,0,-2.6248317,0.0675573,0,0,0,-0.3687178,0.40885088,0,0
tensor(11333),"tensor(11908., dtype=torch.float64)",tensor(9),1,3.9058158,0.9802725,1,1,0,-3.6822863,0.024547623,0,0,0,-3.7845156,0.02221514,0,0,0,-4.2806983,0.0136442585,0,0,0,-4.515915,0.010815347,0,0
tensor(11369),"tensor(15677., dtype=torch.float64)",tensor(9),1,4.8163366,0.9919687,1,1,0,-10.122773,4.0153005e-05,0,0,0,-6.3293557,0.0017800084,0,0,0,-1.4354604,0.19224931,0,0,0,-4.583,0.0101207,0,0
tensor(11397),"tensor(14859., dtype=torch.float64)",tensor(9),0,-5.5646977,0.0038161196,0,0,1,3.9883902,0.9818076,1,1,0,-1.5661408,0.17276727,0,0,1,1.2842396,0.78317064,1,1,1,-3.8001595,0.02187786,0,0
tensor(11405),"tensor(9162., dtype=torch.float64)",tensor(9),0,-0.08048872,0.4798887,0,0,0,-2.5917335,0.069672346,0,0,1,1.3104306,0.7875852,1,1,0,-2.9396896,0.050226074,0,0,0,-1.6271019,0.16422775,0,0
tensor(11433),"tensor(11719., dtype=torch.float64)",tensor(9),1,0.86697763,0.7041164,1,1,0,-4.2555943,0.013986269,0,0,0,-4.949018,0.007040449,0,0,1,2.9430494,0.9499339,1,1,0,-3.438956,0.031099925,0,0
tensor(11473),"tensor(20855., dtype=torch.float64)",tensor(9),1,2.2762907,0.90689427,1,1,0,-1.4772683,0.18584038,0,0,0,-2.7085748,0.062469266,0,0,0,-2.5948906,0.06946798,0,0,0,-3.4369147,0.031161496,0,0
tensor(11505),"tensor(8637., dtype=torch.float64)",tensor(9),0,-3.661531,0.025049543,0,0,0,-1.8451605,0.13644211,0,0,1,3.9543042,0.9811887,1,1,0,-3.199292,0.039192375,0,0,1,0.3728348,0.5921438,1,0
tensor(11519),"tensor(16802., dtype=torch.float64)",tensor(9),1,-0.019382186,0.4951546,0,0,0,-0.0145156905,0.4963711,0,0,0,-0.15516868,0.4612855,0,0,0,-3.5379958,0.028250255,0,0,0,-2.1350486,0.105736665,0,0
tensor(11527),"tensor(20074., dtype=torch.float64)",tensor(9),0,-4.400042,0.01212793,0,0,1,2.4688735,0.92193073,1,1,0,-5.735958,0.0032174033,0,0,1,4.7919416,0.9917719,1,1,0,-1.9219232,0.12764727,0,0
tensor(11529),"tensor(15795., dtype=torch.float64)",tensor(9),0,-4.133193,0.015778651,0,0,0,-2.5829027,0.07024691,0,0,0,-2.8767042,0.053317245,0,0,1,6.4471035,0.9984174,1,1,0,0.43474826,0.6070069,1,0
tensor(11541),"tensor(8637., dtype=torch.float64)",tensor(9),0,-3.2889488,0.03595226,0,0,0,-1.8978819,0.13034838,0,0,1,3.5540419,0.9721869,1,1,0,-4.629216,0.009668024,0,0,0,-2.655359,0.06565948,0,0
tensor(11671),"tensor(9821., dtype=torch.float64)",tensor(9),0,4.478502,0.988777,1,1,1,-4.394622,0.012193043,0,0,0,-4.21619,0.014540219,0,0,0,-5.577285,0.003768567,0,0,0,-5.3422275,0.0047624107,0,0
tensor(11685),"tensor(10021., dtype=torch.float64)",tensor(9),0,-0.50607705,0.37611362,0,0,0,0.17754337,0.5442696,1,0,1,0.52332705,0.6279254,1,0,0,-2.5123994,0.07499349,0,0,0,-3.3511283,0.033858236,0,0
tensor(11693),"tensor(10172., dtype=torch.float64)",tensor(9),1,8.53281,0.9998031,1,1,0,-10.193839,3.739863e-05,0,0,0,-9.804487,5.5200282e-05,0,0,0,-6.3614445,0.0017238936,0,0,0,-8.790087,0.00015221159,0,0
tensor(11773),"tensor(19270., dtype=torch.float64)",tensor(9),0,-2.421937,0.08151512,0,0,1,3.048808,0.95473105,1,1,0,-4.2768664,0.013695924,0,0,0,-1.8662065,0.13398127,0,0,0,-4.175888,0.015129137,0,0
tensor(11783),"tensor(18381., dtype=torch.float64)",tensor(9),1,5.442678,0.99569076,1,1,0,-9.781757,5.646928e-05,0,0,0,-4.9262486,0.0072014276,0,0,0,-6.239759,0.0019465291,0,0,0,-3.167939,0.040390227,0,0
tensor(11791),"tensor(3007., dtype=torch.float64)",tensor(9),1,8.35081,0.9997639,1,1,0,-10.070705,4.2298976e-05,0,0,0,-8.651001,0.00017492102,0,0,0,-9.077159,0.00011423268,0,0,0,-7.8473387,0.00039063793,0,0
tensor(11797),"tensor(13293., dtype=torch.float64)",tensor(9),1,4.3651967,0.98744744,1,1,0,-8.358492,0.00023434265,0,0,0,-3.676683,0.024682155,0,0,0,-4.731378,0.008737302,0,0,0,-3.1902497,0.039534297,0,0
tensor(11823),"tensor(11996., dtype=torch.float64)",tensor(9),0,-3.4091642,0.032010283,0,0,1,1.0008632,0.73122823,1,0,1,0.41037256,0.6011772,1,0,1,2.1310158,0.89388144,1,1,0,1.1982373,0.76821107,1,0
tensor(11825),"tensor(7918., dtype=torch.float64)",tensor(9),1,7.7581573,0.99957293,1,1,0,-9.280491,9.3216666e-05,0,0,0,-8.260235,0.0002585314,0,0,0,-7.7642393,0.00042447227,0,0,0,-7.151115,0.0007833753,0,0
tensor(11839),"tensor(15034., dtype=torch.float64)",tensor(9),0,2.926027,0.94911814,1,1,1,-0.6096933,0.35212916,0,0,0,-6.5220714,0.0014684602,0,0,0,-4.5616364,0.010336984,0,0,0,-5.2445354,0.0052485797,0,0
tensor(11865),"tensor(20063., dtype=torch.float64)",tensor(9),0,-3.9819267,0.01830823,0,0,0,-4.1531534,0.015471648,0,0,0,-5.9875655,0.0025034836,0,0,0,-1.5790576,0.17092898,0,0,0,-10.007338,4.506599e-05,0,0
tensor(11871),"tensor(18724., dtype=torch.float64)",tensor(9),0,2.2283134,0.9027634,1,1,1,-1.4661994,0.18752098,0,0,0,-4.545486,0.010503518,0,0,0,-4.2865324,0.013565966,0,0,0,-1.4029357,0.19735067,0,0
tensor(11873),"tensor(15280., dtype=torch.float64)",tensor(9),0,2.907294,0.9482058,1,1,0,-7.1834006,0.0007585063,0,0,0,-4.036191,0.017358005,0,0,0,-2.5342,0.07349514,0,0,1,-0.8402755,0.30147678,0,0
tensor(11879),"tensor(15704., dtype=torch.float64)",tensor(9),0,-3.9545882,0.018806113,0,0,0,-3.2332282,0.03793426,0,0,0,-6.0744143,0.0022957113,0,0,0,-0.49486914,0.3787472,0,0,0,-7.7808943,0.00041746418,0,0
tensor(11883),"tensor(15317., dtype=torch.float64)",tensor(9),0,-7.4435067,0.0005848871,0,0,1,3.7479901,0.97697747,1,1,1,1.6310701,0.8363162,1,1,0,1.4472939,0.80958164,1,1,0,2.1146326,0.8923173,1,1
tensor(11889),"tensor(19458., dtype=torch.float64)",tensor(9),0,-4.380337,0.012366295,0,0,0,0.13331118,0.5332785,1,0,0,1.2725692,0.7811822,1,1,1,3.1066823,0.95716757,1,1,0,1.0814977,0.74677736,1,0
tensor(11891),"tensor(16321., dtype=torch.float64)",tensor(9),1,5.4528756,0.9957343,1,1,0,-5.3396354,0.0047747125,0,0,0,-6.7889504,0.0011248833,0,0,0,-3.3306637,0.034534093,0,0,0,-6.622491,0.0013283469,0,0
tensor(11911),"tensor(12403., dtype=torch.float64)",tensor(9),0,-4.6943965,0.009063488,0,0,0,-0.06171357,0.48457646,0,0,0,0.7467162,0.67846274,1,0,0,4.3632665,0.9874235,1,1,0,0.19479382,0.54854506,1,0
tensor(11915),"tensor(12403., dtype=torch.float64)",tensor(9),0,-4.2338653,0.014289113,0,0,0,0.87287766,0.70534414,1,0,0,-0.93624705,0.28165904,0,0,0,4.148555,0.98445815,1,1,0,-0.9990637,0.26912555,0,0
tensor(11921),"tensor(14359., dtype=torch.float64)",tensor(9),1,5.028623,0.9934948,1,1,0,-5.439894,0.004321189,0,0,0,-6.2230525,0.0019792572,0,0,0,-3.1483397,0.04115675,0,0,0,-5.231348,0.005317882,0,0
tensor(11941),"tensor(11811., dtype=torch.float64)",tensor(9),1,1.5359548,0.8228759,1,1,0,-1.9742578,0.12193229,0,0,0,-2.4401135,0.080164544,0,0,0,-1.5898136,0.16941011,0,0,0,-0.4252326,0.39526534,0,0
tensor(11947),"tensor(10077., dtype=torch.float64)",tensor(9),0,-3.8660018,0.020512363,0,0,0,-1.9420823,0.12541927,0,0,1,4.25405,0.9859925,1,1,0,-5.523733,0.0039750575,0,0,1,-0.27146593,0.4325472,0,0
tensor(11949),"tensor(15545., dtype=torch.float64)",tensor(9),0,1.6367743,0.83709556,1,1,0,-1.294449,0.21510074,0,0,1,-0.7509806,0.32060763,0,0,0,-3.8910847,0.020014424,0,0,0,-3.8668,0.020496331,0,0
tensor(11951),"tensor(16130., dtype=torch.float64)",tensor(9),1,4.80936,0.99191284,1,1,0,-7.8315697,0.00039684432,0,0,0,-6.3078103,0.0018187048,0,0,0,-3.1361876,0.041638993,0,0,0,-3.048426,0.045285482,0,0
tensor(11959),"tensor(359., dtype=torch.float64)",tensor(9),1,-1.9878378,0.1204858,0,0,0,0.6974469,0.6676215,1,0,0,0.1721923,0.54294205,1,0,0,-0.21391176,0.44672504,0,0,0,1.3241136,0.7898653,1,0
tensor(11963),"tensor(3204., dtype=torch.float64)",tensor(9),0,-4.235956,0.014259691,0,0,1,-0.38575435,0.4047398,0,0,0,-4.0612965,0.016934939,0,0,1,5.9521074,0.9974064,1,1,0,0.78989965,0.68780977,1,0
tensor(11969),"tensor(5051., dtype=torch.float64)",tensor(9),0,-0.65624696,0.3415832,0,0,1,-1.5503713,0.17503266,0,0,0,1.4925659,0.8164631,1,1,0,-3.606573,0.02642735,0,0,0,-0.4776649,0.38280368,0,0
tensor(11989),"tensor(18210., dtype=torch.float64)",tensor(9),1,2.869569,0.9463215,1,1,0,-2.5981474,0.06925775,0,0,0,-3.4816322,0.02983939,0,0,0,-2.005085,0.11867006,0,0,0,-2.8729725,0.053505916,0,0
tensor(11997),"tensor(6971., dtype=torch.float64)",tensor(9),0,-5.7504315,0.0031713184,0,0,0,-1.0820973,0.25310934,0,0,1,3.5806093,0.97289634,1,1,0,3.3608303,0.96645766,1,1,0,-0.51152676,0.37483567,0,0
tensor(12011),"tensor(2215., dtype=torch.float64)",tensor(9),0,-2.6644762,0.06510237,0,0,0,-1.9190897,0.12796311,0,0,0,-4.71299,0.00889801,0,0,1,5.4472895,0.9957105,1,1,0,-0.42958757,0.39422485,0,0
tensor(12035),"tensor(5976., dtype=torch.float64)",tensor(9),0,-5.8953934,0.0027445406,0,0,1,2.5616899,0.928355,1,1,1,2.4823234,0.9228933,1,1,0,-2.9673069,0.04892489,0,0,0,-1.5745884,0.17156325,0,0
tensor(12073),"tensor(4161., dtype=torch.float64)",tensor(9),1,8.200132,0.9997254,1,1,0,-10.701264,2.2515944e-05,0,0,0,-9.353883,8.6620894e-05,0,0,0,-5.844843,0.0028864336,0,0,0,-7.6726246,0.00046517825,0,0
tensor(12085),"tensor(658., dtype=torch.float64)",tensor(9),0,-0.34493724,0.41461068,0,0,0,-2.424056,0.08135661,0,0,0,-2.979276,0.048370946,0,0,0,0.82677764,0.6956731,1,1,0,-4.628599,0.009673934,0,0
tensor(12115),"tensor(17825., dtype=torch.float64)",tensor(9),1,3.105982,0.95713884,1,1,0,-5.105284,0.0060280575,0,0,0,-2.98683,0.048024405,0,0,0,-2.7508478,0.06003879,0,0,0,-2.261794,0.09433697,0,0
tensor(12123),"tensor(14146., dtype=torch.float64)",tensor(9),1,6.9786253,0.9990693,1,1,0,-10.5193615,2.7007703e-05,0,0,0,-7.309667,0.00066859246,0,0,0,-5.648031,0.0035120705,0,0,0,-5.6849184,0.003385311,0,0
tensor(12131),"tensor(9054., dtype=torch.float64)",tensor(9),0,-1.5964534,0.16847788,0,0,0,-3.7002466,0.024121216,0,0,1,2.864699,0.94607353,1,1,0,-5.0344124,0.0064679156,0,0,1,-0.05368974,0.4865808,0,0
tensor(12145),"tensor(9895., dtype=torch.float64)",tensor(9),0,0.07584693,0.51895267,1,0,1,-0.46338657,0.38618273,0,0,0,-3.0680304,0.044445407,0,0,0,-1.022678,0.2645061,0,0,0,-5.9676514,0.0025537093,0,0
tensor(12151),"tensor(5289., dtype=torch.float64)",tensor(9),0,-7.5359473,0.00053327106,0,0,1,4.0468736,0.98282325,1,1,1,1.468517,0.8128319,1,1,1,1.5700507,0.82779086,1,1,0,1.448508,0.80976874,1,0
tensor(12167),"tensor(6286., dtype=torch.float64)",tensor(9),0,-6.085811,0.0022697547,0,0,1,2.073649,0.88831544,1,1,0,0.5186543,0.626833,1,0,1,4.3112307,0.9867606,1,1,0,-0.42527136,0.39525607,0,0
tensor(12171),"tensor(9970., dtype=torch.float64)",tensor(9),1,4.061278,0.98306483,1,1,0,-3.6752675,0.024716252,0,0,0,-4.2864194,0.0135674765,0,0,0,-3.0183463,0.046603896,0,0,0,-6.2748547,0.0018795255,0,0
tensor(12173),"tensor(13066., dtype=torch.float64)",tensor(9),0,-6.1093597,0.002217047,0,0,1,6.146924,0.99786454,1,1,0,-1.5977407,0.16829762,0,0,0,-2.9390888,0.050254744,0,0,0,-4.398256,0.012149352,0,0
tensor(12191),"tensor(17566., dtype=torch.float64)",tensor(9),0,0.6207008,0.6503779,1,1,1,-3.9661088,0.018594703,0,0,0,1.6299291,0.83615994,1,1,0,-5.7000427,0.0033346654,0,0,0,-4.8208103,0.007995805,0,0
tensor(12209),"tensor(10632., dtype=torch.float64)",tensor(9),0,-3.4317577,0.031317566,0,0,1,0.8275922,0.6958456,1,0,0,1.8330672,0.86212665,1,1,0,-0.2220342,0.4447184,0,0,0,1.2983438,0.7855561,1,0
tensor(12253),"tensor(9743., dtype=torch.float64)",tensor(9),1,0.20605099,0.5513313,1,0,0,-4.1066265,0.016196573,0,0,0,-2.803187,0.057152208,0,0,0,2.2361674,0.90345067,1,1,0,-0.74878395,0.32108632,0,0
tensor(12261),"tensor(19080., dtype=torch.float64)",tensor(9),1,4.7899346,0.9917556,1,1,0,-7.507139,0.0005488485,0,0,0,-5.4125414,0.0044404846,0,0,0,-3.471749,0.030126832,0,0,0,-3.455499,0.030605292,0,0
tensor(12263),"tensor(8090., dtype=torch.float64)",tensor(9),1,4.334615,0.98706263,1,1,0,-5.4838448,0.0041361516,0,0,0,-6.669597,0.0012673017,0,0,0,-1.1167321,0.24661793,0,0,0,-6.576244,0.0013911341,0,0
tensor(12269),"tensor(1234., dtype=torch.float64)",tensor(9),0,-3.1467857,0.04121812,0,0,0,-4.9588375,0.006972133,0,0,1,3.5241637,0.9713676,1,1,0,-3.371666,0.033192806,0,0,1,2.6294553,0.9327334,1,1
tensor(12271),"tensor(17468., dtype=torch.float64)",tensor(9),1,2.5492342,0.92752206,1,1,0,-6.219909,0.001985476,0,0,0,-2.0499926,0.11405314,0,0,0,-4.5805635,0.010145141,0,0,0,-0.84235096,0.30103987,0,0
tensor(12305),"tensor(19763., dtype=torch.float64)",tensor(9),0,-1.4493994,0.19009402,0,0,0,-0.59513843,0.3554567,0,0,1,1.6741472,0.842128,1,1,0,-2.5128503,0.07496222,0,0,0,0.59385216,0.64424855,1,0
tensor(12311),"tensor(2026., dtype=torch.float64)",tensor(9),0,3.6936092,0.975722,1,1,0,-6.4860187,0.0015222861,0,0,0,-5.003633,0.006668742,0,0,0,-2.079817,0.11107404,0,0,1,-2.2498305,0.09536409,0,0
tensor(12321),"tensor(3292., dtype=torch.float64)",tensor(9),1,7.282494,0.999313,1,1,0,-7.1957965,0.000749169,0,0,0,-7.8176475,0.00040240563,0,0,0,-5.3973947,0.0045079496,0,0,0,-9.622791,6.619818e-05,0,0
tensor(12357),"tensor(5461., dtype=torch.float64)",tensor(9),1,6.4967036,0.9984939,1,1,0,-7.6324425,0.00048424146,0,0,0,-7.9921403,0.00033799539,0,0,0,-5.565751,0.0038121173,0,0,0,-5.322604,0.00485633,0,0
tensor(12361),"tensor(2262., dtype=torch.float64)",tensor(9),1,2.052531,0.8862031,1,1,0,-0.7466757,0.32154605,0,0,0,-3.6369367,0.025657257,0,0,0,-1.867406,0.13384216,0,0,0,-4.2022843,0.014740819,0,0
tensor(12363),"tensor(2264., dtype=torch.float64)",tensor(9),0,2.7801147,0.94159174,1,1,0,-5.1615157,0.0057003237,0,0,0,-5.1381564,0.005834261,0,0,0,-1.5874493,0.16974306,0,0,1,-0.9687679,0.27512616,0,0
tensor(12441),"tensor(3680., dtype=torch.float64)",tensor(9),0,1.2756723,0.7817122,1,1,0,-5.978382,0.0025265214,0,0,1,0.30058986,0.5745867,1,0,0,-4.578321,0.010167685,0,0,0,-1.3879216,0.19973977,0,0
tensor(12453),"tensor(4790., dtype=torch.float64)",tensor(9),1,3.3888838,0.96735525,1,1,0,-1.278782,0.2177576,0,0,0,-7.272826,0.00069366593,0,0,0,-3.6119022,0.026290579,0,0,0,-5.822035,0.0029528276,0,0
tensor(12455),"tensor(414., dtype=torch.float64)",tensor(9),1,4.938946,0.9928888,1,1,0,-5.7988534,0.0030218689,0,0,0,-6.048001,0.002357012,0,0,0,-2.899115,0.052197322,0,0,0,-5.0001483,0.006691865,0,0
tensor(12459),"tensor(13741., dtype=torch.float64)",tensor(9),0,1.447916,0.80967754,1,1,0,-2.6796732,0.0641835,0,0,0,-2.6083226,0.06860471,0,0,1,1.1113139,0.752374,1,1,0,-3.7129018,0.023825107,0,0
tensor(12465),"tensor(21107., dtype=torch.float64)",tensor(9),1,1.5149927,0.81979996,1,1,0,-6.7824035,0.0011322637,0,0,0,-2.802683,0.057179358,0,0,0,-3.8365293,0.02111296,0,0,0,1.4145683,0.80448544,1,0
tensor(12469),"tensor(19728., dtype=torch.float64)",tensor(9),1,1.2217393,0.7723695,1,1,0,-1.4606701,0.18836485,0,0,0,-0.31632164,0.42157245,0,0,0,-3.0802617,0.043928824,0,0,0,-2.6743696,0.0645028,0,0
tensor(12493),"tensor(20738., dtype=torch.float64)",tensor(9),0,-0.80414605,0.30913934,0,0,1,0.93132794,0.71734464,1,0,0,-2.9665208,0.048961475,0,0,0,0.035697106,0.50892335,1,0,1,0.6935708,0.6667608,1,0
tensor(12499),"tensor(6396., dtype=torch.float64)",tensor(9),1,5.379728,0.99541205,1,1,0,-8.215784,0.00027027942,0,0,0,-5.802711,0.003010269,0,0,0,-5.2821617,0.0050557437,0,0,0,-3.4243548,0.031542927,0,0
tensor(12525),"tensor(359., dtype=torch.float64)",tensor(9),0,-2.104365,0.10867327,0,0,0,-1.6543319,0.16052434,0,0,0,-2.1347415,0.10576569,0,0,0,0.8491299,0.7003846,1,1,0,-5.2039137,0.0054649864,0,0
tensor(12579),"tensor(4269., dtype=torch.float64)",tensor(9),1,1.4989455,0.81741714,1,1,0,-1.7755457,0.14485402,0,0,0,-4.0971656,0.016348016,0,0,0,-0.110508904,0.47240084,0,0,0,-1.497874,0.18274282,0,0
tensor(12583),"tensor(5961., dtype=torch.float64)",tensor(9),0,-7.2989354,0.00067580136,0,0,0,0.46704334,0.6146837,1,0,1,4.2343087,0.9857172,1,1,0,-0.3318814,0.4177829,0,0,0,3.1040468,0.9570593,1,1
tensor(12615),"tensor(3872., dtype=torch.float64)",tensor(9),0,-7.0889783,0.0008335539,0,0,1,0.18111774,0.5451561,1,0,0,4.712062,0.9910938,1,1,0,-2.9076803,0.0517752,0,0,0,3.1279762,0.95803213,1,1
tensor(12645),"tensor(1961., dtype=torch.float64)",tensor(9),1,2.917722,0.9487156,1,1,0,-6.0128703,0.002441081,0,0,0,-0.7780262,0.31474543,0,0,0,-4.5289016,0.01067729,0,0,0,-4.578449,0.0101664,0,0
tensor(12693),"tensor(5739., dtype=torch.float64)",tensor(9),0,-4.602364,0.009928536,0,0,0,-0.6042032,0.35338265,0,0,1,3.6891174,0.97561544,1,1,0,0.2645824,0.5657624,1,0,0,-0.5969981,0.3550308,0,0
tensor(12741),"tensor(15976., dtype=torch.float64)",tensor(9),0,-3.2673287,0.03670917,0,0,1,2.449025,0.92049015,1,1,1,0.59344894,0.6441561,1,0,0,-2.605382,0.06879285,0,0,0,-3.9388034,0.019099602,0,0
tensor(12753),"tensor(6261., dtype=torch.float64)",tensor(9),0,-2.8021975,0.05720555,0,0,0,-0.50880855,0.37547284,0,0,1,2.612234,0.9316448,1,1,0,-2.244412,0.09583257,0,0,1,0.82806134,0.69594485,1,0
tensor(12789),"tensor(11149., dtype=torch.float64)",tensor(9),1,2.3867295,0.9158097,1,1,0,-1.2406286,0.22432658,0,0,0,-4.348123,0.012765982,0,0,0,-2.0285692,0.11623581,0,0,0,-2.849415,0.054711558,0,0
tensor(12805),"tensor(21686., dtype=torch.float64)",tensor(9),1,2.9646766,0.95095265,1,1,0,-1.6955024,0.15505359,0,0,0,-3.951579,0.018861718,0,0,0,-2.626229,0.06746932,0,0,0,-6.9706745,0.0009381383,0,0
tensor(12863),"tensor(10495., dtype=torch.float64)",tensor(9),0,4.4003277,0.9878755,1,1,0,-8.022478,0.00032789863,0,0,1,-3.4347994,0.03122542,0,0,0,-5.38412,0.004567915,0,0,0,-3.2179255,0.0384967,0,0
tensor(12869),"tensor(13894., dtype=torch.float64)",tensor(9),0,-2.6617606,0.06526784,0,0,0,-1.2287296,0.22640383,0,0,0,-4.0014324,0.017960927,0,0,0,-0.66294926,0.34007743,0,0,0,-5.7076063,0.0033096215,0,0
tensor(12871),"tensor(14167., dtype=torch.float64)",tensor(9),0,-6.4863477,0.001521786,0,0,1,2.2653112,0.9059631,1,1,1,2.0549104,0.88644284,1,1,0,1.8406891,0.8630302,1,1,1,1.7879667,0.85667783,1,1
tensor(12873),"tensor(8770., dtype=torch.float64)",tensor(9),0,-2.6841547,0.06391485,0,0,1,3.3158028,0.96496695,1,1,0,-2.8667874,0.053820014,0,0,0,0.3911188,0.596552,1,0,0,-0.093972884,0.47652408,0,0
tensor(12903),"tensor(1242., dtype=torch.float64)",tensor(9),0,-4.9922414,0.006744629,0,0,0,-0.25967917,0.43544257,0,0,1,3.638903,0.9743919,1,1,0,-0.3071892,0.42380098,0,0,0,1.092188,0.74879354,1,0
tensor(12913),"tensor(17771., dtype=torch.float64)",tensor(9),1,4.7399464,0.9913366,1,1,0,-6.438238,0.0015966685,0,0,0,-3.485372,0.029731318,0,0,0,-5.741156,0.0032007762,0,0,0,-5.7498684,0.003173099,0,0
tensor(12947),"tensor(4622., dtype=torch.float64)",tensor(9),1,5.133371,0.9941379,1,1,0,-6.9023166,0.0010044436,0,0,0,-7.4781175,0.0005650013,0,0,0,-0.6616582,0.34036723,0,0,0,-7.883851,0.00037663733,0,0
tensor(12965),"tensor(15797., dtype=torch.float64)",tensor(9),1,8.114691,0.999701,1,1,0,-9.150465,0.00010615915,0,0,0,-10.408265,3.0181081e-05,0,0,0,-5.7818623,0.0030734933,0,0,0,-7.6056175,0.00049740047,0,0
tensor(12973),"tensor(15118., dtype=torch.float64)",tensor(9),0,1.1666598,0.7625407,1,1,1,0.17916873,0.5446727,1,0,0,-4.844683,0.0078086555,0,0,0,-1.4506437,0.18990251,0,0,0,-3.7881966,0.022135325,0,0
tensor(13013),"tensor(12125., dtype=torch.float64)",tensor(9),0,-6.677988,0.0012567256,0,0,1,2.7417307,0.9394446,1,1,1,2.0480247,0.88574785,1,1,0,0.8540274,0.7014113,1,1,0,2.41431,0.917912,1,1
tensor(13029),"tensor(2363., dtype=torch.float64)",tensor(9),1,-0.80547106,0.30885643,0,0,0,-6.0565715,0.0023369442,0,0,0,-3.001649,0.047351435,0,0,0,-0.03528372,0.49118,0,0,0,2.8100622,0.9432171,1,1
tensor(13041),"tensor(702., dtype=torch.float64)",tensor(9),0,-4.593695,0.010014115,0,0,0,1.9847292,0.8791844,1,1,1,2.0657556,0.88753,1,1,1,-1.9643173,0.12300058,0,0,0,-0.19396397,0.45166048,0,0
tensor(13051),"tensor(18138., dtype=torch.float64)",tensor(9),1,4.165087,0.98470914,1,1,0,-4.531859,0.0106460955,0,0,0,-5.3368535,0.00478795,0,0,0,-2.7874882,0.058004044,0,0,0,-3.8131502,0.02160159,0,0
tensor(13069),"tensor(12204., dtype=torch.float64)",tensor(9),0,-5.2499204,0.0052205394,0,0,1,1.655794,0.8396726,1,1,0,-0.05878041,0.48530912,0,0,1,4.3034706,0.9866588,1,1,0,-0.16404277,0.45908105,0,0
tensor(13073),"tensor(7003., dtype=torch.float64)",tensor(9),1,3.875333,0.9796743,1,1,0,-7.2738795,0.00069293607,0,0,0,-5.2828555,0.005052255,0,0,0,-4.156704,0.01541766,0,0,0,-0.9071723,0.28757882,0,0
tensor(13099),"tensor(10047., dtype=torch.float64)",tensor(9),0,-0.9072406,0.2875648,0,0,1,1.1738515,0.7638405,1,0,0,-4.587589,0.010074834,0,0,0,0.6739342,0.66238356,1,1,0,-2.6118338,0.06838069,0,0
tensor(13119),"tensor(2094., dtype=torch.float64)",tensor(9),1,3.9305532,0.9807452,1,1,0,-5.6576266,0.0034786488,0,0,0,-7.784005,0.00041616804,0,0,0,0.08316459,0.5207792,1,0,0,-9.413481,8.1609716e-05,0,0
tensor(13137),"tensor(18138., dtype=torch.float64)",tensor(9),0,0.9218937,0.7154278,1,1,0,-2.573034,0.0708942,0,0,1,0.54965043,0.6340545,1,0,0,-3.1214488,0.04223114,0,0,0,-2.3309438,0.08859242,0,0
tensor(13159),"tensor(20691., dtype=torch.float64)",tensor(9),0,-0.009279765,0.49768004,0,0,1,0.56629026,0.63790673,1,0,0,-0.83300495,0.30301008,0,0,0,-4.619656,0.00975999,0,0,0,-3.676661,0.024682684,0,0
tensor(13201),"tensor(11587., dtype=torch.float64)",tensor(9),0,-4.881275,0.007530199,0,0,0,-2.5993094,0.06918287,0,0,1,4.934613,0.9928582,1,1,1,-3.2050364,0.038976636,0,0,0,1.6122178,0.8337191,1,1
tensor(13229),"tensor(18388., dtype=torch.float64)",tensor(9),1,0.16514423,0.5411925,1,0,0,-0.37291905,0.40783587,0,0,0,0.08537022,0.5213296,1,0,0,-3.5799136,0.027121997,0,0,0,-4.2565293,0.013973378,0,0
tensor(13281),"tensor(13547., dtype=torch.float64)",tensor(9),0,-4.22555,0.014406703,0,0,0,-1.6990523,0.15458907,0,0,0,-2.2021897,0.09955402,0,0,1,5.8946047,0.99725336,1,1,0,-0.5510125,0.36562955,0,0
tensor(13321),"tensor(19906., dtype=torch.float64)",tensor(9),0,-3.3473804,0.03398105,0,0,0,-0.52369535,0.37198853,0,0,1,3.0355785,0.95415586,1,1,1,-1.1820781,0.23467878,0,0,0,-0.081549816,0.47962385,0,0
tensor(13329),"tensor(21176., dtype=torch.float64)",tensor(9),0,-4.1997857,0.014777151,0,0,1,5.726921,0.9967535,1,1,0,-4.4306006,0.011767219,0,0,0,-2.2889712,0.09204049,0,0,0,-2.7177765,0.06193252,0,0
tensor(13345),"tensor(11725., dtype=torch.float64)",tensor(9),0,-0.739322,0.3231524,0,0,1,0.35342917,0.5874489,1,0,0,0.5112142,0.625091,1,0,0,-1.3888843,0.19958593,0,0,0,0.06998842,0.51748997,1,0
tensor(13417),"tensor(20901., dtype=torch.float64)",tensor(9),0,-7.613784,0.0004933571,0,0,1,6.5318866,0.9985459,1,1,0,0.13167462,0.5328711,1,0,0,-2.6098444,0.06850753,0,0,0,-0.4141833,0.39790946,0,0
tensor(13427),"tensor(8047., dtype=torch.float64)",tensor(9),1,5.113166,0.99401903,1,1,0,-7.9963,0.00033659273,0,0,0,-5.3947616,0.004519782,0,0,0,-3.7266088,0.023508389,0,0,0,-4.1015215,0.016278118,0,0
tensor(13445),"tensor(11929., dtype=torch.float64)",tensor(9),0,-5.8046117,0.00300457,0,0,1,4.8226495,0.99201876,1,1,0,0.3661472,0.59052765,1,0,0,-3.3162968,0.035016324,0,0,1,0.55083895,0.6343302,1,0
tensor(13487),"tensor(11859., dtype=torch.float64)",tensor(9),0,2.6098075,0.9314901,1,1,0,-3.748752,0.023005402,0,0,0,-5.5403705,0.0039097266,0,0,1,0.25221187,0.56272084,1,0,0,-4.617095,0.009784773,0,0
tensor(13503),"tensor(13889., dtype=torch.float64)",tensor(9),0,-8.295036,0.00024969107,0,0,1,4.784205,0.9917086,1,1,0,0.8745081,0.70568293,1,1,0,2.5083356,0.9247241,1,1,0,1.114502,0.7529675,1,0
tensor(13505),"tensor(19172., dtype=torch.float64)",tensor(9),1,1.4515958,0.8102439,1,1,0,-2.5174992,0.07464049,0,0,0,0.1387431,0.53463024,1,0,0,-5.036956,0.006451592,0,0,0,-4.7388706,0.008672648,0,0
tensor(13515),"tensor(9759., dtype=torch.float64)",tensor(9),0,-4.9977775,0.006707642,0,0,1,4.7111125,0.99108535,1,1,0,-2.8147578,0.056531876,0,0,1,1.6716753,0.8417991,1,1,1,-0.33521527,0.4169722,0,0
tensor(13563),"tensor(10023., dtype=torch.float64)",tensor(9),0,-4.3369455,0.012907622,0,0,1,1.0452509,0.7398619,1,0,0,-3.7840095,0.022226138,0,0,1,5.507807,0.99596137,1,1,0,-1.6775737,0.15741701,0,0
tensor(13581),"tensor(14982., dtype=torch.float64)",tensor(9),0,-3.1980052,0.03924086,0,0,1,2.9283965,0.9492324,1,1,0,-1.6440556,0.16191398,0,0,0,1.0772804,0.74597895,1,1,0,-1.5717297,0.17196997,0,0
tensor(13585),"tensor(20709., dtype=torch.float64)",tensor(9),0,-5.118359,0.0059502204,0,0,1,4.4504504,0.9884614,1,1,0,-2.999897,0.047430523,0,0,0,-0.014868904,0.49628282,0,0,0,-4.7418556,0.008647023,0,0
tensor(13605),"tensor(13177., dtype=torch.float64)",tensor(9),1,4.8224897,0.9920175,1,1,0,-9.491257,7.5503456e-05,0,0,0,-3.3678613,0.03331512,0,0,0,-7.119033,0.0008088945,0,0,0,-3.2037785,0.03902378,0,0
tensor(13621),"tensor(17422., dtype=torch.float64)",tensor(9),1,4.0093803,0.98217875,1,1,0,-4.5938272,0.0100128045,0,0,0,-3.5297413,0.028477743,0,0,0,-2.4379654,0.08032309,0,0,0,-6.148672,0.0021317624,0,0
tensor(13641),"tensor(11537., dtype=torch.float64)",tensor(9),0,-0.7325072,0.32464477,0,0,0,-3.7755997,0.022409637,0,0,1,-1.2699927,0.21925852,0,0,1,3.7176943,0.97628605,1,1,0,-3.3274543,0.03464126,0,0
tensor(13725),"tensor(2836., dtype=torch.float64)",tensor(9),0,-0.15754616,0.46069473,0,0,0,-3.6318402,0.02578497,0,0,0,-3.2451339,0.03750214,0,0,1,3.6265304,0.9740813,1,1,1,-2.5045307,0.075541176,0,0
tensor(13771),"tensor(15680., dtype=torch.float64)",tensor(9),0,-4.0713286,0.016768727,0,0,1,5.4864397,0.9958746,1,1,0,-3.9361176,0.019149985,0,0,0,-3.908988,0.019666273,0,0,0,-4.117302,0.016027343,0,0
tensor(13785),"tensor(13454., dtype=torch.float64)",tensor(9),1,-0.040636666,0.48984224,0,0,0,0.92441463,0.7159408,1,0,0,-1.5610148,0.17350109,0,0,0,-2.4963703,0.07611303,0,0,0,-3.5084746,0.029072061,0,0
tensor(13787),"tensor(15036., dtype=torch.float64)",tensor(9),0,-1.741148,0.14916718,0,0,1,1.0837595,0.7472048,1,0,0,-1.3617359,0.20395832,0,0,0,1.7058269,0.8462942,1,1,0,-0.688594,0.3343459,0,0
tensor(13789),"tensor(19137., dtype=torch.float64)",tensor(9),0,0.60919356,0.6477568,1,1,0,-5.404247,0.004477304,0,0,1,1.9515033,0.8756104,1,1,0,-6.6428866,0.0013015636,0,0,0,-3.7934735,0.022021392,0,0
tensor(13815),"tensor(1271., dtype=torch.float64)",tensor(9),0,1.1980848,0.7681839,1,1,1,-0.4370285,0.39244923,0,0,0,-1.6389132,0.16261299,0,0,0,-2.4687848,0.07807566,0,0,0,-1.1623647,0.23823787,0,0
tensor(13829),"tensor(11216., dtype=torch.float64)",tensor(9),0,5.5472417,0.996117,1,1,0,-7.031112,0.0008831675,0,0,0,-6.3165617,0.0018028865,0,0,1,-4.574557,0.0102056395,0,0,0,-4.6714964,0.00927149,0,0
tensor(13831),"tensor(1672., dtype=torch.float64)",tensor(9),0,-4.812227,0.008064177,0,0,1,0.6081609,0.64752114,1,0,0,-1.965627,0.12285937,0,0,1,5.505213,0.99595094,1,1,0,0.005640134,0.50141007,1,0
tensor(13839),"tensor(8114., dtype=torch.float64)",tensor(9),0,-1.7926141,0.14275253,0,0,1,3.1321373,0.95819914,1,1,0,-3.5077672,0.029092036,0,0,0,-2.6420016,0.0664837,0,0,0,-2.9670575,0.04893649,0,0
tensor(13883),"tensor(12521., dtype=torch.float64)",tensor(9),0,-3.008699,0.047034428,0,0,0,-1.8239388,0.13896193,0,0,1,3.4486887,0.969192,1,1,0,-1.2804354,0.2174761,0,0,0,-0.5791228,0.35913447,0,0
tensor(13909),"tensor(3380., dtype=torch.float64)",tensor(9),1,3.8847516,0.979861,1,1,0,-4.579159,0.010159257,0,0,0,-3.3265595,0.03467119,0,0,0,-3.2029476,0.039054953,0,0,0,-5.0124507,0.0066105844,0,0
tensor(13925),"tensor(18847., dtype=torch.float64)",tensor(9),1,4.705793,0.9910383,1,1,0,-7.264556,0.00069942244,0,0,0,-4.9909015,0.006753611,0,0,0,-4.964319,0.0069342833,0,0,0,-2.5815728,0.07033382,0,0
tensor(13929),"tensor(11984., dtype=torch.float64)",tensor(9),1,3.758384,0.9772101,1,1,0,-6.3926015,0.0016710988,0,0,0,-1.9797411,0.121346444,0,0,0,-5.207477,0.0054456536,0,0,0,-4.792924,0.008220058,0,0
tensor(13953),"tensor(610., dtype=torch.float64)",tensor(9),0,-5.365861,0.0046516955,0,0,1,3.133298,0.9582456,1,1,0,-1.1701351,0.23683055,0,0,1,2.3092444,0.9096398,1,1,0,2.0056176,0.8813856,1,1
tensor(13977),"tensor(19446., dtype=torch.float64)",tensor(9),1,5.3864617,0.99544275,1,1,0,-6.724937,0.0011991566,0,0,0,-4.616821,0.00978743,0,0,0,-4.501507,0.01097058,0,0,0,-6.794195,0.0011190056,0,0
tensor(13983),"tensor(2799., dtype=torch.float64)",tensor(9),0,-4.6382604,0.0095818145,0,0,1,3.4680667,0.96976537,1,1,1,-3.182892,0.039814625,0,0,1,2.9783163,0.9515849,1,1,1,-1.9512527,0.12441682,0,0
tensor(13991),"tensor(5973., dtype=torch.float64)",tensor(9),1,3.6176178,0.9738554,1,1,0,-3.6459537,0.0254328,0,0,0,-4.851273,0.007757765,0,0,0,-3.46315,0.03037911,0,0,0,-2.3224778,0.089278385,0,0
tensor(14013),"tensor(13685., dtype=torch.float64)",tensor(9),1,3.9982412,0.9819827,1,1,0,-7.3043346,0.00067216484,0,0,0,-5.771875,0.0031042476,0,0,0,-2.35682,0.0865252,0,0,0,-2.1295412,0.106258556,0,0
tensor(14019),"tensor(7628., dtype=torch.float64)",tensor(9),0,-6.246388,0.0019336931,0,0,1,5.15271,0.9942496,1,1,1,0.40840393,0.60070515,1,0,1,-1.2417967,0.22412337,0,0,0,0.29932615,0.5742778,1,0
tensor(14033),"tensor(10493., dtype=torch.float64)",tensor(9),0,2.7199352,0.9381928,1,1,0,-4.016082,0.017704355,0,0,0,-3.3051422,0.035395205,0,0,1,-1.5566242,0.1741316,0,0,0,-2.1854856,0.101061486,0,0
tensor(14047),"tensor(15010., dtype=torch.float64)",tensor(9),0,-4.8671393,0.007636581,0,0,0,-3.8881266,0.020072525,0,0,0,-3.3560052,0.03369907,0,0,1,7.3026085,0.9993267,1,1,0,-0.069817744,0.48255262,0,0
tensor(14059),"tensor(10131., dtype=torch.float64)",tensor(9),0,-1.0268692,0.2636915,0,0,0,-0.22103634,0.4449648,0,0,0,-3.0142732,0.04678521,0,0,1,2.9329329,0.9494506,1,1,0,-2.3896348,0.083966516,0,0
tensor(14075),"tensor(7883., dtype=torch.float64)",tensor(9),1,0.70838654,0.67004454,1,1,0,-2.5466475,0.07265203,0,0,0,-0.6991756,0.33199504,0,0,0,0.7786485,0.68538874,1,1,0,-2.8241901,0.0560309,0,0
tensor(14093),"tensor(2048., dtype=torch.float64)",tensor(9),0,-2.8283813,0.055809632,0,0,1,-0.42186823,0.3960698,0,0,1,-1.4179959,0.19497594,0,0,1,4.0684147,0.98318315,1,1,0,-1.5446694,0.1758575,0,0
tensor(14109),"tensor(3581., dtype=torch.float64)",tensor(9),0,-4.163158,0.015319994,0,0,1,0.121290274,0.5302855,1,0,0,-0.6168564,0.35049677,0,0,1,4.564154,0.98968875,1,1,0,-0.610226,0.35200766,0,0
tensor(14113),"tensor(5562., dtype=torch.float64)",tensor(9),1,3.9596586,0.9812872,1,1,0,-4.7515244,0.008564532,0,0,0,-3.8831506,0.020170636,0,0,0,-4.620866,0.009748304,0,0,0,-3.2418673,0.037620228,0,0
tensor(14129),"tensor(19019., dtype=torch.float64)",tensor(9),1,8.159843,0.9997142,1,1,0,-10.794225,2.0517238e-05,0,0,0,-8.6161375,0.00018112581,0,0,0,-7.1099367,0.00081627985,0,0,0,-7.3953357,0.0006137336,0,0
tensor(14155),"tensor(16498., dtype=torch.float64)",tensor(9),0,-0.42752475,0.39471754,0,0,1,1.685819,0.8436735,1,1,0,-4.852922,0.0077450825,0,0,0,-2.7237327,0.061587386,0,0,0,-4.513462,0.01084162,0,0
tensor(14161),"tensor(15261., dtype=torch.float64)",tensor(9),0,-6.251521,0.0019238117,0,0,0,-2.029695,0.11612022,0,0,1,5.421779,0.9956001,1,1,0,-2.4916599,0.076444924,0,0,1,3.4548266,0.96937484,1,1
tensor(14169),"tensor(17962., dtype=torch.float64)",tensor(9),1,6.27958,0.9981293,1,1,0,-10.043423,4.346884e-05,0,0,0,-7.4045215,0.00060812524,0,0,0,-3.7029347,0.02405802,0,0,0,-5.0952864,0.0060882582,0,0
tensor(14207),"tensor(18528., dtype=torch.float64)",tensor(9),1,3.0786107,0.9560018,1,1,0,-1.718481,0.15206693,0,0,0,-4.5846124,0.010104562,0,0,0,-2.7726283,0.05882134,0,0,0,-5.6286144,0.0035806836,0,0
tensor(14219),"tensor(10518., dtype=torch.float64)",tensor(9),0,-5.3212667,0.004862798,0,0,0,-2.7351453,0.060931087,0,0,0,-1.5659467,0.17279498,0,0,1,6.944084,0.99903667,1,1,0,-0.12631652,0.4684628,0,0
tensor(14235),"tensor(8371., dtype=torch.float64)",tensor(9),1,-3.7345064,0.023327777,0,0,0,-1.7914116,0.14289975,0,0,0,3.9719763,0.9815121,1,1,0,-2.1171098,0.10744493,0,0,0,-0.11066841,0.47236112,0,0
tensor(14297),"tensor(7800., dtype=torch.float64)",tensor(9),0,-0.14749613,0.46319267,0,0,0,-4.547838,0.010479098,0,0,1,2.3311028,0.91142046,1,1,0,-4.2574883,0.013960173,0,0,0,-3.5277636,0.028532512,0,0
tensor(14339),"tensor(8081., dtype=torch.float64)",tensor(9),1,4.507912,0.98909867,1,1,0,-5.573337,0.003783417,0,0,0,-3.3256273,0.03470241,0,0,0,-5.550991,0.003868583,0,0,0,-5.9121485,0.0026990615,0,0
tensor(14349),"tensor(529., dtype=torch.float64)",tensor(9),0,-2.8456552,0.05490634,0,0,1,-1.104268,0.24894106,0,0,1,2.613319,0.9317138,1,1,0,-0.3475016,0.41398844,0,0,0,-3.33472,0.03439911,0,0
tensor(14385),"tensor(3687., dtype=torch.float64)",tensor(9),1,3.4416187,0.9689802,1,1,0,-8.429747,0.00021822915,0,0,0,-0.08585014,0.47855064,0,0,0,-8.772743,0.00015487408,0,0,0,-6.316927,0.0018022296,0,0
tensor(14403),"tensor(488., dtype=torch.float64)",tensor(9),1,-0.62509584,0.3486234,0,0,0,-1.1957456,0.23223293,0,0,0,0.6275327,0.65192986,1,0,0,0.9784564,0.7268018,1,1,0,-2.4699624,0.07799095,0,0
tensor(14407),"tensor(9815., dtype=torch.float64)",tensor(9),1,4.085333,0.9834606,1,1,0,-3.9474988,0.018937375,0,0,0,-5.8713717,0.0028110791,0,0,0,-1.545034,0.17580466,0,0,0,-5.960343,0.0025723933,0,0
tensor(14435),"tensor(20180., dtype=torch.float64)",tensor(9),1,3.668193,0.9751126,1,1,0,-9.15563,0.00010561229,0,0,0,-3.4818487,0.029833125,0,0,0,-3.4233785,0.031572767,0,0,0,-2.1104782,0.108082555,0,0
tensor(14449),"tensor(488., dtype=torch.float64)",tensor(9),1,3.2820807,0.9638089,1,1,0,-3.7942548,0.02200457,0,0,0,-3.639751,0.025586996,0,0,0,-1.9580991,0.12367291,0,0,0,-3.3604062,0.033556048,0,0
tensor(14461),"tensor(3403., dtype=torch.float64)",tensor(9),1,0.2104691,0.5524239,1,0,0,0.25054452,0.5623105,1,0,0,-0.8442752,0.30063516,0,0,0,-2.668788,0.06484042,0,0,0,-0.8206844,0.3056184,0,0
tensor(14467),"tensor(1716., dtype=torch.float64)",tensor(9),0,-4.657245,0.009403315,0,0,0,-3.1995375,0.039183132,0,0,0,-2.743079,0.060478717,0,0,1,6.873205,0.99896586,1,1,1,-0.307148,0.423811,0,0
tensor(14487),"tensor(15893., dtype=torch.float64)",tensor(9),0,-2.9997663,0.047436427,0,0,1,1.9578072,0.87629545,1,1,0,0.30610636,0.5759346,1,0,1,0.524479,0.6281945,1,0,0,-1.8748078,0.1329864,0,0
tensor(14493),"tensor(3716., dtype=torch.float64)",tensor(9),0,-4.243029,0.014160613,0,0,0,-4.4097714,0.012011916,0,0,0,-2.9259162,0.0508872,0,0,1,6.570385,0.99860066,1,1,1,-0.70105815,0.33157766,0,0
tensor(14495),"tensor(17466., dtype=torch.float64)",tensor(9),0,2.159832,0.896584,1,1,1,-0.18336543,0.45428663,0,0,0,-4.4724503,0.011290373,0,0,0,-3.341748,0.03416643,0,0,0,-6.4499426,0.0015781185,0,0
tensor(14509),"tensor(5555., dtype=torch.float64)",tensor(9),1,-0.31288147,0.42241153,0,0,0,-0.70581615,0.33052397,0,0,0,0.64749444,0.6564456,1,0,0,-0.4168898,0.39726123,0,0,0,-0.25340214,0.43698633,0,0
tensor(14519),"tensor(19301., dtype=torch.float64)",tensor(9),1,5.5865173,0.99626595,1,1,0,-7.5996737,0.0005003643,0,0,0,-5.3162503,0.004887133,0,0,0,-3.9875002,0.018208327,0,0,0,-5.927788,0.0026572896,0,0
tensor(14549),"tensor(4932., dtype=torch.float64)",tensor(9),1,1.346009,0.79347634,1,1,0,-5.2894998,0.0050189663,0,0,0,1.0879797,0.7480011,1,1,0,-8.209602,0.00027195492,0,0,0,-3.2836285,0.03613712,0,0
tensor(14589),"tensor(4395., dtype=torch.float64)",tensor(9),0,-6.6844325,0.001248663,0,0,1,3.4463427,0.96912193,1,1,1,2.1164246,0.8924893,1,1,0,-1.7024359,0.15414739,0,0,1,1.5340499,0.8225981,1,0
tensor(14601),"tensor(6780., dtype=torch.float64)",tensor(9),0,-2.6254687,0.06751717,0,0,0,-0.20092508,0.44993702,0,0,1,2.1023526,0.89113164,1,1,0,-0.8211899,0.30551115,0,0,0,-1.493189,0.18344356,0,0
tensor(14615),"tensor(11573., dtype=torch.float64)",tensor(9),0,-2.0450966,0.11454878,0,0,0,-0.6565907,0.34150586,0,0,1,2.1737685,0.89786905,1,1,0,-1.2853667,0.21663809,0,0,0,0.6242546,0.6511856,1,0
tensor(14671),"tensor(14147., dtype=torch.float64)",tensor(9),0,-4.5779376,0.010171545,0,0,0,1.9126793,0.87131983,1,1,1,1.4709735,0.8132053,1,1,1,0.44209808,0.60875887,1,0,0,-2.5118144,0.07503409,0,0
tensor(14741),"tensor(6796., dtype=torch.float64)",tensor(9),0,-5.158785,0.005715823,0,0,0,0.3753796,0.59275824,1,0,0,1.126323,0.7551597,1,1,1,3.561973,0.97240055,1,1,1,1.8152692,0.85999745,1,1
tensor(14777),"tensor(12067., dtype=torch.float64)",tensor(9),0,-7.121063,0.0008072552,0,0,1,6.2694745,0.9981103,1,1,0,0.044325657,0.5110796,1,0,0,-3.2075534,0.038882464,0,0,0,-0.63401747,0.34660015,0,0
tensor(14791),"tensor(16256., dtype=torch.float64)",tensor(9),1,2.5586529,0.92815274,1,1,0,-2.1784186,0.101705305,0,0,0,-2.9238756,0.05098585,0,0,0,-2.1007655,0.10902245,0,0,0,-2.769869,0.058974285,0,0
tensor(14809),"tensor(21216., dtype=torch.float64)",tensor(9),1,5.84894,0.9971253,1,1,0,-8.231352,0.00026610543,0,0,0,-6.71404,0.0012122794,0,0,0,-4.778816,0.008335873,0,0,0,-4.3255386,0.013053769,0,0
tensor(14835),"tensor(10164., dtype=torch.float64)",tensor(9),1,2.6206825,0.9321809,1,1,0,-1.7879426,0.14332515,0,0,0,-2.9031641,0.05199737,0,0,0,-2.3769772,0.08494523,0,0,0,-4.93474,0.00714097,0,0
tensor(14887),"tensor(1841., dtype=torch.float64)",tensor(9),0,-4.995608,0.006722113,0,0,0,0.30096507,0.5746784,1,0,0,1.2208946,0.7722209,1,1,1,4.256835,0.9860308,1,1,0,-0.7562222,0.31946704,0,0
tensor(14901),"tensor(1075., dtype=torch.float64)",tensor(9),1,1.8473588,0.86381674,1,1,0,-0.5968565,0.3550632,0,0,0,-3.8628662,0.020575458,0,0,0,-1.9668272,0.1227301,0,0,0,-2.4912944,0.07647074,0,0
tensor(14921),"tensor(6074., dtype=torch.float64)",tensor(9),1,1.0546981,0.74167603,1,1,0,-2.1498742,0.10434298,0,0,0,-4.7485814,0.008589556,0,0,0,-0.08367883,0.47909245,0,0,0,0.06589056,0.5164667,1,0
tensor(14969),"tensor(6531., dtype=torch.float64)",tensor(9),0,2.0591433,0.88686824,1,1,0,-8.6344795,0.00017783447,0,0,1,0.63286406,0.65313864,1,0,0,-7.6961107,0.0004543852,0,0,0,-3.087993,0.04360526,0,0
tensor(14979),"tensor(475., dtype=torch.float64)",tensor(9),1,1.7303838,0.8494615,1,1,0,-2.8953438,0.05238422,0,0,0,-1.2154214,0.22874321,0,0,0,-4.1051064,0.016220812,0,0,0,-1.226851,0.22673306,0,0
tensor(15005),"tensor(2055., dtype=torch.float64)",tensor(9),1,-0.36310047,0.41020924,0,0,0,-1.6056043,0.16719979,0,0,1,1.5606232,0.8264428,1,1,0,-3.6224697,0.02602141,0,0,0,-2.8176553,0.056377538,0,0
tensor(15009),"tensor(9561., dtype=torch.float64)",tensor(9),1,0.3045761,0.5755608,1,1,0,-2.1505713,0.10427785,0,0,0,-2.4470782,0.07965247,0,0,0,2.155046,0.8961393,1,1,0,-2.9615266,0.049194552,0,0
tensor(15071),"tensor(19222., dtype=torch.float64)",tensor(9),0,-2.67613,0.06439665,0,0,0,-2.752862,0.059925217,0,0,1,3.7662082,0.97738373,1,1,0,-4.905711,0.0073497565,0,0,0,-2.3531888,0.08681264,0,0
tensor(15079),"tensor(6194., dtype=torch.float64)",tensor(9),0,-1.041733,0.26081577,0,0,0,-1.7938294,0.14260386,0,0,1,1.878237,0.8674085,1,1,0,-0.06372103,0.48407516,0,0,0,-3.4459102,0.030891059,0,0
tensor(15093),"tensor(3321., dtype=torch.float64)",tensor(9),0,-1.9712951,0.12224984,0,0,1,0.63426435,0.6534558,1,0,0,1.1873205,0.7662615,1,1,0,-1.3431526,0.20699209,0,0,0,-1.3536949,0.20526697,0,0
tensor(15119),"tensor(7803., dtype=torch.float64)",tensor(9),0,3.3242385,0.9652511,1,1,0,-8.372871,0.0002309978,0,0,0,-4.5297766,0.010668051,0,0,0,-1.6953689,0.15507108,0,0,1,-1.6718831,0.15817328,0,0
tensor(15125),"tensor(960., dtype=torch.float64)",tensor(9),0,-4.6263714,0.009695302,0,0,1,0.25220475,0.5627191,1,0,1,2.7960634,0.9424627,1,1,0,-0.6000956,0.3543218,0,0,1,2.660978,0.93468434,1,1
tensor(15137),"tensor(14274., dtype=torch.float64)",tensor(9),1,4.8961954,0.9925804,1,1,0,-5.1124663,0.005985176,0,0,0,-6.4515963,0.001575515,0,0,0,-2.243544,0.09590779,0,0,0,-6.1274204,0.002177451,0,0
tensor(15153),"tensor(21608., dtype=torch.float64)",tensor(9),1,2.3262687,0.91102934,1,1,0,-0.35901362,0.41119838,0,0,0,-4.0937033,0.016403787,0,0,0,-3.266341,0.036744118,0,0,0,-4.6820073,0.009175438,0,0
tensor(15171),"tensor(9442., dtype=torch.float64)",tensor(9),1,6.944885,0.9990374,1,1,0,-6.6054053,0.0013512064,0,0,0,-8.744301,0.00015934161,0,0,0,-5.4547076,0.0042579193,0,0,0,-7.498099,0.00055382994,0,0
tensor(15211),"tensor(20875., dtype=torch.float64)",tensor(9),1,3.7967432,0.9780489,1,1,0,-4.6974635,0.009035983,0,0,0,-3.9125047,0.019598586,0,0,0,-3.1429706,0.04136916,0,0,0,-3.3275683,0.034637447,0,0
tensor(15251),"tensor(11092., dtype=torch.float64)",tensor(9),0,-6.4673915,0.0015508634,0,0,0,2.3973866,0.91662776,1,1,1,1.9457581,0.8749834,1,1,1,2.4136846,0.9178649,1,1,1,0.3161951,0.57839674,1,0
tensor(15301),"tensor(15228., dtype=torch.float64)",tensor(9),0,-3.3514106,0.033849,0,0,0,-3.3993578,0.03231554,0,0,1,3.6336086,0.9742594,1,1,0,-1.4759549,0.18603918,0,0,0,-0.9534408,0.27819338,0,0
tensor(15341),"tensor(13753., dtype=torch.float64)",tensor(9),0,-8.972167,0.00012687681,0,0,0,2.534243,0.9265078,1,1,1,3.4792185,0.9700907,1,1,0,0.77845436,0.6853469,1,1,1,3.7684922,0.97743416,1,1
tensor(15343),"tensor(13897., dtype=torch.float64)",tensor(9),1,1.5597391,0.82631594,1,1,0,-2.2720327,0.093465835,0,0,0,-0.3354729,0.41690955,0,0,0,-2.940856,0.050170466,0,0,0,-3.6802247,0.024597036,0,0
tensor(15361),"tensor(9500., dtype=torch.float64)",tensor(9),1,1.969107,0.8775152,1,1,0,-4.204366,0.014710613,0,0,0,-1.5786753,0.17098317,0,0,0,-2.1676116,0.10269692,0,0,0,-1.4573693,0.18887001,0,0
tensor(15363),"tensor(15507., dtype=torch.float64)",tensor(9),1,1.5803784,0.8292581,1,1,0,-6.320888,0.0017951175,0,0,0,-5.8969383,0.0027403152,0,0,0,-1.0864546,0.2522865,0,0,0,1.1297718,0.7557968,1,0
tensor(15403),"tensor(16292., dtype=torch.float64)",tensor(9),1,0.6711234,0.6617546,1,1,0,-0.008392103,0.49790195,0,0,0,-1.9563019,0.12386782,0,0,0,-1.8875424,0.13152495,0,0,0,-4.3154984,0.013183756,0,0
tensor(15413),"tensor(14145., dtype=torch.float64)",tensor(9),1,4.476011,0.98874927,1,1,0,-5.170373,0.0056503415,0,0,0,-5.136987,0.005841046,0,0,0,-4.111206,0.016123762,0,0,0,-3.3863838,0.032723725,0,0
tensor(15417),"tensor(13133., dtype=torch.float64)",tensor(9),0,0.6435839,0.6555631,1,1,0,-0.5049191,0.37638536,0,0,1,-0.66784185,0.33898026,0,0,0,-0.6475745,0.34353632,0,0,0,-1.9477205,0.12480213,0,0
tensor(15465),"tensor(18102., dtype=torch.float64)",tensor(9),1,4.817703,0.9919795,1,1,0,-6.913973,0.000992815,0,0,0,-5.0985556,0.0060685077,0,0,0,-2.0635946,0.11268591,0,0,0,-5.333958,0.0048017665,0,0
tensor(15471),"tensor(13133., dtype=torch.float64)",tensor(9),0,-1.5048617,0.18170153,0,0,0,-1.3444911,0.20677246,0,0,1,1.9052167,0.87048084,1,1,0,-1.3938283,0.19879729,0,0,0,-3.3010705,0.035534482,0,0
tensor(15479),"tensor(17997., dtype=torch.float64)",tensor(9),0,-5.427219,0.0043760682,0,0,1,2.5853014,0.9299095,1,1,1,2.0873322,0.8896658,1,1,0,-1.7562884,0.1472558,0,0,0,-1.129094,0.24432833,0,0
tensor(15485),"tensor(12579., dtype=torch.float64)",tensor(9),0,-5.0457573,0.0063954196,0,0,0,-0.93755805,0.2813939,0,0,0,-0.8819725,0.2927692,0,0,1,5.9287577,0.99734527,1,1,1,0.22800353,0.55675524,1,0
tensor(15515),"tensor(17393., dtype=torch.float64)",tensor(9),0,-5.2392817,0.0052760807,0,0,1,5.541034,0.99609286,1,1,0,-1.5352743,0.17722331,0,0,0,-3.5508137,0.027900495,0,0,0,-2.6145546,0.06820756,0,0
tensor(15525),"tensor(8004., dtype=torch.float64)",tensor(9),1,1.1950455,0.7676422,1,1,0,-2.927299,0.050820455,0,0,0,-2.5280328,0.0739162,0,0,0,1.4013075,0.8023913,1,1,0,-3.4080775,0.032043975,0,0
tensor(15537),"tensor(14188., dtype=torch.float64)",tensor(9),0,-5.5901093,0.003720724,0,0,1,5.0088763,0.9933658,1,1,0,-0.48743644,0.38049766,0,0,0,-0.33943748,0.4159461,0,0,0,0.0019945577,0.50049865,1,0
tensor(15553),"tensor(17012., dtype=torch.float64)",tensor(9),1,3.8910935,0.9799857,1,1,0,-7.7274165,0.00044038682,0,0,0,-4.556764,0.010386948,0,0,0,-2.6556633,0.065640815,0,0,0,-2.3065746,0.09057992,0,0
tensor(15563),"tensor(14188., dtype=torch.float64)",tensor(9),0,-5.3202405,0.004867766,0,0,1,3.2786117,0.9636878,1,1,0,0.30402753,0.5754268,1,0,0,1.4271965,0.8064642,1,1,0,-0.9698583,0.27490875,0,0
tensor(15597),"tensor(14188., dtype=torch.float64)",tensor(9),0,-7.063375,0.00085515267,0,0,1,4.2536263,0.98598653,1,1,1,0.929953,0.71706575,1,1,1,1.268577,0.78049904,1,1,0,0.46260044,0.6136309,1,0
tensor(15609),"tensor(12619., dtype=torch.float64)",tensor(9),1,5.4022727,0.99551386,1,1,0,-7.5778217,0.0005114129,0,0,0,-6.0049686,0.0024603982,0,0,0,-4.692338,0.009081994,0,0,0,-3.9062064,0.019719971,0,0
tensor(15679),"tensor(18575., dtype=torch.float64)",tensor(9),1,6.120938,0.9978084,1,1,0,-7.681361,0.00046113378,0,0,0,-6.3930078,0.001670421,0,0,0,-4.8286524,0.007933842,0,0,0,-6.234144,0.0019574678,0,0
tensor(15687),"tensor(16502., dtype=torch.float64)",tensor(9),0,-2.1810157,0.10146829,0,0,0,-3.2146387,0.038618542,0,0,1,3.2216842,0.9616422,1,1,0,-1.4037777,0.19721735,0,0,0,-3.0914915,0.04345959,0,0
tensor(15697),"tensor(8547., dtype=torch.float64)",tensor(9),1,2.4766672,0.9224899,1,1,0,-6.4156675,0.0016330564,0,0,0,-1.8288329,0.13837737,0,0,0,-3.7608294,0.022735508,0,0,0,-1.6053693,0.16723251,0,0
tensor(15699),"tensor(16502., dtype=torch.float64)",tensor(9),1,5.856651,0.9971474,1,1,0,-7.3072104,0.0006702358,0,0,0,-5.8019624,0.0030125165,0,0,0,-4.204151,0.014713731,0,0,0,-6.5054836,0.0014929851,0,0
tensor(15731),"tensor(14804., dtype=torch.float64)",tensor(9),0,-3.9239,0.019380827,0,0,1,-0.5730344,0.36053693,0,0,0,1.0418751,0.7392117,1,1,1,3.6423075,0.9744767,1,1,0,-2.0116048,0.117989875,0,0
tensor(15763),"tensor(8258., dtype=torch.float64)",tensor(9),0,-6.9834547,0.00092623604,0,0,0,-0.2105914,0.44754586,0,0,1,4.0683675,0.9831823,1,1,1,1.2218596,0.77239066,1,1,0,3.0211275,0.9535195,1,1
tensor(15775),"tensor(7056., dtype=torch.float64)",tensor(9),1,1.7663022,0.85399723,1,1,0,-1.46321,0.18797684,0,0,0,-1.3205471,0.21072727,0,0,0,-4.057421,0.016999576,0,0,1,-2.5019405,0.07572226,0,0
tensor(15783),"tensor(15287., dtype=torch.float64)",tensor(9),0,-5.144093,0.005799928,0,0,1,5.590176,0.99627954,1,1,0,-4.9917903,0.006747651,0,0,0,-4.816778,0.00802785,0,0,0,-7.153196,0.00078174815,0,0
tensor(15785),"tensor(16502., dtype=torch.float64)",tensor(9),1,2.3179095,0.9103494,1,1,0,-4.300882,0.013375277,0,0,0,-1.1043186,0.24893159,0,0,0,-3.0212054,0.046477027,0,0,0,-3.4083188,0.032036494,0,0
tensor(15799),"tensor(17354., dtype=torch.float64)",tensor(9),0,-0.70647085,0.33037913,0,0,0,-4.1193,0.015995866,0,0,1,-0.24553517,0.4389228,0,0,1,1.9923743,0.8799941,1,1,0,-0.32269213,0.42001978,0,0
tensor(15805),"tensor(8258., dtype=torch.float64)",tensor(9),0,-7.266354,0.0006981667,0,0,0,-0.19744858,0.45079762,0,0,1,4.547005,0.98951226,1,1,1,0.5180688,0.6266961,1,0,0,3.1849828,0.9602652,1,1
tensor(15811),"tensor(20799., dtype=torch.float64)",tensor(9),0,-7.057313,0.00086034794,0,0,1,6.861072,0.9989532,1,1,0,-1.1752236,0.23591211,0,0,0,-3.1543834,0.04091891,0,0,0,-3.5855126,0.02697465,0,0
tensor(15813),"tensor(7937., dtype=torch.float64)",tensor(9),1,4.7979984,0.9918213,1,1,0,-7.6242824,0.0004882071,0,0,0,-3.3434668,0.034109756,0,0,0,-5.056218,0.0063292882,0,0,0,-5.4656506,0.0042117746,0,0
tensor(15819),"tensor(8682., dtype=torch.float64)",tensor(9),1,0.55991006,0.63643175,1,1,0,-3.8919916,0.019996643,0,0,0,-7.403864,0.00060852495,0,0,0,3.531756,0.97157794,1,1,0,-5.0918527,0.0061090714,0,0
tensor(15831),"tensor(13204., dtype=torch.float64)",tensor(9),0,0.2552209,0.5634612,1,0,0,-4.866243,0.0076433783,0,0,1,0.5609192,0.6366652,1,0,0,0.14999668,0.53742903,1,0,0,-2.5343935,0.07348196,0,0
tensor(15853),"tensor(21223., dtype=torch.float64)",tensor(9),0,-5.1807895,0.0055921176,0,0,0,-1.2211046,0.22774214,0,0,1,-0.42244586,0.39593163,0,0,1,5.988478,0.9974988,1,1,1,-0.5529558,0.3651789,0,0
tensor(15855),"tensor(9629., dtype=torch.float64)",tensor(9),0,-0.5350485,0.36934018,0,0,0,0.4334163,0.60668916,1,0,1,-0.12424933,0.4689776,0,0,0,-2.7066953,0.06257944,0,0,0,-4.8124847,0.008062113,0,0
tensor(15859),"tensor(12268., dtype=torch.float64)",tensor(9),0,-7.123956,0.00080492505,0,0,0,-3.630576,0.02581675,0,0,1,6.4028735,0.998346,1,1,0,-2.624072,0.06760516,0,0,1,4.5105987,0.9891276,1,1
tensor(15867),"tensor(16720., dtype=torch.float64)",tensor(9),0,-9.279069,9.334929e-05,0,0,0,-5.710366,0.0033005315,0,0,0,-12.2090645,4.9850387e-06,0,0,0,-4.555586,0.010399066,0,0,0,-16.620497,6.0507595e-08,0,0
tensor(15875),"tensor(11128., dtype=torch.float64)",tensor(9),1,-0.27591142,0.43145642,0,0,0,0.7360476,0.67613095,1,0,0,-3.156725,0.04082711,0,0,0,-0.76194215,0.31822476,0,0,0,0.82037246,0.6943154,1,0
tensor(15889),"tensor(17166., dtype=torch.float64)",tensor(9),0,-1.9960403,0.11961929,0,0,0,-2.2037992,0.09940983,0,0,1,3.4132001,0.96811455,1,1,0,-6.3863935,0.0016814874,0,0,0,-3.8622563,0.020587754,0,0
tensor(15895),"tensor(13953., dtype=torch.float64)",tensor(9),1,5.1451497,0.9942062,1,1,0,-7.7089114,0.00044860842,0,0,0,-5.886909,0.0027678602,0,0,0,-4.86794,0.0076305163,0,0,0,-3.029175,0.04612511,0,0
tensor(15905),"tensor(7434., dtype=torch.float64)",tensor(9),0,-3.657379,0.025151148,0,0,0,0.16732484,0.54173386,1,0,1,2.7120273,0.9377326,1,1,0,-4.91479,0.007283814,0,0,0,0.07874975,0.5196773,1,0
tensor(15909),"tensor(17166., dtype=torch.float64)",tensor(9),1,-1.1775687,0.23548964,0,0,0,-2.019634,0.11715684,0,0,0,2.1802926,0.89846575,1,1,0,-3.6056514,0.026451072,0,0,0,-2.0338852,0.11569084,0,0
tensor(15921),"tensor(16502., dtype=torch.float64)",tensor(9),1,3.7021043,0.97592247,1,1,0,-5.0851994,0.006149602,0,0,0,-2.82811,0.055823933,0,0,0,-2.8952377,0.05238948,0,0,0,-4.788212,0.008258563,0,0
tensor(15945),"tensor(8665., dtype=torch.float64)",tensor(9),0,2.7647257,0.94073963,1,1,0,-4.634353,0.009618964,0,0,1,-1.3399394,0.20752004,0,0,0,-4.174356,0.015151983,0,0,0,-3.9359248,0.019153608,0,0
tensor(15967),"tensor(3717., dtype=torch.float64)",tensor(9),1,3.3911617,0.96742713,1,1,0,-6.758655,0.0011594434,0,0,0,-4.648497,0.0094851535,0,0,0,0.04241241,0.5106015,1,0,0,-5.1009803,0.0060539003,0,0
tensor(15989),"tensor(15877., dtype=torch.float64)",tensor(9),0,-0.98985124,0.27094147,0,0,0,-3.4716554,0.030129569,0,0,0,-2.7669587,0.059136007,0,0,1,4.085308,0.98346025,1,1,0,-2.4228172,0.08144923,0,0
tensor(15995),"tensor(3757., dtype=torch.float64)",tensor(9),0,1.067636,0.7441471,1,1,0,-3.8548303,0.020738024,0,0,0,-5.2425838,0.005258779,0,0,1,2.4644003,0.92160815,1,1,1,-5.094227,0.006094673,0,0
tensor(16011),"tensor(10532., dtype=torch.float64)",tensor(9),0,0.31466365,0.5780232,1,1,0,-4.979445,0.0068308967,0,0,0,-4.842396,0.007826397,0,0,1,3.6592546,0.9748948,1,1,0,-3.2473116,0.03742361,0,0
tensor(16057),"tensor(16563., dtype=torch.float64)",tensor(9),1,5.4850197,0.9958687,1,1,0,-7.1747613,0.00076508266,0,0,0,-6.7544904,0.0011642766,0,0,0,-3.5019283,0.029257413,0,0,0,-4.6486826,0.00948341,0,0
tensor(16067),"tensor(2847., dtype=torch.float64)",tensor(9),1,0.33326402,0.5825534,1,1,0,-0.13475975,0.46636096,0,0,0,-1.3662508,0.20322627,0,0,0,0.1399596,0.5349329,1,0,0,-0.54510766,0.36700022,0,0
tensor(16069),"tensor(2393., dtype=torch.float64)",tensor(9),0,-2.8294256,0.05575463,0,0,0,-3.7684438,0.022566939,0,0,0,1.4337535,0.80748546,1,1,1,2.8160286,0.9435358,1,1,0,0.004535727,0.5011339,1,0
tensor(16085),"tensor(2718., dtype=torch.float64)",tensor(9),0,-2.2229323,0.097709976,0,0,0,-0.6965788,0.33257118,0,0,0,-2.0123234,0.117915094,0,0,1,3.7947397,0.9780059,1,1,0,-0.8325148,0.30311358,0,0
tensor(16109),"tensor(11473., dtype=torch.float64)",tensor(9),1,4.8189116,0.9919891,1,1,0,-5.761657,0.003136028,0,0,0,-5.9024405,0.0027253197,0,0,0,-4.0096965,0.017815743,0,0,0,-3.6373966,0.02564576,0,0
tensor(16115),"tensor(8867., dtype=torch.float64)",tensor(9),0,-3.8803792,0.020225482,0,0,0,-2.822237,0.05613429,0,0,1,3.5358906,0.97169185,1,1,0,-2.900378,0.05213488,0,0,0,-2.4382048,0.08030541,0,0
tensor(16145),"tensor(16656., dtype=torch.float64)",tensor(9),1,5.810014,0.99701154,1,1,0,-7.2834525,0.00068633887,0,0,0,-7.0959277,0.00082778605,0,0,0,-4.6980777,0.0090304855,0,0,0,-4.487459,0.011124053,0,0
tensor(16153),"tensor(21398., dtype=torch.float64)",tensor(9),0,-2.3265889,0.08894469,0,0,0,-0.855066,0.29837123,0,0,1,1.572465,0.8281347,1,1,0,-4.1908813,0.014907351,0,0,0,-2.211403,0.098731175,0,0
tensor(16171),"tensor(13559., dtype=torch.float64)",tensor(9),0,-5.058932,0.0063122436,0,0,1,2.3859556,0.9157501,1,1,0,0.86462647,0.70362633,1,1,1,2.356619,0.9134589,1,1,0,0.3483905,0.58622724,1,0
tensor(16209),"tensor(12826., dtype=torch.float64)",tensor(9),0,-0.09248329,0.47689566,0,0,0,-2.575965,0.07070138,0,0,1,1.5714135,0.82798505,1,1,1,-5.2799463,0.0050668996,0,0,0,-1.9108021,0.12889077,0,0
tensor(16253),"tensor(7307., dtype=torch.float64)",tensor(9),1,2.3825674,0.91548824,1,1,0,-1.7872468,0.14341061,0,0,0,-2.531354,0.07368918,0,0,0,-2.0611587,0.1129297,0,0,0,-5.090523,0.0061171516,0,0
tensor(16267),"tensor(1284., dtype=torch.float64)",tensor(9),1,1.2801843,0.78248113,1,1,0,-3.3313203,0.034512214,0,0,0,-3.0100596,0.046973478,0,0,0,1.0688967,0.7443871,1,1,0,-1.9761126,0.12173386,0,0
tensor(16287),"tensor(9957., dtype=torch.float64)",tensor(9),1,4.415167,0.9880519,1,1,0,-3.5537493,0.027820988,0,0,0,-4.601135,0.009940629,0,0,0,-4.199214,0.014785477,0,0,0,-6.5014453,0.0014990175,0,0
tensor(16303),"tensor(8239., dtype=torch.float64)",tensor(9),0,5.4488435,0.9957171,1,1,0,-5.927739,0.0026574186,0,0,0,-7.047766,0.00086859363,0,0,0,-2.5759814,0.0707003,0,0,1,-6.6259575,0.0013237561,0,0
tensor(16359),"tensor(5070., dtype=torch.float64)",tensor(9),0,-5.5703597,0.0037946554,0,0,0,-0.26220745,0.43482116,0,0,1,2.301299,0.9089846,1,1,1,3.6614263,0.9749479,1,1,0,1.0504591,0.7408631,1,0
tensor(16373),"tensor(6942., dtype=torch.float64)",tensor(9),0,-7.3793197,0.0006236362,0,0,1,2.5999897,0.93086094,1,1,0,1.4462891,0.80942667,1,1,0,3.2676349,0.96330166,1,1,0,2.3958383,0.9165094,1,1
tensor(16437),"tensor(3878., dtype=torch.float64)",tensor(9),1,2.8440764,0.9450117,1,1,0,-1.7297056,0.15062524,0,0,0,-4.689977,0.009103265,0,0,0,-1.8382574,0.13725752,0,0,0,-5.436781,0.0043346044,0,0
tensor(16441),"tensor(20525., dtype=torch.float64)",tensor(9),0,3.1658075,0.9595271,1,1,0,-7.087852,0.0008344925,0,0,0,-5.4359546,0.0043381727,0,0,0,-2.6036358,0.068904795,0,0,1,-0.37967697,0.40620482,0,0
tensor(16445),"tensor(19238., dtype=torch.float64)",tensor(9),0,-4.7115483,0.0089107305,0,0,0,-3.3354573,0.03437462,0,0,0,-6.9901123,0.0009200958,0,0,0,-1.5954436,0.1686194,0,0,0,-9.802371,5.5317218e-05,0,0
tensor(16455),"tensor(1513., dtype=torch.float64)",tensor(9),0,-3.824846,0.021355776,0,0,0,0.39844665,0.59831434,1,0,0,-1.4951963,0.18314306,0,0,1,4.39482,0.9878093,1,1,0,-2.226088,0.097432114,0,0
tensor(16521),"tensor(20762., dtype=torch.float64)",tensor(9),0,-4.0365233,0.017352339,0,0,1,1.7882,0.85670644,1,1,0,1.4884249,0.81584173,1,1,0,-1.4763466,0.18597987,0,0,0,1.1119124,0.75248545,1,0
tensor(16527),"tensor(19167., dtype=torch.float64)",tensor(9),0,-0.5321143,0.3700239,0,0,0,-0.010422237,0.4973945,0,0,1,0.6335975,0.65330476,1,0,0,-0.3372432,0.41647932,0,0,0,-2.74452,0.060396887,0,0
tensor(16545),"tensor(6830., dtype=torch.float64)",tensor(9),1,2.9586923,0.95067275,1,1,0,-5.6271853,0.003585786,0,0,0,-2.732027,0.06110976,0,0,0,-0.71812004,0.3278071,0,0,0,-4.4381104,0.01168021,0,0
tensor(16551),"tensor(4952., dtype=torch.float64)",tensor(9),1,7.0022674,0.999091,1,1,0,-8.622513,0.00017997497,0,0,0,-7.3629417,0.0006339276,0,0,0,-4.4110017,0.011997325,0,0,0,-8.1587715,0.0002861319,0,0
tensor(16593),"tensor(3811., dtype=torch.float64)",tensor(9),0,-4.5306807,0.010658514,0,0,1,-0.09374904,0.4765799,0,0,0,-3.153283,0.04096211,0,0,1,5.979084,0.9974752,1,1,0,-0.23513368,0.44148588,0,0
tensor(16623),"tensor(19247., dtype=torch.float64)",tensor(9),1,4.042363,0.98274696,1,1,0,-6.831083,0.0010785238,0,0,0,-4.7264633,0.008779972,0,0,0,-3.3671014,0.033339597,0,0,0,-2.2173731,0.09820119,0,0
tensor(16661),"tensor(19239., dtype=torch.float64)",tensor(9),0,-4.379604,0.012375256,0,0,1,-3.1065145,0.04283934,0,0,1,-1.947118,0.12486795,0,0,1,6.2524643,0.998078,1,1,1,-0.17849863,0.45549345,0,0
tensor(16687),"tensor(10556., dtype=torch.float64)",tensor(9),0,-3.0658143,0.044539616,0,0,0,3.2275538,0.9618581,1,1,1,-0.6076745,0.35258988,0,0,0,-2.384552,0.08435829,0,0,0,-1.07073,0.2552643,0,0
tensor(16711),"tensor(8826., dtype=torch.float64)",tensor(9),0,-5.116741,0.0059597967,0,0,1,4.553105,0.9895754,1,1,0,-0.8313653,0.30335644,0,0,0,0.46419442,0.6140087,1,0,0,-1.8848002,0.13183849,0,0
tensor(16715),"tensor(10556., dtype=torch.float64)",tensor(9),0,-1.9370291,0.12597461,0,0,0,1.5228468,0.8209573,1,1,1,0.56326944,0.6372087,1,0,0,-1.6247753,0.16454735,0,0,0,-2.3638985,0.08596737,0,0
tensor(16719),"tensor(10556., dtype=torch.float64)",tensor(9),0,-2.56557,0.07138741,0,0,0,1.3484796,0.79388094,1,0,0,0.29408798,0.5729967,1,0,0,0.25228125,0.56273794,1,0,1,1.1250052,0.75491595,1,0
tensor(16741),"tensor(20893., dtype=torch.float64)",tensor(9),1,-1.5089405,0.18109588,0,0,0,2.1847315,0.89887,1,1,0,-3.2191682,0.03845073,0,0,0,0.12968542,0.532376,1,0,0,-1.2851918,0.21666777,0,0
tensor(16763),"tensor(4470., dtype=torch.float64)",tensor(9),1,3.3732312,0.9668573,1,1,0,-1.8787922,0.13252768,0,0,0,-4.9210525,0.007238672,0,0,0,-3.4113955,0.03194122,0,0,0,-6.0252695,0.0024110728,0,0
tensor(16773),"tensor(6550., dtype=torch.float64)",tensor(9),0,-5.0519257,0.0063563418,0,0,1,0.5984616,0.64530426,1,0,1,3.1176133,0.95761347,1,1,0,-3.2602649,0.03695978,0,0,1,1.1775621,0.7645092,1,0
tensor(16797),"tensor(6828., dtype=torch.float64)",tensor(9),0,-8.047584,0.00031977167,0,0,1,3.4890532,0.9703747,1,1,1,2.0038567,0.8812014,1,1,0,1.5681975,0.8275265,1,1,1,2.895212,0.9476092,1,1
tensor(16877),"tensor(10045., dtype=torch.float64)",tensor(9),0,2.4019587,0.9169766,1,1,1,-0.61987984,0.34980878,0,0,0,-4.689669,0.009106045,0,0,0,-2.6133797,0.06828228,0,0,0,-5.887986,0.0027648886,0,0
tensor(16879),"tensor(8330., dtype=torch.float64)",tensor(9),0,-7.593123,0.0005036511,0,0,0,-5.141742,0.005813499,0,0,0,-9.92846,4.8764454e-05,0,0,0,-4.0798697,0.016628485,0,0,0,-14.971395,3.1477907e-07,0,0
tensor(16925),"tensor(12478., dtype=torch.float64)",tensor(9),1,0.7025799,0.6687595,1,1,0,-1.6675533,0.15875065,0,0,0,-4.582834,0.010122367,0,0,0,1.3985385,0.8019518,1,1,0,-3.9016678,0.0198079,0,0
tensor(16951),"tensor(6580., dtype=torch.float64)",tensor(9),0,-1.0856472,0.25243884,0,0,1,2.2610383,0.9055984,1,1,0,-3.7171292,0.023726987,0,0,0,-0.49838156,0.37792107,0,0,0,-1.0476246,0.2596815,0,0
tensor(16973),"tensor(15492., dtype=torch.float64)",tensor(9),1,1.7004405,0.8455922,1,1,0,-4.4004188,0.012123419,0,0,0,-5.0122757,0.0066117337,0,0,1,1.7527008,0.85229313,1,1,0,-5.0566683,0.0063264575,0,0
tensor(16989),"tensor(2324., dtype=torch.float64)",tensor(9),0,-5.3887563,0.0045468826,0,0,1,3.8232677,0.9786112,1,1,0,-1.5269814,0.17843579,0,0,1,2.8456273,0.9450922,1,1,0,-1.4285691,0.19332173,0,0
tensor(16995),"tensor(7426., dtype=torch.float64)",tensor(9),0,-3.4419549,0.031009689,0,0,0,-1.5004492,0.18235853,0,0,0,-4.310706,0.0132462485,0,0,0,0.8955349,0.71003103,1,1,0,-6.7435255,0.0011770979,0,0
tensor(17039),"tensor(10329., dtype=torch.float64)",tensor(9),1,3.308448,0.96471745,1,1,0,-2.4959846,0.07614016,0,0,0,-5.0254407,0.006525825,0,0,0,-2.011498,0.11800098,0,0,0,-3.9743173,0.018445496,0,0
tensor(17055),"tensor(21249., dtype=torch.float64)",tensor(9),1,3.7556186,0.9771484,1,1,0,-4.0543694,0.017050648,0,0,0,-4.170471,0.015210061,0,0,0,-2.3300176,0.08866724,0,0,0,-4.174058,0.015156429,0,0
tensor(17059),"tensor(15201., dtype=torch.float64)",tensor(9),1,5.831301,0.99707437,1,1,0,-4.160831,0.015355137,0,0,0,-8.50239,0.00020294148,0,0,0,-3.822185,0.021411458,0,0,0,-8.410648,0.00022243607,0,0
tensor(17165),"tensor(11161., dtype=torch.float64)",tensor(9),0,-3.9980767,0.01802021,0,0,1,0.9505075,0.7212172,1,0,0,-1.9501047,0.12454195,0,0,1,3.7080173,0.976061,1,1,0,1.551952,0.8251955,1,0
tensor(17181),"tensor(19598., dtype=torch.float64)",tensor(9),1,1.7311665,0.8495615,1,1,0,-6.187493,0.002050758,0,0,0,-1.0061598,0.26773205,0,0,0,-2.6080012,0.06862525,0,0,0,-1.2174237,0.22839016,0,0
tensor(17185),"tensor(20147., dtype=torch.float64)",tensor(9),1,1.7186224,0.84795135,1,1,0,-4.698552,0.009026241,0,0,0,-0.17642152,0.45600867,0,0,0,-5.51771,0.003998975,0,0,0,-1.9787309,0.121454194,0,0
tensor(17207),"tensor(15916., dtype=torch.float64)",tensor(9),0,-0.45773625,0.387523,0,0,1,0.11882596,0.5296716,1,0,0,-0.9184044,0.28528312,0,0,0,-1.0786936,0.25375333,0,0,0,0.97483337,0.72608185,1,0
tensor(17227),"tensor(17322., dtype=torch.float64)",tensor(9),0,-2.024772,0.11662647,0,0,0,-0.7694484,0.31659845,0,0,1,2.125755,0.89338136,1,1,1,0.05061171,0.5126502,1,0,0,-1.5469393,0.17552878,0,0
tensor(17303),"tensor(11735., dtype=torch.float64)",tensor(9),0,-4.4844947,0.01115671,0,0,1,1.6995007,0.8454695,1,1,0,0.48277932,0.6184039,1,0,1,3.0474842,0.9546738,1,1,0,-0.31331813,0.42230502,0,0
tensor(17317),"tensor(20439., dtype=torch.float64)",tensor(9),1,1.2607181,0.7791497,1,1,0,-5.2375283,0.0052852905,0,0,0,-3.585351,0.026978893,0,0,0,0.41476882,0.6022308,1,0,0,-0.21306476,0.44693437,0,0
tensor(17335),"tensor(20273., dtype=torch.float64)",tensor(9),1,1.5272068,0.8215972,1,1,0,-0.8708494,0.2950776,0,0,0,-1.4131503,0.19573763,0,0,0,-2.2740963,0.09329115,0,0,0,-2.0870802,0.1103589,0,0
tensor(17349),"tensor(18040., dtype=torch.float64)",tensor(9),1,0.45011336,0.6106662,1,1,0,-2.2743745,0.093267605,0,0,0,-4.5706058,0.010245628,0,0,0,2.453067,0.9207855,1,1,0,-3.389611,0.032621726,0,0
tensor(17373),"tensor(17736., dtype=torch.float64)",tensor(9),1,2.75929,0.9404359,1,1,0,-3.0642064,0.04460809,0,0,0,-2.3533053,0.08680341,0,0,0,-3.8018634,0.021841424,0,0,0,-2.7069008,0.06256738,0,0
tensor(17411),"tensor(21463., dtype=torch.float64)",tensor(9),1,2.1836562,0.89877224,1,1,0,-3.7195792,0.023670299,0,0,0,-4.123993,0.015922165,0,0,0,-1.3826092,0.20059027,0,0,0,-0.5601565,0.36351123,0,0
tensor(17433),"tensor(21107., dtype=torch.float64)",tensor(9),1,2.605633,0.9312233,1,1,0,-4.4288526,0.0117875645,0,0,0,-1.7526033,0.14771914,0,0,0,-4.4077044,0.012036472,0,0,0,-2.0140622,0.11773437,0,0
tensor(17523),"tensor(10229., dtype=torch.float64)",tensor(9),1,-1.3639778,0.20359458,0,0,0,-0.13073647,0.46736234,0,0,0,-1.9373889,0.125935,0,0,1,0.2515312,0.56255335,1,0,0,1.8076966,0.8590833,1,1
tensor(17609),"tensor(19851., dtype=torch.float64)",tensor(9),1,1.8268634,0.8613876,1,1,0,-2.6374345,0.066767715,0,0,0,-2.0336263,0.11571732,0,0,0,-1.5321019,0.17768636,0,0,0,-1.161962,0.23831093,0,0
tensor(17613),"tensor(424., dtype=torch.float64)",tensor(9),1,2.5975175,0.9307016,1,1,0,-4.0838366,0.016563745,0,0,0,-1.0735042,0.25473726,0,0,0,-4.3815446,0.012351558,0,0,0,-3.734347,0.023331404,0,0
tensor(17633),"tensor(21365., dtype=torch.float64)",tensor(9),0,-0.121971495,0.46954483,0,0,0,-2.1293397,0.1062777,0,0,0,1.0050229,0.73204505,1,1,1,-0.8153127,0.30675954,0,0,0,-3.3503728,0.03388296,0,0
tensor(17639),"tensor(1728., dtype=torch.float64)",tensor(9),0,-6.3144307,0.0018067256,0,0,1,1.3388745,0.7923048,1,0,1,3.2965035,0.9643087,1,1,1,-0.35130975,0.41306484,0,0,1,1.4758111,0.81393903,1,0
tensor(17653),"tensor(2695., dtype=torch.float64)",tensor(9),0,-8.720319,0.0001632085,0,0,0,1.8071626,0.8590186,1,1,1,4.0923734,0.98357475,1,1,0,0.6985244,0.6678605,1,1,0,2.859123,0.9457883,1,1
tensor(17677),"tensor(11797., dtype=torch.float64)",tensor(9),1,5.558791,0.99616134,1,1,0,-8.066257,0.00031385754,0,0,0,-6.389236,0.0016767229,0,0,0,-3.5824108,0.027056184,0,0,0,-4.832431,0.007904158,0,0
tensor(17681),"tensor(18040., dtype=torch.float64)",tensor(9),0,0.8506519,0.70070386,1,1,1,-2.9605668,0.049239468,0,0,0,-5.5963426,0.0036976896,0,0,0,2.3484309,0.91280943,1,1,0,-4.2515855,0.014041659,0,0
tensor(17717),"tensor(4218., dtype=torch.float64)",tensor(9),1,7.5944586,0.99949706,1,1,0,-8.558148,0.0001919376,0,0,0,-9.369363,8.529045e-05,0,0,0,-5.992675,0.002490757,0,0,0,-7.10277,0.00082214613,0,0
tensor(17723),"tensor(5619., dtype=torch.float64)",tensor(9),1,3.643476,0.9745058,1,1,0,-4.6736717,0.009251531,0,0,0,-5.034987,0.0064642243,0,0,0,-2.9026558,0.05202243,0,0,0,-2.0899951,0.110073045,0,0
tensor(17753),"tensor(2443., dtype=torch.float64)",tensor(9),1,4.789291,0.9917503,1,1,0,-4.157822,0.015400697,0,0,0,-6.49016,0.0015160043,0,0,0,-3.5058484,0.029146282,0,0,0,-5.112177,0.005986898,0,0
tensor(17777),"tensor(8213., dtype=torch.float64)",tensor(9),1,6.9937854,0.9990833,1,1,0,-10.319824,3.2971824e-05,0,0,0,-7.3682723,0.0006305595,0,0,0,-5.3114386,0.0049105897,0,0,0,-6.03312,0.0023922634,0,0
tensor(17787),"tensor(2976., dtype=torch.float64)",tensor(9),0,-2.0546772,0.11358063,0,0,1,3.3514726,0.966153,1,1,0,-4.0123324,0.017769676,0,0,0,-0.80791324,0.30833536,0,0,0,-1.6135155,0.1661011,0,0
tensor(17807),"tensor(5403., dtype=torch.float64)",tensor(9),1,1.1202201,0.7540295,1,1,0,-0.9360448,0.28169996,0,0,0,-0.87372005,0.29448083,0,0,0,-2.301331,0.09101279,0,0,0,-2.363742,0.08597965,0,0
tensor(17819),"tensor(4076., dtype=torch.float64)",tensor(9),0,0.50435585,0.6234824,1,1,0,-1.7424663,0.14899996,0,0,1,0.41640767,0.6026233,1,0,0,-0.58496785,0.3577903,0,0,0,-2.1603043,0.103372246,0,0
tensor(17821),"tensor(2477., dtype=torch.float64)",tensor(9),1,6.4422593,0.99840975,1,1,0,-7.3999887,0.0006108863,0,0,0,-7.4729047,0.0005679525,0,0,0,-6.347375,0.0017482768,0,0,0,-5.344943,0.004749557,0,0
tensor(17823),"tensor(5136., dtype=torch.float64)",tensor(9),0,-4.3076777,0.013285891,0,0,1,1.142753,0.75818473,1,0,1,0.8878694,0.70845026,1,1,1,2.8105564,0.9432436,1,1,1,0.52514946,0.6283511,1,0
tensor(17863),"tensor(1519., dtype=torch.float64)",tensor(9),1,2.6333263,0.9329759,1,1,0,-1.710331,0.15312079,0,0,0,-2.3951473,0.08354349,0,0,0,-5.4931793,0.0040978794,0,0,0,-4.9194303,0.0072503397,0,0
tensor(17871),"tensor(4093., dtype=torch.float64)",tensor(9),1,4.0363207,0.98264426,1,1,0,-5.366038,0.0046508764,0,0,0,-4.0089917,0.017828079,0,0,0,-4.66883,0.009296016,0,0,0,-2.881814,0.053059917,0,0
tensor(17873),"tensor(2042., dtype=torch.float64)",tensor(9),0,-1.2372104,0.22492194,0,0,0,-3.786969,0.022161912,0,0,0,-5.5906115,0.003718863,0,0,1,5.4548707,0.99574274,1,1,0,-2.8651729,0.05390229,0,0
tensor(17883),"tensor(830., dtype=torch.float64)",tensor(9),1,6.593949,0.9986332,1,1,0,-7.5946274,0.0005028944,0,0,0,-7.176222,0.00076396693,0,0,0,-5.3890095,0.0045457366,0,0,0,-6.8348227,0.0010745024,0,0
tensor(17905),"tensor(19051., dtype=torch.float64)",tensor(9),0,-1.6155521,0.16581921,0,0,0,-2.369423,0.08553427,0,0,1,0.4937251,0.62098354,1,0,0,2.4588401,0.9212055,1,1,0,-0.7902012,0.31212547,0,0
tensor(17939),"tensor(12781., dtype=torch.float64)",tensor(9),0,-4.939002,0.0071108164,0,0,1,3.456052,0.9694111,1,1,0,-3.7128677,0.023825899,0,0,1,3.7346132,0.9766747,1,1,0,-0.16047412,0.45996732,0,0
tensor(17949),"tensor(9108., dtype=torch.float64)",tensor(9),0,-2.9513905,0.04967083,0,0,0,-2.1219335,0.10698321,0,0,1,3.4103546,0.96802664,1,1,0,-3.0041633,0.047238145,0,0,0,1.2816801,0.7827356,1,0
tensor(17953),"tensor(3485., dtype=torch.float64)",tensor(9),0,-3.2761986,0.036396805,0,0,0,-1.5179908,0.17975758,0,0,0,-0.925487,0.2838412,0,0,1,4.7125874,0.99109846,1,1,0,-0.8324511,0.30312705,0,0
tensor(17957),"tensor(16563., dtype=torch.float64)",tensor(9),1,4.8419676,0.9921703,1,1,0,-6.7785907,0.0011365841,0,0,0,-5.6151457,0.0036290614,0,0,0,-2.7270343,0.06139684,0,0,0,-4.4495597,0.011548777,0,0
tensor(17961),"tensor(7758., dtype=torch.float64)",tensor(9),0,-4.5587296,0.010366763,0,0,1,1.6251278,0.8355011,1,1,0,1.3411955,0.7926865,1,1,1,0.95675504,0.72247165,1,1,0,2.0078065,0.8816143,1,1
tensor(17979),"tensor(19775., dtype=torch.float64)",tensor(9),1,4.7871833,0.99173295,1,1,0,-6.847587,0.0010608884,0,0,0,-6.081137,0.002280364,0,0,0,-3.2541027,0.037179742,0,0,0,-3.356916,0.033669423,0,0
tensor(18003),"tensor(16391., dtype=torch.float64)",tensor(9),0,0.93084854,0.7172474,1,1,0,-2.3163393,0.089778766,0,0,0,-4.896334,0.007418486,0,0,1,1.7446879,0.8512815,1,1,0,-4.1963367,0.014827448,0,0
tensor(18029),"tensor(7206., dtype=torch.float64)",tensor(9),0,-5.711577,0.0032965497,0,0,0,-1.0416614,0.26082957,0,0,1,4.66198,0.99064076,1,1,0,-2.4530892,0.07921294,0,0,1,2.8866143,0.94718075,1,1
tensor(18037),"tensor(500., dtype=torch.float64)",tensor(9),0,-4.8218575,0.007987504,0,0,0,-3.6067164,0.02642366,0,0,0,-1.2254869,0.22697231,0,0,1,6.2271056,0.9980287,1,1,1,-0.38945988,0.40384734,0,0
tensor(18059),"tensor(993., dtype=torch.float64)",tensor(9),0,4.0294423,0.98252654,1,1,0,-6.118627,0.0021966405,0,0,1,-2.6594486,0.065409034,0,0,0,-3.0188115,0.04658323,0,0,0,-5.8962946,0.0027420751,0,0
tensor(18073),"tensor(19957., dtype=torch.float64)",tensor(9),1,1.1317263,0.7561573,1,1,0,-4.005505,0.017889233,0,0,0,-2.0894022,0.11013115,0,0,0,0.8233756,0.6949524,1,1,0,-1.3452177,0.20665333,0,0
tensor(18119),"tensor(17223., dtype=torch.float64)",tensor(9),0,-3.8748446,0.02033545,0,0,0,-3.2947407,0.035752058,0,0,1,4.4054427,0.98793656,1,1,0,-3.8707376,0.020417433,0,0,0,0.7160603,0.67173886,1,0
tensor(18137),"tensor(4638., dtype=torch.float64)",tensor(9),0,-0.50851774,0.37554106,0,0,1,1.1562454,0.7606498,1,0,0,-1.5715952,0.1719891,0,0,1,-1.369423,0.20271309,0,0,0,-2.8961804,0.0523427,0,0
tensor(18141),"tensor(3766., dtype=torch.float64)",tensor(9),0,5.3656397,0.9953473,1,1,0,-7.289053,0.00068250846,0,0,0,-6.430803,0.0016085651,0,0,0,-3.5421872,0.028135423,0,0,1,-4.7640753,0.008458614,0,0
tensor(18171),"tensor(5229., dtype=torch.float64)",tensor(9),1,1.9925814,0.88001597,1,1,0,-2.6178093,0.068000995,0,0,0,-1.3130367,0.21197914,0,0,0,-3.0106912,0.04694521,0,0,0,-1.9445152,0.12515265,0,0
tensor(18183),"tensor(4388., dtype=torch.float64)",tensor(9),1,2.4648707,0.9216421,1,1,0,-4.589681,0.010053987,0,0,0,-0.98948485,0.27101386,0,0,0,-2.079701,0.1110855,0,0,0,-4.782671,0.008304068,0,0
tensor(18201),"tensor(7590., dtype=torch.float64)",tensor(9),1,3.777197,0.9776253,1,1,0,-5.975823,0.0025329792,0,0,0,-6.409614,0.0016429557,0,0,0,0.29073346,0.5721757,1,0,0,-7.599602,0.0005004,0,0
tensor(18203),"tensor(14335., dtype=torch.float64)",tensor(9),0,-4.194926,0.014848073,0,0,1,3.008164,0.95294166,1,1,0,-0.035500564,0.49112576,0,0,0,-1.0643305,0.25648278,0,0,0,-3.747175,0.023040876,0,0
tensor(18235),"tensor(5366., dtype=torch.float64)",tensor(9),0,0.2351526,0.55851877,1,0,0,-4.8262076,0.007953107,0,0,1,2.131401,0.8939179,1,1,0,-6.1088076,0.0022182686,0,0,0,-3.3221557,0.034818888,0,0
tensor(18261),"tensor(2721., dtype=torch.float64)",tensor(9),0,-2.7163284,0.062016707,0,0,0,-0.77470696,0.31546178,0,0,1,2.7826247,0.9417296,1,1,0,-3.5540068,0.027814023,0,0,0,-1.0327048,0.26256007,0,0
tensor(18273),"tensor(5833., dtype=torch.float64)",tensor(9),0,-5.6965504,0.0033462925,0,0,0,-2.6833863,0.06396084,0,0,1,5.40431,0.995523,1,1,0,-2.9436615,0.05003695,0,0,0,3.2136528,0.9613449,1,1
tensor(18277),"tensor(3802., dtype=torch.float64)",tensor(9),0,-3.7599924,0.022754114,0,0,1,2.990402,0.95213866,1,1,0,-0.6568695,0.3414432,0,0,0,1.4153138,0.80460274,1,1,0,-1.1396748,0.24238008,0,0
tensor(18289),"tensor(7597., dtype=torch.float64)",tensor(9),1,4.388268,0.9877302,1,1,0,-6.5606694,0.001412939,0,0,0,-3.7058876,0.023988785,0,0,0,-4.4446955,0.011604436,0,0,0,-3.9721005,0.018485676,0,0
tensor(18293),"tensor(500., dtype=torch.float64)",tensor(9),0,-4.230325,0.014339059,0,0,0,-3.4464116,0.030876053,0,0,0,-2.65218,0.06585477,0,0,1,6.4302077,0.99839056,1,1,1,-1.1111407,0.24765828,0,0
tensor(18297),"tensor(21759., dtype=torch.float64)",tensor(9),0,-4.480208,0.011204102,0,0,0,-2.0846863,0.110594176,0,0,1,4.6913414,0.99090904,1,1,0,-4.7218094,0.008820567,0,0,0,1.5116286,0.81930244,1,0
tensor(18343),"tensor(4659., dtype=torch.float64)",tensor(9),0,-5.7005215,0.003333075,0,0,1,0.46060422,0.6131575,1,0,1,3.243206,0.9624282,1,1,0,1.5195762,0.82047606,1,1,1,1.1651071,0.7622594,1,0
tensor(18377),"tensor(7295., dtype=torch.float64)",tensor(9),1,0.5819319,0.6415118,1,1,0,-2.0580323,0.11324329,0,0,0,0.6477267,0.656498,1,0,0,-3.2904496,0.03590028,0,0,0,-1.905942,0.12943745,0,0
tensor(18383),"tensor(15090., dtype=torch.float64)",tensor(9),0,-3.7820203,0.022269405,0,0,1,0.62364954,0.6510481,1,0,0,2.6383457,0.93328905,1,1,0,-2.497386,0.07604164,0,0,0,-0.4620144,0.38650808,0,0
tensor(18393),"tensor(12178., dtype=torch.float64)",tensor(9),1,0.7005976,0.66832024,1,1,0,-1.0796299,0.25357607,0,0,0,-0.35287163,0.4126863,0,0,0,-0.7493195,0.32096958,0,0,0,-3.176159,0.04007283,0,0
tensor(18397),"tensor(1495., dtype=torch.float64)",tensor(9),0,-5.138556,0.005831943,0,0,0,-0.5318117,0.37009445,0,0,1,3.1450748,0.9587142,1,1,1,2.357155,0.91350126,1,1,1,-1.3321365,0.20880619,0,0
tensor(18401),"tensor(451., dtype=torch.float64)",tensor(9),0,-1.8486632,0.13602993,0,0,1,1.6380221,0.8372657,1,1,0,0.10392838,0.5259587,1,0,0,0.020567957,0.5051418,1,0,0,-1.8017037,0.14164379,0,0
tensor(18405),"tensor(5452., dtype=torch.float64)",tensor(9),0,0.9651896,0.72415966,1,1,0,-3.701294,0.024096575,0,0,0,-3.6246035,0.025967382,0,0,1,2.2202134,0.90205,1,1,0,-3.3312118,0.034515824,0,0
tensor(18417),"tensor(9143., dtype=torch.float64)",tensor(9),0,-4.0673423,0.01683458,0,0,0,-0.28220198,0.42991403,0,0,0,-3.372477,0.03316679,0,0,1,5.5098753,0.9959698,1,1,1,0.7016949,0.6685634,1,0
tensor(18431),"tensor(16258., dtype=torch.float64)",tensor(9),0,-3.8935754,0.01996563,0,0,1,2.8196306,0.94372743,1,1,0,0.9359305,0.7182769,1,1,0,-2.5209436,0.074402936,0,0,0,-2.8103201,0.056769032,0,0
tensor(18463),"tensor(11061., dtype=torch.float64)",tensor(9),0,-2.565652,0.071381986,0,0,1,3.8016806,0.9781546,1,1,0,-3.2348156,0.037876368,0,0,0,-4.156255,0.015424482,0,0,0,-5.300165,0.004965985,0,0
tensor(18477),"tensor(14969., dtype=torch.float64)",tensor(9),0,2.4791837,0.92266953,1,1,0,-2.4275537,0.081095584,0,0,0,-4.0506806,0.017112583,0,0,1,-0.47851604,0.3826026,0,0,0,-5.0320225,0.0064832917,0,0
tensor(18521),"tensor(18988., dtype=torch.float64)",tensor(9),0,-4.3047967,0.013323711,0,0,0,0.11880637,0.5296667,1,0,1,3.1837819,0.9602194,1,1,0,-1.573357,0.17173836,0,0,0,-0.5343389,0.3695055,0,0
tensor(18523),"tensor(8513., dtype=torch.float64)",tensor(9),0,1.9774282,0.87840676,1,1,0,-5.16179,0.00569877,0,0,0,-4.551355,0.010442696,0,0,1,1.8650101,0.8658799,1,1,0,-4.621615,0.009741075,0,0
tensor(18525),"tensor(9251., dtype=torch.float64)",tensor(9),0,-8.543441,0.00019478082,0,0,1,3.562158,0.97240555,1,1,1,2.2592137,0.9054423,1,1,1,2.3206975,0.9105767,1,1,0,2.3433344,0.9124029,1,1
tensor(18537),"tensor(21486., dtype=torch.float64)",tensor(9),0,1.647973,0.8386169,1,1,0,-2.5413983,0.07300649,0,0,1,-0.3780421,0.40659922,0,0,0,-3.5866241,0.02694549,0,0,0,-3.3628328,0.03347744,0,0
tensor(18549),"tensor(16527., dtype=torch.float64)",tensor(9),0,6.6986346,0.99876887,1,1,0,-6.6678843,0.0012694715,0,0,0,-7.9028993,0.0003695336,0,0,1,-4.9865046,0.0067831688,0,0,0,-7.68352,0.00046013983,0,0
tensor(18597),"tensor(15210., dtype=torch.float64)",tensor(9),1,3.675565,0.97529095,1,1,0,-5.5575666,0.003843325,0,0,0,-1.8331852,0.13785927,0,0,0,-4.1905656,0.014911988,0,0,0,-6.8341064,0.0010752712,0,0
tensor(18605),"tensor(9096., dtype=torch.float64)",tensor(9),1,3.434141,0.9687546,1,1,0,-4.660868,0.009369627,0,0,0,-4.0193677,0.0176473,0,0,0,-2.7308164,0.061179258,0,0,0,-2.301429,0.09100468,0,0
tensor(18609),"tensor(2919., dtype=torch.float64)",tensor(9),1,8.417448,0.99977905,1,1,0,-8.681564,0.00016965665,0,0,0,-9.667345,6.331373e-05,0,0,0,-5.530609,0.003947926,0,0,0,-10.8390255,1.9618352e-05,0,0
tensor(18611),"tensor(21792., dtype=torch.float64)",tensor(9),0,-4.0414004,0.017269373,0,0,0,-3.637889,0.025633464,0,0,0,-3.3872585,0.03269605,0,0,1,6.7126727,0.99878603,1,1,0,0.84147954,0.6987767,1,0
tensor(18613),"tensor(3431., dtype=torch.float64)",tensor(9),1,5.2011676,0.9945201,1,1,0,-7.6756644,0.00046376695,0,0,0,-6.1755548,0.0020753362,0,0,0,-2.4589043,0.07878983,0,0,0,-5.19032,0.0055393684,0,0
tensor(18625),"tensor(16153., dtype=torch.float64)",tensor(9),0,3.0032318,0.95271987,1,1,1,-4.6604695,0.009373328,0,0,0,-2.5065541,0.07539999,0,0,0,-3.2143967,0.03862753,0,0,0,-2.6836445,0.06394538,0,0
tensor(18641),"tensor(3341., dtype=torch.float64)",tensor(9),1,1.1436942,0.7583572,1,1,0,-3.8280983,0.021287909,0,0,0,-5.4662952,0.0042090714,0,0,0,2.3048522,0.9092781,1,1,0,-4.045413,0.017201407,0,0
tensor(18709),"tensor(20133., dtype=torch.float64)",tensor(9),0,-0.75723124,0.3192477,0,0,0,-2.7574363,0.05966805,0,0,1,2.0493193,0.8858788,1,1,0,-1.9466377,0.12492045,0,0,0,-2.5879555,0.06991763,0,0
tensor(18711),"tensor(8638., dtype=torch.float64)",tensor(9),0,-7.3237424,0.00065925386,0,0,1,3.2507834,0.96270126,1,1,1,2.0338447,0.88430506,1,1,1,0.4413181,0.608573,1,0,1,3.0588546,0.9551633,1,1
tensor(18753),"tensor(13340., dtype=torch.float64)",tensor(9),1,7.4644275,0.9994272,1,1,0,-8.718751,0.00016346456,0,0,0,-8.002068,0.00033465776,0,0,0,-5.3592167,0.0046825605,0,0,0,-8.531433,0.00019713333,0,0
tensor(18811),"tensor(10036., dtype=torch.float64)",tensor(9),0,-3.4544353,0.030636862,0,0,0,0.5709169,0.6389747,1,0,1,1.7964731,0.85771906,1,1,0,0.18783058,0.5468201,1,0,0,-3.2146978,0.03861635,0,0
tensor(18851),"tensor(15223., dtype=torch.float64)",tensor(9),0,-2.2823508,0.09259525,0,0,0,2.1667023,0.89721924,1,1,1,-0.40101215,0.40106922,0,0,0,-1.8841348,0.13191468,0,0,0,0.86456704,0.70361394,1,0
tensor(18855),"tensor(15223., dtype=torch.float64)",tensor(9),1,1.506018,0.81847036,1,1,0,-3.4093451,0.032004677,0,0,0,-3.6237235,0.02598965,0,0,0,-1.2721926,0.21888214,0,0,0,0.37977922,0.59381986,1,0
tensor(18871),"tensor(20111., dtype=torch.float64)",tensor(9),0,-1.6061344,0.16712599,0,0,1,-4.132624,0.015787488,0,0,0,-4.3939805,0.012200769,0,0,1,5.3449273,0.99525034,1,1,0,-1.9195496,0.1279118,0,0
tensor(18895),"tensor(21740., dtype=torch.float64)",tensor(9),0,-5.6809697,0.0033986592,0,0,1,5.935653,0.9973635,1,1,0,-3.5518818,0.027871542,0,0,0,-3.425016,0.031522736,0,0,0,-6.3193197,0.00179793,0,0
tensor(18913),"tensor(18566., dtype=torch.float64)",tensor(9),1,3.632334,0.9742275,1,1,0,-4.848703,0.007777573,0,0,0,-3.5225604,0.028677091,0,0,0,-4.7125955,0.008901488,0,0,0,-2.4839213,0.07699308,0,0
tensor(18927),"tensor(15223., dtype=torch.float64)",tensor(9),1,0.44720417,0.60997427,1,1,0,0.83373946,0.69714504,1,0,0,-4.5655193,0.010297336,0,0,0,-2.6925159,0.06341642,0,0,0,-0.7283327,0.3255607,0,0
tensor(18945),"tensor(19995., dtype=torch.float64)",tensor(9),0,2.5180936,0.92540056,1,1,0,-3.0637264,0.044628546,0,0,1,-1.6392269,0.16257028,0,0,0,-1.6735109,0.15795664,0,0,0,-4.798958,0.008171013,0,0
tensor(18969),"tensor(9626., dtype=torch.float64)",tensor(9),1,5.571961,0.9962114,1,1,0,-7.3794746,0.00062353956,0,0,0,-6.583092,0.0013816528,0,0,0,-4.663365,0.009346481,0,0,0,-4.0566106,0.017013125,0,0
tensor(18975),"tensor(20676., dtype=torch.float64)",tensor(9),1,2.1633651,0.89691114,1,1,0,-1.5068427,0.18140717,0,0,0,-4.7998996,0.008163385,0,0,0,-1.2295932,0.22625265,0,0,0,-3.1259809,0.0420482,0,0
tensor(19013),"tensor(18558., dtype=torch.float64)",tensor(9),0,-2.0116496,0.1179852,0,0,0,1.323799,0.7898131,1,0,1,0.4743144,0.6164044,1,0,0,-1.3489307,0.20604524,0,0,0,0.99120474,0.72932583,1,0
tensor(19025),"tensor(16024., dtype=torch.float64)",tensor(9),1,2.79836,0.94258714,1,1,0,-3.4761138,0.029999562,0,0,0,-2.4034462,0.08291028,0,0,0,-2.3519073,0.08691429,0,0,0,-2.9742105,0.048604645,0,0
tensor(19073),"tensor(10036., dtype=torch.float64)",tensor(9),0,-4.243128,0.014159234,0,0,0,0.7454136,0.67817855,1,0,1,2.3996944,0.916804,1,1,0,-2.1881886,0.10081618,0,0,0,-2.881493,0.053076047,0,0
tensor(19113),"tensor(8820., dtype=torch.float64)",tensor(9),0,-6.6503677,0.0012918753,0,0,1,3.4977782,0.97062457,1,1,0,0.5527246,0.6347675,1,0,1,2.569281,0.9288582,1,1,0,-0.91238755,0.2865115,0,0
tensor(19161),"tensor(10396., dtype=torch.float64)",tensor(9),0,-5.3152657,0.0048919236,0,0,0,-4.8279076,0.007939707,0,0,0,-2.4978886,0.07600633,0,0,1,7.1748753,0.99923503,1,1,0,0.5017575,0.62287223,1,0
tensor(19165),"tensor(17718., dtype=torch.float64)",tensor(9),1,7.4060616,0.99939275,1,1,0,-8.866355,0.00014103591,0,0,0,-8.433535,0.00021740425,0,0,0,-6.428328,0.0016125446,0,0,0,-6.668495,0.0012686973,0,0
tensor(19169),"tensor(13137., dtype=torch.float64)",tensor(9),1,5.359224,0.99531746,1,1,0,-7.7932982,0.00041232002,0,0,0,-5.4890666,0.004114698,0,0,0,-6.343007,0.001755916,0,0,0,-3.2991183,0.035601452,0,0
tensor(19195),"tensor(17840., dtype=torch.float64)",tensor(9),1,0.9724567,0.72560894,1,1,0,-0.18432781,0.45404813,0,0,0,-4.5202184,0.010769403,0,0,0,-3.0909967,0.04348016,0,0,0,-0.08959245,0.47761685,0,0
tensor(19201),"tensor(14414., dtype=torch.float64)",tensor(9),0,-3.2631876,0.036855888,0,0,1,0.48422518,0.6187451,1,0,1,2.135632,0.89431846,1,1,0,-0.81448114,0.3069364,0,0,0,0.6839713,0.66462445,1,0
tensor(19205),"tensor(12709., dtype=torch.float64)",tensor(9),1,0.6108154,0.6481268,1,1,0,-1.2664286,0.21986924,0,0,0,-1.7574931,0.14710459,0,0,0,0.7625854,0.6819148,1,1,0,-2.3452218,0.08744632,0,0
tensor(19283),"tensor(10147., dtype=torch.float64)",tensor(9),1,1.2650448,0.7798933,1,1,0,-2.281736,0.09264692,0,0,0,-0.32100967,0.42042968,0,0,0,-1.5291643,0.17811598,0,0,0,-3.2188432,0.038462747,0,0
tensor(19289),"tensor(21104., dtype=torch.float64)",tensor(9),1,2.612626,0.9316697,1,1,0,-1.3902463,0.19936846,0,0,0,-3.3938935,0.032486856,0,0,0,-2.718485,0.06189136,0,0,0,-5.196526,0.0055052857,0,0
tensor(19309),"tensor(10780., dtype=torch.float64)",tensor(9),0,-6.923696,0.000983218,0,0,1,1.7311432,0.8495586,1,1,0,3.4598458,0.9695234,1,1,0,-4.065732,0.016861252,0,0,0,1.7994772,0.8580853,1,1
tensor(19313),"tensor(12980., dtype=torch.float64)",tensor(9),1,3.9904222,0.9818439,1,1,0,-5.6602597,0.0034695328,0,0,0,-4.0308022,0.01745016,0,0,0,-4.6936965,0.009069776,0,0,0,-2.3273175,0.088885665,0,0
tensor(19319),"tensor(21060., dtype=torch.float64)",tensor(9),0,2.2772875,0.9069784,1,1,0,-5.304173,0.004946221,0,0,0,-1.7584147,0.14698899,0,0,0,-4.0289197,0.017482465,0,0,1,-0.9527465,0.2783328,0,0
tensor(19321),"tensor(9434., dtype=torch.float64)",tensor(9),0,-6.974896,0.0009341901,0,0,1,4.970865,0.99311066,1,1,0,1.1742756,0.763917,1,1,0,-0.965429,0.27579254,0,0,0,-0.16905335,0.45783707,0,0
tensor(19343),"tensor(20644., dtype=torch.float64)",tensor(9),0,2.1543887,0.89607817,1,1,1,-0.944831,0.27992553,0,0,0,-2.9496593,0.04975261,0,0,0,-3.6374726,0.025643863,0,0,0,-3.2353814,0.037855756,0,0
tensor(19355),"tensor(20536., dtype=torch.float64)",tensor(9),0,3.9542682,0.981188,1,1,0,-8.435,0.00021708586,0,0,0,-7.9773965,0.00034301393,0,0,0,0.7116843,0.6707732,1,1,1,-5.92075,0.0026760064,0,0
tensor(19357),"tensor(17064., dtype=torch.float64)",tensor(9),1,3.648976,0.974642,1,1,0,-7.283627,0.0006862192,0,0,0,-2.166144,0.10283225,0,0,0,-3.9035661,0.019771077,0,0,0,-4.1500006,0.0155197475,0,0
tensor(19361),"tensor(16357., dtype=torch.float64)",tensor(9),1,5.237302,0.9947135,1,1,0,-8.213977,0.00027076813,0,0,0,-6.7871327,0.0011269276,0,0,0,-3.5518186,0.027873255,0,0,0,-3.4828174,0.029805101,0,0
tensor(19367),"tensor(11221., dtype=torch.float64)",tensor(9),1,4.305124,0.98668057,1,1,0,-6.3776712,0.0016961932,0,0,0,-3.0075316,0.04708677,0,0,0,-5.6926527,0.0033593166,0,0,0,-4.622856,0.00972911,0,0
tensor(19399),"tensor(14833., dtype=torch.float64)",tensor(9),0,3.0489328,0.9547364,1,1,0,-10.128116,3.9939066e-05,0,0,0,0.28510907,0.57079834,1,0,0,-8.441531,0.00021567308,0,0,1,-4.5768366,0.010182636,0,0
tensor(19545),"tensor(21457., dtype=torch.float64)",tensor(9),0,-4.01436,0.017734323,0,0,1,3.786485,0.9778276,1,1,0,-3.256421,0.037096836,0,0,0,1.8605068,0.865356,1,1,0,-0.9773805,0.27341184,0,0
tensor(19553),"tensor(13739., dtype=torch.float64)",tensor(9),1,6.931294,0.9990243,1,1,0,-10.817882,2.0037569e-05,0,0,0,-8.844594,0.00014413818,0,0,0,-4.429388,0.011781329,0,0,0,-5.1194115,0.0059439987,0,0
tensor(19599),"tensor(11586., dtype=torch.float64)",tensor(9),0,-3.2175605,0.03851021,0,0,0,-1.6001085,0.16796646,0,0,1,3.636216,0.97432464,1,1,0,-4.876156,0.0075685545,0,0,0,-2.8997219,0.05216731,0,0
tensor(19649),"tensor(16633., dtype=torch.float64)",tensor(9),1,4.694682,0.990939,1,1,0,-5.163942,0.005686589,0,0,0,-5.7142196,0.003287878,0,0,0,-3.516792,0.028838204,0,0,0,-4.2079043,0.014659419,0,0
tensor(19663),"tensor(8070., dtype=torch.float64)",tensor(9),0,-2.8169327,0.056415994,0,0,1,3.0903854,0.9564944,1,1,0,-0.7200666,0.32737833,0,0,0,-2.2670932,0.093885206,0,0,0,-2.282634,0.092571445,0,0
tensor(19665),"tensor(20455., dtype=torch.float64)",tensor(9),0,-2.6084652,0.0685956,0,0,0,-2.5716677,0.07098425,0,0,1,3.120276,0.9577214,1,1,0,-3.6978414,0.024177898,0,0,0,1.1098875,0.75210816,1,0
tensor(19711),"tensor(9513., dtype=torch.float64)",tensor(9),0,-4.5834756,0.010115938,0,0,0,-0.87207836,0.294822,0,0,0,-1.1289144,0.2443615,0,0,1,5.4961243,0.99591416,1,1,0,0.3824543,0.5944649,1,0
tensor(19719),"tensor(17715., dtype=torch.float64)",tensor(9),0,-5.168655,0.005660002,0,0,0,0.91275525,0.7135637,1,0,1,3.14366,0.95865816,1,1,0,-3.3039265,0.035436735,0,0,0,1.4967554,0.8170901,1,0
tensor(19737),"tensor(14414., dtype=torch.float64)",tensor(9),0,-2.3030593,0.0908699,0,0,1,-1.1385862,0.24258004,0,0,0,2.5854154,0.929917,1,1,0,-3.9414012,0.019050993,0,0,1,-2.667946,0.06489149,0,0
tensor(19785),"tensor(17428., dtype=torch.float64)",tensor(9),0,0.27161586,0.56748956,1,0,1,0.8016254,0.69032204,1,0,0,-1.4275242,0.19348474,0,0,0,-0.4925322,0.37929726,0,0,0,-2.4155037,0.08199808,0,0
tensor(19795),"tensor(17621., dtype=torch.float64)",tensor(9),1,6.490645,0.9984848,1,1,0,-7.5085773,0.0005480601,0,0,0,-6.613815,0.0013399061,0,0,0,-5.7946362,0.0030346005,0,0,0,-6.9044514,0.0010023038,0,0
tensor(19811),"tensor(8036., dtype=torch.float64)",tensor(9),0,-3.5811617,0.027089082,0,0,1,0.63335234,0.6532492,1,0,0,2.0236702,0.88326,1,1,0,-3.0859818,0.043689206,0,0,0,-4.5502896,0.01045371,0,0
tensor(19855),"tensor(10599., dtype=torch.float64)",tensor(9),1,2.4503524,0.92058724,1,1,0,-3.7613316,0.022724353,0,0,0,-4.3781714,0.012392774,0,0,0,-0.1380096,0.46555224,0,0,0,-3.3811834,0.032888733,0,0
tensor(19859),"tensor(15817., dtype=torch.float64)",tensor(9),0,-3.8739467,0.020353347,0,0,1,3.2301064,0.9619517,1,1,0,-0.107462876,0.4731601,0,0,1,-0.8544108,0.2985084,0,0,0,1.5545256,0.82556635,1,0
tensor(19953),"tensor(18220., dtype=torch.float64)",tensor(9),0,3.279312,0.9637122,1,1,0,-6.9200644,0.0009867914,0,0,0,-4.8791547,0.0075460626,0,0,1,-1.2450818,0.22355266,0,0,0,-2.3725088,0.0852932,0,0
tensor(20089),"tensor(20671., dtype=torch.float64)",tensor(9),1,5.6090646,0.99634886,1,1,0,-7.5753665,0.00051266945,0,0,0,-6.656114,0.0012844825,0,0,0,-3.0876017,0.04362158,0,0,0,-5.5866694,0.0037334966,0,0
tensor(20105),"tensor(15413., dtype=torch.float64)",tensor(9),0,-1.1681097,0.23719682,0,0,0,-1.0790216,0.25369123,0,0,0,-2.8460772,0.054884445,0,0,1,3.2358048,0.96215963,1,1,0,-0.87935853,0.29331073,0,0
tensor(20111),"tensor(19251., dtype=torch.float64)",tensor(9),1,1.4259449,0.8062687,1,1,0,-4.1846585,0.014999009,0,0,0,-3.8409505,0.021021778,0,0,0,1.4112947,0.8039701,1,1,0,-2.3582628,0.08641124,0,0
tensor(20131),"tensor(8941., dtype=torch.float64)",tensor(9),1,0.92805463,0.7166804,1,1,0,-1.4779481,0.18573754,0,0,0,-0.33937344,0.41596168,0,0,0,-1.8302966,0.13820295,0,0,0,-1.4150248,0.19544272,0,0
tensor(20137),"tensor(10061., dtype=torch.float64)",tensor(9),0,-6.888612,0.0010182901,0,0,1,1.5587655,0.82617617,1,1,1,2.1971364,0.89999205,1,1,1,2.4850276,0.9230855,1,1,1,2.8251224,0.9440184,1,1
tensor(20143),"tensor(21455., dtype=torch.float64)",tensor(9),1,4.6621504,0.99064225,1,1,0,-6.786924,0.0011271628,0,0,0,-6.9013886,0.0010053751,0,0,0,-0.62372136,0.34893557,0,0,0,-6.3435354,0.0017549903,0,0
tensor(20151),"tensor(12750., dtype=torch.float64)",tensor(9),1,3.6980295,0.97582656,1,1,0,-6.11661,0.0022010657,0,0,0,-4.505431,0.010928083,0,0,0,-2.89293,0.052504163,0,0,0,-2.0931633,0.109763086,0,0
tensor(20199),"tensor(9113., dtype=torch.float64)",tensor(9),1,4.516592,0.98919183,1,1,0,-4.5322766,0.010641698,0,0,0,-5.2789216,0.0050720684,0,0,0,-2.987421,0.047997393,0,0,0,-5.311468,0.004910445,0,0
tensor(20243),"tensor(16587., dtype=torch.float64)",tensor(9),0,-3.7729874,0.022466935,0,0,0,-4.563372,0.010319242,0,0,0,-5.3305607,0.004818029,0,0,1,7.2462325,0.99928766,1,1,0,0.79452074,0.68880117,1,0
tensor(20245),"tensor(12917., dtype=torch.float64)",tensor(9),0,-5.3975377,0.0045073084,0,0,0,-1.6420275,0.16218935,0,0,0,-0.32061842,0.420525,0,0,1,6.1258936,0.9978192,1,1,0,0.30204844,0.57494324,1,0
tensor(20247),"tensor(19945., dtype=torch.float64)",tensor(9),0,-1.5288572,0.17816095,0,0,1,-0.6469521,0.3436767,0,0,0,1.5995858,0.8319605,1,1,0,-2.5691803,0.07114846,0,0,0,-2.2822247,0.092605844,0,0
tensor(20259),"tensor(18034., dtype=torch.float64)",tensor(9),1,4.654401,0.9905702,1,1,0,-7.1101537,0.0008161029,0,0,0,-4.4217515,0.01187057,0,0,0,-2.6567056,0.06557692,0,0,0,-4.8989124,0.0073995246,0,0
tensor(20267),"tensor(9897., dtype=torch.float64)",tensor(9),1,0.6857248,0.66501516,1,1,0,-1.5756301,0.17141527,0,0,0,-2.9103363,0.05164496,0,0,0,1.3416175,0.7927558,1,1,0,-2.5267758,0.07400228,0,0
tensor(20279),"tensor(21605., dtype=torch.float64)",tensor(9),0,-0.6759905,0.33715674,0,0,0,-2.0197725,0.11714251,0,0,1,1.6801565,0.8429252,1,1,0,-3.1504784,0.04107244,0,0,0,-0.65750533,0.34130022,0,0
tensor(20295),"tensor(17972., dtype=torch.float64)",tensor(9),0,-9.138436,0.00010744367,0,0,0,-1.1709155,0.23668955,0,0,1,3.5333853,0.9716229,1,1,1,4.778628,0.9916626,1,1,1,3.7763278,0.9776063,1,1
tensor(20351),"tensor(8402., dtype=torch.float64)",tensor(9),1,0.99149096,0.72938234,1,1,0,0.12702689,0.5317141,1,0,0,-2.069522,0.1120946,0,0,0,-1.6737235,0.15792838,0,0,0,-3.459489,0.030487128,0,0
tensor(20355),"tensor(11738., dtype=torch.float64)",tensor(9),1,5.573251,0.99621624,1,1,0,-5.6485367,0.0035103022,0,0,0,-7.0430527,0.00087269384,0,0,0,-4.6539373,0.009434178,0,0,0,-4.9894886,0.006763094,0,0
tensor(20393),"tensor(8850., dtype=torch.float64)",tensor(9),1,1.9945533,0.88022405,1,1,0,-0.4791384,0.38245562,0,0,0,-3.478036,0.029943679,0,0,0,-1.884821,0.1318361,0,0,0,-3.9796398,0.01834938,0,0
tensor(20403),"tensor(21545., dtype=torch.float64)",tensor(9),0,0.9388475,0.71886677,1,1,0,-4.473258,0.011281359,0,0,1,0.08303452,0.5207467,1,0,0,-5.0412827,0.0064239167,0,0,0,-0.18218154,0.4545802,0,0
tensor(20451),"tensor(14069., dtype=torch.float64)",tensor(9),0,-7.529258,0.00053684844,0,0,1,5.8919616,0.997246,1,1,1,0.6912599,0.6662471,1,0,0,-2.1789696,0.10165499,0,0,0,0.5119159,0.6252555,1,0
tensor(20499),"tensor(8174., dtype=torch.float64)",tensor(9),0,-2.4401112,0.080164716,0,0,0,-0.076187305,0.48096243,0,0,1,2.2236643,0.90235454,1,1,0,-3.4314299,0.031327512,0,0,0,-2.0772765,0.11132512,0,0
tensor(20551),"tensor(18497., dtype=torch.float64)",tensor(9),0,-3.6257324,0.025938846,0,0,1,-0.50819993,0.3756156,0,0,1,3.425594,0.9684949,1,1,0,-3.8228185,0.021398192,0,0,0,-0.093889974,0.47654477,0,0
tensor(20561),"tensor(20449., dtype=torch.float64)",tensor(9),0,-9.14362,0.000106888285,0,0,1,3.4606152,0.96954614,1,1,0,2.473746,0.9222807,1,1,1,2.590216,0.9302292,1,1,0,3.1651022,0.95949966,1,1
tensor(20585),"tensor(13287., dtype=torch.float64)",tensor(9),0,-6.5994506,0.0013592655,0,0,1,2.6494207,0.9339753,1,1,0,1.4728669,0.8134928,1,1,1,2.058474,0.88680106,1,1,0,2.487303,0.92324686,1,1
tensor(20587),"tensor(10766., dtype=torch.float64)",tensor(9),0,-4.0717645,0.016761543,0,0,0,-0.86428034,0.29644582,0,0,0,2.8960724,0.9476519,1,1,1,1.9565538,0.87615955,1,1,0,-1.8833002,0.13201027,0,0
tensor(20645),"tensor(11255., dtype=torch.float64)",tensor(9),0,-3.1184347,0.042353213,0,0,0,-1.3760884,0.20163795,0,0,1,3.4060445,0.96789294,1,1,0,-3.1446664,0.041301955,0,0,0,-0.38518414,0.4048772,0,0
tensor(20661),"tensor(13641., dtype=torch.float64)",tensor(9),0,-4.9156976,0.0072772563,0,0,1,0.9833332,0.7277691,1,0,1,2.8154309,0.943504,1,1,0,-1.5920967,0.16908911,0,0,0,-0.5605902,0.3634109,0,0
tensor(20737),"tensor(19353., dtype=torch.float64)",tensor(9),0,-0.9604105,0.276796,0,0,0,-1.9773048,0.12160645,0,0,1,2.1387029,0.89460844,1,1,0,-3.4164023,0.031786766,0,0,0,-1.9953529,0.119691715,0,0
tensor(20787),"tensor(18283., dtype=torch.float64)",tensor(9),0,-2.9016402,0.05207254,0,0,1,3.49404,0.97051775,1,1,0,-1.4566071,0.18898681,0,0,0,-2.023882,0.1167182,0,0,0,0.21630073,0.5538654,1,0
tensor(20791),"tensor(17359., dtype=torch.float64)",tensor(9),0,1.5707643,0.82789254,1,1,0,-2.17039,0.102441184,0,0,1,-1.796052,0.14233233,0,0,0,-2.4239874,0.08136173,0,0,0,-0.70960355,0.32968646,0,0
tensor(20809),"tensor(18589., dtype=torch.float64)",tensor(9),0,-0.1724428,0.45699582,0,0,0,-2.2789207,0.092883855,0,0,0,-1.7620143,0.14653826,0,0,0,-0.64502907,0.34411058,0,0,1,1.5439318,0.8240356,1,0
tensor(20833),"tensor(21219., dtype=torch.float64)",tensor(9),0,0.5021404,0.62296224,1,1,0,-6.747533,0.0011723958,0,0,0,-3.4706287,0.030159585,0,0,0,-1.5281417,0.17826574,0,0,1,2.3343675,0.9116836,1,1
tensor(20835),"tensor(14966., dtype=torch.float64)",tensor(9),0,-5.1674113,0.0056670057,0,0,1,2.2852225,0.90764576,1,1,1,2.0504053,0.8859886,1,1,0,-0.8750167,0.2942115,0,0,1,0.7034034,0.6689419,1,0
tensor(20837),"tensor(11968., dtype=torch.float64)",tensor(9),0,-5.077163,0.0061989124,0,0,1,3.166411,0.95955044,1,1,0,-4.0735364,0.016732365,0,0,1,4.431682,0.98824537,1,1,0,-1.0919446,0.2512523,0,0
tensor(20843),"tensor(13165., dtype=torch.float64)",tensor(9),0,1.4086167,0.8035477,1,1,1,0.41133156,0.6014071,1,0,0,-7.0507183,0.00086603547,0,0,0,-4.567366,0.010278532,0,0,0,-6.2986727,0.001835369,0,0
tensor(20859),"tensor(19334., dtype=torch.float64)",tensor(9),0,3.5534935,0.97217214,1,1,1,-3.4855213,0.029727012,0,0,0,-5.9692073,0.002549749,0,0,0,-2.0787175,0.111182645,0,0,0,-3.004656,0.04721597,0,0
tensor(21023),"tensor(11080., dtype=torch.float64)",tensor(9),0,-3.970209,0.018520027,0,0,1,0.54698825,0.63343656,1,0,0,1.5794113,0.8291211,1,1,0,-0.46429804,0.3859667,0,0,0,-3.7782605,0.022351418,0,0
tensor(21061),"tensor(19627., dtype=torch.float64)",tensor(9),1,2.7392523,0.9393035,1,1,0,-1.5463994,0.17560692,0,0,0,-3.5659468,0.027492974,0,0,0,-4.095526,0.0163744,0,0,0,-4.134139,0.015763966,0,0
tensor(21103),"tensor(12376., dtype=torch.float64)",tensor(9),1,4.103177,0.9837483,1,1,0,-4.2314086,0.014323755,0,0,0,-5.9753265,0.0025342337,0,0,0,-2.1103933,0.10809074,0,0,0,-7.928858,0.0003600679,0,0
tensor(21117),"tensor(9918., dtype=torch.float64)",tensor(9),0,-3.534784,0.028338555,0,0,0,-0.6037565,0.35348475,0,0,1,3.3661854,0.9666308,1,1,0,-2.6634789,0.06516309,0,0,0,-0.30474105,0.42439893,0,0
tensor(21161),"tensor(19024., dtype=torch.float64)",tensor(9),1,2.6005373,0.93089616,1,1,0,-1.831713,0.13803433,0,0,0,-4.515576,0.010818975,0,0,0,-3.7838356,0.022229917,0,0,0,-2.0031776,0.1188697,0,0
tensor(21165),"tensor(8897., dtype=torch.float64)",tensor(9),0,-9.266542,9.452587e-05,0,0,1,5.387049,0.9954454,1,1,1,2.3503535,0.9129623,1,1,0,-3.3305068,0.034539327,0,0,1,3.5610127,0.97237474,1,1
tensor(21267),"tensor(15383., dtype=torch.float64)",tensor(9),1,-0.22272056,0.44454888,0,0,0,-1.2321054,0.22581315,0,0,0,1.2168498,0.7715087,1,1,0,-5.2944674,0.004994219,0,0,0,-1.8442609,0.13654815,0,0
tensor(21341),"tensor(17428., dtype=torch.float64)",tensor(9),1,3.3749332,0.96691185,1,1,0,-2.7123413,0.062249042,0,0,0,-3.5379574,0.02825131,0,0,0,-2.0621152,0.11283392,0,0,0,-5.512831,0.0040184553,0,0
tensor(21349),"tensor(16124., dtype=torch.float64)",tensor(9),0,0.41957822,0.6033823,1,1,0,-3.446084,0.030885858,0,0,1,1.377495,0.7985884,1,1,0,-3.9066937,0.019710554,0,0,0,-2.0411696,0.114947684,0,0
tensor(21489),"tensor(16419., dtype=torch.float64)",tensor(9),0,-6.306327,0.0018213999,0,0,1,3.2076554,0.9611214,1,1,1,2.02745,0.8836492,1,1,0,-1.4454625,0.19070089,0,0,0,1.8499597,0.8641224,1,1
tensor(21597),"tensor(11363., dtype=torch.float64)",tensor(9),1,2.7411015,0.93940884,1,1,0,-5.0845838,0.0061533656,0,0,0,-4.9299903,0.0071747247,0,0,0,-0.55006456,0.3658494,0,0,0,-2.6051965,0.068804726,0,0
tensor(21633),"tensor(8530., dtype=torch.float64)",tensor(9),0,-0.0010612905,0.49973467,0,0,0,0.5240484,0.6280939,1,0,1,-1.0183508,0.26534876,0,0,1,-2.8263144,0.055918645,0,0,0,-2.4865506,0.07680643,0,0
tensor(21657),"tensor(7941., dtype=torch.float64)",tensor(9),0,-2.6659024,0.065015614,0,0,1,-2.0884547,0.11022403,0,0,0,-1.6126777,0.16621718,0,0,1,4.5437174,0.98947805,1,1,0,-3.2417912,0.03762298,0,0
tensor(21699),"tensor(9612., dtype=torch.float64)",tensor(9),0,-4.763396,0.008464315,0,0,1,0.4529126,0.6113315,1,0,0,-2.0875437,0.110313416,0,0,1,5.013989,0.9933995,1,1,0,1.5937134,0.8311379,1,1
tensor(21765),"tensor(15902., dtype=torch.float64)",tensor(9),0,-6.40817,0.0016453257,0,0,1,3.2743096,0.96353686,1,1,0,1.3807557,0.7991123,1,1,0,-0.069545016,0.48262075,0,0,0,3.0404725,0.95436937,1,1
tensor(21777),"tensor(8572., dtype=torch.float64)",tensor(9),1,9.166775,0.9998956,1,1,0,-13.346796,1.5979363e-06,0,0,0,-11.563036,9.511154e-06,0,0,0,-6.150647,0.0021275654,0,0,0,-7.364442,0.0006329779,0,0
tensor(21817),"tensor(18354., dtype=torch.float64)",tensor(9),0,-3.3198717,0.03489573,0,0,0,-1.1479808,0.24085811,0,0,0,3.5180416,0.9711968,1,1,0,-3.6699533,0.024844673,0,0,0,-1.0964552,0.25040466,0,0
tensor(21831),"tensor(11905., dtype=torch.float64)",tensor(9),1,7.9850316,0.99965954,1,1,0,-8.947336,0.00013006631,0,0,0,-10.45981,2.8664852e-05,0,0,0,-5.2113028,0.0054249726,0,0,0,-7.7340136,0.00043749242,0,0
tensor(21837),"tensor(11744., dtype=torch.float64)",tensor(9),1,4.122108,0.98404825,1,1,0,-4.49151,0.011079582,0,0,0,-4.2975035,0.013419932,0,0,0,-4.1672454,0.015258457,0,0,0,-3.706044,0.023985125,0,0
