ecg_id,patient_id,strat_fold,true_NORM,logit_NORM,prob_NORM,pred05_NORM,predopt_NORM,true_MI,logit_MI,prob_MI,pred05_MI,predopt_MI,true_STTC,logit_STTC,prob_STTC,pred05_STTC,predopt_STTC,true_CD,logit_CD,prob_CD,pred05_CD,predopt_CD,true_HYP,logit_HYP,prob_HYP,pred05_HYP,predopt_HYP
tensor(17),"tensor(13619., dtype=torch.float64)",tensor(9),0,-8.59779,0.00018447913,0,0,0,-5.54497,0.0038918548,0,0,0,-2.6458573,0.066244796,0,0,0,-4.2542515,0.014004797,0,0,0,-9.06931,0.00011513269,0,0
tensor(23),"tensor(13619., dtype=torch.float64)",tensor(9),0,-5.9675765,0.0025539,0,0,0,-0.23947363,0.44041604,0,0,0,0.9204858,0.7151411,1,1,0,-1.9357901,0.12611109,0,0,0,-5.102721,0.0060434337,0,0
tensor(39),"tensor(13619., dtype=torch.float64)",tensor(9),0,-5.0279946,0.0065092873,0,0,1,0.59900415,0.6454285,1,1,1,3.0989764,0.9568505,1,1,0,-1.9299424,0.12675695,0,0,0,-0.03993229,0.49001822,0,0
tensor(41),"tensor(8420., dtype=torch.float64)",tensor(9),0,-2.3679438,0.085650034,0,0,0,-2.3273485,0.088883154,0,0,0,-2.5968542,0.06934115,0,0,1,5.864099,0.9971685,1,1,0,-1.219935,0.22794789,0,0
tensor(47),"tensor(8295., dtype=torch.float64)",tensor(9),1,4.4298673,0.98822427,1,1,0,-4.5682583,0.010269459,0,0,0,-4.9160867,0.007274446,0,0,0,-2.9459178,0.049929798,0,0,0,-4.729232,0.008755911,0,0
tensor(49),"tensor(13958., dtype=torch.float64)",tensor(9),0,2.9749131,0.9514278,1,1,0,-4.1146803,0.01606874,0,0,0,-5.2224813,0.0053649903,0,0,1,-0.2568649,0.43613452,0,0,0,-3.6526206,0.02526808,0,0
tensor(51),"tensor(16750., dtype=torch.float64)",tensor(9),1,4.186325,0.9850256,1,1,0,-5.7268186,0.0032468478,0,0,0,-5.6496353,0.0035064614,0,0,0,-3.3254552,0.034708176,0,0,0,-1.9937698,0.1198586,0,0
tensor(69),"tensor(8339., dtype=torch.float64)",tensor(9),1,-1.6777415,0.15739477,0,0,0,-2.0881016,0.11025866,0,0,0,1.7410808,0.8508243,1,1,0,-2.05272,0.113777824,0,0,0,1.1182879,0.75367093,1,1
tensor(91),"tensor(8305., dtype=torch.float64)",tensor(9),1,4.8335567,0.99210465,1,1,0,-4.168018,0.015246851,0,0,0,-6.1162086,0.0022019478,0,0,0,-3.8676414,0.020479448,0,0,0,-4.8918295,0.0074517303,0,0
tensor(127),"tensor(11926., dtype=torch.float64)",tensor(9),0,-0.122820914,0.4693333,0,1,0,-2.4139876,0.08211227,0,0,1,1.3932717,0.8011141,1,1,0,-3.4306436,0.031351384,0,0,0,-1.577962,0.1710843,0,0
tensor(151),"tensor(12152., dtype=torch.float64)",tensor(9),1,4.464104,0.98861605,1,1,0,-4.8156247,0.008037042,0,0,0,-5.393596,0.0045250286,0,0,0,-3.849513,0.020846283,0,0,0,-3.0945873,0.043331075,0,0
tensor(153),"tensor(20254., dtype=torch.float64)",tensor(9),0,2.5011115,0.9242197,1,1,1,-1.8119702,0.14040019,0,0,0,-4.36145,0.012599108,0,0,0,-1.3871272,0.19986679,0,0,0,-3.7889636,0.022118729,0,0
tensor(155),"tensor(12640., dtype=torch.float64)",tensor(9),0,1.6167593,0.8343477,1,1,1,-0.37353078,0.40768817,0,0,0,-4.2943077,0.013462308,0,0,0,-1.7725413,0.14522657,0,0,0,-4.066047,0.01685603,0,0
tensor(165),"tensor(9277., dtype=torch.float64)",tensor(9),1,4.6639647,0.9906591,1,1,0,-4.850108,0.007766736,0,0,0,-5.56819,0.0038028664,0,0,0,-3.763256,0.022681652,0,0,0,-4.0944576,0.01639162,0,0
tensor(171),"tensor(15591., dtype=torch.float64)",tensor(9),0,-5.510837,0.004026444,0,0,0,-2.7914495,0.05778798,0,0,1,5.2301974,0.994676,1,1,0,-3.3576396,0.033645887,0,0,0,2.5851982,0.92990285,1,1
tensor(173),"tensor(10676., dtype=torch.float64)",tensor(9),0,-2.2249026,0.09753641,0,0,0,-1.6890222,0.15590447,0,0,1,2.5637305,0.9284906,1,1,0,-1.9181693,0.12806584,0,0,1,0.6622827,0.65977293,1,0
tensor(189),"tensor(13112., dtype=torch.float64)",tensor(9),0,-5.1411195,0.005817099,0,0,1,4.50438,0.9890605,1,1,0,-2.296005,0.091454364,0,0,0,1.3697784,0.7973443,1,1,0,-3.633464,0.02574421,0,0
tensor(193),"tensor(17536., dtype=torch.float64)",tensor(9),1,3.1916194,0.96051764,1,1,0,-4.1462417,0.015577286,0,0,0,-5.494947,0.004090672,0,0,0,-1.959821,0.123486415,0,0,0,-1.3899895,0.19940944,0,0
tensor(195),"tensor(14472., dtype=torch.float64)",tensor(9),0,-1.894,0.13078906,0,0,0,-0.80978495,0.30793634,0,0,0,-5.1484885,0.0057746368,0,0,1,4.484595,0.98884434,1,1,0,-0.6652575,0.33955958,0,0
tensor(205),"tensor(21222., dtype=torch.float64)",tensor(9),1,2.3514395,0.91304857,1,1,0,-3.7606022,0.022740556,0,0,0,-1.4651071,0.18768747,0,0,0,-3.82245,0.021405911,0,0,0,-2.7722614,0.058841657,0,0
tensor(217),"tensor(21519., dtype=torch.float64)",tensor(9),0,-2.2428606,0.095967084,0,0,0,1.0847235,0.7473868,1,1,1,1.0278617,0.73650116,1,1,0,-0.38956416,0.4038222,0,0,0,-0.5872874,0.35725752,0,0
tensor(219),"tensor(21519., dtype=torch.float64)",tensor(9),1,-0.49514097,0.37868324,0,1,0,0.896109,0.7101492,1,1,0,-0.39109161,0.40345457,0,0,0,-0.29875174,0.42586264,0,0,0,-1.1466696,0.24109793,0,0
tensor(223),"tensor(16039., dtype=torch.float64)",tensor(9),0,-8.627701,0.00017904383,0,0,1,-1.4099891,0.19623579,0,0,1,6.2258334,0.9980262,1,1,0,-0.389386,0.40386513,0,0,1,4.2118807,0.98539793,1,1
tensor(233),"tensor(20772., dtype=torch.float64)",tensor(9),1,3.0659485,0.9554661,1,1,0,-3.823638,0.02138104,0,0,0,-4.5608773,0.010344753,0,0,0,-2.2952561,0.09151662,0,0,0,-1.55784,0.17395681,0,0
tensor(281),"tensor(641., dtype=torch.float64)",tensor(9),0,-5.0639167,0.006281053,0,0,1,3.6257076,0.9740605,1,1,0,-2.904163,0.05194816,0,0,1,3.1640944,0.9594605,1,1,0,-3.2054193,0.038962297,0,0
tensor(287),"tensor(6437., dtype=torch.float64)",tensor(9),0,-3.762731,0.022693295,0,0,1,-0.3717392,0.40812087,0,0,0,-4.6620755,0.0093584275,0,0,1,4.9719253,0.9931179,1,1,0,0.9874683,0.7285876,1,0
tensor(293),"tensor(1689., dtype=torch.float64)",tensor(9),1,3.111726,0.9573738,1,1,0,-2.7137957,0.0621642,0,0,0,-4.4163327,0.011934298,0,0,0,-2.770333,0.05894854,0,0,0,-2.2982495,0.09126804,0,0
tensor(295),"tensor(603., dtype=torch.float64)",tensor(9),0,-2.3323908,0.08847567,0,0,0,1.4132359,0.8042758,1,1,1,0.6200896,0.650239,1,0,0,-3.0483603,0.045288313,0,0,0,-2.3263347,0.0889653,0,0
tensor(303),"tensor(3327., dtype=torch.float64)",tensor(9),1,5.2402096,0.99472886,1,1,0,-4.52269,0.010743108,0,0,0,-6.217232,0.0019907875,0,0,0,-4.361033,0.012604299,0,0,0,-5.0712614,0.0062353765,0,0
tensor(343),"tensor(4004., dtype=torch.float64)",tensor(9),1,4.602631,0.99007416,1,1,0,-2.881806,0.053060323,0,0,0,-6.6781397,0.0012565355,0,0,0,-3.688336,0.024403183,0,0,0,-7.888515,0.00037488548,0,0
tensor(365),"tensor(9158., dtype=torch.float64)",tensor(9),1,4.0170927,0.9823132,1,1,0,-6.350546,0.0017427515,0,0,0,-6.6897273,0.0012420772,0,0,0,-0.11857704,0.47039044,0,0,0,-4.922373,0.0072291894,0,0
tensor(383),"tensor(15446., dtype=torch.float64)",tensor(9),0,-6.7679095,0.0011487751,0,0,1,-0.37143221,0.408195,0,0,1,4.7926526,0.9917778,1,1,0,-2.5012643,0.075769596,0,0,1,2.6971843,0.9368603,1,1
tensor(387),"tensor(14950., dtype=torch.float64)",tensor(9),1,5.4846377,0.99586713,1,1,0,-7.150131,0.0007841457,0,0,0,-7.4608464,0.0005748385,0,0,0,-3.0318894,0.04600583,0,0,0,-3.8597465,0.020638421,0,0
tensor(419),"tensor(1909., dtype=torch.float64)",tensor(9),1,2.0911698,0.89004195,1,1,0,-2.981589,0.04826458,0,0,0,-4.264767,0.01386033,0,0,0,-0.8971841,0.28962952,0,0,0,-0.8910498,0.29089323,0,0
tensor(425),"tensor(2440., dtype=torch.float64)",tensor(9),0,-6.7046084,0.001223753,0,0,1,1.699759,0.8455033,1,1,1,2.6009848,0.9309249,1,1,0,1.2538934,0.7779731,1,1,1,1.0210767,0.7351823,1,1
tensor(437),"tensor(2990., dtype=torch.float64)",tensor(9),1,3.5010648,0.9707181,1,1,0,-4.819549,0.008005816,0,0,0,-4.732859,0.008724485,0,0,0,-1.9532807,0.12419607,0,0,0,-2.1780572,0.10173834,0,0
tensor(441),"tensor(6036., dtype=torch.float64)",tensor(9),1,2.7921262,0.9422489,1,1,0,-3.1379578,0.041568406,0,0,0,-3.659577,0.02509731,0,0,0,-3.2069025,0.038906794,0,0,0,-1.1283412,0.24446736,0,0
tensor(445),"tensor(3996., dtype=torch.float64)",tensor(9),1,0.90923864,0.7128443,1,1,0,-1.4241283,0.19401522,0,0,0,-2.917444,0.05129795,0,0,0,-0.5320603,0.37003648,0,0,0,0.3299537,0.5817481,1,0
tensor(483),"tensor(19895., dtype=torch.float64)",tensor(9),0,-5.537514,0.0039208657,0,0,1,0.15541102,0.5387748,1,0,0,1.4428141,0.80889004,1,1,1,4.385955,0.9877022,1,1,0,0.09511357,0.5237605,1,0
tensor(491),"tensor(3731., dtype=torch.float64)",tensor(9),1,3.8747568,0.97966284,1,1,0,-4.588158,0.010069157,0,0,0,-5.4508505,0.004274304,0,0,0,-2.7656999,0.05920608,0,0,0,-2.2304814,0.09704645,0,0
tensor(515),"tensor(12266., dtype=torch.float64)",tensor(9),0,-1.8942046,0.13076581,0,0,1,-0.24595673,0.4388189,0,0,0,1.8212299,0.8607136,1,1,0,-1.5558088,0.17424887,0,0,0,-0.19577493,0.45121196,0,0
tensor(529),"tensor(13474., dtype=torch.float64)",tensor(9),0,-3.63644,0.025669673,0,0,0,0.9283797,0.7167465,1,1,1,2.0985157,0.8907588,1,1,0,-1.7968171,0.14223897,0,0,0,0.6351966,0.65366685,1,0
tensor(537),"tensor(21127., dtype=torch.float64)",tensor(9),0,-9.662275,6.363551e-05,0,0,1,2.0895631,0.88988465,1,1,1,3.9691103,0.98146,1,1,0,1.4664657,0.81251955,1,1,1,2.9190767,0.9487815,1,1
tensor(545),"tensor(15734., dtype=torch.float64)",tensor(9),0,-7.3592105,0.0006362958,0,0,1,0.7734877,0.6842749,1,1,1,3.1193492,0.9576839,1,1,1,2.8178296,0.94363177,1,1,1,2.642277,0.93353343,1,1
tensor(553),"tensor(10977., dtype=torch.float64)",tensor(9),1,3.7369924,0.9767288,1,1,0,-3.7991266,0.021899972,0,0,0,-4.957022,0.0069847126,0,0,0,-1.8912005,0.13110766,0,0,0,-4.337891,0.012895581,0,0
tensor(563),"tensor(12015., dtype=torch.float64)",tensor(9),0,-6.8767285,0.0010304502,0,0,1,3.296916,0.96432287,1,1,0,1.4837736,0.81514186,1,1,1,1.3237247,0.78980076,1,1,0,1.1307377,0.755975,1,1
tensor(587),"tensor(11694., dtype=torch.float64)",tensor(9),1,4.509515,0.9891159,1,1,0,-4.191748,0.014894625,0,0,0,-5.5894127,0.0037233075,0,0,0,-3.6599102,0.025089156,0,0,0,-3.8659904,0.020512594,0,0
tensor(601),"tensor(4261., dtype=torch.float64)",tensor(9),0,-4.455129,0.011485373,0,0,1,2.0268586,0.8835883,1,1,0,1.4539827,0.8106106,1,1,0,-0.65568167,0.3417103,0,0,0,-0.9268499,0.28356424,0,0
tensor(615),"tensor(7655., dtype=torch.float64)",tensor(9),1,1.160327,0.7613921,1,1,0,-3.139103,0.04152281,0,0,0,-0.31284648,0.4224201,0,0,0,-2.2208617,0.09789268,0,0,0,-0.6993,0.33196744,0,0
tensor(627),"tensor(2819., dtype=torch.float64)",tensor(9),0,-6.191163,0.0020432605,0,0,1,6.050656,0.99764925,1,1,1,-1.3998961,0.19783258,0,0,0,-2.3307862,0.08860515,0,0,0,-1.7811967,0.14415543,0,0
tensor(633),"tensor(709., dtype=torch.float64)",tensor(9),0,1.0687218,0.7443538,1,1,0,-2.2641926,0.094132245,0,0,0,-2.9138563,0.051472835,0,0,1,1.1472001,0.7589991,1,1,0,-1.9127164,0.12867598,0,0
tensor(673),"tensor(2745., dtype=torch.float64)",tensor(9),1,5.4970136,0.99591774,1,1,0,-6.398813,0.0016607684,0,0,0,-6.489958,0.0015163104,0,0,0,-4.0422244,0.017255394,0,0,0,-3.8252046,0.02134828,0,0
tensor(705),"tensor(4874., dtype=torch.float64)",tensor(9),0,-5.0766225,0.0062022447,0,0,1,-0.008162048,0.49795952,0,0,0,1.830389,0.86180806,1,1,1,3.7924306,0.9779562,1,1,0,-2.4161875,0.08194662,0,0
tensor(717),"tensor(3795., dtype=torch.float64)",tensor(9),0,-1.9840941,0.12088307,0,0,1,-0.88263744,0.29263154,0,0,1,1.6047679,0.8326837,1,1,0,1.6998799,0.84551907,1,1,0,-1.8950838,0.13066591,0,0
tensor(771),"tensor(3063., dtype=torch.float64)",tensor(9),1,-0.08470726,0.47883582,0,1,0,-0.55335104,0.3650873,0,0,0,0.26447505,0.56573606,1,0,0,-0.27952328,0.43057063,0,0,0,-2.222953,0.09770815,0,0
tensor(787),"tensor(18804., dtype=torch.float64)",tensor(9),1,4.1374116,0.9842867,1,1,0,-3.925797,0.019344807,0,0,0,-4.814028,0.008049783,0,0,0,-3.0999556,0.04310909,0,0,0,-4.0790157,0.016642455,0,0
tensor(823),"tensor(1791., dtype=torch.float64)",tensor(9),0,-2.2598953,0.09449933,0,0,0,0.25471592,0.5633369,1,0,1,0.49647754,0.62163115,1,0,1,1.8539824,0.86459404,1,1,0,-1.1517636,0.24016711,0,0
tensor(839),"tensor(1551., dtype=torch.float64)",tensor(9),1,2.2740135,0.90670186,1,1,0,-3.1018715,0.043030124,0,0,0,-2.5508754,0.0723677,0,0,0,-2.6261556,0.06747395,0,0,0,-0.9435989,0.28017396,0,0
tensor(843),"tensor(1756., dtype=torch.float64)",tensor(9),1,4.1788716,0.98491526,1,1,0,-4.3717637,0.012471446,0,0,0,-3.3067195,0.035341386,0,0,0,-3.1331463,0.041760523,0,0,0,-6.011031,0.0024455634,0,0
tensor(849),"tensor(7475., dtype=torch.float64)",tensor(9),0,-1.7362144,0.14979441,0,0,0,-0.60192543,0.3539033,0,0,1,1.816818,0.8601839,1,1,0,-0.64744204,0.34356618,0,0,0,0.029432066,0.5073575,1,0
tensor(881),"tensor(2682., dtype=torch.float64)",tensor(9),1,1.9269583,0.8729124,1,1,0,-5.51547,0.0040079076,0,0,0,-1.9006351,0.1300366,0,0,0,-2.624956,0.06754947,0,0,0,0.043980896,0.5109935,1,0
tensor(885),"tensor(2841., dtype=torch.float64)",tensor(9),0,-0.4255182,0.39519706,0,1,0,-1.6595731,0.15981932,0,0,1,0.57742816,0.6404754,1,0,0,-1.624985,0.16451854,0,0,1,0.97884697,0.72687936,1,0
tensor(889),"tensor(11105., dtype=torch.float64)",tensor(9),1,-0.12794769,0.46805662,0,1,0,1.7033603,0.8459731,1,1,0,-3.661041,0.025061516,0,0,0,-4.1199336,0.015985893,0,0,0,-2.1948097,0.10021755,0,0
tensor(901),"tensor(5843., dtype=torch.float64)",tensor(9),1,4.2819552,0.98637265,1,1,0,-3.605479,0.02645551,0,0,0,-5.499047,0.0040740035,0,0,0,-2.9137087,0.05148004,0,0,0,-4.770199,0.00840741,0,0
tensor(913),"tensor(6560., dtype=torch.float64)",tensor(9),1,5.485897,0.9958723,1,1,0,-4.4566603,0.011468002,0,0,0,-6.780293,0.0011346532,0,0,0,-4.012583,0.017765306,0,0,0,-7.445096,0.0005839588,0,0
tensor(925),"tensor(5897., dtype=torch.float64)",tensor(9),1,2.0646012,0.8874147,1,1,0,-3.8791637,0.020249583,0,0,0,-4.5378175,0.010583518,0,0,0,0.7267061,0.674082,1,0,0,-2.564524,0.07145679,0,0
tensor(927),"tensor(2826., dtype=torch.float64)",tensor(9),1,1.0319598,0.7372957,1,1,0,-2.3795009,0.084749274,0,0,0,-2.0133464,0.11780874,0,0,0,-1.7762029,0.14477263,0,0,0,0.7408719,0.6771865,1,0
tensor(985),"tensor(7407., dtype=torch.float64)",tensor(9),1,2.3057785,0.9093545,1,1,0,-3.1473236,0.041196864,0,0,0,-4.144561,0.015603081,0,0,0,-2.0119355,0.11795547,0,0,0,-0.24115878,0.4400008,0,0
tensor(987),"tensor(7818., dtype=torch.float64)",tensor(9),0,-4.7089696,0.008933534,0,0,0,-0.55559963,0.36456624,0,0,1,3.4830618,0.97020197,1,1,0,-1.5265603,0.17849752,0,0,0,1.420564,0.80542684,1,1
tensor(999),"tensor(1497., dtype=torch.float64)",tensor(9),1,2.1169586,0.8925406,1,1,0,-3.7755177,0.02241143,0,0,0,-5.513328,0.004016467,0,0,0,-1.2518256,0.2223843,0,0,0,0.15129447,0.5377516,1,0
tensor(1007),"tensor(10526., dtype=torch.float64)",tensor(9),1,4.385704,0.98769903,1,1,0,-4.513936,0.010836539,0,0,0,-3.7322528,0.023379173,0,0,0,-2.793605,0.057670724,0,0,0,-7.02034,0.00089272397,0,0
tensor(1015),"tensor(5995., dtype=torch.float64)",tensor(9),0,-5.9002795,0.0027311994,0,0,0,0.65025365,0.65706766,1,1,1,3.6946657,0.9757471,1,1,0,-2.8764465,0.05333025,0,0,1,0.5222391,0.6276712,1,0
tensor(1103),"tensor(4833., dtype=torch.float64)",tensor(9),0,2.825789,0.9440536,1,1,0,-3.783111,0.022245668,0,0,0,-4.3237896,0.013076321,0,0,0,-4.525653,0.010711662,0,0,1,-0.23843914,0.440671,0,0
tensor(1109),"tensor(4267., dtype=torch.float64)",tensor(9),0,-5.3557835,0.0046985885,0,0,1,2.6286926,0.9326855,1,1,0,1.136452,0.7570276,1,1,1,-0.14424093,0.46400216,0,0,0,-3.0129964,0.046842176,0,0
tensor(1119),"tensor(16469., dtype=torch.float64)",tensor(9),1,3.1569781,0.9591828,1,1,0,-1.8664811,0.13394941,0,0,0,-5.836805,0.0029096606,0,0,0,-3.804983,0.021774879,0,0,0,-2.4973505,0.076044135,0,0
tensor(1123),"tensor(7009., dtype=torch.float64)",tensor(9),0,-2.8522983,0.054562636,0,0,0,-2.2585897,0.09461109,0,0,0,-3.285607,0.036068264,0,0,1,5.1960015,0.9944918,1,1,0,0.4738739,0.6163002,1,0
tensor(1139),"tensor(4705., dtype=torch.float64)",tensor(9),1,4.2362227,0.98574406,1,1,0,-6.6365886,0.001309776,0,0,0,-5.950554,0.0025976321,0,0,0,-2.3995469,0.08320726,0,0,0,-2.4555862,0.079031006,0,0
tensor(1159),"tensor(649., dtype=torch.float64)",tensor(9),0,-0.69427615,0.3330825,0,1,1,1.2905414,0.7842388,1,1,0,-1.9871705,0.12055653,0,0,0,0.41557384,0.6024236,1,0,0,-0.5564141,0.3643776,0,0
tensor(1205),"tensor(18791., dtype=torch.float64)",tensor(9),0,-5.823522,0.002948452,0,0,0,-1.8288331,0.13837734,0,0,1,5.1694183,0.99434435,1,1,1,-5.0660996,0.006267443,0,0,0,2.3158374,0.9101803,1,1
tensor(1249),"tensor(19947., dtype=torch.float64)",tensor(9),1,2.110256,0.89189595,1,1,0,-4.235582,0.014264953,0,0,0,-4.1256633,0.015896013,0,0,0,0.9608857,0.72329915,1,1,0,-3.4590876,0.030499,0,0
tensor(1261),"tensor(8420., dtype=torch.float64)",tensor(9),0,-2.915653,0.051385183,0,0,1,-0.18403111,0.45412165,0,0,0,-3.4784305,0.029932218,0,0,1,4.3809533,0.9876413,1,1,0,-0.1307981,0.46734703,0,0
tensor(1295),"tensor(20870., dtype=torch.float64)",tensor(9),0,2.5710597,0.92897564,1,1,0,-3.7667627,0.022604052,0,0,1,-2.1586864,0.103522286,0,0,0,-1.6926665,0.15542549,0,0,0,-3.09114,0.043474205,0,0
tensor(1321),"tensor(5894., dtype=torch.float64)",tensor(9),1,1.7201447,0.8481475,1,1,0,-1.1382935,0.24263382,0,0,0,-3.6887457,0.024393424,0,0,0,-0.65064114,0.34284505,0,0,0,-4.288693,0.013537082,0,0
tensor(1367),"tensor(21233., dtype=torch.float64)",tensor(9),0,-4.0031147,0.017931277,0,0,0,-3.0369647,0.045783594,0,0,0,-3.3754447,0.033071756,0,0,1,5.7615733,0.9968637,1,1,1,0.6590668,0.65905076,1,0
tensor(1379),"tensor(7123., dtype=torch.float64)",tensor(9),1,1.954715,0.8759599,1,1,0,-1.2533929,0.22211334,0,0,0,-3.7123606,0.023837699,0,0,0,-1.9721081,0.12216263,0,0,0,-1.2098252,0.22973198,0,0
tensor(1399),"tensor(12213., dtype=torch.float64)",tensor(9),0,-7.035118,0.0008796397,0,0,0,-5.790203,0.003048042,0,0,0,-4.9933934,0.0067369156,0,0,0,-3.4668856,0.030269265,0,0,0,-7.8833323,0.00037683273,0,0
tensor(1421),"tensor(4879., dtype=torch.float64)",tensor(9),1,-1.5314307,0.17778446,0,0,0,-3.2296736,0.038064197,0,0,0,1.7812337,0.85584915,1,1,0,-1.4967332,0.18291327,0,0,0,1.7954711,0.8575967,1,1
tensor(1427),"tensor(20044., dtype=torch.float64)",tensor(9),0,-7.0182815,0.00089456193,0,0,1,1.7552748,0.8526169,1,1,1,3.6902692,0.9756428,1,1,0,-2.8338103,0.055524245,0,0,0,2.6817186,0.93593925,1,1
tensor(1433),"tensor(16989., dtype=torch.float64)",tensor(9),0,-6.188003,0.002049714,0,0,1,6.014565,0.997563,1,1,0,-2.2390006,0.09630248,0,0,0,-3.4563532,0.030579958,0,0,0,-2.8627727,0.054024823,0,0
tensor(1439),"tensor(16142., dtype=torch.float64)",tensor(9),0,-8.2575245,0.00025923288,0,0,1,0.10933082,0.5273055,1,0,1,5.261003,0.9948367,1,1,0,-1.4829991,0.18497485,0,0,1,3.1432614,0.9586424,1,1
tensor(1449),"tensor(18349., dtype=torch.float64)",tensor(9),0,-5.3310366,0.004815748,0,0,0,-0.13039161,0.46744817,0,0,1,3.6664665,0.97507066,1,1,0,-1.6913326,0.15560068,0,0,0,0.41739243,0.60285914,1,0
tensor(1451),"tensor(16916., dtype=torch.float64)",tensor(9),0,-8.708838,0.00016509269,0,0,0,0.511975,0.6252693,1,1,0,5.636555,0.99644756,1,1,0,-2.4684358,0.07810079,0,0,1,4.5117755,0.9891403,1,1
tensor(1453),"tensor(17864., dtype=torch.float64)",tensor(9),1,1.9716022,0.8777831,1,1,0,-3.6535401,0.025245443,0,0,0,-2.179448,0.10161132,0,0,0,-0.5290856,0.37073016,0,0,0,-1.9417828,0.12545213,0,0
tensor(1455),"tensor(20051., dtype=torch.float64)",tensor(9),1,1.401504,0.80242246,1,1,0,-2.7434437,0.06045799,0,0,0,-3.1778314,0.040008545,0,0,0,-0.4484156,0.38973755,0,0,0,-0.009803273,0.4975492,0,0
tensor(1469),"tensor(4058., dtype=torch.float64)",tensor(9),0,-8.210102,0.00027181907,0,0,0,0.020876814,0.50521904,1,0,1,4.464414,0.98861957,1,1,1,1.9566209,0.87616676,1,1,1,2.0345714,0.8843794,1,1
tensor(1473),"tensor(17115., dtype=torch.float64)",tensor(9),0,-6.571392,0.0013978904,0,0,1,5.233482,0.99469334,1,1,1,-0.0023680553,0.499408,0,0,0,-1.7881148,0.14330402,0,0,0,-3.051253,0.045163404,0,0
tensor(1497),"tensor(18668., dtype=torch.float64)",tensor(9),1,4.9488673,0.99295855,1,1,0,-5.0714574,0.006234162,0,0,0,-6.338278,0.0017642253,0,0,0,-2.77339,0.05877918,0,0,0,-5.7496467,0.0031738007,0,0
tensor(1515),"tensor(668., dtype=torch.float64)",tensor(9),0,-3.689779,0.024368847,0,0,1,2.690939,0.9364899,1,1,1,-0.23701689,0.44102162,0,0,0,1.1791544,0.7647957,1,1,0,-0.2840503,0.42946106,0,0
tensor(1541),"tensor(20956., dtype=torch.float64)",tensor(9),0,0.32099208,0.579566,1,1,1,0.028536636,0.50713366,1,0,0,-3.5144536,0.028903766,0,0,0,0.21147397,0.5526723,1,0,0,-0.45997852,0.38699093,0,0
tensor(1577),"tensor(7809., dtype=torch.float64)",tensor(9),0,-1.6105583,0.16651112,0,0,1,0.75957996,0.68126255,1,1,0,0.19711697,0.5491203,1,0,0,0.68851054,0.6656355,1,0,0,0.37598562,0.59290457,1,0
tensor(1595),"tensor(3742., dtype=torch.float64)",tensor(9),1,-0.009857267,0.4975357,0,1,0,-2.791622,0.057778597,0,0,1,0.79437065,0.688769,1,0,0,-3.6944,0.024259223,0,0,0,0.70023674,0.66824025,1,0
tensor(1611),"tensor(12706., dtype=torch.float64)",tensor(9),0,-2.3587503,0.086372755,0,0,0,1.2427313,0.77603906,1,1,0,0.7517116,0.6795515,1,0,0,-0.33001846,0.41823614,0,0,1,-0.9106509,0.28686666,0,0
tensor(1619),"tensor(2638., dtype=torch.float64)",tensor(9),1,3.3979216,0.9676395,1,1,0,-4.7430825,0.008636512,0,0,0,-3.0297263,0.046100862,0,0,0,-3.5011163,0.02928049,0,0,0,-2.4930875,0.07634419,0,0
tensor(1627),"tensor(6034., dtype=torch.float64)",tensor(9),0,-5.519192,0.0039930767,0,0,1,1.1711456,0.763352,1,1,1,1.4075327,0.80337644,1,1,0,3.281189,0.9637778,1,1,0,-1.0385168,0.26143628,0,0
tensor(1645),"tensor(7424., dtype=torch.float64)",tensor(9),1,0.98749924,0.7285937,1,1,0,-2.883247,0.052987967,0,0,0,-4.601851,0.009933581,0,0,0,2.0688887,0.88784236,1,1,0,-1.8731967,0.13317227,0,0
tensor(1699),"tensor(20837., dtype=torch.float64)",tensor(9),1,-0.1818184,0.4546702,0,1,0,1.237157,0.77506876,1,1,0,-4.9480677,0.0070470953,0,0,0,-0.54410076,0.36723417,0,0,0,-4.1917934,0.014893961,0,0
tensor(1701),"tensor(20919., dtype=torch.float64)",tensor(9),1,2.9883895,0.9520468,1,1,0,-1.2355862,0.22520523,0,0,0,-5.535149,0.0039301137,0,0,0,-3.2662482,0.0367474,0,0,0,-5.175083,0.0056239385,0,0
tensor(1713),"tensor(7961., dtype=torch.float64)",tensor(9),0,-1.9061348,0.1294157,0,0,0,-1.0845878,0.25263882,0,0,1,2.0067558,0.88150454,1,1,1,-0.23227116,0.44219187,0,0,0,-1.995569,0.11966894,0,0
tensor(1763),"tensor(21187., dtype=torch.float64)",tensor(9),0,-5.0204234,0.0065584336,0,0,0,0.13925786,0.5347583,1,0,1,3.3674035,0.96667016,1,1,0,-1.3070345,0.21298349,0,0,1,1.4088355,0.80358225,1,1
tensor(1809),"tensor(361., dtype=torch.float64)",tensor(9),0,-6.1267443,0.0021789207,0,0,1,5.0829453,0.9938366,1,1,0,-0.10205833,0.47450754,0,0,1,-1.7848451,0.14370589,0,0,0,-2.5734932,0.07086395,0,0
tensor(1817),"tensor(11885., dtype=torch.float64)",tensor(9),0,-6.410011,0.0016423053,0,0,0,1.5921776,0.83092225,1,1,1,1.7707906,0.8545559,1,1,1,3.2594836,0.96301234,1,1,0,-0.32779902,0.41877627,0,0
tensor(1841),"tensor(7070., dtype=torch.float64)",tensor(9),1,-3.3937092,0.03249265,0,0,0,-1.824229,0.1389272,0,0,0,3.1283095,0.9580455,1,1,0,-1.526712,0.17847528,0,0,0,1.6859118,0.84368575,1,1
tensor(1871),"tensor(1585., dtype=torch.float64)",tensor(9),1,2.3676953,0.91433054,1,1,0,-4.741508,0.008650002,0,0,0,-2.40229,0.08299823,0,0,0,-2.1816673,0.101408884,0,0,0,-0.7835328,0.31355897,0,0
tensor(1889),"tensor(2348., dtype=torch.float64)",tensor(9),0,-0.64786637,0.3434705,0,1,0,-1.1118273,0.2475304,0,0,1,1.1515481,0.7597936,1,1,0,-1.3102276,0.21244876,0,0,0,-0.2992593,0.42573857,0,0
tensor(1907),"tensor(7931., dtype=torch.float64)",tensor(9),0,-5.0759144,0.0062066102,0,0,1,1.9793758,0.8786146,1,1,0,-3.1866941,0.039669532,0,0,1,5.0355773,0.99353963,1,1,0,-0.36260664,0.41032875,0,0
tensor(1977),"tensor(847., dtype=torch.float64)",tensor(9),0,-7.931968,0.00035895006,0,0,1,-0.5962096,0.35521135,0,0,0,3.38391,0.9671979,1,1,1,4.9779773,0.9931591,1,1,0,0.80140483,0.6902749,1,0
tensor(1981),"tensor(459., dtype=torch.float64)",tensor(9),0,-5.2751946,0.0050909105,0,0,0,0.040667403,0.51016545,1,0,1,3.6626751,0.9749784,1,1,0,-1.9733129,0.1220335,0,0,0,2.2077384,0.9009423,1,1
tensor(1995),"tensor(389., dtype=torch.float64)",tensor(9),0,-1.2525415,0.22226052,0,0,0,-2.4451785,0.07979185,0,0,0,-4.004353,0.017909486,0,0,1,3.4431686,0.9690268,1,1,0,1.0348886,0.7378625,1,1
tensor(2033),"tensor(5507., dtype=torch.float64)",tensor(9),0,-6.727386,0.0011962269,0,0,1,1.1295261,0.75575143,1,1,1,1.7178946,0.8478574,1,1,1,4.2023597,0.98526025,1,1,0,0.5856137,0.64235806,1,0
tensor(2051),"tensor(389., dtype=torch.float64)",tensor(9),0,-6.4235034,0.0016203306,0,0,0,-0.22859131,0.44309974,0,0,0,2.8195167,0.94372135,1,1,0,1.5390732,0.82333,1,1,0,-3.670917,0.024821337,0,0
tensor(2089),"tensor(1651., dtype=torch.float64)",tensor(9),1,3.301205,0.9644701,1,1,0,-2.5962665,0.069379084,0,0,0,-5.115688,0.0059660403,0,0,0,-2.0950916,0.10957481,0,0,0,-3.3757064,0.033063386,0,0
tensor(2099),"tensor(13882., dtype=torch.float64)",tensor(9),0,-4.840344,0.007842346,0,0,1,2.10998,0.8918694,1,1,0,1.3180115,0.78885067,1,1,0,-0.71368825,0.32878438,0,0,0,-2.3431292,0.087613456,0,0
tensor(2107),"tensor(2719., dtype=torch.float64)",tensor(9),1,0.018664598,0.50466603,1,1,0,-0.546899,0.36658415,0,0,0,-0.06433193,0.48392257,0,0,0,-0.14921355,0.46276566,0,0,0,0.40904003,0.6008577,1,0
tensor(2111),"tensor(4920., dtype=torch.float64)",tensor(9),0,-5.892637,0.0027520957,0,0,1,1.75803,0.85296273,1,1,1,1.4285375,0.80667335,1,1,1,2.3853674,0.9157047,1,1,1,1.9848124,0.87919325,1,1
tensor(2115),"tensor(20329., dtype=torch.float64)",tensor(9),1,3.8538923,0.9792429,1,1,0,-4.7627835,0.008469455,0,0,0,-5.5895243,0.0037228935,0,0,0,-2.2262592,0.09741707,0,0,0,-2.5570977,0.071951106,0,0
tensor(2123),"tensor(4949., dtype=torch.float64)",tensor(9),0,1.7008162,0.8456413,1,1,0,-1.9574544,0.12374279,0,0,0,-2.544058,0.072826676,0,0,1,-1.6922305,0.15548274,0,0,1,-0.5381967,0.36860716,0,0
tensor(2135),"tensor(8046., dtype=torch.float64)",tensor(9),0,-2.6971416,0.063142225,0,0,0,-0.93943995,0.2810135,0,0,0,-3.3351,0.03438649,0,0,1,4.585572,0.98990506,1,1,0,-0.45590398,0.38795793,0,0
tensor(2139),"tensor(20870., dtype=torch.float64)",tensor(9),1,-1.1095071,0.24796282,0,0,0,-3.2509766,0.03729181,0,0,0,2.354341,0.9132787,1,1,0,-3.6693952,0.024858199,0,0,0,-1.4085957,0.19645566,0,0
tensor(2149),"tensor(7231., dtype=torch.float64)",tensor(9),1,5.5445294,0.99610645,1,1,0,-4.6696935,0.009288066,0,0,0,-7.0792456,0.00084169937,0,0,0,-3.6456428,0.025440512,0,0,0,-7.2720838,0.0006941807,0,0
tensor(2161),"tensor(20411., dtype=torch.float64)",tensor(9),1,4.0665426,0.98315215,1,1,0,-7.2166758,0.0007337004,0,0,0,-5.7091374,0.0033045749,0,0,0,-4.298409,0.013407948,0,0,0,-0.8155382,0.30671158,0,0
tensor(2169),"tensor(6021., dtype=torch.float64)",tensor(9),0,1.0312493,0.73715806,1,1,0,-1.5281198,0.17826895,0,0,1,-0.8516846,0.2990796,0,0,0,-5.5173974,0.0040002214,0,0,0,-1.8591269,0.13480484,0,0
tensor(2181),"tensor(2652., dtype=torch.float64)",tensor(9),1,-0.12344566,0.46917772,0,1,0,-2.2761416,0.09311827,0,0,0,-0.96222043,0.27643386,0,0,0,-0.5277492,0.37104204,0,0,0,1.4305668,0.8069896,1,1
tensor(2205),"tensor(4376., dtype=torch.float64)",tensor(9),0,-5.3510175,0.0047209295,0,0,0,3.2223063,0.96166515,1,1,0,-0.31533748,0.42181244,0,0,0,2.6702435,0.93524784,1,1,0,-0.22157967,0.4448306,0,0
tensor(2233),"tensor(5310., dtype=torch.float64)",tensor(9),0,-1.8945665,0.13072467,0,0,0,-0.50660795,0.37598902,0,0,0,0.81442523,0.69305176,1,0,1,2.6596403,0.93460274,1,1,0,-1.8480757,0.136099,0,0
tensor(2237),"tensor(2202., dtype=torch.float64)",tensor(9),1,3.6560562,0.9748164,1,1,0,-1.766878,0.14593102,0,0,0,-5.6423793,0.0035319065,0,0,0,-4.0667505,0.016844377,0,0,0,-6.0006437,0.002471036,0,0
tensor(2261),"tensor(3857., dtype=torch.float64)",tensor(9),1,4.284331,0.98640454,1,1,0,-5.822739,0.002950755,0,0,0,-5.28604,0.005036274,0,0,0,-3.306112,0.035362106,0,0,0,-2.2693226,0.093695715,0,0
tensor(2273),"tensor(16350., dtype=torch.float64)",tensor(9),0,-4.9173875,0.007265058,0,0,1,-1.5368247,0.17699733,0,0,0,1.642449,0.8378679,1,1,0,-0.4476677,0.38991544,0,0,0,-4.335701,0.01292349,0,0
tensor(2283),"tensor(3200., dtype=torch.float64)",tensor(9),1,0.767133,0.68290037,1,1,0,-0.50403434,0.37659305,0,0,0,-1.2440056,0.22373953,0,0,0,-6.46901,0.0015483592,0,0,0,-2.3347528,0.08828536,0,0
tensor(2297),"tensor(4963., dtype=torch.float64)",tensor(9),0,-1.7292128,0.1506883,0,0,0,-0.3988864,0.40157992,0,0,0,-0.46237007,0.3864237,0,0,1,2.7406065,0.93938065,1,1,1,-1.034293,0.26225266,0,0
tensor(2301),"tensor(2793., dtype=torch.float64)",tensor(9),1,0.18911341,0.5471379,1,1,0,-3.7208433,0.023641104,0,0,0,1.4322939,0.8072585,1,1,0,-3.796054,0.021965886,0,0,0,-1.908309,0.12917094,0,0
tensor(2309),"tensor(1134., dtype=torch.float64)",tensor(9),1,1.968682,0.8774695,1,1,0,-2.0624654,0.11279886,0,0,0,-1.3142694,0.21177329,0,0,0,-2.4785423,0.077376194,0,0,0,-2.393665,0.08365704,0,0
tensor(2311),"tensor(4897., dtype=torch.float64)",tensor(9),0,-5.9787745,0.0025255329,0,0,1,2.5269527,0.92600983,1,1,0,-0.096763246,0.47582802,0,0,1,4.0717435,0.9832381,1,1,0,-0.4117459,0.39849356,0,0
tensor(2319),"tensor(2577., dtype=torch.float64)",tensor(9),1,0.54296225,0.63250124,1,1,0,-4.530725,0.010658045,0,0,0,0.9868827,0.72847176,1,1,0,-3.550664,0.027904557,0,0,0,-1.0559937,0.25807583,0,0
tensor(2335),"tensor(11190., dtype=torch.float64)",tensor(9),0,-5.8218684,0.0029533177,0,0,0,0.43425518,0.6068893,1,1,0,2.037136,0.88464135,1,1,1,3.6258223,0.97406346,1,1,0,0.05808022,0.514516,1,0
tensor(2357),"tensor(18869., dtype=torch.float64)",tensor(9),1,4.8347955,0.9921144,1,1,0,-7.170481,0.00076836173,0,0,0,-6.1137605,0.0022073332,0,0,0,-3.4319322,0.031312272,0,0,0,-2.488569,0.076663435,0,0
tensor(2359),"tensor(13668., dtype=torch.float64)",tensor(9),0,-2.3064065,0.09059376,0,0,1,-0.20030756,0.4500899,0,0,0,1.7810328,0.85582435,1,1,1,-0.97655946,0.273575,0,0,0,0.7367115,0.6762763,1,0
tensor(2361),"tensor(13039., dtype=torch.float64)",tensor(9),1,3.2035475,0.9609676,1,1,0,-3.501182,0.029278615,0,0,0,-1.9741073,0.12194841,0,0,0,-3.910068,0.01964546,0,0,0,-5.0867896,0.0061398903,0,0
tensor(2377),"tensor(20400., dtype=torch.float64)",tensor(9),1,2.019236,0.882802,1,1,0,-1.114841,0.24696949,0,0,0,-3.7873545,0.022153558,0,0,0,-2.3255835,0.0890262,0,0,0,-1.5331771,0.17752932,0,0
tensor(2389),"tensor(19437., dtype=torch.float64)",tensor(9),1,2.620924,0.9321961,1,1,0,-2.0860462,0.110460475,0,0,0,-4.916554,0.0072710714,0,0,0,-2.1382687,0.10543256,0,0,0,-1.7481285,0.1482834,0,0
tensor(2395),"tensor(17170., dtype=torch.float64)",tensor(9),1,2.4849482,0.92307985,1,1,0,-4.880935,0.00753274,0,0,0,-5.956449,0.0025824034,0,0,0,0.5278732,0.62898695,1,0,0,-1.8291279,0.13834219,0,0
tensor(2397),"tensor(9357., dtype=torch.float64)",tensor(9),0,1.944875,0.8748867,1,1,1,-0.83822614,0.3019085,0,0,0,-3.8086822,0.021696221,0,0,0,-1.3810346,0.20084289,0,0,0,-3.6657689,0.024946254,0,0
tensor(2421),"tensor(17173., dtype=torch.float64)",tensor(9),1,0.75654477,0.6806031,1,1,0,-3.4718423,0.030124113,0,0,0,-3.7122371,0.02384057,0,0,1,3.151256,0.9589582,1,1,0,-5.2979107,0.0049771382,0,0
tensor(2429),"tensor(8456., dtype=torch.float64)",tensor(9),1,4.1777463,0.9848985,1,1,0,-3.1595466,0.040716764,0,0,0,-5.6966867,0.0033458376,0,0,0,-3.3495312,0.03391052,0,0,0,-4.626341,0.009695594,0,0
tensor(2443),"tensor(21046., dtype=torch.float64)",tensor(9),0,-0.38690555,0.40446246,0,1,0,-4.2416835,0.01417941,0,0,1,0.61022794,0.64799285,1,0,0,-3.323448,0.034775488,0,0,0,1.78253,0.85600895,1,1
tensor(2465),"tensor(1298., dtype=torch.float64)",tensor(9),1,4.3322845,0.9870329,1,1,0,-5.0583525,0.006315879,0,0,0,-4.426537,0.011814568,0,0,0,-3.888916,0.020057002,0,0,0,-4.1421537,0.015640097,0,0
tensor(2467),"tensor(7513., dtype=torch.float64)",tensor(9),1,1.9265494,0.872867,1,1,0,-2.1081004,0.108311996,0,0,0,-2.2009633,0.099664025,0,0,0,-6.8771505,0.0010300158,0,0,0,-1.5484849,0.17530519,0,0
tensor(2505),"tensor(20101., dtype=torch.float64)",tensor(9),0,-3.2433324,0.03756722,0,0,0,-2.489708,0.07658286,0,0,1,3.5461843,0.97197366,1,1,0,-3.2571073,0.03707234,0,0,1,1.1566396,0.76072156,1,1
tensor(2543),"tensor(13440., dtype=torch.float64)",tensor(9),0,-4.914788,0.007283831,0,0,0,-0.028033812,0.492992,0,0,1,3.0541284,0.9549604,1,1,0,0.90979934,0.7129591,1,1,0,-0.43420106,0.3931236,0,0
tensor(2577),"tensor(8053., dtype=torch.float64)",tensor(9),1,3.7034993,0.9759552,1,1,0,-4.4272676,0.011806041,0,0,0,-5.5257535,0.0039670663,0,0,0,-2.550171,0.07241501,0,0,0,-2.1763592,0.101893626,0,0
tensor(2591),"tensor(17271., dtype=torch.float64)",tensor(9),0,-8.521143,0.00019917192,0,0,1,7.9447894,0.9996456,1,1,0,-2.6354773,0.06688977,0,0,0,-3.68461,0.024492048,0,0,0,-5.7750707,0.0030943733,0,0
tensor(2613),"tensor(21108., dtype=torch.float64)",tensor(9),1,2.113989,0.8922554,1,1,0,-4.8027654,0.008140213,0,0,0,-1.9132922,0.12861145,0,0,0,-1.4355361,0.19223756,0,0,0,-1.1324556,0.24370821,0,0
tensor(2623),"tensor(7433., dtype=torch.float64)",tensor(9),0,-4.4282417,0.011794682,0,0,1,-1.1002823,0.24968702,0,0,0,-0.59891033,0.35459304,0,0,1,5.5408826,0.99609226,1,1,0,0.67050767,0.6616168,1,0
tensor(2629),"tensor(17864., dtype=torch.float64)",tensor(9),1,2.0659342,0.8875478,1,1,0,-2.9588084,0.04932185,0,0,0,-2.1358802,0.105658054,0,0,0,-1.4059877,0.19686766,0,0,0,-1.4612569,0.18827517,0,0
tensor(2669),"tensor(585., dtype=torch.float64)",tensor(9),0,-5.588165,0.0037279392,0,0,1,1.0067687,0.73238736,1,1,0,0.94543236,0.72019565,1,1,1,4.710379,0.9910789,1,1,0,-0.9076484,0.2874813,0,0
tensor(2697),"tensor(5609., dtype=torch.float64)",tensor(9),1,3.3013306,0.96447444,1,1,0,-4.0899243,0.01646487,0,0,0,-5.251913,0.005210201,0,0,0,-3.43897,0.031099504,0,0,0,-0.9636875,0.2761405,0,0
tensor(2707),"tensor(20920., dtype=torch.float64)",tensor(9),0,3.4939747,0.97051585,1,1,1,-3.8721056,0.020390088,0,0,0,-5.7089124,0.0033053162,0,0,0,-1.2542121,0.22197184,0,0,0,-3.7963703,0.02195909,0,0
tensor(2721),"tensor(12807., dtype=torch.float64)",tensor(9),1,2.717388,0.9380449,1,1,0,-2.9897609,0.047890596,0,0,0,-3.0296524,0.04610412,0,0,0,-1.707627,0.15347175,0,0,0,-3.2842658,0.036114927,0,0
tensor(2727),"tensor(4424., dtype=torch.float64)",tensor(9),0,-3.036621,0.045798603,0,0,1,0.031848658,0.5079615,1,0,0,2.0677814,0.887732,1,1,0,-1.1893365,0.23337764,0,0,0,-0.39874986,0.40161276,0,0
tensor(2745),"tensor(2158., dtype=torch.float64)",tensor(9),0,-5.62583,0.0035906313,0,0,0,0.26380438,0.56557125,1,0,1,3.8342686,0.97884023,1,1,0,-2.6814148,0.06407898,0,0,0,2.4411266,0.91991013,1,1
tensor(2801),"tensor(9053., dtype=torch.float64)",tensor(9),1,3.8017263,0.9781556,1,1,0,-3.846455,0.020908793,0,0,0,-3.6170795,0.026158368,0,0,0,-4.2180142,0.014514101,0,0,0,-4.303974,0.0133345295,0,0
tensor(2825),"tensor(7860., dtype=torch.float64)",tensor(9),0,-6.9539433,0.00095395156,0,0,0,1.6628602,0.8406216,1,1,1,3.146061,0.9587533,1,1,0,-0.40721053,0.39958116,0,0,0,-0.23638472,0.44117746,0,0
tensor(2841),"tensor(5273., dtype=torch.float64)",tensor(9),1,3.564559,0.9724699,1,1,0,-2.4158158,0.08197458,0,0,0,-4.078564,0.016649848,0,0,0,-4.4406757,0.011650633,0,0,0,-3.6397045,0.025588159,0,0
tensor(2849),"tensor(7390., dtype=torch.float64)",tensor(9),1,3.8113115,0.9783595,1,1,0,-3.5408797,0.028171193,0,0,0,-5.1147256,0.0059717502,0,0,0,-2.9657388,0.048997898,0,0,0,-2.9483378,0.04981513,0,0
tensor(2851),"tensor(14209., dtype=torch.float64)",tensor(9),1,2.0353765,0.8844616,1,1,0,-1.9168853,0.12820931,0,0,0,-6.012358,0.0024423285,0,0,0,0.33192033,0.5822266,1,0,0,-4.461398,0.011414416,0,0
tensor(2895),"tensor(15808., dtype=torch.float64)",tensor(9),0,-5.212668,0.0054176114,0,0,0,0.040589172,0.5101459,1,0,0,2.255688,0.90514004,1,1,1,2.8820543,0.94695216,1,1,0,-1.7516532,0.14783882,0,0
tensor(2899),"tensor(20652., dtype=torch.float64)",tensor(9),0,-7.1949706,0.00074978743,0,0,1,2.0216691,0.8830535,1,1,1,3.4003026,0.96771395,1,1,0,-1.8659861,0.13400686,0,0,0,2.1595516,0.896558,1,1
tensor(2907),"tensor(21195., dtype=torch.float64)",tensor(9),1,4.4039297,0.98791856,1,1,0,-4.820866,0.007995362,0,0,0,-5.4415574,0.0043140384,0,0,0,-3.2260704,0.03819635,0,0,0,-3.7054074,0.024000032,0,0
tensor(2911),"tensor(13978., dtype=torch.float64)",tensor(9),0,0.16742834,0.5417596,1,1,0,-4.4796214,0.011210602,0,0,0,-2.6685245,0.0648564,0,0,0,-2.2565641,0.09478475,0,0,1,2.5016086,0.92425454,1,1
tensor(2933),"tensor(13267., dtype=torch.float64)",tensor(9),1,-0.044787496,0.48880503,0,1,0,0.49277794,0.6207606,1,1,0,-0.058354132,0.4854156,0,0,0,-1.0901353,0.2515928,0,0,0,-0.7413431,0.3227105,0,0
tensor(2949),"tensor(1627., dtype=torch.float64)",tensor(9),0,-0.46161574,0.3866026,0,1,0,-4.51433,0.010832318,0,0,1,1.7833847,0.8561143,1,1,0,-3.4152224,0.031823095,0,0,0,0.17098576,0.5426426,1,0
tensor(2967),"tensor(7635., dtype=torch.float64)",tensor(9),0,-4.372796,0.012458739,0,0,1,-0.4155444,0.39758343,0,0,1,3.4896848,0.9703929,1,1,0,-3.2893682,0.035937734,0,0,0,0.44748127,0.6100402,1,0
tensor(2971),"tensor(13926., dtype=torch.float64)",tensor(9),0,-5.238815,0.005278532,0,0,1,2.762388,0.9406091,1,1,0,1.5746713,0.82844853,1,1,0,-1.6270797,0.16423081,0,0,0,0.9607212,0.7232662,1,0
tensor(3003),"tensor(20949., dtype=torch.float64)",tensor(9),1,3.2447505,0.962484,1,1,0,-1.7757504,0.14482866,0,0,0,-4.7029157,0.008987294,0,0,0,-3.6778426,0.024654252,0,0,0,-4.910412,0.0073155407,0,0
tensor(3029),"tensor(3385., dtype=torch.float64)",tensor(9),0,-3.7750163,0.022422422,0,0,0,0.4487617,0.61034477,1,1,0,-3.878555,0.020261662,0,0,1,4.986036,0.99321365,1,1,0,-0.8669669,0.29588583,0,0
tensor(3041),"tensor(3851., dtype=torch.float64)",tensor(9),0,-5.2157645,0.0054009515,0,0,0,1.4457991,0.809351,1,1,0,0.79315317,0.688508,1,0,1,3.5791423,0.97285765,1,1,0,-0.53648543,0.36900556,0,0
tensor(3053),"tensor(21329., dtype=torch.float64)",tensor(9),1,4.2530007,0.9859779,1,1,0,-3.8533268,0.020768577,0,0,0,-4.7446694,0.008622935,0,0,0,-3.3293161,0.03457905,0,0,0,-4.5808506,0.010142258,0,0
tensor(3083),"tensor(10698., dtype=torch.float64)",tensor(9),1,4.74021,0.99133885,1,1,0,-5.3592362,0.004682469,0,0,0,-5.595553,0.0037005998,0,0,0,-3.1653671,0.040490028,0,0,0,-3.9979527,0.018022407,0,0
tensor(3089),"tensor(2095., dtype=torch.float64)",tensor(9),1,-0.38151735,0.40576097,0,1,0,-2.4496627,0.07946322,0,0,0,-1.3098305,0.21251519,0,0,0,-1.0677555,0.25583017,0,0,0,1.8825243,0.8679008,1,1
tensor(3111),"tensor(5711., dtype=torch.float64)",tensor(9),1,1.6692798,0.84147984,1,1,0,-3.1839328,0.039774857,0,0,0,-1.5455965,0.17572318,0,0,0,-1.1852772,0.23410465,0,0,0,-0.9294837,0.28302947,0,0
tensor(3127),"tensor(17465., dtype=torch.float64)",tensor(9),0,-5.010464,0.0066236425,0,0,1,3.9675436,0.9814315,1,1,0,0.22269636,0.55544513,1,0,0,-2.9385986,0.050278146,0,0,0,-2.45178,0.07930847,0,0
tensor(3155),"tensor(732., dtype=torch.float64)",tensor(9),0,-6.2560287,0.0019151763,0,0,0,-0.071955666,0.48201886,0,0,0,-1.41024,0.1961962,0,0,1,6.296724,0.998161,1,1,0,1.5734581,0.82827604,1,1
tensor(3169),"tensor(8852., dtype=torch.float64)",tensor(9),1,3.0172064,0.9533455,1,1,0,-3.1252306,0.04207844,0,0,0,-2.75165,0.059993528,0,0,0,-4.6039557,0.0099129025,0,0,0,-3.0530684,0.045085188,0,0
tensor(3189),"tensor(21285., dtype=torch.float64)",tensor(9),1,2.5262263,0.92596,1,1,0,-3.5821066,0.027064191,0,0,0,-2.9052536,0.051894464,0,0,0,-1.1505237,0.24039344,0,0,0,-2.2980938,0.09128095,0,0
tensor(3203),"tensor(10042., dtype=torch.float64)",tensor(9),1,1.1653011,0.76229465,1,1,0,-3.7271037,0.023497032,0,0,0,0.3365264,0.5833465,1,0,0,-3.1908464,0.039511643,0,0,0,-1.8610795,0.13457729,0,0
tensor(3233),"tensor(14392., dtype=torch.float64)",tensor(9),1,0.92311394,0.7156762,1,1,0,-3.6251183,0.025954368,0,0,0,-6.215054,0.00199512,0,0,1,2.8318872,0.94437486,1,1,0,-1.260848,0.22082792,0,0
tensor(3265),"tensor(1353., dtype=torch.float64)",tensor(9),0,-3.6338909,0.02573351,0,0,1,1.67127,0.841745,1,1,0,1.4411036,0.80862546,1,1,0,-1.4331958,0.19260123,0,0,1,1.4700388,0.81306326,1,1
tensor(3271),"tensor(10309., dtype=torch.float64)",tensor(9),1,2.5428984,0.92709506,1,1,0,-2.2193863,0.09802305,0,0,0,-2.732325,0.061092664,0,0,0,-1.2581763,0.22128798,0,0,0,-5.956089,0.0025833307,0,0
tensor(3273),"tensor(1040., dtype=torch.float64)",tensor(9),1,5.3535,0.99529076,1,1,0,-5.340345,0.004771342,0,0,0,-6.492801,0.0015120115,0,0,0,-5.569488,0.0037979519,0,0,0,-3.5974534,0.026663002,0,0
tensor(3283),"tensor(1792., dtype=torch.float64)",tensor(9),1,4.1592636,0.98462117,1,1,0,-3.4847832,0.02974831,0,0,0,-5.6959763,0.0033482078,0,0,0,-3.1450868,0.041285314,0,0,0,-4.208121,0.014656292,0,0
tensor(3337),"tensor(746., dtype=torch.float64)",tensor(9),0,-3.8747077,0.020338178,0,0,0,-1.4300544,0.19309022,0,0,1,2.5796201,0.92953837,1,1,1,1.9902892,0.87977374,1,1,0,-1.168903,0.23705333,0,0
tensor(3345),"tensor(7784., dtype=torch.float64)",tensor(9),1,2.125901,0.89339525,1,1,0,-2.8401423,0.05519312,0,0,0,-5.6857905,0.0033823699,0,0,0,0.24833193,0.5617659,1,0,0,-2.4557984,0.07901555,0,0
tensor(3349),"tensor(4835., dtype=torch.float64)",tensor(9),0,1.8962848,0.8694704,1,1,0,-1.8759075,0.13285965,0,0,0,-2.830004,0.05572419,0,0,1,-1.5849078,0.17010154,0,0,0,-1.0397879,0.26119092,0,0
tensor(3389),"tensor(10644., dtype=torch.float64)",tensor(9),0,-5.6119742,0.0036405467,0,0,1,3.400538,0.9677213,1,1,0,0.14298382,0.5356852,1,0,0,1.9470506,0.87512463,1,1,0,-1.3350888,0.20831886,0,0
tensor(3401),"tensor(7511., dtype=torch.float64)",tensor(9),0,-4.7132745,0.0088955,0,0,0,1.6224535,0.8351332,1,1,1,2.167137,0.89725935,1,1,0,-1.6272721,0.16420439,0,0,0,1.5485655,0.82470644,1,1
tensor(3409),"tensor(7108., dtype=torch.float64)",tensor(9),0,-1.9328651,0.1264338,0,0,0,-1.2805156,0.21746248,0,0,0,0.6432749,0.6554934,1,0,1,2.00458,0.8812771,1,1,0,0.987739,0.7286411,1,0
tensor(3411),"tensor(4377., dtype=torch.float64)",tensor(9),0,-7.4821916,0.00056270533,0,0,1,2.2670333,0.90610975,1,1,0,0.6296163,0.65240246,1,0,1,5.4561353,0.9957481,1,1,0,-1.0942932,0.25081068,0,0
tensor(3417),"tensor(1044., dtype=torch.float64)",tensor(9),1,1.4837606,0.8151399,1,1,0,-2.566933,0.07129712,0,0,0,-4.306494,0.0133014135,0,0,1,1.4395969,0.8083922,1,1,0,-4.741296,0.008651822,0,0
tensor(3433),"tensor(2663., dtype=torch.float64)",tensor(9),0,-6.510458,0.0014855878,0,0,0,-2.8136454,0.056591246,0,0,1,5.9033036,0.9972771,1,1,0,-2.7776637,0.05854319,0,0,0,2.616887,0.9319405,1,1
tensor(3443),"tensor(4536., dtype=torch.float64)",tensor(9),0,-2.2071605,0.09910931,0,0,1,0.69095147,0.6661785,1,1,0,-2.9789627,0.04838537,0,0,1,2.6157541,0.9318687,1,1,0,0.053761102,0.51343703,1,0
tensor(3447),"tensor(21065., dtype=torch.float64)",tensor(9),1,1.1903923,0.7668112,1,1,0,-2.5339684,0.073510915,0,0,0,-4.4774632,0.011234551,0,0,0,1.3429096,0.79296803,1,1,0,-1.4786216,0.1856357,0,0
tensor(3457),"tensor(6881., dtype=torch.float64)",tensor(9),0,-5.5656867,0.0038123622,0,0,0,0.13073128,0.53263634,1,0,1,3.3847651,0.967225,1,1,0,0.27845156,0.56916654,1,0,1,1.0741503,0.74538535,1,1
tensor(3475),"tensor(10208., dtype=torch.float64)",tensor(9),1,2.2414765,0.9039128,1,1,0,-1.7596736,0.14683121,0,0,0,-2.0954154,0.10954323,0,0,0,-4.5832644,0.010118053,0,0,0,-3.992739,0.01811491,0,0
tensor(3495),"tensor(17675., dtype=torch.float64)",tensor(9),0,2.0328941,0.8842077,1,1,1,-2.0305133,0.11603625,0,0,0,-2.5790083,0.070501685,0,0,1,-1.6159029,0.16577068,0,0,0,-1.487579,0.18428539,0,0
tensor(3531),"tensor(5612., dtype=torch.float64)",tensor(9),0,-7.5851917,0.00050765957,0,0,0,-0.7814255,0.31401274,0,0,1,5.3909383,0.99546295,1,1,0,-1.0733976,0.2547575,0,0,0,3.6180482,0.97386634,1,1
tensor(3587),"tensor(13541., dtype=torch.float64)",tensor(9),1,3.808034,0.97829,1,1,0,-4.1531234,0.0154721085,0,0,0,-4.157267,0.015409114,0,0,0,-3.537929,0.028252088,0,0,0,-3.018599,0.046592668,0,0
tensor(3595),"tensor(19798., dtype=torch.float64)",tensor(9),1,4.588867,0.9899379,1,1,0,-5.787462,0.0030563823,0,0,0,-5.9499245,0.0025992636,0,0,0,-2.9417431,0.05012821,0,0,0,-3.1666572,0.040439937,0,0
tensor(3597),"tensor(14329., dtype=torch.float64)",tensor(9),0,-5.857737,0.0028495598,0,0,0,0.35465384,0.58774567,1,0,0,1.4285066,0.8066685,1,1,1,4.4624352,0.98859733,1,1,1,0.8369451,0.69782144,1,0
tensor(3607),"tensor(12194., dtype=torch.float64)",tensor(9),1,-0.7575234,0.3191842,0,1,0,-1.105892,0.24863757,0,0,0,0.5315606,0.629847,1,0,0,1.550246,0.82494926,1,1,0,-1.7473214,0.14838539,0,0
tensor(3611),"tensor(14707., dtype=torch.float64)",tensor(9),1,3.5532231,0.9721648,1,1,0,-2.9097896,0.051671747,0,0,0,-3.647228,0.025401238,0,0,0,-3.5709567,0.027359342,0,0,0,-4.288396,0.01354105,0,0
tensor(3637),"tensor(14504., dtype=torch.float64)",tensor(9),0,2.364274,0.91406214,1,1,0,-2.6893437,0.0636051,0,0,0,-2.6998842,0.06298019,0,0,0,-3.3657944,0.03338175,0,0,1,-1.2124121,0.22927451,0,0
tensor(3651),"tensor(9624., dtype=torch.float64)",tensor(9),0,-3.3200135,0.034890953,0,0,1,1.2434094,0.77615696,1,1,0,1.6092162,0.8333025,1,1,0,-1.4552252,0.1891987,0,0,0,1.0766159,0.74585307,1,1
tensor(3663),"tensor(14521., dtype=torch.float64)",tensor(9),0,-2.9260335,0.050881535,0,0,0,-0.67019945,0.33845216,0,0,1,1.1433729,0.7582984,1,1,0,2.9188082,0.94876844,1,1,0,0.41710562,0.6027905,1,0
tensor(3687),"tensor(20965., dtype=torch.float64)",tensor(9),0,-5.346421,0.004742577,0,0,0,-1.9401722,0.12562893,0,0,1,4.91118,0.99269,1,1,0,-4.411844,0.011987347,0,0,0,1.7275525,0.84909904,1,1
tensor(3715),"tensor(11558., dtype=torch.float64)",tensor(9),0,-0.60640615,0.35287943,0,1,1,1.1660647,0.762433,1,1,0,-1.0950999,0.25065914,0,0,0,-4.3442235,0.012815222,0,0,0,-3.1386938,0.04153909,0,0
tensor(3727),"tensor(15447., dtype=torch.float64)",tensor(9),1,4.3760295,0.987581,1,1,0,-3.516626,0.028842859,0,0,0,-5.419848,0.0044083004,0,0,0,-2.5775633,0.07059644,0,0,0,-7.457019,0.0005770417,0,0
tensor(3739),"tensor(19781., dtype=torch.float64)",tensor(9),0,-5.358813,0.004684443,0,0,0,3.2448168,0.9624864,1,1,1,1.2803371,0.7825071,1,1,0,-3.0816994,0.04386848,0,0,0,-2.149943,0.104336545,0,0
tensor(3741),"tensor(4989., dtype=torch.float64)",tensor(9),1,0.5287334,0.62918764,1,1,0,-3.910541,0.019636352,0,0,0,-6.1950355,0.0020353796,0,0,1,4.191018,0.98509467,1,1,0,-2.5365796,0.07333327,0,0
tensor(3747),"tensor(16811., dtype=torch.float64)",tensor(9),1,0.24937764,0.5620233,1,1,0,-2.6411781,0.066534825,0,0,0,-4.316559,0.013169966,0,0,1,2.7634997,0.94067127,1,1,0,-0.6284684,0.34785786,0,0
tensor(3757),"tensor(1187., dtype=torch.float64)",tensor(9),1,2.9731293,0.9513453,1,1,0,-5.8298173,0.0029300037,0,0,0,-5.8926253,0.0027521271,0,0,0,-2.6402502,0.066592485,0,0,0,0.07700171,0.5192409,1,0
tensor(3771),"tensor(8569., dtype=torch.float64)",tensor(9),1,7.68516,0.9995407,1,1,0,-7.969388,0.00034577103,0,0,0,-8.517028,0.00019999307,0,0,0,-4.4846654,0.011154828,0,0,0,-9.285388,9.276132e-05,0,0
tensor(3783),"tensor(14136., dtype=torch.float64)",tensor(9),0,0.51939845,0.62700707,1,1,1,0.19564095,0.5487549,1,0,0,-1.4332728,0.19258925,0,0,0,-1.0096986,0.26703885,0,0,0,-0.919856,0.2849872,0,0
tensor(3789),"tensor(12138., dtype=torch.float64)",tensor(9),0,-5.7403293,0.0032034153,0,0,1,-0.27523795,0.43162164,0,0,0,4.2647185,0.986139,1,1,0,-3.2374806,0.03777937,0,0,0,2.9326313,0.9494361,1,1
tensor(3799),"tensor(17602., dtype=torch.float64)",tensor(9),0,-6.9306226,0.0009764378,0,0,0,3.2152205,0.9614031,1,1,1,1.9690374,0.8775076,1,1,0,-1.8720479,0.13330495,0,0,0,-2.4303026,0.08089097,0,0
tensor(3807),"tensor(1717., dtype=torch.float64)",tensor(9),1,3.7425942,0.97685575,1,1,0,-6.4457545,0.001584731,0,0,0,-6.543185,0.0014378243,0,0,0,-2.742897,0.06048906,0,0,0,-0.8414154,0.30123678,0,0
tensor(3821),"tensor(15040., dtype=torch.float64)",tensor(9),0,-3.332484,0.034473453,0,0,1,2.4764917,0.9224773,1,1,0,-1.5092814,0.1810453,0,0,1,1.173531,0.7637826,1,1,0,0.8045806,0.6909535,1,0
tensor(3833),"tensor(2162., dtype=torch.float64)",tensor(9),1,1.3010094,0.7860048,1,1,0,-2.5790844,0.0704967,0,0,0,-2.8768992,0.053307395,0,0,0,-1.9900553,0.120251,0,0,0,0.6363688,0.65393215,1,0
tensor(3835),"tensor(3490., dtype=torch.float64)",tensor(9),0,-5.3076396,0.004929188,0,0,0,-0.5018679,0.3771018,0,0,0,0.33918992,0.5839938,1,0,1,4.652291,0.9905504,1,1,0,1.595724,0.83141994,1,1
tensor(3857),"tensor(12069., dtype=torch.float64)",tensor(9),1,1.7556534,0.8526644,1,1,0,-2.9808197,0.048299935,0,0,0,-5.3608847,0.004674793,0,0,1,0.009711355,0.5024278,1,0,0,-0.40087494,0.40110216,0,0
tensor(3877),"tensor(13533., dtype=torch.float64)",tensor(9),0,-6.5926332,0.001368551,0,0,1,-0.8461728,0.3002363,0,0,0,4.8371105,0.9921325,1,1,0,-1.6090372,0.16672234,0,0,0,2.22638,0.90259355,1,1
tensor(3883),"tensor(17269., dtype=torch.float64)",tensor(9),0,-6.1235766,0.0021858187,0,0,1,1.2514919,0.77755797,1,1,1,2.1424007,0.89495647,1,1,0,2.0309389,0.8840074,1,1,0,0.4673559,0.6147578,1,0
tensor(3889),"tensor(10581., dtype=torch.float64)",tensor(9),1,0.34527507,0.5854714,1,1,0,-2.1291697,0.10629384,0,0,0,-3.0307395,0.046056323,0,0,1,2.3222628,0.91070414,1,1,0,-1.8282458,0.13844739,0,0
tensor(3891),"tensor(19879., dtype=torch.float64)",tensor(9),0,-3.6222346,0.026027367,0,0,1,1.930418,0.8732957,1,1,0,1.0054374,0.7321263,1,1,1,-0.17601708,0.456109,0,0,0,-1.3929379,0.19893914,0,0
tensor(3893),"tensor(17201., dtype=torch.float64)",tensor(9),0,-6.215012,0.0019952036,0,0,0,-5.065234,0.006272835,0,0,0,-4.841992,0.007829534,0,0,0,-4.7760873,0.008358462,0,0,0,-7.4437366,0.00058475276,0,0
tensor(3899),"tensor(18692., dtype=torch.float64)",tensor(9),0,-7.9067817,0.00036810222,0,0,1,5.461718,0.9957717,1,1,0,1.1657437,0.76237476,1,1,0,-3.2416668,0.037627485,0,0,0,0.0005600974,0.5001401,1,0
tensor(3903),"tensor(21345., dtype=torch.float64)",tensor(9),1,2.1420875,0.8949271,1,1,0,-2.776698,0.058596432,0,0,0,-2.6988485,0.06304134,0,0,0,-2.370825,0.08542466,0,0,0,-0.82510847,0.30468035,0,0
tensor(3905),"tensor(16933., dtype=torch.float64)",tensor(9),0,-5.46589,0.004210771,0,0,0,-3.877135,0.02028987,0,0,1,5.1111474,0.994007,1,1,0,-1.6461024,0.16163641,0,0,1,3.2517376,0.9627355,1,1
tensor(3917),"tensor(14457., dtype=torch.float64)",tensor(9),1,-1.6387043,0.16264145,0,0,0,-2.2830453,0.09253691,0,0,0,2.3237069,0.91082156,1,1,0,-2.5515928,0.07231955,0,0,0,0.5194305,0.62701464,1,0
tensor(3919),"tensor(12865., dtype=torch.float64)",tensor(9),0,2.1446462,0.89516747,1,1,1,-0.5727094,0.36061186,0,0,0,-5.2536154,0.005201385,0,0,0,-3.012685,0.046856083,0,0,0,-6.0078645,0.0024533013,0,0
tensor(3939),"tensor(12807., dtype=torch.float64)",tensor(9),0,1.8137114,0.8598098,1,1,0,-3.0737898,0.044201437,0,0,1,-2.2771916,0.09302963,0,0,0,-0.5145301,0.37413216,0,0,0,-1.7995533,0.14190547,0,0
tensor(3979),"tensor(3495., dtype=torch.float64)",tensor(9),0,-1.6564753,0.16023572,0,0,0,-2.250722,0.09528721,0,0,1,-0.69013774,0.33400244,0,0,1,0.82657164,0.69562954,1,0,1,2.0239205,0.8832858,1,1
tensor(4005),"tensor(1030., dtype=torch.float64)",tensor(9),1,-3.712072,0.023844415,0,0,0,-0.07778518,0.48056352,0,0,0,2.7535481,0.9401135,1,1,0,-2.9010262,0.052102856,0,0,0,-0.49660295,0.37833935,0,0
tensor(4057),"tensor(21263., dtype=torch.float64)",tensor(9),1,2.9720914,0.9512973,1,1,0,-3.235746,0.03784248,0,0,0,-4.7194457,0.008841257,0,0,0,-2.8377218,0.055319473,0,0,0,-1.4171051,0.19511583,0,0
tensor(4105),"tensor(5419., dtype=torch.float64)",tensor(9),0,-6.2510934,0.0019246332,0,0,1,1.9050564,0.8704628,1,1,0,2.92547,0.9490913,1,1,1,-1.8320565,0.13799347,0,0,0,2.0749443,0.88844395,1,1
tensor(4117),"tensor(19574., dtype=torch.float64)",tensor(9),0,0.9311175,0.71730196,1,1,0,-4.420735,0.011882501,0,0,0,0.123540536,0.5308459,1,0,0,-3.590933,0.026832743,0,0,0,-1.6097714,0.16662034,0,0
tensor(4145),"tensor(1022., dtype=torch.float64)",tensor(9),0,-6.230089,0.001965406,0,0,0,2.5438466,0.9271591,1,1,1,2.081707,0.8891125,1,1,0,-0.039699286,0.49007648,0,0,0,0.64654124,0.6562306,1,0
tensor(4161),"tensor(18532., dtype=torch.float64)",tensor(9),0,-5.5695434,0.0037977432,0,0,1,-0.46403262,0.3860296,0,0,0,2.5936346,0.93045086,1,1,0,-3.2025313,0.039070573,0,0,0,-4.252632,0.014027178,0,0
tensor(4185),"tensor(8611., dtype=torch.float64)",tensor(9),1,4.863935,0.99233913,1,1,0,-5.6471047,0.0035153145,0,0,0,-6.526543,0.0014619178,0,0,0,-2.144491,0.10484715,0,0,0,-5.336118,0.004791455,0,0
tensor(4195),"tensor(17410., dtype=torch.float64)",tensor(9),0,-6.5778184,0.0013889484,0,0,1,3.5639758,0.97245425,1,1,1,1.7930019,0.857295,1,1,0,-1.5324204,0.17763983,0,0,0,0.7254922,0.67381525,1,0
tensor(4209),"tensor(17668., dtype=torch.float64)",tensor(9),0,-3.5379558,0.028251354,0,0,1,3.4111104,0.96804994,1,1,0,-0.9037247,0.2882857,0,0,0,-1.8900149,0.13124277,0,0,0,-2.935244,0.050438568,0,0
tensor(4223),"tensor(17367., dtype=torch.float64)",tensor(9),0,-0.2397998,0.4403357,0,1,0,-1.404952,0.19703148,0,0,0,-3.5303957,0.02845964,0,0,1,2.8644645,0.9460616,1,1,0,-1.6330069,0.16341886,0,0
tensor(4233),"tensor(14717., dtype=torch.float64)",tensor(9),0,-4.3672447,0.012527224,0,0,1,3.7791193,0.9776674,1,1,0,0.07455462,0.51863,1,0,0,-1.862618,0.1343982,0,0,1,-1.5919323,0.1691122,0,0
tensor(4243),"tensor(12033., dtype=torch.float64)",tensor(9),1,1.9332559,0.8736094,1,1,0,-0.87747294,0.2937017,0,0,0,-4.315229,0.013187261,0,0,0,-2.0645401,0.112591416,0,0,0,-1.68762,0.15608908,0,0
tensor(4279),"tensor(3040., dtype=torch.float64)",tensor(9),0,-2.7667527,0.059147466,0,0,0,1.0717683,0.744933,1,1,0,1.3382146,0.79219615,1,1,1,-1.4368334,0.1920362,0,0,0,1.3242801,0.789893,1,1
tensor(4281),"tensor(10812., dtype=torch.float64)",tensor(9),0,-0.2822945,0.42989132,0,1,0,-0.90596,0.28782725,0,0,0,-0.13390324,0.46657413,0,0,1,0.62484056,0.65131867,1,0,0,-2.0185091,0.11727325,0,0
tensor(4307),"tensor(13866., dtype=torch.float64)",tensor(9),0,-9.529028,7.270498e-05,0,0,1,4.8303256,0.9920793,1,1,1,2.7857141,0.941899,1,1,0,-3.752348,0.022924721,0,0,0,0.7522902,0.6796775,1,0
tensor(4333),"tensor(4365., dtype=torch.float64)",tensor(9),0,-3.2006493,0.0391413,0,0,1,-0.64984494,0.34302446,0,0,1,1.6754951,0.8423071,1,1,0,2.5318046,0.92634153,1,1,0,-1.8007225,0.14176315,0,0
tensor(4367),"tensor(14477., dtype=torch.float64)",tensor(9),0,-0.8475316,0.29995093,0,1,0,-0.7799583,0.31432885,0,0,1,1.1783519,0.7646513,1,1,0,-2.160593,0.10334548,0,0,0,-0.74657387,0.32156828,0,0
tensor(4395),"tensor(7589., dtype=torch.float64)",tensor(9),0,-3.1749039,0.040121134,0,0,0,-0.069829345,0.48254973,0,0,1,2.0469341,0.8856374,1,1,0,0.5745883,0.63982123,1,0,0,0.71530265,0.6715718,1,0
tensor(4415),"tensor(2405., dtype=torch.float64)",tensor(9),0,-6.269755,0.001889117,0,0,0,-0.048228722,0.4879451,0,0,0,2.6673324,0.93507123,1,1,1,3.1731005,0.95980936,1,1,0,1.9432448,0.8747082,1,1
tensor(4439),"tensor(9118., dtype=torch.float64)",tensor(9),1,1.276567,0.7818649,1,1,0,-2.8124125,0.056657102,0,0,0,-4.182866,0.015025513,0,0,0,-2.957478,0.049384266,0,0,0,1.3054868,0.78675693,1,1
tensor(4447),"tensor(18578., dtype=torch.float64)",tensor(9),1,3.0476978,0.95468307,1,1,0,-4.312954,0.013216899,0,0,0,-5.8281283,0.002934942,0,0,0,0.4239725,0.6044335,1,0,0,-6.0803366,0.0022821862,0,0
tensor(4483),"tensor(9206., dtype=torch.float64)",tensor(9),1,3.144259,0.95868194,1,1,0,-3.4420593,0.031006552,0,0,0,-3.8588703,0.020656139,0,0,0,-5.462496,0.0042250264,0,0,0,-1.1312798,0.243925,0,0
tensor(4485),"tensor(5786., dtype=torch.float64)",tensor(9),1,3.381165,0.9671107,1,1,0,-4.6395545,0.009569541,0,0,0,-4.8475637,0.007786369,0,0,0,-2.84207,0.055092674,0,0,0,-1.399002,0.19797453,0,0
tensor(4507),"tensor(15898., dtype=torch.float64)",tensor(9),1,3.1913593,0.96050775,1,1,0,-4.0115085,0.017784065,0,0,0,-5.1327367,0.00586578,0,0,0,-3.2383208,0.03774884,0,0,0,-0.67483443,0.33741516,0,0
tensor(4543),"tensor(7514., dtype=torch.float64)",tensor(9),1,2.8350337,0.9445399,1,1,0,-3.8246093,0.021360725,0,0,0,-5.493575,0.0040962645,0,0,0,-0.50999117,0.3751956,0,0,0,-2.5308702,0.073722206,0,0
tensor(4571),"tensor(1606., dtype=torch.float64)",tensor(9),0,-7.324494,0.0006587589,0,0,1,3.9912586,0.98185873,1,1,0,-0.24307814,0.4395279,0,0,1,4.123833,0.98407525,1,1,1,-1.2989694,0.21433853,0,0
tensor(4587),"tensor(761., dtype=torch.float64)",tensor(9),1,4.779021,0.9916658,1,1,0,-3.2564204,0.037096865,0,0,0,-5.6664615,0.0034481562,0,0,0,-4.9416947,0.00709183,0,0,0,-5.2418947,0.0052623847,0,0
tensor(4647),"tensor(531., dtype=torch.float64)",tensor(9),1,3.877212,0.9797117,1,1,0,-4.229379,0.014352436,0,0,0,-3.8455608,0.020927107,0,0,0,-2.797864,0.057439707,0,0,0,-4.327408,0.013029709,0,0
tensor(4651),"tensor(6944., dtype=torch.float64)",tensor(9),0,-4.160432,0.015361172,0,0,0,0.16547409,0.5412744,1,0,1,1.8648567,0.865862,1,1,1,2.1267104,0.8934723,1,1,0,-0.42340788,0.39570156,0,0
tensor(4661),"tensor(15993., dtype=torch.float64)",tensor(9),0,-5.699416,0.0033367483,0,0,1,4.162749,0.98467386,1,1,0,0.39773795,0.59814405,1,0,0,-0.012094565,0.4969764,0,0,1,0.3657651,0.59043527,1,0
tensor(4663),"tensor(5941., dtype=torch.float64)",tensor(9),0,4.512635,0.9891495,1,1,0,-5.530384,0.0039488114,0,0,0,-6.314786,0.0018060851,0,0,0,-4.648145,0.00948846,0,0,1,-1.7902544,0.14304155,0,0
tensor(4677),"tensor(4670., dtype=torch.float64)",tensor(9),1,1.9052491,0.8704845,1,1,0,-3.6319633,0.025781881,0,0,0,-3.7116127,0.023855107,0,0,0,-1.0457246,0.26004696,0,0,0,-0.28897756,0.4282542,0,0
tensor(4681),"tensor(5632., dtype=torch.float64)",tensor(9),0,0.54091877,0.63202614,1,1,0,-2.3403487,0.087835975,0,0,0,0.5373251,0.63118994,1,0,1,-1.8209198,0.13932355,0,0,0,-1.6235839,0.16471119,0,0
tensor(4695),"tensor(4798., dtype=torch.float64)",tensor(9),0,-5.4981112,0.004077801,0,0,0,-0.49798328,0.3780147,0,0,1,2.9783595,0.95158684,1,1,0,-0.5824361,0.35837224,0,0,0,-2.9807408,0.04830356,0,0
tensor(4733),"tensor(21541., dtype=torch.float64)",tensor(9),0,-5.055571,0.006333358,0,0,0,1.522069,0.820843,1,1,0,-0.56878114,0.3615181,0,0,1,3.0574148,0.95510155,1,1,0,1.9565128,0.876155,1,1
tensor(4751),"tensor(3264., dtype=torch.float64)",tensor(9),0,-0.8889772,0.29132095,0,1,0,-0.05837972,0.4854092,0,0,1,0.82321334,0.69491804,1,0,0,-3.4856925,0.029722074,0,0,0,-2.8057005,0.057016905,0,0
tensor(4761),"tensor(9303., dtype=torch.float64)",tensor(9),0,-4.175163,0.015139949,0,0,0,0.9455564,0.7202206,1,1,1,2.1477666,0.8954599,1,1,0,-0.75213975,0.32035524,0,0,0,-0.8960465,0.28986362,0,0
tensor(4861),"tensor(8484., dtype=torch.float64)",tensor(9),0,-4.753859,0.008544731,0,0,1,3.4155602,0.9681873,1,1,0,0.35851446,0.58868074,1,0,0,-0.81793576,0.30620202,0,0,0,-1.2870728,0.2163487,0,0
tensor(4863),"tensor(16346., dtype=torch.float64)",tensor(9),0,-4.6752853,0.009236752,0,0,0,-0.41499344,0.3977154,0,0,0,3.437086,0.9688437,1,1,0,-1.4214039,0.1944416,0,0,1,1.244299,0.77631146,1,1
tensor(4925),"tensor(13415., dtype=torch.float64)",tensor(9),0,-5.2489552,0.0052255536,0,0,1,2.9297569,0.94929796,1,1,0,1.3196888,0.7891299,1,1,0,-1.3167307,0.21136273,0,0,0,-0.4986109,0.37786716,0,0
tensor(4953),"tensor(16348., dtype=torch.float64)",tensor(9),0,-4.278692,0.01367129,0,0,1,-0.9948743,0.2699504,0,0,0,3.5837038,0.9729778,1,1,0,-2.5678592,0.071235806,0,0,0,1.0407748,0.7389995,1,1
tensor(4961),"tensor(6777., dtype=torch.float64)",tensor(9),1,-0.4843644,0.38122204,0,1,0,0.37007046,0.591476,1,0,0,-1.6929405,0.15538953,0,0,0,-5.109289,0.006004108,0,0,0,-4.562786,0.010325229,0,0
tensor(4989),"tensor(21679., dtype=torch.float64)",tensor(9),0,-5.0818944,0.0061698337,0,0,0,-1.4120157,0.19591632,0,0,1,4.3466773,0.98721576,1,1,0,-1.5687785,0.17239058,0,0,0,0.41753015,0.6028921,1,0
tensor(5109),"tensor(17295., dtype=torch.float64)",tensor(9),0,1.1949246,0.7676207,1,1,1,-0.6851291,0.33511752,0,0,0,-1.7066948,0.1535929,0,0,0,-2.336947,0.088108905,0,0,0,-1.6567591,0.16019753,0,0
tensor(5139),"tensor(21190., dtype=torch.float64)",tensor(9),0,-4.159209,0.015379684,0,0,1,2.1163206,0.89247936,1,1,0,0.5950582,0.64452493,1,0,0,1.1332536,0.75643885,1,1,0,0.98713106,0.72852093,1,0
tensor(5161),"tensor(16546., dtype=torch.float64)",tensor(9),1,5.2196717,0.99461997,1,1,0,-5.994271,0.0024867945,0,0,0,-5.272557,0.0051042885,0,0,0,-3.894249,0.019952456,0,0,0,-4.977725,0.006842575,0,0
tensor(5199),"tensor(13233., dtype=torch.float64)",tensor(9),1,1.1804888,0.7650357,1,1,0,-2.7234185,0.061605543,0,0,0,-3.0752218,0.044140983,0,0,0,1.4239287,0.80595356,1,1,0,-4.1427045,0.015631618,0,0
tensor(5211),"tensor(12626., dtype=torch.float64)",tensor(9),0,-5.9959264,0.002482691,0,0,1,0.10705887,0.5267392,1,0,1,4.0698075,0.9832062,1,1,0,-2.0859864,0.11046635,0,0,1,2.03437,0.88435876,1,1
tensor(5253),"tensor(8175., dtype=torch.float64)",tensor(9),1,2.0243263,0.8833276,1,1,0,-2.959319,0.04929791,0,0,0,-6.1725354,0.0020815984,0,0,0,0.6517984,0.6574156,1,0,0,-2.4354916,0.08050602,0,0
tensor(5263),"tensor(15753., dtype=torch.float64)",tensor(9),1,3.4371915,0.9688468,1,1,0,-2.8634808,0.053988647,0,0,0,-3.5004456,0.029299552,0,0,0,-3.00614,0.047149256,0,0,0,-4.896051,0.0074205715,0,0
tensor(5293),"tensor(14465., dtype=torch.float64)",tensor(9),0,-8.8658085,0.00014111299,0,0,1,2.0472665,0.8856711,1,1,1,4.0104337,0.98219717,1,1,0,-0.23322746,0.441956,0,0,1,2.9598625,0.9507276,1,1
tensor(5335),"tensor(19037., dtype=torch.float64)",tensor(9),0,2.6944325,0.93669736,1,1,0,-2.5728374,0.07090715,0,0,1,-2.6456869,0.066255346,0,0,1,-2.791294,0.05779645,0,0,0,-2.6080806,0.068620175,0,0
tensor(5345),"tensor(20329., dtype=torch.float64)",tensor(9),1,4.850551,0.9922367,1,1,0,-4.437761,0.011684245,0,0,0,-5.4113984,0.0044455403,0,0,0,-4.640246,0.00956299,0,0,0,-4.5848894,0.0101017915,0,0
tensor(5347),"tensor(17734., dtype=torch.float64)",tensor(9),0,-3.1077895,0.042787086,0,0,1,0.9112882,0.7132637,1,1,0,1.3623245,0.7961372,1,1,0,-0.97073907,0.27473322,0,0,0,-3.731611,0.023393834,0,0
tensor(5371),"tensor(8992., dtype=torch.float64)",tensor(9),1,1.8325067,0.86206007,1,1,0,-3.5936923,0.026760785,0,0,0,-4.72501,0.008792629,0,0,0,-3.79251,0.02204215,0,0,0,1.1659654,0.762415,1,1
tensor(5377),"tensor(12289., dtype=torch.float64)",tensor(9),1,3.2487826,0.9626293,1,1,0,-1.794942,0.14246789,0,0,0,-5.0120053,0.0066135097,0,0,0,-2.526422,0.07402653,0,0,0,-5.4107704,0.0044483207,0,0
tensor(5403),"tensor(19194., dtype=torch.float64)",tensor(9),1,4.080146,0.9833761,1,1,0,-4.1868687,0.014966391,0,0,0,-5.194197,0.0055180513,0,0,0,-2.9579983,0.04935985,0,0,0,-3.302862,0.035473138,0,0
tensor(5405),"tensor(19508., dtype=torch.float64)",tensor(9),1,2.255247,0.90510213,1,1,0,-3.372863,0.033154413,0,0,0,-3.8212447,0.02143117,0,0,0,-0.94341373,0.2802113,0,0,0,-1.2995573,0.21423951,0,0
tensor(5427),"tensor(14119., dtype=torch.float64)",tensor(9),1,3.925763,0.98065454,1,1,0,-4.9716625,0.0068838983,0,0,0,-4.446096,0.011588384,0,0,0,-2.9699192,0.048803475,0,0,0,-3.1858041,0.03970345,0,0
tensor(5437),"tensor(14197., dtype=torch.float64)",tensor(9),0,-2.9203148,0.051158417,0,0,0,-1.6109416,0.16645792,0,0,1,3.0408924,0.9543877,1,1,0,-4.358459,0.012636373,0,0,0,-2.2781417,0.0929495,0,0
tensor(5487),"tensor(10480., dtype=torch.float64)",tensor(9),1,-0.16823554,0.45804006,0,1,0,1.2712417,0.78095526,1,1,0,-2.9724905,0.048684247,0,0,0,-3.0112,0.046922456,0,0,0,-0.4679023,0.38511288,0,0
tensor(5579),"tensor(12253., dtype=torch.float64)",tensor(9),1,3.7203047,0.9763465,1,1,0,-5.930721,0.0026495277,0,0,0,-5.5352015,0.0039299084,0,0,0,-2.4388006,0.08026142,0,0,0,-1.4372232,0.19197573,0,0
tensor(5589),"tensor(17964., dtype=torch.float64)",tensor(9),1,1.8103621,0.8594056,1,1,0,-3.385331,0.03275707,0,0,0,-4.403108,0.012091252,0,0,0,0.2808223,0.5697478,1,0,0,-1.0003222,0.26887807,0,0
tensor(5621),"tensor(16080., dtype=torch.float64)",tensor(9),1,5.280493,0.99493587,1,1,0,-6.501351,0.0014991587,0,0,0,-6.608656,0.0013468273,0,0,0,-2.6793828,0.06420095,0,0,0,-4.903805,0.0073636784,0,0
tensor(5625),"tensor(20009., dtype=torch.float64)",tensor(9),0,-4.308881,0.013270128,0,0,0,-0.6199754,0.34978703,0,0,1,3.2826226,0.96382785,1,1,0,-0.7220635,0.32693875,0,0,1,0.9599928,0.7231204,1,0
tensor(5655),"tensor(10654., dtype=torch.float64)",tensor(9),1,2.9276872,0.94919825,1,1,0,-6.1820283,0.0020619722,0,0,0,-5.9477177,0.002604991,0,0,0,-2.9052544,0.051894434,0,0,0,0.40752342,0.6004939,1,0
tensor(5665),"tensor(17295., dtype=torch.float64)",tensor(9),0,-3.0788696,0.043987326,0,0,1,-1.3400213,0.20750657,0,0,0,2.9829686,0.9517988,1,1,0,-3.24726,0.03742547,0,0,0,0.1951819,0.54864115,1,0
tensor(5687),"tensor(16438., dtype=torch.float64)",tensor(9),0,-6.6137753,0.0013399593,0,0,0,-1.8393941,0.13712297,0,0,1,5.1882043,0.994449,1,1,1,-0.4776073,0.3828173,0,0,1,3.1917183,0.9605214,1,1
tensor(5731),"tensor(7028., dtype=torch.float64)",tensor(9),1,4.67649,0.9907742,1,1,0,-4.4223275,0.011863816,0,0,0,-5.5958905,0.003699355,0,0,0,-3.5216203,0.028703291,0,0,0,-4.5589924,0.010364068,0,0
tensor(5733),"tensor(11021., dtype=torch.float64)",tensor(9),1,4.789931,0.9917555,1,1,0,-4.25489,0.013995985,0,0,0,-5.4421687,0.0043114135,0,0,0,-3.7113416,0.023861421,0,0,0,-5.5317245,0.003943543,0,0
tensor(5755),"tensor(6338., dtype=torch.float64)",tensor(9),0,-1.6654425,0.15903278,0,0,1,-1.4376358,0.19191174,0,0,0,1.9773614,0.8783996,1,1,0,-1.673482,0.15796049,0,0,0,0.87987894,0.7067972,1,0
tensor(5769),"tensor(8484., dtype=torch.float64)",tensor(9),0,-4.9576087,0.006980646,0,0,1,1.5322888,0.82234097,1,1,1,1.8493879,0.86405516,1,1,0,1.4343922,0.80758476,1,1,1,-0.58526814,0.35772127,0,0
tensor(5825),"tensor(823., dtype=torch.float64)",tensor(9),1,2.6996782,0.93700767,1,1,0,-5.060612,0.006301713,0,0,0,-4.87248,0.0075962157,0,0,0,-3.075218,0.044141147,0,0,0,0.080081515,0.5200097,1,0
tensor(5857),"tensor(14338., dtype=torch.float64)",tensor(9),0,-1.8654714,0.1340666,0,0,1,-1.792418,0.14277653,0,0,0,-3.168883,0.04035365,0,0,1,3.4103675,0.96802694,1,1,0,0.8280136,0.6959347,1,0
tensor(5861),"tensor(19492., dtype=torch.float64)",tensor(9),0,-2.236689,0.09650383,0,0,0,1.9684265,0.877442,1,1,1,-0.14977175,0.4626269,0,0,0,-1.2798562,0.2175747,0,0,0,0.37331864,0.59226066,1,0
tensor(5863),"tensor(9194., dtype=torch.float64)",tensor(9),0,-7.14703,0.0007865795,0,0,1,3.9277835,0.9806928,1,1,0,-1.085337,0.25249738,0,0,0,4.86761,0.99236697,1,1,0,-1.0140058,0.26619664,0,0
tensor(5889),"tensor(17657., dtype=torch.float64)",tensor(9),0,-4.6120515,0.009833761,0,0,1,4.328779,0.98698795,1,1,0,-1.7800595,0.14429581,0,0,0,0.43875915,0.60796326,1,0,0,-1.8570544,0.13504675,0,0
tensor(5923),"tensor(20812., dtype=torch.float64)",tensor(9),1,0.9245057,0.71595925,1,1,0,-2.3620186,0.0861152,0,0,0,-4.174747,0.015146148,0,0,1,2.1285295,0.89364535,1,1,0,-3.283896,0.036127802,0,0
tensor(5925),"tensor(16910., dtype=torch.float64)",tensor(9),0,-4.858593,0.0077016214,0,0,0,-2.9485092,0.049807012,0,0,0,-3.9661548,0.018593863,0,0,1,6.6639857,0.9987256,1,1,0,0.7651889,0.68247926,1,0
tensor(5927),"tensor(13482., dtype=torch.float64)",tensor(9),0,-6.447383,0.0015821568,0,0,1,5.127605,0.9941042,1,1,0,-0.5339708,0.36959124,0,0,0,-3.6815746,0.024564674,0,0,0,-4.1627884,0.0153255705,0,0
tensor(5943),"tensor(7252., dtype=torch.float64)",tensor(9),0,-3.8810282,0.020212626,0,0,0,-2.3862233,0.08422929,0,0,0,-2.8011262,0.057263345,0,0,1,5.8580117,0.9971512,1,1,0,1.0302076,0.7369561,1,1
tensor(5945),"tensor(3122., dtype=torch.float64)",tensor(9),1,2.4573674,0.92109853,1,1,0,-4.547955,0.010477888,0,0,0,-5.2599883,0.005168513,0,0,0,-1.1450958,0.24138601,0,0,0,-0.4756327,0.3832839,0,0
tensor(5949),"tensor(3483., dtype=torch.float64)",tensor(9),0,-5.19237,0.0055280877,0,0,0,-0.23088475,0.44253385,0,0,1,3.3797958,0.9670671,1,1,0,-0.17896634,0.45537743,0,0,0,-0.26526988,0.43406868,0,0
tensor(5955),"tensor(20843., dtype=torch.float64)",tensor(9),0,0.09472435,0.5236634,1,1,0,-2.866923,0.053813104,0,0,0,-0.24648544,0.43868876,0,0,0,-1.7401597,0.14929266,0,0,1,1.2474519,0.7768585,1,1
tensor(5961),"tensor(9038., dtype=torch.float64)",tensor(9),1,0.8011616,0.69022286,1,1,0,-3.260685,0.036944833,0,0,0,-4.3069415,0.013295546,0,0,1,1.5591934,0.82623756,1,1,0,-0.10167629,0.4746028,0,0
tensor(6011),"tensor(7745., dtype=torch.float64)",tensor(9),0,-5.5863776,0.0037345826,0,0,1,1.8827024,0.86792123,1,1,0,2.0734692,0.8882977,1,1,0,0.5318513,0.62991476,1,0,0,0.8729556,0.70536035,1,0
tensor(6031),"tensor(14402., dtype=torch.float64)",tensor(9),1,0.45148027,0.6109911,1,1,0,-2.6235983,0.06763502,0,0,0,-1.3315244,0.2089073,0,0,0,0.70237917,0.66871506,1,0,0,0.24834645,0.5617695,1,0
tensor(6057),"tensor(7969., dtype=torch.float64)",tensor(9),0,0.50106823,0.62271035,1,1,0,-1.5584857,0.17386405,0,0,0,-5.856017,0.0028544513,0,0,1,2.6653671,0.9349519,1,1,0,-3.1975763,0.039257035,0,0
tensor(6067),"tensor(3191., dtype=torch.float64)",tensor(9),0,0.5051962,0.6236797,1,1,1,0.6977549,0.66768986,1,1,0,-2.233438,0.096787676,0,0,0,-3.0672002,0.044480678,0,0,0,-3.0295298,0.0461095,0,0
tensor(6073),"tensor(1107., dtype=torch.float64)",tensor(9),0,-4.9252315,0.007208703,0,0,0,0.74004036,0.6770047,1,1,1,0.17150977,0.54277265,1,0,1,3.719489,0.97632766,1,1,0,-1.6016972,0.16774455,0,0
tensor(6097),"tensor(4982., dtype=torch.float64)",tensor(9),1,0.47493786,0.6165518,1,1,0,-3.0175207,0.046640594,0,0,0,-4.3760014,0.0124193635,0,0,0,-0.81862617,0.30605537,0,0,0,1.7749318,0.85506994,1,1
tensor(6109),"tensor(7594., dtype=torch.float64)",tensor(9),1,2.3604546,0.9137617,1,1,0,-3.0917978,0.043446857,0,0,0,-3.6666267,0.024925398,0,0,1,-1.5762799,0.17132299,0,0,0,-0.8266967,0.304344,0,0
tensor(6111),"tensor(2090., dtype=torch.float64)",tensor(9),1,-0.100142,0.4749854,0,1,0,-2.6392086,0.06665726,0,0,0,-1.307577,0.21289258,0,0,0,-1.9618533,0.12326662,0,0,0,1.7875227,0.85662323,1,1
tensor(6115),"tensor(4861., dtype=torch.float64)",tensor(9),0,-2.661273,0.065297596,0,0,1,2.3073072,0.9094804,1,1,0,-3.4281557,0.031427026,0,0,1,2.2010086,0.9003401,1,1,0,-0.7308123,0.3250165,0,0
tensor(6135),"tensor(5382., dtype=torch.float64)",tensor(9),0,-6.1318727,0.0021677993,0,0,0,-0.4156133,0.3975669,0,0,1,4.075294,0.9832965,1,1,0,-0.26053578,0.435232,0,0,1,3.4326406,0.9687092,1,1
tensor(6153),"tensor(3064., dtype=torch.float64)",tensor(9),0,-5.296717,0.004983052,0,0,0,-3.9866323,0.018223848,0,0,0,-3.1896513,0.03955703,0,0,1,7.305247,0.9993285,1,1,0,1.4750412,0.8138224,1,1
tensor(6187),"tensor(13784., dtype=torch.float64)",tensor(9),1,4.0744033,0.9832819,1,1,0,-3.210723,0.038764186,0,0,0,-5.0001993,0.0066915257,0,0,0,-3.5922575,0.02679818,0,0,0,-4.5081015,0.010899259,0,0
tensor(6191),"tensor(7156., dtype=torch.float64)",tensor(9),1,1.3472359,0.7936774,1,1,0,-3.1070085,0.042819086,0,0,0,-2.916313,0.051353022,0,0,0,-0.35980618,0.41100648,0,0,0,0.017761938,0.50444037,1,0
tensor(6221),"tensor(11885., dtype=torch.float64)",tensor(9),0,-5.727735,0.003243883,0,0,1,1.1077914,0.7517171,1,1,1,2.090429,0.8899694,1,1,0,2.610869,0.9315578,1,1,0,-0.6521658,0.34250164,0,0
tensor(6233),"tensor(18411., dtype=torch.float64)",tensor(9),0,0.98992276,0.7290727,1,1,0,-2.5814657,0.07034083,0,0,1,-0.2688696,0.43318462,0,0,0,-1.2690248,0.21942422,0,0,0,-0.7086899,0.32988837,0,0
tensor(6241),"tensor(14331., dtype=torch.float64)",tensor(9),0,-4.9845786,0.006796157,0,0,1,4.745497,0.99138415,1,1,0,-0.66373575,0.3399009,0,0,0,-2.0782123,0.111232586,0,0,1,-0.6064778,0.35286307,0,0
tensor(6255),"tensor(8492., dtype=torch.float64)",tensor(9),0,3.7093687,0.9760926,1,1,1,-3.5685425,0.027423657,0,0,0,-4.549417,0.010462741,0,0,0,-3.093475,0.043377206,0,0,0,-2.7124193,0.062244497,0,0
tensor(6263),"tensor(13296., dtype=torch.float64)",tensor(9),1,3.1080613,0.9572241,1,1,0,-3.8380747,0.021081045,0,0,0,-4.421819,0.011869775,0,0,1,-0.90663767,0.28768837,0,0,0,-4.0341096,0.017393544,0,0
tensor(6281),"tensor(16104., dtype=torch.float64)",tensor(9),1,3.16116,0.95934623,1,1,0,-4.1119514,0.016111944,0,0,0,-5.041329,0.0064236214,0,0,0,-2.2008264,0.0996763,0,0,0,-1.3371667,0.20797637,0,0
tensor(6285),"tensor(13634., dtype=torch.float64)",tensor(9),0,-4.8765426,0.00756565,0,0,1,2.4354324,0.91948956,1,1,0,1.1744378,0.76394624,1,1,0,0.6798211,0.66369873,1,0,1,0.17092815,0.5426283,1,0
tensor(6289),"tensor(10880., dtype=torch.float64)",tensor(9),1,-0.38490307,0.40494493,0,1,0,-1.0432721,0.26051915,0,0,0,-0.14304367,0.46429992,0,0,0,1.552063,0.82521147,1,1,0,-1.3158537,0.21150894,0,0
tensor(6319),"tensor(10181., dtype=torch.float64)",tensor(9),0,5.037494,0.99355185,1,1,0,-5.6416097,0.0035346164,0,0,0,-5.5120916,0.004021416,0,0,0,-3.7059076,0.023988318,0,0,1,-5.2963133,0.0049850554,0,0
tensor(6323),"tensor(2713., dtype=torch.float64)",tensor(9),1,3.1444883,0.95869106,1,1,0,-3.1506867,0.041064225,0,0,0,-5.547059,0.0038837644,0,0,0,-0.92744774,0.2834428,0,0,0,-4.1965504,0.014824329,0,0
tensor(6329),"tensor(6421., dtype=torch.float64)",tensor(9),1,-5.0524487,0.0063530384,0,0,0,2.7187238,0.9381225,1,1,1,1.2476083,0.7768855,1,1,0,-0.18504827,0.45386946,0,0,0,-0.35581776,0.41197237,0,0
tensor(6335),"tensor(6787., dtype=torch.float64)",tensor(9),0,-4.9423633,0.0070871245,0,0,0,0.26611704,0.56613946,1,0,1,3.1137807,0.9574576,1,1,0,-1.7249777,0.15123111,0,0,0,-0.13165614,0.4671334,0,0
tensor(6359),"tensor(2267., dtype=torch.float64)",tensor(9),0,-3.2597504,0.036978096,0,0,0,-0.8435326,0.3007913,0,0,1,2.498728,0.92405266,1,1,0,-0.698788,0.33208102,0,0,0,-1.4948233,0.18319887,0,0
tensor(6365),"tensor(13919., dtype=torch.float64)",tensor(9),1,5.9392505,0.99737287,1,1,0,-6.3530545,0.0017383925,0,0,0,-6.741868,0.0011790482,0,0,0,-3.1553264,0.040881917,0,0,0,-7.381723,0.0006221401,0,0
tensor(6377),"tensor(629., dtype=torch.float64)",tensor(9),0,-0.67757994,0.33680165,0,1,0,1.0422212,0.7392784,1,1,1,-0.96642935,0.27559277,0,0,0,-0.9917503,0.2705665,0,0,0,0.006625183,0.5016563,1,0
tensor(6431),"tensor(19907., dtype=torch.float64)",tensor(9),1,4.2963967,0.9865654,1,1,0,-4.006123,0.017878378,0,0,0,-5.4141364,0.0044334386,0,0,0,-3.8998451,0.019843318,0,0,0,-4.0399365,0.017294234,0,0
tensor(6439),"tensor(19985., dtype=torch.float64)",tensor(9),0,0.6103269,0.6480154,1,1,0,-2.2728,0.09340084,0,0,0,-3.40539,0.03212744,0,0,1,2.2013435,0.9003701,1,1,0,-1.9588318,0.123593524,0,0
tensor(6445),"tensor(18186., dtype=torch.float64)",tensor(9),0,-7.0017304,0.0009094775,0,0,1,1.6998054,0.8455093,1,1,1,2.8949122,0.9475943,1,1,1,0.84129983,0.69873893,1,0,0,2.8023734,0.942804,1,1
tensor(6469),"tensor(4330., dtype=torch.float64)",tensor(9),0,-2.4195468,0.081694245,0,0,1,2.7447948,0.93961877,1,1,0,-2.255113,0.09490935,0,0,1,0.31129646,0.5772017,1,0,0,-2.34377,0.08756224,0,0
tensor(6481),"tensor(2133., dtype=torch.float64)",tensor(9),1,-1.0886116,0.25187984,0,0,0,-3.1611025,0.04065603,0,0,0,0.54066765,0.6319677,1,0,0,-2.7696102,0.05898865,0,0,0,2.256631,0.905221,1,1
tensor(6487),"tensor(7131., dtype=torch.float64)",tensor(9),0,-6.6513104,0.0012906594,0,0,1,1.3666474,0.796838,1,1,1,3.171229,0.9597371,1,1,0,0.15885833,0.53963125,1,0,1,2.7265458,0.938575,1,1
tensor(6493),"tensor(15171., dtype=torch.float64)",tensor(9),1,2.8725147,0.94647086,1,1,0,-3.4025333,0.03221639,0,0,0,-3.2368658,0.03780173,0,0,0,-1.7811775,0.14415778,0,0,0,-3.048448,0.04528452,0,0
tensor(6505),"tensor(11903., dtype=torch.float64)",tensor(9),0,-2.1118279,0.10795252,0,0,0,-2.391772,0.08380227,0,0,0,-2.2506566,0.095292844,0,0,1,5.594503,0.9962955,1,1,0,-2.2601967,0.09447354,0,0
tensor(6515),"tensor(12961., dtype=torch.float64)",tensor(9),0,0.84225035,0.69893897,1,1,0,-0.97837263,0.2732148,0,0,1,-0.8864975,0.29183316,0,0,0,-1.6482525,0.16134527,0,0,0,-1.171534,0.23657784,0,0
tensor(6517),"tensor(1033., dtype=torch.float64)",tensor(9),0,-4.7310586,0.00874007,0,0,0,1.4413893,0.8086697,1,1,0,0.3560782,0.5880907,1,0,1,3.1229248,0.9578286,1,1,0,0.84704244,0.69994634,1,0
tensor(6547),"tensor(5383., dtype=torch.float64)",tensor(9),0,-7.8650136,0.00038379672,0,0,1,4.987408,0.99322295,1,1,0,1.1480274,0.75915045,1,1,0,-0.25218952,0.43728465,0,0,0,-0.60231024,0.35381532,0,0
tensor(6563),"tensor(6070., dtype=torch.float64)",tensor(9),0,-2.2294912,0.09713326,0,0,0,-0.6729358,0.33783978,0,0,0,-2.359387,0.08632254,0,0,1,4.533115,0.98936707,1,1,0,-2.3099139,0.09030522,0,0
tensor(6581),"tensor(20675., dtype=torch.float64)",tensor(9),0,1.7437706,0.8511654,1,1,0,-2.4308188,0.0808526,0,0,0,-2.6337655,0.06699669,0,0,0,-1.8963039,0.13052738,0,0,1,-0.2264606,0.44362557,0,0
tensor(6585),"tensor(14204., dtype=torch.float64)",tensor(9),0,-5.913898,0.0026943565,0,0,1,3.3668394,0.966652,1,1,0,1.2099354,0.7702875,1,1,0,0.11322667,0.52827644,1,0,0,-0.32154348,0.42029962,0,0
tensor(6589),"tensor(853., dtype=torch.float64)",tensor(9),0,-5.870078,0.002814708,0,0,0,-4.1368117,0.01572255,0,0,0,-3.285408,0.03607519,0,0,1,7.8746934,0.99961984,1,1,0,1.0858757,0.7476043,1,1
tensor(6615),"tensor(15212., dtype=torch.float64)",tensor(9),0,-3.6430821,0.025504073,0,0,0,-0.64964056,0.3430705,0,0,1,3.0646088,0.95540905,1,1,0,-2.225112,0.09751799,0,0,0,1.1824638,0.7653905,1,1
tensor(6667),"tensor(3794., dtype=torch.float64)",tensor(9),1,0.63997626,0.65474814,1,1,0,-1.6902418,0.15574403,0,0,0,-0.25692627,0.43611947,0,0,0,-2.606124,0.06874533,0,0,0,0.16494349,0.54114264,1,0
tensor(6697),"tensor(4314., dtype=torch.float64)",tensor(9),0,-4.6446457,0.009521406,0,0,0,0.8112793,0.69238204,1,1,1,2.6486166,0.9339256,1,1,0,-2.4765973,0.07751517,0,0,0,2.9522736,0.95037085,1,1
tensor(6731),"tensor(6579., dtype=torch.float64)",tensor(9),0,-3.0090303,0.047019575,0,0,0,-1.524394,0.17881538,0,0,1,3.1093848,0.95727825,1,1,0,-1.4973774,0.18281698,0,0,0,0.4956028,0.6214254,1,0
tensor(6753),"tensor(14774., dtype=torch.float64)",tensor(9),1,2.8180518,0.94364357,1,1,0,-4.6619344,0.009359736,0,0,0,-4.5188,0.010784527,0,0,0,-2.373538,0.085212946,0,0,0,-0.49653286,0.3783558,0,0
tensor(6771),"tensor(13065., dtype=torch.float64)",tensor(9),1,3.042803,0.9544708,1,1,0,-3.3720136,0.033181652,0,0,0,-5.0974517,0.0060751694,0,0,0,-0.8400182,0.30153096,0,0,0,-4.27039,0.013783685,0,0
tensor(6781),"tensor(3051., dtype=torch.float64)",tensor(9),0,-0.58667004,0.35739926,0,1,0,-0.4592694,0.38715914,0,0,0,-1.5487021,0.17527379,0,0,1,0.04437773,0.5110926,1,0,0,1.1345191,0.7566719,1,1
tensor(6803),"tensor(10368., dtype=torch.float64)",tensor(9),0,1.134366,0.7566437,1,1,1,-0.7793041,0.3144699,0,0,0,-3.5335653,0.028372135,0,0,1,0.22300577,0.55552155,1,0,0,-3.0149758,0.046753883,0,0
tensor(6837),"tensor(12779., dtype=torch.float64)",tensor(9),1,-0.052742958,0.4868173,0,1,0,-0.5072663,0.3758346,0,0,0,-3.48864,0.02963719,0,0,1,1.6656337,0.8409928,1,1,0,-3.977472,0.018388465,0,0
tensor(6865),"tensor(18726., dtype=torch.float64)",tensor(9),1,3.699058,0.9758508,1,1,0,-5.747198,0.0031815567,0,0,0,-4.901054,0.007383813,0,0,0,-2.5838733,0.07018355,0,0,0,-1.7129797,0.15277763,0,0
tensor(6953),"tensor(18245., dtype=torch.float64)",tensor(9),0,-3.1119215,0.042618174,0,0,0,-0.34136963,0.4154768,0,0,1,2.231451,0.9030385,1,1,0,0.73973674,0.6769383,1,0,0,-0.08396415,0.4790213,0,0
tensor(6985),"tensor(14958., dtype=torch.float64)",tensor(9),1,-0.9214855,0.28465533,0,0,0,-1.8272232,0.13856941,0,0,0,1.9207233,0.8722191,1,1,0,-2.2771828,0.093030386,0,0,0,-0.8261751,0.30445445,0,0
tensor(6987),"tensor(13822., dtype=torch.float64)",tensor(9),0,-4.103546,0.016245728,0,0,1,-0.21744002,0.44585317,0,0,1,3.1200345,0.9577117,1,1,0,-1.8310015,0.13811901,0,0,0,2.119234,0.8927586,1,1
tensor(6999),"tensor(18284., dtype=torch.float64)",tensor(9),1,1.6260242,0.8356243,1,1,0,-2.3647475,0.08590068,0,0,0,-1.3123686,0.21209076,0,0,0,-3.5394979,0.028209051,0,0,0,-0.7622519,0.31815758,0,0
tensor(7023),"tensor(13908., dtype=torch.float64)",tensor(9),0,-6.091529,0.002256843,0,0,1,1.3712567,0.79758316,1,1,1,2.9691443,0.9511605,1,1,0,-0.6461406,0.3438598,0,0,0,1.8404337,0.86300004,1,1
tensor(7027),"tensor(13822., dtype=torch.float64)",tensor(9),0,-4.8129945,0.008058038,0,0,0,-0.49091715,0.37967756,0,0,1,2.8399823,0.9447985,1,1,0,1.8133001,0.8597603,1,1,0,0.44744235,0.610031,1,0
tensor(7045),"tensor(19599., dtype=torch.float64)",tensor(9),1,3.2140243,0.96135867,1,1,0,-2.3768988,0.084951326,0,0,0,-4.9018517,0.0073779686,0,0,0,-2.5958014,0.06940913,0,0,0,-2.8844454,0.052927855,0,0
tensor(7091),"tensor(1866., dtype=torch.float64)",tensor(9),1,1.4697361,0.81301725,1,1,0,-2.5218017,0.07434386,0,0,0,-3.1187027,0.042342346,0,0,0,0.025762029,0.50644016,1,0,0,-0.8960427,0.2898644,0,0
tensor(7093),"tensor(2001., dtype=torch.float64)",tensor(9),0,-5.055058,0.0063365884,0,0,1,2.3336039,0.9116221,1,1,0,0.3974081,0.5980647,1,0,1,2.5345163,0.9265264,1,1,0,0.78680766,0.6871455,1,0
tensor(7123),"tensor(11142., dtype=torch.float64)",tensor(9),0,-0.41433883,0.3978722,0,1,1,0.8667978,0.704079,1,1,0,-0.5991416,0.35454014,0,0,0,-1.5844767,0.17016241,0,0,0,-0.21781087,0.44576153,0,0
tensor(7129),"tensor(19643., dtype=torch.float64)",tensor(9),1,2.3113246,0.90981054,1,1,0,-2.8977509,0.052264854,0,0,0,-3.837247,0.021098133,0,0,0,0.2869286,0.57124406,1,0,0,-6.122651,0.0021878383,0,0
tensor(7153),"tensor(8651., dtype=torch.float64)",tensor(9),0,1.6239369,0.83533734,1,1,1,-3.4404566,0.03105474,0,0,0,-1.276634,0.21812373,0,0,0,-7.1073403,0.00081840024,0,0,0,-0.8602691,0.2972831,0,0
tensor(7183),"tensor(8651., dtype=torch.float64)",tensor(9),0,2.2858138,0.90769535,1,1,1,-0.9217946,0.2845924,0,0,0,-3.0917656,0.043448195,0,0,0,-3.2316778,0.037990883,0,0,0,-4.109191,0.016155759,0,0
tensor(7191),"tensor(17069., dtype=torch.float64)",tensor(9),0,-2.6973536,0.06312969,0,0,0,-1.4153564,0.19539058,0,0,1,1.1255143,0.7550101,1,1,0,-2.1238759,0.106797785,0,0,0,-4.4739056,0.011274139,0,0
tensor(7205),"tensor(21697., dtype=torch.float64)",tensor(9),1,4.0134306,0.9822495,1,1,0,-2.3541937,0.08673301,0,0,0,-4.8244395,0.00796707,0,0,0,-4.700869,0.009005539,0,0,0,-5.110276,0.00599822,0,0
tensor(7245),"tensor(10190., dtype=torch.float64)",tensor(9),1,3.3845673,0.96721876,1,1,0,-3.5645976,0.027529072,0,0,0,-4.7501926,0.008575847,0,0,0,-1.7622406,0.14650995,0,0,0,-3.1530797,0.0409701,0,0
tensor(7263),"tensor(19612., dtype=torch.float64)",tensor(9),1,3.7650888,0.97735894,1,1,0,-2.8573794,0.054301113,0,0,0,-5.3143597,0.0048963367,0,0,0,-6.127913,0.0021763812,0,0,0,-2.1177666,0.10738195,0,0
tensor(7279),"tensor(9621., dtype=torch.float64)",tensor(9),1,2.8367088,0.9446275,1,1,0,-2.623456,0.067644,0,0,0,-2.5619652,0.07162675,0,0,0,-3.8159797,0.021541867,0,0,0,-3.3310905,0.03451987,0,0
tensor(7281),"tensor(11903., dtype=torch.float64)",tensor(9),0,-1.0006993,0.26880395,0,0,0,-2.3931072,0.083699815,0,0,1,-2.6707938,0.0647189,0,0,0,3.5448358,0.97193694,1,1,0,-0.38428217,0.4050945,0,0
tensor(7347),"tensor(14255., dtype=torch.float64)",tensor(9),1,5.7644286,0.9968726,1,1,0,-6.0644317,0.0023186898,0,0,0,-5.94451,0.0026133386,0,0,0,-4.0732026,0.016737858,0,0,0,-5.8589907,0.0028460003,0,0
tensor(7411),"tensor(9068., dtype=torch.float64)",tensor(9),0,-5.2334867,0.005306582,0,0,0,-1.6267066,0.16428202,0,0,1,3.7133996,0.9761865,1,1,1,1.8177118,0.86029136,1,1,0,-1.156757,0.23925705,0,0
tensor(7419),"tensor(17395., dtype=torch.float64)",tensor(9),0,2.9049087,0.9480886,1,1,0,-2.3584168,0.08639908,0,0,0,-3.994694,0.018080167,0,0,1,-3.03738,0.045765452,0,0,0,-2.1148021,0.10766643,0,0
tensor(7421),"tensor(9659., dtype=torch.float64)",tensor(9),1,2.2140691,0.9015058,1,1,0,-3.121201,0.042241156,0,0,0,-4.458534,0.011446783,0,0,0,0.6151195,0.64910775,1,0,0,-5.3045983,0.0049441275,0,0
tensor(7435),"tensor(13885., dtype=torch.float64)",tensor(9),1,1.7550225,0.8525852,1,1,0,-3.1701922,0.040302984,0,0,0,-4.0279365,0.017499365,0,0,0,-3.069377,0.04438825,0,0,0,0.8948736,0.7098949,1,0
tensor(7437),"tensor(8219., dtype=torch.float64)",tensor(9),0,-4.773291,0.00838167,0,0,0,1.1650852,0.7622555,1,1,1,2.3090365,0.9096227,1,1,0,-1.5564456,0.17415728,0,0,0,-1.5329577,0.17756136,0,0
tensor(7441),"tensor(8219., dtype=torch.float64)",tensor(9),0,-2.6076872,0.06864532,0,0,1,-1.1839664,0.23433979,0,0,0,2.902385,0.9479642,1,1,0,-4.627007,0.0096892,0,0,1,-0.825181,0.304665,0,0
tensor(7493),"tensor(8748., dtype=torch.float64)",tensor(9),0,1.2767296,0.7818926,1,1,0,-4.0351033,0.017376568,0,0,0,-3.9326274,0.01921565,0,0,1,2.3221493,0.91069484,1,1,0,-3.1865375,0.039675497,0,0
tensor(7505),"tensor(12474., dtype=torch.float64)",tensor(9),0,-1.6350825,0.16313529,0,0,0,0.94514155,0.72013706,1,1,0,-0.4140801,0.3979342,0,0,0,-0.33949605,0.4159319,0,0,0,-2.2424345,0.09600405,0,0
tensor(7601),"tensor(15914., dtype=torch.float64)",tensor(9),0,-7.4617734,0.0005743062,0,0,1,2.8737683,0.9465344,1,1,1,1.9822828,0.87892425,1,1,1,1.9481573,0.8752456,1,1,0,1.7262491,0.848932,1,1
tensor(7649),"tensor(15009., dtype=torch.float64)",tensor(9),1,3.9403584,0.9809295,1,1,0,-2.9839246,0.048157413,0,0,0,-5.541227,0.003906393,0,0,0,-2.9025571,0.0520273,0,0,0,-6.237221,0.0019514665,0,0
tensor(7653),"tensor(14935., dtype=torch.float64)",tensor(9),0,-7.2202325,0.0007310974,0,0,1,2.6350942,0.9330863,1,1,0,2.5784705,0.9294631,1,1,0,-0.11696646,0.4707917,0,0,0,2.5091684,0.92478204,1,1
tensor(7671),"tensor(13622., dtype=torch.float64)",tensor(9),1,4.676642,0.99077564,1,1,0,-3.4734406,0.030077444,0,0,0,-5.5595336,0.0038358017,0,0,0,-3.643817,0.02548582,0,0,0,-6.5751414,0.0013926664,0,0
tensor(7675),"tensor(10206., dtype=torch.float64)",tensor(9),1,2.1880057,0.89916724,1,1,0,-1.0026146,0.26842767,0,0,0,-4.894208,0.007434158,0,0,0,-1.8162866,0.13988006,0,0,0,-2.6766257,0.06436679,0,0
tensor(7701),"tensor(1299., dtype=torch.float64)",tensor(9),1,2.9608383,0.9507733,1,1,0,-2.9043632,0.051938295,0,0,0,-2.8291888,0.055767097,0,0,0,-4.0015197,0.017959388,0,0,0,-2.8635507,0.05398508,0,0
tensor(7725),"tensor(16393., dtype=torch.float64)",tensor(9),0,-1.0429144,0.26058805,0,0,0,-3.4214523,0.031631712,0,0,0,-3.7461615,0.0230637,0,0,1,4.9771485,0.9931536,1,1,0,-0.8834054,0.2924726,0,0
tensor(7753),"tensor(16513., dtype=torch.float64)",tensor(9),0,-0.8470841,0.3000449,0,1,1,0.5673592,0.6381536,1,1,0,0.03698013,0.50924397,1,0,0,-0.572753,0.3606018,0,0,0,-1.25027,0.22265342,0,0
tensor(7767),"tensor(17183., dtype=torch.float64)",tensor(9),0,-6.2273073,0.0019708702,0,0,0,3.1049757,0.9570976,1,1,1,1.0505456,0.7408796,1,1,1,1.4995654,0.81750965,1,1,1,1.8582706,0.86509526,1,1
tensor(7771),"tensor(14938., dtype=torch.float64)",tensor(9),1,2.276605,0.90692085,1,1,0,-3.7890477,0.02211691,0,0,0,-2.602043,0.06900706,0,0,0,-3.0460653,0.045387648,0,0,0,-0.58364457,0.35809442,0,0
tensor(7821),"tensor(18347., dtype=torch.float64)",tensor(9),0,-5.8298593,0.002929881,0,0,0,-1.950455,0.12450377,0,0,1,4.7179704,0.9911458,1,1,0,-0.4975201,0.37812364,0,0,1,3.2296894,0.9619364,1,1
tensor(7829),"tensor(11445., dtype=torch.float64)",tensor(9),0,-5.586403,0.003734489,0,0,1,-0.11087501,0.47230962,0,0,0,1.7070215,0.84644955,1,1,1,3.5363035,0.97170323,1,1,0,-2.2348063,0.096668124,0,0
tensor(7839),"tensor(10550., dtype=torch.float64)",tensor(9),1,3.3651953,0.96659887,1,1,0,-3.864252,0.020547548,0,0,0,-3.6389558,0.02560683,0,0,0,-3.9786103,0.018367933,0,0,0,-2.379961,0.08471359,0,0
tensor(7855),"tensor(16859., dtype=torch.float64)",tensor(9),1,1.9988387,0.8806751,1,1,0,-3.1663601,0.040451463,0,0,0,-3.140721,0.041458458,0,0,0,-3.154778,0.04090343,0,0,0,0.030089274,0.50752175,1,0
tensor(7871),"tensor(10463., dtype=torch.float64)",tensor(9),1,4.1193314,0.9840046,1,1,0,-4.2379637,0.014231501,0,0,0,-4.1100984,0.016141344,0,0,0,-3.235119,0.03786531,0,0,0,-5.293973,0.0049966774,0,0
tensor(7879),"tensor(20610., dtype=torch.float64)",tensor(9),1,2.3337975,0.9116378,1,1,0,-5.2245803,0.0053538014,0,0,0,-5.0554395,0.006334187,0,0,0,-2.088614,0.110208414,0,0,0,0.4558493,0.6120291,1,0
tensor(7937),"tensor(2359., dtype=torch.float64)",tensor(9),1,0.16087207,0.54013145,1,1,0,-0.02610911,0.49347308,0,0,0,-0.73977494,0.32305336,0,0,0,-1.2124286,0.22927164,0,0,0,0.052660897,0.5131622,1,0
tensor(7941),"tensor(7244., dtype=torch.float64)",tensor(9),1,6.2369723,0.99804807,1,1,0,-6.121535,0.0021902767,0,0,0,-6.6658826,0.001272012,0,0,0,-4.0562515,0.017019132,0,0,0,-7.714768,0.00044598998,0,0
tensor(7945),"tensor(6212., dtype=torch.float64)",tensor(9),0,-4.983425,0.006803948,0,0,0,-0.77002674,0.31647334,0,0,1,3.8660448,0.9794885,1,1,1,-2.1296656,0.10624673,0,0,1,0.10014724,0.5250159,1,0
tensor(7953),"tensor(4939., dtype=torch.float64)",tensor(9),0,-3.7662904,0.022614488,0,0,1,3.8525991,0.97921664,1,1,1,-2.1193578,0.10722953,0,0,0,-0.053769268,0.4865609,0,0,0,-0.31782436,0.42120603,0,0
tensor(8007),"tensor(632., dtype=torch.float64)",tensor(9),0,-3.0333178,0.04594318,0,0,0,1.4190669,0.8051921,1,1,1,-1.4554476,0.18916458,0,0,1,2.2181795,0.90187025,1,1,0,0.63730425,0.6541438,1,0
tensor(8017),"tensor(1683., dtype=torch.float64)",tensor(9),0,-0.09223439,0.4769577,0,1,0,-2.9153366,0.051400602,0,0,0,-2.452597,0.07924885,0,0,0,-2.771646,0.05887574,0,0,1,2.4401252,0.9198363,1,1
tensor(8063),"tensor(9540., dtype=torch.float64)",tensor(9),0,-0.99754196,0.26942497,0,0,0,0.52775604,0.6289596,1,1,0,-3.8908107,0.020019798,0,0,1,2.4063447,0.9173099,1,1,0,-1.2357222,0.22518148,0,0
tensor(8081),"tensor(512., dtype=torch.float64)",tensor(9),0,-8.256008,0.00025962616,0,0,1,3.8761735,0.97969097,1,1,1,2.6370351,0.9332074,1,1,1,-1.9454513,0.1250502,0,0,1,1.1982306,0.7682099,1,1
tensor(8111),"tensor(9221., dtype=torch.float64)",tensor(9),1,0.57395744,0.63967586,1,1,0,-3.008253,0.047054414,0,0,0,-4.551331,0.010442943,0,0,1,2.3227253,0.91074175,1,1,0,-0.426263,0.39501902,0,0
tensor(8159),"tensor(14818., dtype=torch.float64)",tensor(9),0,4.0587993,0.98302346,1,1,0,-3.7733326,0.022459358,0,0,0,-5.002465,0.006676485,0,0,0,-3.6195803,0.02609474,0,0,1,-3.5275595,0.02853817,0,0
tensor(8171),"tensor(19447., dtype=torch.float64)",tensor(9),0,-2.050216,0.11403056,0,0,0,-2.900073,0.052149955,0,0,1,2.4097588,0.91756845,1,1,0,-0.9426755,0.28036022,0,0,0,1.4448522,0.8092049,1,1
tensor(8177),"tensor(10035., dtype=torch.float64)",tensor(9),0,-2.3832054,0.08446237,0,0,0,-0.7295672,0.32528967,0,0,0,2.217751,0.9018322,1,1,0,-1.5957139,0.16858152,0,0,1,-1.3226858,0.21037178,0,0
tensor(8181),"tensor(16043., dtype=torch.float64)",tensor(9),1,3.2858975,0.9639418,1,1,0,-5.2877345,0.005027789,0,0,0,-4.3752074,0.012429104,0,0,1,-0.22863297,0.44308943,0,0,0,-4.5843387,0.0101073,0,0
tensor(8225),"tensor(13741., dtype=torch.float64)",tensor(9),0,-1.848247,0.13607885,0,0,1,1.3057747,0.7868053,1,1,0,-3.9496992,0.018896537,0,0,1,2.879408,0.9468191,1,1,0,-2.6716106,0.06466948,0,0
tensor(8233),"tensor(14717., dtype=torch.float64)",tensor(9),0,-2.429716,0.08093459,0,0,0,2.3279552,0.911166,1,1,0,0.027974494,0.5069932,1,0,1,-1.5434213,0.17603847,0,0,0,-0.25898647,0.43561286,0,0
tensor(8235),"tensor(3500., dtype=torch.float64)",tensor(9),1,2.753683,0.94012105,1,1,0,-3.4396558,0.031078849,0,0,0,-3.2809172,0.036231678,0,0,0,-3.1214118,0.042232633,0,0,0,-1.0948159,0.2507125,0,0
tensor(8243),"tensor(16762., dtype=torch.float64)",tensor(9),1,-2.3043742,0.09076134,0,0,0,-2.0175738,0.1173701,0,0,0,2.6379573,0.93326485,1,1,0,-0.9724276,0.2743969,0,0,0,0.022871941,0.50571775,1,0
tensor(8251),"tensor(12459., dtype=torch.float64)",tensor(9),0,3.223376,0.9617045,1,1,0,-4.9271073,0.00719529,0,0,0,-4.4614496,0.011413834,0,0,1,-0.85227823,0.29895514,0,0,1,-3.3410034,0.03419101,0,0
tensor(8255),"tensor(11256., dtype=torch.float64)",tensor(9),1,2.194153,0.89972323,1,1,0,-3.6456363,0.025440669,0,0,0,-1.8085643,0.14081173,0,0,0,-1.8716269,0.13335359,0,0,0,-1.7529706,0.14767292,0,0
tensor(8257),"tensor(8500., dtype=torch.float64)",tensor(9),0,-4.480407,0.011201895,0,0,1,-2.1231883,0.10686338,0,0,0,4.0425506,0.9827502,1,1,0,-2.6114655,0.06840416,0,0,0,-1.2561437,0.22163846,0,0
tensor(8323),"tensor(3061., dtype=torch.float64)",tensor(9),0,-7.404548,0.000608109,0,0,0,0.88138944,0.70711005,1,1,1,2.275922,0.9068632,1,1,1,4.629575,0.99033535,1,1,0,-1.1700599,0.23684414,0,0
tensor(8337),"tensor(7254., dtype=torch.float64)",tensor(9),0,-3.4988608,0.02934466,0,0,0,-0.5028138,0.37687963,0,0,0,-3.9270985,0.01932013,0,0,1,5.017671,0.9934236,1,1,1,0.6581829,0.65885204,1,0
tensor(8357),"tensor(384., dtype=torch.float64)",tensor(9),0,-2.9474418,0.049857557,0,0,0,-2.5203571,0.07444333,0,0,1,3.3168025,0.9650008,1,1,0,-1.8337762,0.13778904,0,0,0,0.6650438,0.6603925,1,0
tensor(8393),"tensor(21692., dtype=torch.float64)",tensor(9),0,0.8002557,0.69002914,1,1,0,-1.1197184,0.2460635,0,0,0,-0.33530805,0.41694963,0,0,0,-0.7491533,0.32100582,0,0,1,-1.3178656,0.21117361,0,0
tensor(8425),"tensor(12891., dtype=torch.float64)",tensor(9),0,-0.735482,0.3239929,0,1,1,0.5725008,0.63934004,1,1,0,0.011742279,0.5029355,1,0,0,-2.8590057,0.05421767,0,0,0,-2.3529506,0.08683153,0,0
tensor(8427),"tensor(2515., dtype=torch.float64)",tensor(9),1,1.3868697,0.80009204,1,1,0,-2.8398457,0.055208586,0,0,0,-0.698253,0.3321997,0,0,0,-3.4569137,0.030563343,0,0,0,-0.76346153,0.3178952,0,0
tensor(8439),"tensor(5534., dtype=torch.float64)",tensor(9),1,0.15427776,0.5384931,1,1,0,-3.2704463,0.03659909,0,0,0,-3.2221973,0.038338892,0,0,1,0.49573022,0.6214554,1,0,0,1.319239,0.7890551,1,1
tensor(8441),"tensor(9819., dtype=torch.float64)",tensor(9),1,4.623466,0.9902768,1,1,0,-4.2478004,0.014094161,0,0,0,-5.6191134,0.0036147423,0,0,0,-3.4068627,0.032081675,0,0,0,-5.0606394,0.0063015423,0,0
tensor(8467),"tensor(5966., dtype=torch.float64)",tensor(9),1,3.0003712,0.95259094,1,1,0,-4.501817,0.010967214,0,0,0,-5.5664144,0.0038095994,0,0,0,0.30450612,0.5755437,1,0,0,-4.710134,0.008923231,0,0
tensor(8483),"tensor(4970., dtype=torch.float64)",tensor(9),1,0.7090915,0.6702004,1,1,0,-3.6225023,0.026020583,0,0,0,-4.7767925,0.008352619,0,0,1,2.9638996,0.9509163,1,1,0,-1.855566,0.1352207,0,0
tensor(8525),"tensor(2407., dtype=torch.float64)",tensor(9),0,-4.248489,0.014084595,0,0,0,-0.14116466,0.46476734,0,0,1,2.7646968,0.940738,1,1,0,-1.3223984,0.21041952,0,0,0,-2.1519177,0.10415216,0,0
tensor(8543),"tensor(2284., dtype=torch.float64)",tensor(9),0,-9.62328,6.616588e-05,0,0,0,-8.298024,0.00024894637,0,0,0,-6.0616183,0.0023252068,0,0,0,-7.757279,0.0004274358,0,0,0,-10.832575,1.974531e-05,0,0
tensor(8551),"tensor(4265., dtype=torch.float64)",tensor(9),0,-6.3206673,0.0017955133,0,0,1,0.6960005,0.6673004,1,1,0,-3.1356275,0.041661344,0,0,1,7.8623586,0.9996152,1,1,1,-0.53707,0.36886945,0,0
tensor(8563),"tensor(7919., dtype=torch.float64)",tensor(9),1,1.8942704,0.86924165,1,1,0,-0.6533188,0.34224203,0,0,0,-3.0524957,0.04510985,0,0,0,-2.7036254,0.062759764,0,0,0,-2.9336023,0.050517254,0,0
tensor(8565),"tensor(6422., dtype=torch.float64)",tensor(9),1,3.3424048,0.9658552,1,1,0,-4.535056,0.010612473,0,0,0,-5.3867745,0.0045558605,0,0,0,-0.74087995,0.32281175,0,0,0,-3.9860055,0.018235065,0,0
tensor(8581),"tensor(385., dtype=torch.float64)",tensor(9),0,-3.5173843,0.028821621,0,0,0,0.7170716,0.6719618,1,1,0,-0.79857814,0.31032977,0,0,1,2.6171794,0.93195903,1,1,0,0.76241297,0.68187743,1,0
tensor(8583),"tensor(5915., dtype=torch.float64)",tensor(9),1,3.198955,0.9607949,1,1,0,-3.2493296,0.037350986,0,0,0,-4.6065245,0.009887723,0,0,0,-2.4618075,0.07857937,0,0,0,-2.0676365,0.11228241,0,0
tensor(8603),"tensor(11296., dtype=torch.float64)",tensor(9),1,4.5765877,0.9898149,1,1,0,-4.85007,0.007767031,0,0,0,-5.6896467,0.0033693956,0,0,0,-3.4498904,0.030772127,0,0,0,-3.8775973,0.020280683,0,0
tensor(8627),"tensor(5404., dtype=torch.float64)",tensor(9),1,1.3687096,0.7971716,1,1,0,-0.79679745,0.31071097,0,0,0,-1.8862365,0.13167417,0,0,0,-2.8746488,0.053421088,0,0,0,-1.0876673,0.2520578,0,0
tensor(8683),"tensor(3922., dtype=torch.float64)",tensor(9),0,-3.8793082,0.020246716,0,0,1,2.198639,0.90012723,1,1,0,0.9008168,0.7111173,1,1,0,-1.1592798,0.23879819,0,0,0,-1.5677713,0.17253433,0,0
tensor(8689),"tensor(8609., dtype=torch.float64)",tensor(9),1,5.231606,0.99468344,1,1,0,-6.4241548,0.0016192772,0,0,0,-5.6548424,0.0034883139,0,0,0,-3.5716212,0.027341664,0,0,0,-4.606411,0.009888834,0,0
tensor(8739),"tensor(2030., dtype=torch.float64)",tensor(9),1,2.6665287,0.9350224,1,1,0,-2.5862474,0.070028774,0,0,0,-3.398879,0.032330517,0,0,0,-1.3978255,0.1981614,0,0,0,-4.4910154,0.011085001,0,0
tensor(8757),"tensor(18426., dtype=torch.float64)",tensor(9),1,-0.6935377,0.33324656,0,1,0,-2.5948732,0.0694691,0,0,0,0.1654158,0.54125994,1,0,0,-0.7592184,0.31881598,0,0,0,1.6332773,0.83661807,1,1
tensor(8761),"tensor(18223., dtype=torch.float64)",tensor(9),0,-1.7167714,0.1522875,0,0,1,2.4383972,0.9197088,1,1,0,-2.822065,0.056143403,0,0,0,-0.2950353,0.4267716,0,0,0,0.026284881,0.5065708,1,0
tensor(8763),"tensor(18245., dtype=torch.float64)",tensor(9),0,-1.4783204,0.18568125,0,0,0,-1.6469018,0.16152811,0,0,1,0.9084858,0.7126902,1,1,0,1.437921,0.8081325,1,1,0,0.53273255,0.6301202,1,0
tensor(8767),"tensor(6690., dtype=torch.float64)",tensor(9),1,0.85060376,0.7006938,1,1,0,-0.25229827,0.43725792,0,0,0,-1.3434317,0.2069463,0,0,0,-2.5262218,0.07404026,0,0,0,-1.5888568,0.16954479,0,0
tensor(8779),"tensor(17952., dtype=torch.float64)",tensor(9),0,-3.9263458,0.019334396,0,0,0,-0.106136695,0.47349074,0,0,1,2.943928,0.9499758,1,1,0,-2.2240663,0.09761006,0,0,0,0.77024674,0.6835743,1,0
tensor(8789),"tensor(20786., dtype=torch.float64)",tensor(9),1,2.2994642,0.90883267,1,1,0,-3.0066404,0.047126777,0,0,0,-3.4893045,0.029618086,0,0,0,-2.8882666,0.05273665,0,0,0,-0.49474263,0.37877694,0,0
tensor(8809),"tensor(14680., dtype=torch.float64)",tensor(9),1,3.6642566,0.97501695,1,1,0,-2.9210963,0.051120494,0,0,0,-5.6997986,0.0033354766,0,0,0,-2.2793536,0.092847385,0,0,0,-4.6495123,0.00947562,0,0
tensor(8863),"tensor(9899., dtype=torch.float64)",tensor(9),0,-4.9432874,0.0070806253,0,0,0,0.29884025,0.57415897,1,0,0,-0.4912767,0.37959287,0,0,1,4.8815036,0.99247146,1,1,0,0.5216245,0.6275276,1,0
tensor(8887),"tensor(18703., dtype=torch.float64)",tensor(9),0,-3.266833,0.036726702,0,0,1,0.4168135,0.6027205,1,1,0,2.1776013,0.89822,1,1,0,-1.8648016,0.13414437,0,0,0,-0.98733395,0.271439,0,0
tensor(8907),"tensor(11141., dtype=torch.float64)",tensor(9),0,-4.418299,0.011911133,0,0,0,1.3900045,0.80059296,1,1,0,0.17253646,0.5430274,1,0,1,3.4124112,0.9680902,1,1,1,-0.8445281,0.30058196,0,0
tensor(8931),"tensor(7018., dtype=torch.float64)",tensor(9),1,-2.0815806,0.11090001,0,0,0,-0.756347,0.3194399,0,0,0,1.5288858,0.8218432,1,1,0,1.5431671,0.8239247,1,1,0,-0.41099277,0.39867407,0,0
tensor(8935),"tensor(12835., dtype=torch.float64)",tensor(9),1,2.7362273,0.9391308,1,1,0,-2.881369,0.053082276,0,0,0,-5.240417,0.0052701263,0,0,0,-0.37429842,0.4075028,0,0,0,-4.483611,0.011166462,0,0
tensor(8967),"tensor(21654., dtype=torch.float64)",tensor(9),0,-6.862179,0.0010455367,0,0,0,-5.4953837,0.0040888926,0,0,0,-4.5159025,0.01081548,0,0,0,-3.084209,0.04376334,0,0,0,-7.439439,0.0005872698,0,0
tensor(8977),"tensor(7062., dtype=torch.float64)",tensor(9),0,1.943939,0.87478423,1,1,1,-0.50864494,0.37551123,0,0,0,-4.4067445,0.012047892,0,0,0,-5.9534945,0.0025900244,0,0,0,-5.208525,0.005439979,0,0
tensor(9007),"tensor(11412., dtype=torch.float64)",tensor(9),1,4.401398,0.9878883,1,1,0,-5.2627287,0.005154442,0,0,0,-5.789231,0.003050998,0,0,0,-2.1159267,0.10755844,0,0,0,-4.3257623,0.013050888,0,0
tensor(9011),"tensor(1688., dtype=torch.float64)",tensor(9),1,0.37239182,0.5920368,1,1,0,-0.8209143,0.30556962,0,0,0,-1.5042431,0.18179353,0,0,0,0.99313754,0.72970724,1,1,0,-1.5122389,0.18060724,0,0
tensor(9043),"tensor(21546., dtype=torch.float64)",tensor(9),1,2.7788868,0.9415242,1,1,0,-2.3944075,0.083600156,0,0,0,-2.547196,0.072615094,0,0,0,-2.8138409,0.056580808,0,0,0,-6.265901,0.0018963974,0,0
tensor(9073),"tensor(15003., dtype=torch.float64)",tensor(9),1,0.7391749,0.6768154,1,1,0,-1.6044928,0.16735461,0,0,0,-1.8332299,0.13785395,0,0,0,-0.73555624,0.3239766,0,0,0,0.68544334,0.6649525,1,0
tensor(9081),"tensor(19253., dtype=torch.float64)",tensor(9),0,-4.831282,0.00791317,0,0,0,-0.9027199,0.28849187,0,0,0,1.140931,0.7578505,1,1,1,3.8558865,0.9792834,1,1,0,1.9051263,0.87047064,1,1
tensor(9085),"tensor(6911., dtype=torch.float64)",tensor(9),1,-1.7120998,0.15289156,0,0,0,-1.4736946,0.1863817,0,0,1,-0.7145101,0.32860303,0,0,1,2.6194568,0.9321034,1,1,0,0.8080596,0.69169587,1,0
tensor(9127),"tensor(6277., dtype=torch.float64)",tensor(9),1,3.903244,0.98022264,1,1,0,-3.3571954,0.03366033,0,0,0,-4.920278,0.0072442396,0,0,0,-4.0190454,0.017652888,0,0,0,-2.6056218,0.06877748,0,0
tensor(9155),"tensor(15982., dtype=torch.float64)",tensor(9),1,3.9238243,0.9806177,1,1,0,-4.289126,0.013531302,0,0,0,-5.612674,0.003638008,0,0,0,-2.679675,0.06418339,0,0,0,-2.9858687,0.048068374,0,0
tensor(9197),"tensor(19232., dtype=torch.float64)",tensor(9),1,4.3166733,0.98683155,1,1,0,-3.8481405,0.020874318,0,0,0,-4.1511445,0.015502279,0,0,0,-3.6782796,0.024643745,0,0,0,-5.271018,0.005112109,0,0
tensor(9225),"tensor(21500., dtype=torch.float64)",tensor(9),1,2.5979526,0.9307297,1,1,0,-4.0345974,0.017385209,0,0,0,-4.553801,0.010417449,0,0,0,-1.4346311,0.19237813,0,0,0,-0.96646386,0.2755859,0,0
tensor(9417),"tensor(10093., dtype=torch.float64)",tensor(9),1,2.0682437,0.8877781,1,1,0,-2.7548125,0.059815433,0,0,0,-3.9370625,0.019132245,0,0,0,-0.52345616,0.37204444,0,0,0,-1.7604955,0.14672828,0,0
tensor(9431),"tensor(20520., dtype=torch.float64)",tensor(9),1,-0.17395729,0.45662,0,1,0,-3.7824342,0.022260398,0,0,0,1.0312068,0.73714983,1,1,0,-2.9115334,0.051586367,0,0,0,0.58240074,0.6416196,1,0
tensor(9459),"tensor(9206., dtype=torch.float64)",tensor(9),1,2.1949372,0.8997939,1,1,0,-1.9640013,0.12303467,0,0,0,-3.4421537,0.031003717,0,0,0,-2.517583,0.07463471,0,0,0,-1.0716708,0.25508547,0,0
tensor(9479),"tensor(16595., dtype=torch.float64)",tensor(9),1,-2.5691028,0.07115358,0,0,0,1.464571,0.8122308,1,1,0,0.9428864,0.71968234,1,1,0,-0.96275014,0.2763279,0,0,0,-1.1839147,0.23434909,0,0
tensor(9521),"tensor(19367., dtype=torch.float64)",tensor(9),1,4.734132,0.99128646,1,1,0,-3.945517,0.018974228,0,0,0,-6.2175937,0.0019900694,0,0,0,-3.8605137,0.02062292,0,0,0,-4.3363523,0.012915182,0,0
tensor(9555),"tensor(19999., dtype=torch.float64)",tensor(9),1,3.5743208,0.97273004,1,1,0,-5.069844,0.006244167,0,0,0,-4.999663,0.0066950927,0,0,0,-2.166738,0.102777444,0,0,0,-2.018312,0.11729366,0,0
tensor(9615),"tensor(18393., dtype=torch.float64)",tensor(9),0,-3.6050293,0.026467098,0,0,0,-2.3332767,0.08840424,0,0,0,3.4610016,0.9695575,1,1,0,-4.4798794,0.011207744,0,0,1,2.9017935,0.94793504,1,1
tensor(9645),"tensor(14816., dtype=torch.float64)",tensor(9),1,-4.5447803,0.010510855,0,0,0,2.631916,0.93288755,1,1,0,1.0056192,0.73216194,1,1,0,-3.213118,0.03867504,0,0,0,-2.3570235,0.086509116,0,0
tensor(9667),"tensor(15687., dtype=torch.float64)",tensor(9),1,5.5778317,0.9962335,1,1,0,-6.3609743,0.0017247029,0,0,0,-6.9379516,0.00096931466,0,0,0,-3.0059547,0.047157582,0,0,0,-5.8775625,0.002793779,0,0
tensor(9671),"tensor(20833., dtype=torch.float64)",tensor(9),1,3.3459451,0.96597177,1,1,0,-3.1902618,0.03953384,0,0,0,-4.474494,0.011267582,0,0,0,-2.6372817,0.06677724,0,0,0,-2.8448973,0.054945685,0,0
tensor(9673),"tensor(9402., dtype=torch.float64)",tensor(9),0,-6.044118,0.00236616,0,0,0,-0.80579495,0.3087873,0,0,1,2.6977198,0.9368919,1,1,0,4.204596,0.98529273,1,1,0,0.46333367,0.6138047,1,0
tensor(9677),"tensor(17012., dtype=torch.float64)",tensor(9),1,2.3904397,0.9160953,1,1,0,-4.1492643,0.015531001,0,0,0,-2.9315717,0.05061474,0,0,0,-2.96942,0.048826654,0,0,0,-0.4151287,0.39768302,0,0
tensor(9699),"tensor(10577., dtype=torch.float64)",tensor(9),0,-3.0128038,0.04685078,0,0,0,1.1560961,0.7606226,1,1,0,0.121144265,0.53024906,1,0,1,1.7306924,0.84950095,1,1,0,-0.48573184,0.38089952,0,0
tensor(9759),"tensor(17113., dtype=torch.float64)",tensor(9),1,4.9244366,0.9927857,1,1,0,-5.8011546,0.0030149438,0,0,0,-6.730557,0.0011924442,0,0,0,-1.5454557,0.17574358,0,0,0,-6.945197,0.0009623235,0,0
tensor(9771),"tensor(10614., dtype=torch.float64)",tensor(9),1,6.070029,0.9976942,1,1,0,-6.0171137,0.0024307696,0,0,0,-7.1688366,0.0007696255,0,0,0,-3.6048214,0.026472453,0,0,0,-7.4386024,0.00058776094,0,0
tensor(9789),"tensor(14683., dtype=torch.float64)",tensor(9),0,1.1030233,0.7508261,1,1,0,-2.0760274,0.11144874,0,0,1,-1.7384458,0.14951046,0,0,0,0.44684786,0.6098895,1,0,0,-1.777167,0.14465332,0,0
tensor(9813),"tensor(13317., dtype=torch.float64)",tensor(9),0,-3.1134624,0.042555347,0,0,0,-0.6028981,0.35368094,0,0,0,-1.0072514,0.2675181,0,0,1,3.6855876,0.9755313,1,1,1,-0.09819485,0.47547102,0,0
tensor(9841),"tensor(7877., dtype=torch.float64)",tensor(9),1,0.49887842,0.6221957,1,1,0,-3.2225518,0.03832582,0,0,0,-0.22007442,0.44520235,0,0,0,-1.7071853,0.15352917,0,0,0,0.85021585,0.7006124,1,0
tensor(9845),"tensor(1152., dtype=torch.float64)",tensor(9),0,-0.7645246,0.3176647,0,1,0,-2.9085557,0.051732242,0,0,1,1.7046638,0.8461429,1,1,0,-3.3131666,0.03512225,0,0,0,0.9274782,0.71656334,1,0
tensor(9847),"tensor(4660., dtype=torch.float64)",tensor(9),0,-2.961102,0.049214415,0,0,0,-2.3667471,0.0857438,0,0,1,3.3069098,0.9646651,1,1,0,-2.6331525,0.06703502,0,0,0,1.2434876,0.7761705,1,1
tensor(9879),"tensor(13111., dtype=torch.float64)",tensor(9),0,-3.5843093,0.02700625,0,0,1,2.9540577,0.95045495,1,1,0,0.11583028,0.52892524,1,0,0,-1.1848559,0.2341802,0,0,0,-1.2080764,0.23004158,0,0
tensor(9895),"tensor(8141., dtype=torch.float64)",tensor(9),0,-5.9296412,0.002652382,0,0,1,-0.12829156,0.4679711,0,0,0,-1.4631815,0.1879812,0,0,1,6.5921016,0.9986307,1,1,1,0.68042576,0.66383374,1,0
tensor(9899),"tensor(19456., dtype=torch.float64)",tensor(9),0,-6.2226977,0.001979958,0,0,0,-0.07695772,0.48077002,0,0,1,3.9027607,0.98021334,1,1,1,-0.24584198,0.43884718,0,0,0,-0.22542077,0.44388223,0,0
tensor(9913),"tensor(12994., dtype=torch.float64)",tensor(9),0,-7.02296,0.00089038996,0,0,1,3.7630029,0.9773127,1,1,1,1.3329476,0.7913278,1,1,0,0.96676797,0.7244748,1,1,1,-1.4625796,0.1880731,0,0
tensor(9915),"tensor(9979., dtype=torch.float64)",tensor(9),0,-5.991483,0.002493719,0,0,1,5.1240954,0.9940836,1,1,1,-0.6465045,0.3437777,0,0,0,-3.8660946,0.0205105,0,0,0,-2.9064982,0.05183327,0,0
tensor(9955),"tensor(16214., dtype=torch.float64)",tensor(9),1,3.1247106,0.95790064,1,1,0,-3.2789345,0.036300972,0,0,0,-4.006453,0.017872587,0,0,0,-2.387094,0.08416215,0,0,0,-2.2302976,0.09706256,0,0
tensor(9965),"tensor(10897., dtype=torch.float64)",tensor(9),0,-1.8284924,0.13841797,0,0,1,1.3729379,0.7978544,1,1,0,-1.5976865,0.1683052,0,0,0,2.1915479,0.8994879,1,1,0,-0.74798554,0.3212604,0,0
tensor(9989),"tensor(3936., dtype=torch.float64)",tensor(9),0,-2.66754,0.064916134,0,0,0,3.969636,0.98146963,1,1,0,-3.307991,0.035298064,0,0,1,-1.7853584,0.14364274,0,0,0,-2.2767975,0.09306289,0,0
tensor(10003),"tensor(5760., dtype=torch.float64)",tensor(9),0,-5.598328,0.0036903818,0,0,0,1.3769104,0.79849434,1,1,0,0.90082085,0.71111816,1,1,1,3.8022568,0.97816694,1,1,0,-0.13727695,0.46573457,0,0
tensor(10005),"tensor(4499., dtype=torch.float64)",tensor(9),1,5.488171,0.9958817,1,1,0,-5.2000313,0.005486128,0,0,0,-5.7495813,0.0031740072,0,0,0,-5.911086,0.002701923,0,0,0,-4.905379,0.007352182,0,0
tensor(10013),"tensor(17483., dtype=torch.float64)",tensor(9),1,3.0881026,0.9563993,1,1,0,-3.8557591,0.02071917,0,0,0,-4.9521127,0.007018847,0,0,0,-2.2858896,0.09229834,0,0,0,-1.5376542,0.17687656,0,0
tensor(10025),"tensor(7110., dtype=torch.float64)",tensor(9),0,-0.34451658,0.4147128,0,1,1,-1.9525826,0.12427202,0,0,0,0.49538478,0.62137413,1,0,0,-3.0809898,0.04389825,0,0,0,1.0303131,0.73697656,1,1
tensor(10035),"tensor(6230., dtype=torch.float64)",tensor(9),1,2.0966034,0.8905726,1,1,0,-4.2490954,0.014076176,0,0,0,-1.9794309,0.12137951,0,0,0,-2.260745,0.09442665,0,0,0,-0.876383,0.29392785,0,0
tensor(10039),"tensor(21412., dtype=torch.float64)",tensor(9),1,2.2938936,0.90837,1,1,0,-3.7257543,0.023528013,0,0,0,-3.8698585,0.02043502,0,0,0,-1.3657143,0.20331316,0,0,0,-0.8132923,0.30718938,0,0
tensor(10045),"tensor(11479., dtype=torch.float64)",tensor(9),0,3.7832181,0.97775674,1,1,0,-4.1157613,0.016051657,0,0,0,-3.9593198,0.018719,0,0,1,-3.3297365,0.034565024,0,0,1,-2.9536102,0.04956616,0,0
tensor(10057),"tensor(4158., dtype=torch.float64)",tensor(9),0,-3.43993,0.031070594,0,0,0,-1.5754985,0.17143396,0,0,1,3.0191376,0.9534313,1,1,0,-2.0847964,0.11058333,0,0,0,-1.7607268,0.14669934,0,0
tensor(10103),"tensor(18832., dtype=torch.float64)",tensor(9),1,4.5293565,0.98932755,1,1,0,-5.0626035,0.006289256,0,0,0,-5.6753974,0.0034175857,0,0,0,-2.5437493,0.07284754,0,0,0,-4.3657775,0.012545387,0,0
tensor(10111),"tensor(495., dtype=torch.float64)",tensor(9),0,0.42152637,0.6038484,1,1,0,-2.1230242,0.10687905,0,0,1,0.4676902,0.61483693,1,0,0,-1.7922397,0.14279835,0,0,0,-0.39888155,0.40158108,0,0
tensor(10125),"tensor(12855., dtype=torch.float64)",tensor(9),1,3.8460193,0.97908235,1,1,0,-3.5447905,0.028064324,0,0,0,-3.7215872,0.02362394,0,0,0,-2.8173213,0.056395315,0,0,0,-4.978443,0.006837697,0,0
tensor(10145),"tensor(1347., dtype=torch.float64)",tensor(9),1,5.469118,0.9958027,1,1,0,-6.1824527,0.0020610988,0,0,0,-7.452997,0.00057936565,0,0,0,-3.4290516,0.031399764,0,0,0,-4.1818466,0.01504061,0,0
tensor(10155),"tensor(4993., dtype=torch.float64)",tensor(9),1,-0.9270932,0.28351483,0,0,0,-1.8945731,0.13072394,0,0,0,0.43091252,0.60609156,1,0,0,-2.3476162,0.08725544,0,0,0,1.8773857,0.8673106,1,1
tensor(10191),"tensor(11124., dtype=torch.float64)",tensor(9),1,5.0005784,0.99331105,1,1,0,-5.9414763,0.0026212577,0,0,0,-5.652489,0.0034965035,0,0,0,-2.982184,0.048237268,0,0,0,-4.743473,0.008633168,0,0
tensor(10203),"tensor(17437., dtype=torch.float64)",tensor(9),1,1.1735299,0.7637825,1,1,0,-2.4649634,0.07835116,0,0,0,-4.1469226,0.015566845,0,0,1,0.08599521,0.5214855,1,0,0,0.112546556,0.528107,1,0
tensor(10209),"tensor(12421., dtype=torch.float64)",tensor(9),1,-3.521089,0.0287181,0,0,0,2.106485,0.8915319,1,1,0,-1.7461721,0.14853068,0,0,0,2.703665,0.93724257,1,1,0,0.07774823,0.51942724,1,0
tensor(10217),"tensor(9238., dtype=torch.float64)",tensor(9),1,3.2370138,0.9622037,1,1,0,-5.0726285,0.0062269107,0,0,0,-3.306638,0.03534417,0,0,0,-3.1583195,0.040764716,0,0,0,-1.8785588,0.13255452,0,0
tensor(10235),"tensor(17371., dtype=torch.float64)",tensor(9),1,1.9331968,0.87360287,1,1,0,-0.6811906,0.3359956,0,0,0,-4.2284093,0.014366163,0,0,0,-2.2157137,0.098348245,0,0,0,-2.5675352,0.071257256,0,0
tensor(10263),"tensor(18245., dtype=torch.float64)",tensor(9),0,-4.139427,0.01568213,0,0,0,-0.25025442,0.4377609,0,0,1,2.6640158,0.9348696,1,1,0,0.9027671,0.7115178,1,1,0,0.20509082,0.55109376,1,0
tensor(10273),"tensor(10471., dtype=torch.float64)",tensor(9),0,-4.7450337,0.008619822,0,0,1,1.4072125,0.8033259,1,1,1,-0.23015603,0.44271368,0,0,1,3.9732213,0.9815346,1,1,0,0.055764697,0.51393753,1,0
tensor(10277),"tensor(13646., dtype=torch.float64)",tensor(9),1,0.68415254,0.66466486,1,1,0,-2.7042208,0.062724754,0,0,0,0.54606175,0.6332214,1,0,0,-1.7905233,0.14300857,0,0,0,-1.2377244,0.22483234,0,0
tensor(10279),"tensor(21447., dtype=torch.float64)",tensor(9),0,-1.7669537,0.14592157,0,0,0,-3.230761,0.0380244,0,0,0,-4.1126475,0.01610091,0,0,1,4.5905566,0.9899547,1,1,1,0.7275191,0.67426056,1,0
tensor(10297),"tensor(20406., dtype=torch.float64)",tensor(9),1,4.1073637,0.98381513,1,1,0,-4.4224143,0.011862798,0,0,0,-5.6721606,0.0034286275,0,0,0,-2.5387397,0.07318662,0,0,0,-3.7007074,0.02411037,0,0
tensor(10301),"tensor(21606., dtype=torch.float64)",tensor(9),0,-5.740283,0.0032035627,0,0,1,0.95241994,0.72160155,1,1,0,2.1709163,0.8976072,1,1,1,2.0899465,0.8899222,1,1,0,1.9680859,0.8774054,1,1
tensor(10305),"tensor(12632., dtype=torch.float64)",tensor(9),0,1.5492644,0.82480747,1,1,0,-1.8750198,0.13296196,0,0,0,-3.9737108,0.018456481,0,0,1,0.083280206,0.52080804,1,0,0,-1.9174117,0.12815048,0,0
tensor(10313),"tensor(8207., dtype=torch.float64)",tensor(9),0,-2.528697,0.07387074,0,0,1,-0.10537708,0.47368008,0,0,0,-3.2890046,0.03595033,0,0,1,4.1071305,0.98381144,1,1,0,-0.33242357,0.41765103,0,0
tensor(10331),"tensor(3237., dtype=torch.float64)",tensor(9),0,-3.674002,0.024746776,0,0,0,-0.43644163,0.39258918,0,0,0,0.23326206,0.55805254,1,0,1,3.9543362,0.98118925,1,1,0,0.20713243,0.5515988,1,0
tensor(10347),"tensor(18563., dtype=torch.float64)",tensor(9),0,-5.395454,0.0045166677,0,0,1,4.713888,0.99110997,1,1,0,-2.3944569,0.08359637,0,0,1,-0.55665225,0.36432242,0,0,0,-4.1917076,0.014895221,0,0
tensor(10349),"tensor(13867., dtype=torch.float64)",tensor(9),0,-4.2224092,0.01445137,0,0,0,-1.7713797,0.14537084,0,0,1,3.687615,0.9755796,1,1,0,-0.5775913,0.35948703,0,0,1,2.1121945,0.8920828,1,1
tensor(10361),"tensor(9565., dtype=torch.float64)",tensor(9),0,0.582992,0.6417556,1,1,1,0.32123446,0.57962507,1,0,0,-1.7911134,0.14293629,0,0,0,-1.9712625,0.12225334,0,0,0,-2.8569443,0.05432347,0,0
tensor(10375),"tensor(6566., dtype=torch.float64)",tensor(9),1,-1.6494997,0.16117659,0,0,0,-2.178944,0.101657316,0,0,0,0.35502565,0.5878358,1,0,0,-1.7758338,0.14481834,0,0,0,2.5423894,0.9270606,1,1
tensor(10395),"tensor(7375., dtype=torch.float64)",tensor(9),0,-5.0426135,0.0064154277,0,0,0,-1.7016516,0.15424968,0,0,0,-3.0595386,0.04480745,0,0,1,6.554777,0.99857867,1,1,0,0.42213434,0.60399383,1,0
tensor(10413),"tensor(889., dtype=torch.float64)",tensor(9),1,4.1243534,0.9840835,1,1,0,-5.267384,0.0051306244,0,0,0,-5.4298325,0.0043646963,0,0,0,-3.0336256,0.04592969,0,0,0,-2.1336367,0.10587024,0,0
tensor(10439),"tensor(3789., dtype=torch.float64)",tensor(9),0,0.50051945,0.62258136,1,1,0,-4.218469,0.0145075945,0,0,0,-4.752218,0.008558646,0,0,1,0.97264594,0.72564656,1,1,0,1.2907637,0.7842764,1,1
tensor(10453),"tensor(2058., dtype=torch.float64)",tensor(9),0,-6.9766407,0.0009325632,0,0,1,4.866096,0.99235547,1,1,1,0.47764584,0.6171918,1,0,0,-4.5959916,0.009991374,0,0,0,-3.9622111,0.018665966,0,0
tensor(10483),"tensor(17168., dtype=torch.float64)",tensor(9),1,3.1845703,0.9602495,1,1,0,-3.3827186,0.03283994,0,0,0,-4.9480195,0.0070474325,0,0,0,-1.2544842,0.22192489,0,0,0,-3.6346028,0.025715668,0,0
tensor(10491),"tensor(17007., dtype=torch.float64)",tensor(9),1,1.5796177,0.8291504,1,1,0,-2.912434,0.051542312,0,0,0,-2.7419708,0.060541715,0,0,0,-3.4478352,0.030833485,0,0,0,0.61541814,0.64917576,1,0
tensor(10509),"tensor(5450., dtype=torch.float64)",tensor(9),1,3.4778407,0.97005063,1,1,0,-4.3165545,0.013170021,0,0,0,-4.414684,0.011953758,0,0,0,-3.3730369,0.03314884,0,0,0,-1.71888,0.15201546,0,0
tensor(10529),"tensor(3175., dtype=torch.float64)",tensor(9),0,-7.3995957,0.00061112625,0,0,1,1.1268976,0.75526595,1,1,1,2.6305003,0.93279886,1,1,1,3.2718546,0.96345055,1,1,1,1.8372276,0.8626205,1,1
tensor(10535),"tensor(5145., dtype=torch.float64)",tensor(9),1,1.1887314,0.7665141,1,1,0,0.14075936,0.5351319,1,0,0,-3.7270212,0.023498923,0,0,0,-1.900841,0.13001332,0,0,0,-1.0593722,0.25742945,0,0
tensor(10549),"tensor(1218., dtype=torch.float64)",tensor(9),1,1.6615098,0.8404406,1,1,0,-2.2043855,0.09935736,0,0,0,-1.5772183,0.1711898,0,0,0,-2.6538932,0.06574946,0,0,0,-0.66021127,0.3406922,0,0
tensor(10575),"tensor(19785., dtype=torch.float64)",tensor(9),0,-0.49148,0.379545,0,1,0,-1.5242015,0.17884366,0,0,1,1.5563172,0.82582426,1,1,0,-3.6110983,0.026311167,0,0,0,-1.1693059,0.23698047,0,0
tensor(10595),"tensor(16144., dtype=torch.float64)",tensor(9),1,4.45427,0.9885048,1,1,0,-5.380105,0.004586208,0,0,0,-5.826216,0.0029405428,0,0,0,-2.1688614,0.1025818,0,0,0,-4.2049046,0.014702813,0,0
tensor(10605),"tensor(11139., dtype=torch.float64)",tensor(9),0,-5.447701,0.0042877295,0,0,0,0.19816752,0.5493804,1,0,0,-0.640673,0.34509444,0,0,0,4.394563,0.98780626,1,1,0,-2.5796964,0.07045661,0,0
tensor(10609),"tensor(2817., dtype=torch.float64)",tensor(9),0,-7.4800487,0.0005639118,0,0,1,3.0140622,0.9532054,1,1,1,3.08199,0.9561437,1,1,0,-3.4869685,0.0296853,0,0,1,2.2476912,0.90445125,1,1
tensor(10621),"tensor(524., dtype=torch.float64)",tensor(9),1,-2.614217,0.06822903,0,0,0,-3.4539948,0.03064995,0,0,0,3.2540958,0.96282005,1,1,0,-2.2177286,0.09816971,0,0,0,0.9457262,0.72025484,1,0
tensor(10627),"tensor(14290., dtype=torch.float64)",tensor(9),1,3.6513777,0.97470134,1,1,0,-5.2591953,0.005172592,0,0,0,-3.5758245,0.027230103,0,0,0,-3.5100863,0.029026601,0,0,0,-2.5007808,0.075803466,0,0
tensor(10641),"tensor(20211., dtype=torch.float64)",tensor(9),1,4.1668496,0.9847356,1,1,0,-4.159079,0.015381647,0,0,0,-5.6750817,0.0034186614,0,0,0,-2.44635,0.07970588,0,0,0,-4.026283,0.017527819,0,0
tensor(10643),"tensor(5972., dtype=torch.float64)",tensor(9),0,1.9775145,0.87841594,1,1,0,-2.8066201,0.056967486,0,0,1,-1.172149,0.23646678,0,0,0,-2.037295,0.115342446,0,0,0,-2.2106502,0.09879816,0,0
tensor(10653),"tensor(924., dtype=torch.float64)",tensor(9),1,2.6475132,0.93385756,1,1,0,-3.630396,0.025821276,0,0,0,-2.804115,0.057102203,0,0,0,-3.5062034,0.029136237,0,0,0,-1.03492,0.26213136,0,0
tensor(10695),"tensor(17440., dtype=torch.float64)",tensor(9),0,1.1368892,0.75710803,1,1,0,-1.4894385,0.184006,0,0,0,-3.3678007,0.033317067,0,0,1,-0.18253735,0.45449194,0,0,1,-0.66382605,0.33988065,0,0
tensor(10711),"tensor(6815., dtype=torch.float64)",tensor(9),1,0.9156439,0.7141537,1,1,0,-2.9078848,0.05176516,0,0,0,-0.6377053,0.3457654,0,0,0,-1.4526701,0.18959099,0,0,0,0.120339446,0.5300486,1,0
tensor(10749),"tensor(1203., dtype=torch.float64)",tensor(9),1,3.6285682,0.97413266,1,1,0,-3.5179636,0.028805409,0,0,0,-6.142075,0.0021458422,0,0,0,-2.4734993,0.07773699,0,0,0,-2.60551,0.06878465,0,0
tensor(10761),"tensor(20664., dtype=torch.float64)",tensor(9),0,-2.896068,0.05234827,0,0,1,2.9825244,0.95177835,1,1,0,-1.2593997,0.22107725,0,0,0,0.43481964,0.60702395,1,0,1,-0.64714736,0.34363267,0,0
tensor(10763),"tensor(6426., dtype=torch.float64)",tensor(9),0,-4.6230087,0.009727639,0,0,0,-0.3646425,0.4098362,0,0,1,3.4873083,0.97032446,1,1,0,-1.7181954,0.15210375,0,0,1,2.1242228,0.8932353,1,1
tensor(10775),"tensor(344., dtype=torch.float64)",tensor(9),0,-0.31820938,0.42111215,0,1,0,-0.7349732,0.32410434,0,0,0,-4.8938146,0.007437062,0,0,1,3.143388,0.95864743,1,1,0,-3.1342027,0.04171827,0,0
tensor(10783),"tensor(5960., dtype=torch.float64)",tensor(9),1,1.3912866,0.8007976,1,1,0,-2.7763166,0.058617476,0,0,0,-1.065889,0.25618568,0,0,0,-2.8046656,0.057072572,0,0,0,-0.5282719,0.37092006,0,0
tensor(10867),"tensor(19906., dtype=torch.float64)",tensor(9),0,-6.2210565,0.0019832037,0,0,1,2.8890283,0.94730145,1,1,0,1.7800078,0.8556979,1,1,0,-0.681361,0.3359576,0,0,0,-0.8167393,0.30645624,0,0
tensor(10873),"tensor(21528., dtype=torch.float64)",tensor(9),0,-4.0240717,0.017565934,0,0,1,-0.119383916,0.47018942,0,0,0,2.9177384,0.94871634,1,1,0,-1.3807552,0.20088775,0,0,0,0.9570113,0.72252303,1,0
tensor(10881),"tensor(13043., dtype=torch.float64)",tensor(9),0,-6.974069,0.0009349621,0,0,1,1.8744341,0.8669705,1,1,0,2.7431643,0.93952614,1,1,0,1.3242316,0.7898849,1,1,0,1.6280125,0.8358972,1,1
tensor(10919),"tensor(20855., dtype=torch.float64)",tensor(9),0,-0.57358855,0.3604092,0,1,1,-0.24957117,0.43792903,0,0,0,0.2214658,0.5551412,1,0,0,-1.6894944,0.15584235,0,0,0,-0.5654844,0.36227944,0,0
tensor(10987),"tensor(2017., dtype=torch.float64)",tensor(9),1,1.7712586,0.8546141,1,1,0,-0.90290004,0.2884549,0,0,0,-4.6646705,0.009334401,0,0,1,-0.67930275,0.33641693,0,0,0,-3.7731054,0.022464344,0,0
tensor(10995),"tensor(9936., dtype=torch.float64)",tensor(9),0,-7.4475894,0.0005825054,0,0,1,4.4134564,0.98803174,1,1,0,-0.3232,0.41989607,0,0,1,3.4332106,0.9687265,1,1,0,-1.0220618,0.26462597,0,0
tensor(11023),"tensor(9936., dtype=torch.float64)",tensor(9),0,-6.073625,0.0022975195,0,0,1,3.515283,0.9711195,1,1,1,0.13686907,0.53416395,1,0,1,2.5247402,0.92585814,1,1,0,-1.3406758,0.20739895,0,0
tensor(11045),"tensor(9439., dtype=torch.float64)",tensor(9),0,-3.9917502,0.018132504,0,0,0,1.1328999,0.75637364,1,1,0,-1.8737538,0.13310798,0,0,1,4.0879006,0.9835023,1,1,0,0.1628693,0.54062754,1,0
tensor(11049),"tensor(3685., dtype=torch.float64)",tensor(9),1,2.5284748,0.9261141,1,1,0,-3.0195255,0.04655153,0,0,0,-3.5755837,0.027236484,0,0,0,-1.1409271,0.2421502,0,0,0,-3.026018,0.046264213,0,0
tensor(11061),"tensor(15571., dtype=torch.float64)",tensor(9),0,-1.9942319,0.11980987,0,0,1,0.79758596,0.6894579,1,1,0,0.11803394,0.52947426,1,0,0,-2.5530562,0.07222143,0,0,1,1.4821669,0.8148997,1,1
tensor(11069),"tensor(9534., dtype=torch.float64)",tensor(9),1,1.3038259,0.7864782,1,1,0,-2.2859364,0.092294425,0,0,0,-1.3244954,0.21007134,0,0,0,-1.6597247,0.15979896,0,0,0,-0.10721378,0.47322217,0,0
tensor(11079),"tensor(11908., dtype=torch.float64)",tensor(9),1,3.5348542,0.97166336,1,1,0,-2.8408542,0.05515601,0,0,0,-4.1343584,0.015760561,0,0,0,-3.2816653,0.036205564,0,0,0,-4.162426,0.015331039,0,0
tensor(11133),"tensor(12331., dtype=torch.float64)",tensor(9),0,-7.204012,0.000743044,0,0,0,0.32321838,0.5801084,1,0,1,4.270268,0.9862147,1,1,0,-0.20091273,0.44994012,0,0,0,3.059009,0.9551699,1,1
tensor(11179),"tensor(15488., dtype=torch.float64)",tensor(9),0,0.86749136,0.7042234,1,1,1,-1.682945,0.15670589,0,0,0,-0.85029453,0.29937106,0,0,0,-1.7297711,0.15061687,0,0,0,0.2563591,0.5637411,1,0
tensor(11201),"tensor(20037., dtype=torch.float64)",tensor(9),0,-6.5097594,0.0014866246,0,0,0,1.0170605,0.7343997,1,1,1,2.883171,0.9470082,1,1,0,-0.63915235,0.34543815,0,0,0,-3.7036984,0.024040096,0,0
tensor(11225),"tensor(20691., dtype=torch.float64)",tensor(9),1,2.5237694,0.9257914,1,1,0,-2.59994,0.069142275,0,0,0,-2.9184492,0.051249053,0,0,0,-4.95031,0.0070314207,0,0,0,-1.5504934,0.17501502,0,0
tensor(11235),"tensor(10078., dtype=torch.float64)",tensor(9),0,-1.588218,0.16963476,0,0,1,-0.72897786,0.32541907,0,0,0,0.14777301,0.53687614,1,0,1,-0.34357363,0.41494164,0,0,1,1.8497146,0.8640936,1,1
tensor(11245),"tensor(20464., dtype=torch.float64)",tensor(9),1,3.477107,0.97002935,1,1,0,-4.3811235,0.012356695,0,0,0,-3.0313241,0.046030644,0,0,0,-4.3239694,0.013074002,0,0,0,-3.5481374,0.027973175,0,0
tensor(11293),"tensor(21175., dtype=torch.float64)",tensor(9),0,-7.0211434,0.0008920077,0,0,1,1.7635134,0.85364914,1,1,1,2.9124086,0.94845647,1,1,0,-0.35203528,0.41288894,0,0,0,-2.5514112,0.07233174,0,0
tensor(11303),"tensor(14859., dtype=torch.float64)",tensor(9),0,-5.6457715,0.003519988,0,0,1,3.057415,0.95510155,1,1,0,-3.954189,0.018813478,0,0,1,4.522595,0.9892559,1,1,1,0.11281697,0.5281744,1,0
tensor(11331),"tensor(12114., dtype=torch.float64)",tensor(9),1,2.3040836,0.9092147,1,1,0,-2.3105364,0.09025409,0,0,0,-3.686724,0.024441585,0,0,0,-2.2221234,0.097781315,0,0,0,-1.2575206,0.221401,0,0
tensor(11333),"tensor(11908., dtype=torch.float64)",tensor(9),1,3.1767235,0.95994884,1,1,0,-2.0645347,0.11259196,0,0,0,-4.255281,0.013990589,0,0,0,-3.4854026,0.029730437,0,0,0,-3.2627409,0.03687175,0,0
tensor(11369),"tensor(15677., dtype=torch.float64)",tensor(9),1,3.8426924,0.979014,1,1,0,-6.015322,0.0024351175,0,0,0,-5.546615,0.0038854822,0,0,0,-1.2967572,0.21471128,0,0,0,-3.1756284,0.04009324,0,0
tensor(11397),"tensor(14859., dtype=torch.float64)",tensor(9),0,-3.9172006,0.019508561,0,0,1,2.1608539,0.8966786,1,1,0,-2.345813,0.087399155,0,0,1,3.2810788,0.963774,1,1,1,-0.91357505,0.28626883,0,0
tensor(11405),"tensor(9162., dtype=torch.float64)",tensor(9),0,-1.4933374,0.18342133,0,0,0,-1.3541281,0.20519629,0,0,1,1.8258739,0.8612695,1,1,0,-2.1048758,0.10862382,0,0,0,-0.15053883,0.46243623,0,0
tensor(11433),"tensor(11719., dtype=torch.float64)",tensor(9),1,0.5541402,0.63509566,1,1,0,-2.1959279,0.10011677,0,0,0,-4.2180037,0.014514251,0,0,1,2.4087408,0.9174914,1,1,0,-2.0306978,0.11601733,0,0
tensor(11473),"tensor(20855., dtype=torch.float64)",tensor(9),1,2.2570138,0.9052538,1,1,0,-1.3901474,0.19938423,0,0,0,-3.2894661,0.035934333,0,0,0,-2.4110599,0.0823332,0,0,0,-3.5277946,0.028531652,0,0
tensor(11505),"tensor(8637., dtype=torch.float64)",tensor(9),0,-5.6181884,0.0036180753,0,0,0,-0.7962479,0.31082872,0,0,1,4.3518615,0.987281,1,1,0,-2.7661414,0.059181493,0,0,1,1.4480447,0.8096973,1,1
tensor(11519),"tensor(16802., dtype=torch.float64)",tensor(9),1,0.62822515,0.6520869,1,1,0,-0.7594313,0.31876975,0,0,0,-0.5272126,0.37116724,0,0,0,-4.0338387,0.017398173,0,0,0,-0.9845087,0.27199808,0,0
tensor(11527),"tensor(20074., dtype=torch.float64)",tensor(9),0,-3.0117884,0.04689615,0,0,1,1.455987,0.8109181,1,1,0,-3.7185526,0.023694038,0,0,1,3.5332558,0.97161937,1,1,0,-1.3546013,0.20511913,0,0
tensor(11529),"tensor(15795., dtype=torch.float64)",tensor(9),0,-2.9316416,0.05061139,0,0,0,-2.1782825,0.101717755,0,0,0,-4.142962,0.015627656,0,0,1,5.0962644,0.9939176,1,1,0,0.8641668,0.70353043,1,0
tensor(11541),"tensor(8637., dtype=torch.float64)",tensor(9),0,-4.7425156,0.008641367,0,0,0,-1.3810747,0.20083646,0,0,1,3.8278513,0.97870696,1,1,0,-3.9692664,0.018537167,0,0,0,-1.0919062,0.2512595,0,0
tensor(11671),"tensor(9821., dtype=torch.float64)",tensor(9),0,4.411324,0.98800653,1,1,1,-3.7504096,0.022968177,0,0,0,-4.487737,0.0111209955,0,0,0,-4.952953,0.007012994,0,0,0,-4.4206753,0.011883201,0,0
tensor(11685),"tensor(10021., dtype=torch.float64)",tensor(9),0,-0.10465035,0.47386122,0,1,0,-0.43026662,0.3940627,0,0,1,0.6065433,0.6471519,1,0,0,-1.8942637,0.13075909,0,0,0,-1.83026,0.1382073,0,0
tensor(11693),"tensor(10172., dtype=torch.float64)",tensor(9),1,5.623556,0.9964012,1,1,0,-5.382809,0.0045738793,0,0,0,-6.09317,0.0022531506,0,0,0,-4.735322,0.00870321,0,0,0,-5.668509,0.0034411277,0,0
tensor(11773),"tensor(19270., dtype=torch.float64)",tensor(9),0,-1.6636214,0.15927647,0,0,1,2.3161435,0.91020525,1,1,0,-5.0251923,0.0065274355,0,0,0,-0.05142893,0.48714557,0,0,0,-5.0220795,0.0065476527,0,0
tensor(11783),"tensor(18381., dtype=torch.float64)",tensor(9),1,3.4586375,0.9694877,1,1,0,-5.1361127,0.005846127,0,0,0,-3.7559297,0.022844627,0,0,0,-2.8946548,0.052418433,0,0,0,-2.060413,0.11300444,0,0
tensor(11791),"tensor(3007., dtype=torch.float64)",tensor(9),1,5.2463794,0.99476105,1,1,0,-4.3982882,0.0121489605,0,0,0,-5.6619744,0.0034636094,0,0,0,-4.6535316,0.009437971,0,0,0,-6.1438665,0.0021420096,0,0
tensor(11797),"tensor(13293., dtype=torch.float64)",tensor(9),1,2.9407299,0.94982356,1,1,0,-2.8620815,0.054060157,0,0,0,-3.8689315,0.020453585,0,0,0,-4.107995,0.01617478,0,0,0,-1.41813,0.19495489,0,0
tensor(11823),"tensor(11996., dtype=torch.float64)",tensor(9),0,-3.9596481,0.01871297,0,0,1,0.1836072,0.54577327,1,0,1,0.7165177,0.6718397,1,0,1,2.4920225,0.92358065,1,1,0,1.8489809,0.8640074,1,1
tensor(11825),"tensor(7918., dtype=torch.float64)",tensor(9),1,6.103901,0.9977709,1,1,0,-5.3858976,0.0045598396,0,0,0,-6.752595,0.0011664829,0,0,0,-4.8407865,0.007838904,0,0,0,-6.8247824,0.0010853332,0,0
tensor(11839),"tensor(15034., dtype=torch.float64)",tensor(9),0,2.1286395,0.8936558,1,1,1,-0.0587216,0.4853238,0,0,0,-6.27121,0.0018863749,0,0,0,-3.673394,0.024761453,0,0,0,-4.073579,0.016731666,0,0
tensor(11865),"tensor(20063., dtype=torch.float64)",tensor(9),0,-2.885699,0.052865054,0,0,0,-3.1309483,0.041848566,0,0,0,-3.2533782,0.03720569,0,0,0,-0.22720973,0.44344068,0,0,0,-2.6079814,0.068626516,0,0
tensor(11871),"tensor(18724., dtype=torch.float64)",tensor(9),0,2.185508,0.8989406,1,1,1,-2.2877707,0.09214086,0,0,0,-3.3800461,0.032924928,0,0,0,-3.3276963,0.034633167,0,0,0,-0.59806705,0.35478604,0,0
tensor(11873),"tensor(15280., dtype=torch.float64)",tensor(9),0,2.614621,0.9317966,1,1,0,-5.5286756,0.003955537,0,0,0,-4.2720222,0.013761516,0,0,0,-2.089046,0.110166065,0,0,1,-0.33216017,0.4177151,0,0
tensor(11879),"tensor(15704., dtype=torch.float64)",tensor(9),0,-5.6628366,0.0034606352,0,0,0,-6.082207,0.0022779312,0,0,0,-4.725012,0.008792614,0,0,0,-2.421309,0.08156215,0,0,0,-5.8345027,0.0029163477,0,0
tensor(11883),"tensor(15317., dtype=torch.float64)",tensor(9),0,-5.930926,0.0026489862,0,0,1,2.1036944,0.89126176,1,1,1,1.1006078,0.750374,1,1,0,3.1551194,0.95910996,1,1,0,-0.15778235,0.46063605,0,0
tensor(11889),"tensor(19458., dtype=torch.float64)",tensor(9),0,-5.979951,0.002522571,0,0,0,0.18777601,0.5468065,1,0,0,1.9015543,0.87006736,1,1,1,3.238819,0.96226925,1,1,0,2.538882,0.9268231,1,1
tensor(11891),"tensor(16321., dtype=torch.float64)",tensor(9),1,2.9632893,0.95088786,1,1,0,-2.4025683,0.08297705,0,0,0,-3.9444287,0.018994499,0,0,0,-2.637364,0.06677212,0,0,0,-2.4158885,0.08196911,0,0
tensor(11911),"tensor(12403., dtype=torch.float64)",tensor(9),0,-4.8508873,0.0077607348,0,0,0,0.51379615,0.62569594,1,1,0,1.9282827,0.8730592,1,1,0,2.1602254,0.89662045,1,1,0,1.7432796,0.8511031,1,1
tensor(11915),"tensor(12403., dtype=torch.float64)",tensor(9),0,-4.9892964,0.0067643863,0,0,0,0.91196495,0.71340203,1,1,0,1.8585591,0.8651289,1,1,0,1.9117975,0.8712209,1,1,0,1.7400697,0.8506959,1,1
tensor(11921),"tensor(14359., dtype=torch.float64)",tensor(9),1,4.144121,0.9843902,1,1,0,-5.2012506,0.00547948,0,0,0,-5.429396,0.0043665925,0,0,0,-2.525125,0.074115485,0,0,0,-2.7717214,0.058871564,0,0
tensor(11941),"tensor(11811., dtype=torch.float64)",tensor(9),1,2.0615115,0.8871056,1,1,0,-3.2278643,0.038130503,0,0,0,-3.7616131,0.0227181,0,0,0,-2.884594,0.052920416,0,0,0,0.2186403,0.55444336,1,0
tensor(11947),"tensor(10077., dtype=torch.float64)",tensor(9),0,-5.6539564,0.0034913947,0,0,0,-0.21299012,0.44695285,0,0,1,4.0050507,0.98210275,1,1,0,-4.065967,0.016857356,0,0,1,-0.26626682,0.4338238,0,0
tensor(11949),"tensor(15545., dtype=torch.float64)",tensor(9),0,0.82859564,0.6960579,1,1,0,-1.8538136,0.13542575,0,0,1,-0.14919868,0.46276936,0,0,0,-3.8786085,0.020260602,0,0,0,-2.8204668,0.05622816,0,0
tensor(11951),"tensor(16130., dtype=torch.float64)",tensor(9),1,2.4108531,0.9176512,1,1,0,-3.7560322,0.022842338,0,0,0,-4.6414433,0.0095516555,0,0,0,-2.0491638,0.114136904,0,0,0,-0.088037044,0.47800493,0,0
tensor(11959),"tensor(359., dtype=torch.float64)",tensor(9),1,-5.136995,0.005841002,0,0,0,2.977631,0.9515532,1,1,0,0.31587815,0.57831943,1,0,0,0.73068476,0.67495555,1,0,0,1.445382,0.8092867,1,1
tensor(11963),"tensor(3204., dtype=torch.float64)",tensor(9),0,-4.8892274,0.007471,0,0,1,-0.026695084,0.49332663,0,0,0,-5.036354,0.006455451,0,0,1,5.8847156,0.99722606,1,1,0,1.2229918,0.7725896,1,1
tensor(11969),"tensor(5051., dtype=torch.float64)",tensor(9),0,-1.885181,0.13179491,0,0,1,0.22780995,0.55670744,1,0,0,1.4005167,0.8022658,1,1,0,-1.8373373,0.13736652,0,0,0,0.4558862,0.61203784,1,0
tensor(11989),"tensor(18210., dtype=torch.float64)",tensor(9),1,2.0695775,0.88791096,1,1,0,-1.9707456,0.12230884,0,0,0,-3.1695669,0.040327176,0,0,0,-1.1564403,0.23931472,0,0,0,-1.783158,0.14391363,0,0
tensor(11997),"tensor(6971., dtype=torch.float64)",tensor(9),0,-5.024716,0.0065305256,0,0,0,-1.0567788,0.25792554,0,0,1,2.7770042,0.94142044,1,1,0,3.4934044,0.9704996,1,1,0,-0.78154486,0.31398702,0,0
tensor(12011),"tensor(2215., dtype=torch.float64)",tensor(9),0,-1.6257198,0.16441755,0,0,0,-1.5499504,0.17509344,0,0,0,-2.5756605,0.07072139,0,0,1,3.7676353,0.97741514,1,1,0,-0.18303816,0.4543678,0,0
tensor(12035),"tensor(5976., dtype=torch.float64)",tensor(9),0,-6.852944,0.0010552268,0,0,1,1.3962173,0.80158293,1,1,1,3.4398196,0.968926,1,1,0,-1.8176064,0.13972133,0,0,0,-0.28590772,0.42900598,0,0
tensor(12073),"tensor(4161., dtype=torch.float64)",tensor(9),1,3.8951778,0.9800657,1,1,0,-5.1093183,0.0060039344,0,0,0,-4.7811537,0.008316573,0,0,0,-3.274723,0.036448594,0,0,0,-2.2448494,0.09579467,0,0
tensor(12085),"tensor(658., dtype=torch.float64)",tensor(9),0,-2.8237023,0.056056704,0,0,0,-2.6573071,0.06554007,0,0,0,-2.1764545,0.101884894,0,0,0,2.5604928,0.9282752,1,1,0,0.101590715,0.52537584,1,0
tensor(12115),"tensor(17825., dtype=torch.float64)",tensor(9),1,3.6203866,0.9739257,1,1,0,-3.1437013,0.041340183,0,0,0,-6.203723,0.0020178093,0,0,0,-2.2060432,0.09920912,0,0,0,-3.7668865,0.022601318,0,0
tensor(12123),"tensor(14146., dtype=torch.float64)",tensor(9),1,5.1635423,0.9943111,1,1,0,-5.9587092,0.0025765882,0,0,0,-5.288057,0.0050261766,0,0,0,-3.3447857,0.03406633,0,0,0,-5.526696,0.0039633433,0,0
tensor(12131),"tensor(9054., dtype=torch.float64)",tensor(9),0,-2.4391491,0.08023568,0,0,0,-1.8900484,0.13123895,0,0,1,2.7262688,0.93855906,1,1,0,-3.4403853,0.03105689,0,0,1,1.6491741,0.83877945,1,1
tensor(12145),"tensor(9895., dtype=torch.float64)",tensor(9),0,-0.14045566,0.46494368,0,1,1,-0.078684896,0.4803389,0,0,0,-0.35182267,0.41294053,0,0,0,0.8749843,0.70578176,1,1,0,-1.9524866,0.12428248,0,0
tensor(12151),"tensor(5289., dtype=torch.float64)",tensor(9),0,-7.1305704,0.00079962285,0,0,1,1.4898419,0.8160545,1,1,1,3.048322,0.95471,1,1,1,1.5897958,0.8305873,1,1,0,1.3836678,0.7995794,1,1
tensor(12167),"tensor(6286., dtype=torch.float64)",tensor(9),0,-4.371775,0.012471305,0,0,1,0.78161144,0.6860273,1,1,0,0.46355584,0.6138574,1,0,1,3.630528,0.97418207,1,1,0,-0.9390302,0.28109628,0,0
tensor(12171),"tensor(9970., dtype=torch.float64)",tensor(9),1,3.238474,0.9622567,1,1,0,-3.2239175,0.03827552,0,0,0,-3.6689389,0.024869263,0,0,0,-1.4764733,0.1859607,0,0,0,-6.096895,0.0022447917,0,0
tensor(12173),"tensor(13066., dtype=torch.float64)",tensor(9),0,-7.606245,0.0004970886,0,0,1,6.042127,0.9976291,1,1,0,-0.3629116,0.41025496,0,0,0,-1.1152792,0.24688798,0,0,0,-4.048353,0.017151773,0,0
tensor(12191),"tensor(17566., dtype=torch.float64)",tensor(9),0,1.273906,0.78141063,1,1,1,-2.8235595,0.056064263,0,0,0,-0.09580847,0.47606617,0,0,0,-3.316874,0.034996826,0,0,0,-1.3989893,0.19797654,0,0
tensor(12209),"tensor(10632., dtype=torch.float64)",tensor(9),0,-3.8256254,0.02133949,0,0,1,-0.22325744,0.44441634,0,0,0,2.8182664,0.943655,1,1,0,-1.4358854,0.19218332,0,0,0,1.5803746,0.8292576,1,1
tensor(12253),"tensor(9743., dtype=torch.float64)",tensor(9),1,0.6425336,0.65532595,1,1,0,-3.784403,0.022217585,0,0,0,-4.8147225,0.008044237,0,0,0,2.139986,0.8947293,1,1,0,0.13113937,0.5327379,1,0
tensor(12261),"tensor(19080., dtype=torch.float64)",tensor(9),1,3.39775,0.96763414,1,1,0,-4.737642,0.00868322,0,0,0,-5.7106776,0.0032995054,0,0,0,-1.4113743,0.19601738,0,0,0,-2.0419145,0.11487193,0,0
tensor(12263),"tensor(8090., dtype=torch.float64)",tensor(9),1,3.321404,0.9651559,1,1,0,-3.552377,0.02785813,0,0,0,-5.565555,0.0038128616,0,0,0,-1.1598406,0.23869626,0,0,0,-4.114662,0.016069027,0,0
tensor(12269),"tensor(1234., dtype=torch.float64)",tensor(9),0,-3.10705,0.042817388,0,0,0,-4.4929414,0.011063908,0,0,1,3.816052,0.9784597,1,1,0,-3.8479338,0.020878542,0,0,1,2.435116,0.9194662,1,1
tensor(12271),"tensor(17468., dtype=torch.float64)",tensor(9),1,2.364026,0.91404265,1,1,0,-3.856479,0.02070457,0,0,0,-1.7789898,0.14442791,0,0,0,-4.578917,0.010161689,0,0,0,-1.438476,0.19178146,0,0
tensor(12305),"tensor(19763., dtype=torch.float64)",tensor(9),0,-4.2254243,0.014408492,0,0,0,0.40977654,0.6010343,1,1,1,2.8230858,0.9439107,1,1,0,-2.587595,0.069941066,0,0,0,1.9050595,0.8704631,1,1
tensor(12311),"tensor(2026., dtype=torch.float64)",tensor(9),0,1.9528954,0.875762,1,1,0,-3.4749014,0.030034859,0,0,0,-3.9682968,0.018554816,0,0,0,-2.9028332,0.052013684,0,0,1,0.49363548,0.62096244,1,0
tensor(12321),"tensor(3292., dtype=torch.float64)",tensor(9),1,4.3437448,0.9871787,1,1,0,-4.2494836,0.014070788,0,0,0,-3.671141,0.024815919,0,0,0,-3.998991,0.018004041,0,0,0,-5.693562,0.0033562735,0,0
tensor(12357),"tensor(5461., dtype=torch.float64)",tensor(9),1,5.079473,0.9938153,1,1,0,-4.4097257,0.01201246,0,0,0,-6.482738,0.0015272807,0,0,0,-4.173951,0.015158023,0,0,0,-4.61007,0.0098530715,0,0
tensor(12361),"tensor(2262., dtype=torch.float64)",tensor(9),1,2.1580687,0.8964204,1,1,0,-1.5317101,0.1777436,0,0,0,-4.3945913,0.01219341,0,0,0,-0.8518352,0.29904804,0,0,0,-3.861131,0.020610457,0,0
tensor(12363),"tensor(2264., dtype=torch.float64)",tensor(9),0,1.739291,0.850597,1,1,0,-2.8645523,0.053933945,0,0,0,-4.309533,0.01326159,0,0,0,-2.372193,0.08531783,0,0,1,0.5984357,0.64529836,1,0
tensor(12441),"tensor(3680., dtype=torch.float64)",tensor(9),0,0.4725319,0.61598283,1,1,0,-2.710113,0.062379237,0,0,1,0.5665382,0.637964,1,0,0,-2.3319426,0.088511825,0,0,0,-0.1936242,0.4517446,0,0
tensor(12453),"tensor(4790., dtype=torch.float64)",tensor(9),1,2.670311,0.9352519,1,1,0,-0.7303136,0.3251259,0,0,0,-6.233315,0.0019590885,0,0,0,-4.352884,0.012706122,0,0,0,-4.894064,0.0074352208,0,0
tensor(12455),"tensor(414., dtype=torch.float64)",tensor(9),1,2.9084997,0.94826496,1,1,0,-3.7211652,0.023633676,0,0,0,-3.616011,0.026185606,0,0,0,-3.677197,0.024669783,0,0,0,-1.1843919,0.23426345,0,0
tensor(12459),"tensor(13741., dtype=torch.float64)",tensor(9),0,-0.06698215,0.48326072,0,1,0,-1.9066253,0.12936045,0,0,0,-2.4685915,0.07808959,0,0,1,2.8122966,0.94333667,1,1,0,-2.080639,0.11099291,0,0
tensor(12465),"tensor(21107., dtype=torch.float64)",tensor(9),1,1.90592,0.87056005,1,1,0,-4.392467,0.012219021,0,0,0,-3.532491,0.028401768,0,0,0,-3.6233826,0.025998283,0,0,0,0.9743721,0.7259901,1,0
tensor(12469),"tensor(19728., dtype=torch.float64)",tensor(9),1,1.0075469,0.73253983,1,1,0,-0.41138497,0.39858007,0,0,0,-1.1639727,0.23794618,0,0,0,-1.7278957,0.15085694,0,0,0,-1.6887697,0.1559377,0,0
tensor(12493),"tensor(20738., dtype=torch.float64)",tensor(9),0,-2.8419168,0.055100653,0,0,1,2.956589,0.950574,1,1,0,-2.0135128,0.11779143,0,0,0,0.6485809,0.6566906,1,0,1,-0.575398,0.35999218,0,0
tensor(12499),"tensor(6396., dtype=torch.float64)",tensor(9),1,4.2044625,0.98529077,1,1,0,-5.463801,0.004219539,0,0,0,-5.7702103,0.0031094027,0,0,0,-4.1383624,0.015698573,0,0,0,-1.5223563,0.1791148,0,0
tensor(12525),"tensor(359., dtype=torch.float64)",tensor(9),0,-2.7012036,0.06290237,0,0,0,0.19175188,0.5477916,1,0,0,0.34744307,0.58599734,1,0,0,2.664278,0.9348856,1,1,0,-1.6512109,0.16094536,0,0
tensor(12579),"tensor(4269., dtype=torch.float64)",tensor(9),1,0.688741,0.6656868,1,1,0,-0.7782852,0.31468958,0,0,0,-3.4834108,0.029787943,0,0,0,0.08733815,0.52182066,1,0,0,-0.3567356,0.41175002,0,0
tensor(12583),"tensor(5961., dtype=torch.float64)",tensor(9),0,-7.2358646,0.0007197658,0,0,0,0.47412127,0.61635876,1,1,1,3.980645,0.9816688,1,1,0,0.75766915,0.68084747,1,0,0,2.4826663,0.92291766,1,1
tensor(12615),"tensor(3872., dtype=torch.float64)",tensor(9),0,-7.707371,0.0004492996,0,0,1,-1.5655365,0.17285363,0,0,0,6.247687,0.99806887,1,1,0,-3.3188977,0.034928545,0,0,0,3.8168561,0.9784766,1,1
tensor(12645),"tensor(1961., dtype=torch.float64)",tensor(9),1,0.9443092,0.7199693,1,1,0,-3.8135824,0.021592455,0,0,0,0.487966,0.6196272,1,0,0,-3.0782638,0.04401281,0,0,0,-2.051578,0.11389303,0,0
tensor(12693),"tensor(5739., dtype=torch.float64)",tensor(9),0,-3.9660726,0.018595362,0,0,0,-1.3727672,0.20217313,0,0,1,3.5987265,0.97337,1,1,0,-0.9414599,0.28060555,0,0,0,1.1948246,0.76760286,1,1
tensor(12741),"tensor(15976., dtype=torch.float64)",tensor(9),0,-1.4212008,0.1944734,0,0,1,1.1834527,0.7655681,1,1,1,0.32914522,0.58155143,1,0,0,-2.3242688,0.089132875,0,0,0,-1.9069203,0.12932724,0,0
tensor(12753),"tensor(6261., dtype=torch.float64)",tensor(9),0,-5.5189233,0.0039941464,0,0,0,-0.97513914,0.27385736,0,0,1,4.38335,0.9876704,1,1,0,-2.086928,0.11037386,0,0,1,2.0806572,0.8890089,1,1
tensor(12789),"tensor(11149., dtype=torch.float64)",tensor(9),1,2.4688582,0.9219296,1,1,0,-1.462604,0.18806936,0,0,0,-4.3338118,0.012947611,0,0,0,-2.2118292,0.09869325,0,0,0,-3.0408952,0.045612186,0,0
tensor(12805),"tensor(21686., dtype=torch.float64)",tensor(9),1,3.6776693,0.9753416,1,1,0,-2.9002898,0.05213924,0,0,0,-3.943878,0.019004762,0,0,0,-3.3029504,0.03547011,0,0,0,-4.7728257,0.008385539,0,0
tensor(12863),"tensor(10495., dtype=torch.float64)",tensor(9),0,2.7549982,0.940195,1,1,0,-4.247087,0.014104075,0,0,1,-3.386356,0.032724604,0,0,0,-3.8754125,0.020324139,0,0,0,-0.6836617,0.33544454,0,0
tensor(12869),"tensor(13894., dtype=torch.float64)",tensor(9),0,-4.107944,0.016175592,0,0,0,-1.8006483,0.14177217,0,0,0,-1.5351799,0.17723708,0,0,0,-0.08768967,0.47809163,0,0,0,-3.9175413,0.019502044,0,0
tensor(12871),"tensor(14167., dtype=torch.float64)",tensor(9),0,-4.9588346,0.0069721523,0,0,1,0.60247195,0.64622164,1,1,1,2.2868462,0.9077818,1,1,0,1.216629,0.7714698,1,1,1,1.7414261,0.8508681,1,1
tensor(12873),"tensor(8770., dtype=torch.float64)",tensor(9),0,-1.7771227,0.14465877,0,0,1,2.3001313,0.90888786,1,1,0,-4.194875,0.014848818,0,0,0,0.8322903,0.696839,1,0,0,-0.86823684,0.2956213,0,0
tensor(12903),"tensor(1242., dtype=torch.float64)",tensor(9),0,-6.4372354,0.0015982677,0,0,0,-0.58561456,0.35764173,0,0,1,4.439525,0.988336,1,1,0,-0.95674884,0.2775296,0,0,0,0.9008129,0.71111655,1,0
tensor(12913),"tensor(17771., dtype=torch.float64)",tensor(9),1,4.4414406,0.9883582,1,1,0,-4.866708,0.0076398524,0,0,0,-3.7371664,0.023267247,0,0,0,-3.7450733,0.023088232,0,0,0,-4.8297377,0.007925305,0,0
tensor(12947),"tensor(4622., dtype=torch.float64)",tensor(9),1,3.417687,0.9682528,1,1,0,-4.89718,0.00741226,0,0,0,-5.60987,0.0036481877,0,0,0,-0.5756433,0.3599357,0,0,0,-3.5173037,0.028823877,0,0
tensor(12965),"tensor(15797., dtype=torch.float64)",tensor(9),1,4.114738,0.98393214,1,1,0,-3.5727415,0.027311884,0,0,0,-4.886693,0.007489816,0,0,0,-3.926659,0.019328458,0,0,0,-4.0580044,0.016989833,0,0
tensor(12973),"tensor(15118., dtype=torch.float64)",tensor(9),0,1.4280465,0.80659676,1,1,1,-0.14298286,0.4643151,0,0,0,-5.3793163,0.00458981,0,0,0,-1.7059617,0.15368824,0,0,0,-2.463795,0.078435585,0,0
tensor(13013),"tensor(12125., dtype=torch.float64)",tensor(9),0,-7.1867146,0.00075599866,0,0,1,1.5395116,0.8233937,1,1,1,2.9161136,0.9486373,1,1,0,1.769743,0.8544257,1,1,0,2.6785939,0.9357516,1,1
tensor(13029),"tensor(2363., dtype=torch.float64)",tensor(9),1,-0.14034235,0.4649719,0,1,0,-3.396536,0.032403894,0,0,0,-2.2492363,0.09541536,0,0,0,-1.1249738,0.24508986,0,0,0,1.883129,0.8679701,1,1
tensor(13041),"tensor(702., dtype=torch.float64)",tensor(9),0,-5.6876974,0.0033759482,0,0,0,1.6650681,0.84091717,1,1,1,2.5946958,0.9305194,1,1,1,-1.1947598,0.23240873,0,0,0,1.0184225,0.7346652,1,1
tensor(13051),"tensor(18138., dtype=torch.float64)",tensor(9),1,3.4079564,0.96795225,1,1,0,-3.6284432,0.025870439,0,0,0,-4.305603,0.0133131165,0,0,0,-2.6206255,0.06782273,0,0,0,-2.5248363,0.074135296,0,0
tensor(13069),"tensor(12204., dtype=torch.float64)",tensor(9),0,-4.950123,0.0070327288,0,0,1,1.7564843,0.8527688,1,1,0,-0.24604899,0.4387962,0,0,1,3.8692286,0.9795523,1,1,0,-0.06830376,0.48293066,0,0
tensor(13073),"tensor(7003., dtype=torch.float64)",tensor(9),1,2.2076979,0.90093863,1,1,0,-4.3741345,0.012442282,0,0,0,-4.3183064,0.013147273,0,0,0,-3.0501423,0.04521133,0,0,0,0.5943223,0.6443563,1,0
tensor(13099),"tensor(10047., dtype=torch.float64)",tensor(9),0,0.9822431,0.72755307,1,1,1,-1.295446,0.21493243,0,0,0,-3.4490576,0.030796979,0,0,0,0.43844664,0.6078888,1,0,0,-1.2465369,0.2233002,0,0
tensor(13119),"tensor(2094., dtype=torch.float64)",tensor(9),1,2.9170256,0.9486817,1,1,0,-2.918807,0.051231656,0,0,0,-3.8767931,0.020296669,0,0,0,-1.8749616,0.13296868,0,0,0,-2.6330798,0.067039564,0,0
tensor(13137),"tensor(18138., dtype=torch.float64)",tensor(9),0,0.8218398,0.69462675,1,1,0,-0.95699006,0.27748123,0,0,1,-0.28314584,0.4296827,0,0,0,-2.7710323,0.058909755,0,0,0,-1.4406496,0.19144478,0,0
tensor(13159),"tensor(20691., dtype=torch.float64)",tensor(9),0,-1.5008552,0.182298,0,0,1,0.57555616,0.6400442,1,1,0,0.73960346,0.67690915,1,0,0,-4.791987,0.0082277,0,0,0,-0.5666433,0.36201173,0,0
tensor(13201),"tensor(11587., dtype=torch.float64)",tensor(9),0,-5.990253,0.0024967813,0,0,0,-1.8481596,0.13608913,0,0,1,4.9550376,0.9930016,1,1,1,-0.86112577,0.2971042,0,0,0,2.4178019,0.91817474,1,1
tensor(13229),"tensor(18388., dtype=torch.float64)",tensor(9),1,-2.16419,0.103012644,0,0,0,1.3098304,0.7874848,1,1,0,0.7473518,0.6786014,1,0,0,-4.728452,0.008762679,0,0,0,-3.149552,0.041108932,0,0
tensor(13281),"tensor(13547., dtype=torch.float64)",tensor(9),0,-4.906445,0.0073444042,0,0,0,-2.6272936,0.06740238,0,0,0,-2.486756,0.07679186,0,0,1,6.5752044,0.99860746,1,1,0,0.77350086,0.68427765,1,0
tensor(13321),"tensor(19906., dtype=torch.float64)",tensor(9),0,-5.407023,0.004464947,0,0,0,-0.3038037,0.42462793,0,0,1,3.5854762,0.9730244,1,1,1,-0.037242852,0.49069038,0,0,0,0.8270232,0.6957251,1,0
tensor(13329),"tensor(21176., dtype=torch.float64)",tensor(9),0,-3.5355568,0.02831729,0,0,1,3.8338344,0.97883135,1,1,0,-2.1595366,0.103443414,0,0,0,-3.0425372,0.04554076,0,0,0,-2.620229,0.0678478,0,0
tensor(13345),"tensor(11725., dtype=torch.float64)",tensor(9),0,-2.2432594,0.095932476,0,0,1,0.10839872,0.5270732,1,0,0,1.6446731,0.8381698,1,1,0,-0.85209817,0.2989929,0,0,0,0.56644255,0.6379419,1,0
tensor(13417),"tensor(20901., dtype=torch.float64)",tensor(9),0,-6.9459405,0.000961609,0,0,1,6.121552,0.9978098,1,1,0,-0.7820789,0.313872,0,0,0,-2.3275108,0.08887001,0,0,0,-2.4453418,0.07977987,0,0
tensor(13427),"tensor(8047., dtype=torch.float64)",tensor(9),1,3.3594272,0.96641225,1,1,0,-4.126736,0.015879236,0,0,0,-4.5362864,0.010599564,0,0,0,-2.5609355,0.07169525,0,0,0,-1.7431382,0.14891477,0,0
tensor(13445),"tensor(11929., dtype=torch.float64)",tensor(9),0,-7.3658957,0.00063205895,0,0,1,5.5741944,0.9962198,1,1,0,0.6293258,0.6523366,1,0,0,-2.6591377,0.06542804,0,0,1,-0.365883,0.40953624,0,0
tensor(13487),"tensor(11859., dtype=torch.float64)",tensor(9),0,3.4862967,0.97029537,1,1,0,-4.0349965,0.017378394,0,0,0,-5.0272565,0.0065140636,0,0,1,-0.71380925,0.32875767,0,0,0,-5.724144,0.0032555151,0,0
tensor(13503),"tensor(13889., dtype=torch.float64)",tensor(9),0,-6.2913437,0.0018488449,0,0,1,3.296053,0.9642932,1,1,0,0.04671658,0.511677,1,0,0,3.2677004,0.963304,1,1,0,-0.6468138,0.34370792,0,0
tensor(13505),"tensor(19172., dtype=torch.float64)",tensor(9),1,3.0761237,0.95589703,1,1,0,-2.8597605,0.054178976,0,0,0,-2.7148964,0.06210005,0,0,0,-3.5249538,0.028610498,0,0,0,-4.5169687,0.0108040795,0,0
tensor(13515),"tensor(9759., dtype=torch.float64)",tensor(9),0,-7.4362288,0.0005891569,0,0,1,3.716466,0.9762576,1,1,0,-1.7764091,0.1447471,0,0,1,5.4183006,0.99558485,1,1,1,0.0026426986,0.5006607,1,0
tensor(13563),"tensor(10023., dtype=torch.float64)",tensor(9),0,-2.295724,0.09147773,0,0,1,1.3440018,0.79314727,1,1,0,-4.8860617,0.007494511,0,0,1,4.2528315,0.98597556,1,1,0,-2.9294245,0.050718024,0,0
tensor(13581),"tensor(14982., dtype=torch.float64)",tensor(9),0,-4.286198,0.013570439,0,0,1,1.955563,0.876052,1,1,0,0.5408971,0.63202107,1,0,0,2.0166035,0.8825293,1,1,0,-0.47808802,0.3827037,0,0
tensor(13585),"tensor(20709., dtype=torch.float64)",tensor(9),0,-5.400056,0.004496023,0,0,1,2.1478567,0.89546835,1,1,0,-4.811934,0.008066519,0,0,0,1.3765795,0.79844105,1,1,0,-6.7660456,0.001150916,0,0
tensor(13605),"tensor(13177., dtype=torch.float64)",tensor(9),1,3.2445376,0.9624764,1,1,0,-4.7428803,0.008638243,0,0,0,-3.1225746,0.042185623,0,0,0,-4.8358684,0.0078772465,0,0,0,-1.4105564,0.19614631,0,0
tensor(13621),"tensor(17422., dtype=torch.float64)",tensor(9),1,3.7644491,0.9773448,1,1,0,-3.8654716,0.020523017,0,0,0,-4.097445,0.016343523,0,0,0,-2.5735111,0.07086278,0,0,0,-4.784684,0.008287506,0,0
tensor(13641),"tensor(11537., dtype=torch.float64)",tensor(9),0,-0.78856635,0.3124766,0,1,0,-2.697081,0.06314581,0,0,1,0.6165914,0.649443,1,0,1,2.1039886,0.89129025,1,1,0,-2.8022153,0.05720458,0,0
tensor(13725),"tensor(2836., dtype=torch.float64)",tensor(9),0,-1.9662087,0.1227967,0,0,0,-0.83803463,0.30194888,0,0,0,-3.1118681,0.04262035,0,0,1,4.221703,0.9855386,1,1,1,-0.7460071,0.32169196,0,0
tensor(13771),"tensor(15680., dtype=torch.float64)",tensor(9),0,-1.9502273,0.12452859,0,0,1,1.5915623,0.83083576,1,1,0,-2.8198302,0.056261957,0,0,0,0.83027506,0.6964131,1,0,0,-1.2431298,0.22389166,0,0
tensor(13785),"tensor(13454., dtype=torch.float64)",tensor(9),1,-2.6949697,0.06327084,0,0,0,1.5583533,0.826117,1,1,0,0.75071377,0.6793342,1,0,0,-2.9147847,0.05142753,0,0,0,-0.3538079,0.41245934,0,0
tensor(13787),"tensor(15036., dtype=torch.float64)",tensor(9),0,-1.8263767,0.13867047,0,0,1,-0.3549054,0.4121934,0,0,0,-1.8229373,0.1390818,0,0,0,1.4799743,0.81456876,1,1,0,1.4161501,0.8047342,1,1
tensor(13789),"tensor(19137., dtype=torch.float64)",tensor(9),0,-0.92984754,0.28295565,0,0,0,-3.802273,0.021832675,0,0,1,2.3059459,0.90936834,1,1,0,-4.329023,0.013008957,0,0,0,-1.8448476,0.13647899,0,0
tensor(13815),"tensor(1271., dtype=torch.float64)",tensor(9),0,0.7192351,0.67243856,1,1,1,-0.18352193,0.45424786,0,0,0,-1.7866262,0.14348686,0,0,0,-2.382513,0.08451592,0,0,0,-0.055839546,0.48604378,0,0
tensor(13829),"tensor(11216., dtype=torch.float64)",tensor(9),0,2.6894226,0.93639964,1,1,0,-3.4700506,0.030176502,0,0,0,-3.3205965,0.03487133,0,0,1,-3.123651,0.04214215,0,0,0,-1.1025815,0.2492565,0,0
tensor(13831),"tensor(1672., dtype=torch.float64)",tensor(9),0,-4.96198,0.0069504105,0,0,1,1.1172903,0.75348574,1,1,0,-2.1165245,0.107501075,0,0,1,5.194591,0.9944841,1,1,0,-0.14479001,0.46386558,0,0
tensor(13839),"tensor(8114., dtype=torch.float64)",tensor(9),0,-2.666455,0.06498203,0,0,1,3.4400783,0.9689339,1,1,0,-2.6135085,0.06827409,0,0,0,-2.4069276,0.08264596,0,0,0,-3.1817148,0.039859656,0,0
tensor(13883),"tensor(12521., dtype=torch.float64)",tensor(9),0,-3.903288,0.019776467,0,0,0,-1.9928805,0.11995247,0,0,1,3.7056196,0.9760049,1,1,0,-1.8096032,0.1406861,0,0,0,0.91271526,0.71355546,1,0
tensor(13909),"tensor(3380., dtype=torch.float64)",tensor(9),1,3.305316,0.96461076,1,1,0,-4.702089,0.00899466,0,0,0,-3.5182192,0.02879826,0,0,0,-1.5507627,0.17497614,0,0,0,-3.320995,0.034857914,0,0
tensor(13925),"tensor(18847., dtype=torch.float64)",tensor(9),1,2.5877361,0.93006814,1,1,0,-4.3543797,0.012687371,0,0,0,-3.2018936,0.039094526,0,0,0,-3.4869123,0.02968692,0,0,0,-0.51956654,0.3729536,0,0
tensor(13929),"tensor(11984., dtype=torch.float64)",tensor(9),1,2.7238429,0.938419,1,1,0,-5.156672,0.005727843,0,0,0,-2.2017117,0.09959688,0,0,0,-3.377849,0.032994952,0,0,0,-1.4128767,0.19578072,0,0
tensor(13953),"tensor(610., dtype=torch.float64)",tensor(9),0,-6.4181724,0.0016289778,0,0,1,2.3652759,0.9141408,1,1,0,-2.0401747,0.11504893,0,0,1,4.7836986,0.99170434,1,1,0,1.5150875,0.8198139,1,1
tensor(13977),"tensor(19446., dtype=torch.float64)",tensor(9),1,2.8089018,0.943155,1,1,0,-3.0163007,0.04669487,0,0,0,-2.3246043,0.089105636,0,0,0,-3.570619,0.027368326,0,0,0,-2.9541254,0.049541894,0,0
tensor(13983),"tensor(2799., dtype=torch.float64)",tensor(9),0,-3.478698,0.029924452,0,0,1,0.62802494,0.6520415,1,1,1,-2.56275,0.071574576,0,0,1,4.0127273,0.98223716,1,1,1,0.28627437,0.5710838,1,0
tensor(13991),"tensor(5973., dtype=torch.float64)",tensor(9),1,2.6691594,0.93518215,1,1,0,-3.1273437,0.041993346,0,0,0,-4.206492,0.014679833,0,0,0,-2.591897,0.069661744,0,0,0,-0.95672315,0.27753475,0,0
tensor(14013),"tensor(13685., dtype=torch.float64)",tensor(9),1,2.4266186,0.9188347,1,1,0,-4.792731,0.008221634,0,0,0,-5.615358,0.003628294,0,0,0,-2.5323753,0.07361949,0,0,0,0.61893976,0.6499774,1,0
tensor(14019),"tensor(7628., dtype=torch.float64)",tensor(9),0,-6.3730216,0.0017040846,0,0,1,3.3449736,0.9659398,1,1,1,1.415401,0.8046164,1,1,1,0.37908387,0.5936521,1,0,0,1.4630953,0.81200564,1,1
tensor(14033),"tensor(10493., dtype=torch.float64)",tensor(9),0,3.0266535,0.9537638,1,1,0,-2.7810116,0.058358945,0,0,0,-4.517942,0.010793683,0,0,1,-2.0355048,0.115525246,0,0,0,-2.4929755,0.0763521,0,0
tensor(14047),"tensor(15010., dtype=torch.float64)",tensor(9),0,-4.652832,0.009444512,0,0,0,-4.063089,0.016905123,0,0,0,-4.3869805,0.01228542,0,0,1,6.5852656,0.99862134,1,1,0,0.69647306,0.6674053,1,0
tensor(14059),"tensor(10131., dtype=torch.float64)",tensor(9),0,-1.2467141,0.22326946,0,0,0,0.016015012,0.5040037,1,0,0,-1.5478055,0.17540345,0,0,1,2.726346,0.93856347,1,1,0,-1.2630677,0.22044626,0,0
tensor(14075),"tensor(7883., dtype=torch.float64)",tensor(9),1,0.48117727,0.61802584,1,1,0,-1.1355886,0.2431312,0,0,0,-2.656303,0.065601595,0,0,0,1.5187058,0.82034785,1,1,0,-2.855518,0.05439678,0,0
tensor(14093),"tensor(2048., dtype=torch.float64)",tensor(9),0,-1.7778089,0.14457391,0,0,1,-1.2019982,0.23111996,0,0,1,-0.41223857,0.3983755,0,0,1,3.3639002,0.9665571,1,1,0,-0.6812348,0.33598575,0,0
tensor(14109),"tensor(3581., dtype=torch.float64)",tensor(9),0,-4.0428247,0.017245218,0,0,1,0.29132405,0.5723203,1,0,0,-2.766132,0.05918201,0,0,1,5.2374754,0.99471444,1,1,0,-0.59509414,0.3554669,0,0
tensor(14113),"tensor(5562., dtype=torch.float64)",tensor(9),1,3.4716191,0.9698694,1,1,0,-3.5900242,0.026856486,0,0,0,-3.7029183,0.024058405,0,0,0,-6.114482,0.0022057446,0,0,0,-2.7763302,0.058616728,0,0
tensor(14129),"tensor(19019., dtype=torch.float64)",tensor(9),1,5.8727326,0.9971928,1,1,0,-5.452565,0.0042670127,0,0,0,-6.309679,0.0018153156,0,0,0,-4.985464,0.006790183,0,0,0,-6.1234264,0.0021861463,0,0
tensor(14155),"tensor(16498., dtype=torch.float64)",tensor(9),0,1.5819333,0.82947814,1,1,1,-0.31095475,0.4228817,0,0,0,-3.4462962,0.030879503,0,0,0,-2.5141718,0.07487063,0,0,0,-2.0279102,0.11630354,0,0
tensor(14161),"tensor(15261., dtype=torch.float64)",tensor(9),0,-7.5538306,0.0005238241,0,0,0,-1.768215,0.14576447,0,0,1,5.9837165,0.9974868,1,1,0,-1.5035677,0.18189402,0,0,1,2.399272,0.9167717,1,1
tensor(14169),"tensor(17962., dtype=torch.float64)",tensor(9),1,4.8585362,0.99229795,1,1,0,-6.0441184,0.0023661589,0,0,0,-6.2957654,0.0018407028,0,0,0,-2.756176,0.059738796,0,0,0,-3.77504,0.022421902,0,0
tensor(14207),"tensor(18528., dtype=torch.float64)",tensor(9),1,3.1833842,0.9602042,1,1,0,-1.9298388,0.12676843,0,0,0,-4.4333825,0.011734913,0,0,0,-3.5396445,0.02820503,0,0,0,-3.6828883,0.024533212,0,0
tensor(14219),"tensor(10518., dtype=torch.float64)",tensor(9),0,-5.1268783,0.005900042,0,0,0,-3.1927977,0.03943766,0,0,0,-2.189933,0.10065815,0,0,1,6.817065,0.99890625,1,1,0,0.9738253,0.7258813,1,0
tensor(14235),"tensor(8371., dtype=torch.float64)",tensor(9),1,-4.7863684,0.008273675,0,0,0,-0.10655783,0.47338572,0,0,0,3.513614,0.9710726,1,1,0,-3.1183195,0.042357888,0,0,0,0.29813296,0.57398605,1,0
tensor(14297),"tensor(7800., dtype=torch.float64)",tensor(9),0,-1.042609,0.26064694,0,0,0,-4.08944,0.016472718,0,0,1,2.3885915,0.9159532,1,1,0,-2.1441085,0.104883045,0,0,0,-2.052456,0.11380446,0,0
tensor(14339),"tensor(8081., dtype=torch.float64)",tensor(9),1,2.0853126,0.8894674,1,1,0,-3.947434,0.01893858,0,0,0,-0.8139935,0.30704013,0,0,0,-4.011928,0.017776735,0,0,0,-2.1379786,0.10545994,0,0
tensor(14349),"tensor(529., dtype=torch.float64)",tensor(9),0,-4.559173,0.010362214,0,0,1,0.8576393,0.70216715,1,1,1,1.9942315,0.88019013,1,1,0,-0.63093203,0.34729922,0,0,0,-2.8875482,0.05277254,0,0
tensor(14385),"tensor(3687., dtype=torch.float64)",tensor(9),1,2.7547197,0.94017935,1,1,0,-6.266664,0.001894954,0,0,0,-1.5703179,0.17217107,0,0,0,-3.7256794,0.023529734,0,0,0,-2.3617194,0.086138755,0,0
tensor(14403),"tensor(488., dtype=torch.float64)",tensor(9),1,-1.1490169,0.24066871,0,0,0,-0.11750841,0.47065666,0,0,0,0.7352419,0.67595446,1,0,0,0.81225306,0.69258946,1,0,0,-0.7779299,0.3147662,0,0
tensor(14407),"tensor(9815., dtype=torch.float64)",tensor(9),1,3.1145291,0.9574881,1,1,0,-3.550472,0.027909765,0,0,0,-5.7473483,0.0031810803,0,0,0,-0.29907396,0.42578387,0,0,0,-5.694642,0.0033526628,0,0
tensor(14435),"tensor(20180., dtype=torch.float64)",tensor(9),1,3.2008739,0.9608672,1,1,0,-4.012459,0.01776747,0,0,0,-4.0638657,0.016892219,0,0,0,-2.2797956,0.092810154,0,0,0,-1.9590684,0.12356791,0,0
tensor(14449),"tensor(488., dtype=torch.float64)",tensor(9),1,1.2850821,0.78331363,1,1,0,-1.03527,0.26206368,0,0,0,-2.1530695,0.10404474,0,0,0,-0.8509248,0.2992389,0,0,0,-0.98567563,0.27176708,0,0
tensor(14461),"tensor(3403., dtype=torch.float64)",tensor(9),1,-0.24861044,0.43816552,0,1,0,1.5426583,0.8238508,1,1,0,-3.012533,0.046862878,0,0,0,-3.5130758,0.028942464,0,0,0,-0.8243647,0.30483794,0,0
tensor(14467),"tensor(1716., dtype=torch.float64)",tensor(9),0,-4.6135864,0.009818826,0,0,0,-2.5365071,0.073338196,0,0,0,-2.386835,0.08418211,0,0,1,6.267758,0.9981071,1,1,1,1.123748,0.75468326,1,1
tensor(14487),"tensor(15893., dtype=torch.float64)",tensor(9),0,-5.6379848,0.0035474068,0,0,1,2.1624908,0.8968302,1,1,0,0.84470356,0.6994549,1,0,1,3.0920167,0.9565622,1,1,0,-0.84702784,0.3000567,0,0
tensor(14493),"tensor(3716., dtype=torch.float64)",tensor(9),0,-4.135925,0.015736284,0,0,0,-3.0361056,0.045821134,0,0,0,-2.2080812,0.09902713,0,0,1,5.7082067,0.9966923,1,1,1,1.0656117,0.74376154,1,1
tensor(14495),"tensor(17466., dtype=torch.float64)",tensor(9),0,0.87551427,0.7058918,1,1,1,0.32478905,0.5804909,1,0,0,-6.0889993,0.0022625464,0,0,0,-0.74169755,0.32263306,0,0,0,-6.623794,0.0013266191,0,0
tensor(14509),"tensor(5555., dtype=torch.float64)",tensor(9),1,-1.076988,0.25407645,0,0,0,-0.67323655,0.3377725,0,0,0,0.7106485,0.67054445,1,0,0,0.3296656,0.58167803,1,0,0,0.509094,0.62459403,1,0
tensor(14519),"tensor(19301., dtype=torch.float64)",tensor(9),1,4.3317776,0.9870264,1,1,0,-4.490134,0.01109467,0,0,0,-5.367368,0.0046447217,0,0,0,-2.589386,0.06982465,0,0,0,-4.430954,0.011763112,0,0
tensor(14549),"tensor(4932., dtype=torch.float64)",tensor(9),1,-0.18617883,0.4535893,0,1,0,-4.161638,0.015342943,0,0,0,1.8757229,0.8671191,1,1,0,-5.2140174,0.0054103453,0,0,0,-2.0856793,0.110496536,0,0
tensor(14589),"tensor(4395., dtype=torch.float64)",tensor(9),0,-7.140221,0.0007919491,0,0,1,2.8271613,0.944126,1,1,1,2.7643027,0.9407161,1,1,0,-1.8675714,0.13382299,0,0,1,1.9599138,0.8765236,1,1
tensor(14601),"tensor(6780., dtype=torch.float64)",tensor(9),0,-3.792728,0.022037452,0,0,0,-0.85084707,0.2992552,0,0,1,3.041427,0.954411,1,1,0,-1.3193634,0.21092424,0,0,0,-0.34803572,0.41385886,0,0
tensor(14615),"tensor(11573., dtype=torch.float64)",tensor(9),0,-2.2780848,0.09295431,0,0,0,-1.3687406,0.2028234,0,0,1,1.2799615,0.7824432,1,1,0,0.49684113,0.6217167,1,0,0,1.5801646,0.8292278,1,1
tensor(14671),"tensor(14147., dtype=torch.float64)",tensor(9),0,-5.8547983,0.0028579223,0,0,0,1.2290767,0.77365696,1,1,1,1.8768964,0.8672542,1,1,1,2.585257,0.92990667,1,1,0,-1.4244379,0.19396682,0,0
tensor(14741),"tensor(6796., dtype=torch.float64)",tensor(9),0,-5.5147605,0.004010741,0,0,0,-1.2813445,0.21732146,0,0,0,1.831783,0.861974,1,1,1,4.114265,0.9839246,1,1,1,2.4107027,0.9176398,1,1
tensor(14777),"tensor(12067., dtype=torch.float64)",tensor(9),0,-6.9379506,0.0009693156,0,0,1,4.837531,0.99213576,1,1,0,0.97721255,0.72655475,1,1,0,-2.250969,0.095265925,0,0,0,0.33048946,0.5818785,1,0
tensor(14791),"tensor(16256., dtype=torch.float64)",tensor(9),1,3.538929,0.97177535,1,1,0,-2.8078694,0.056900404,0,0,0,-4.6593585,0.0093836505,0,0,0,-2.525764,0.07407165,0,0,0,-5.079994,0.0061814967,0,0
tensor(14809),"tensor(21216., dtype=torch.float64)",tensor(9),1,4.5655937,0.98970336,1,1,0,-3.9715166,0.018496271,0,0,0,-5.9391913,0.0026272384,0,0,0,-3.8705077,0.020422028,0,0,0,-3.8588443,0.020656666,0,0
tensor(14835),"tensor(10164., dtype=torch.float64)",tensor(9),1,2.400725,0.9168826,1,1,0,-2.7038784,0.062744886,0,0,0,-2.4866393,0.076800145,0,0,0,-1.2837639,0.2169102,0,0,0,-3.4049027,0.032142594,0,0
tensor(14887),"tensor(1841., dtype=torch.float64)",tensor(9),0,-5.153642,0.0057451236,0,0,0,0.13041635,0.53255796,1,0,0,1.8478663,0.8638764,1,1,1,2.9758067,0.95146906,1,1,0,1.3094604,0.7874229,1,1
tensor(14901),"tensor(1075., dtype=torch.float64)",tensor(9),1,2.0610251,0.8870569,1,1,0,-1.1951947,0.23233116,0,0,0,-3.968901,0.018543819,0,0,0,-2.6876125,0.06370828,0,0,0,-1.7339689,0.15008064,0,0
tensor(14921),"tensor(6074., dtype=torch.float64)",tensor(9),1,0.0653318,0.51632714,1,1,0,-1.9217653,0.12766483,0,0,0,-3.829387,0.02126108,0,0,0,-0.58622193,0.3575022,0,0,0,1.6586596,0.84005797,1,1
tensor(14969),"tensor(6531., dtype=torch.float64)",tensor(9),0,0.75294024,0.67981905,1,1,0,-3.2381287,0.03775582,0,0,1,0.41923812,0.6033009,1,0,0,-3.0392141,0.045685425,0,0,0,-0.5055242,0.37624335,0,0
tensor(14979),"tensor(475., dtype=torch.float64)",tensor(9),1,1.5764751,0.8287047,1,1,0,-2.3675933,0.08567749,0,0,0,-1.2432578,0.22386943,0,0,0,-2.6786273,0.06424636,0,0,0,-0.91131026,0.2867318,0,0
tensor(15005),"tensor(2055., dtype=torch.float64)",tensor(9),1,-1.7219007,0.15162651,0,0,0,-1.514008,0.18034557,0,0,1,2.2024758,0.9004716,1,1,0,-2.6190696,0.06792118,0,0,0,0.12779543,0.5319055,1,0
tensor(15009),"tensor(9561., dtype=torch.float64)",tensor(9),1,0.86958987,0.70466036,1,1,0,-1.2963176,0.21478543,0,0,0,-5.037332,0.006449181,0,0,0,1.8856103,0.86825424,1,1,0,-4.660962,0.009368756,0,0
tensor(15071),"tensor(19222., dtype=torch.float64)",tensor(9),0,-5.3204284,0.0048668566,0,0,0,-1.5143967,0.18028814,0,0,1,4.1331177,0.9842202,1,1,0,-4.546311,0.010494948,0,0,0,-2.235768,0.09658417,0,0
tensor(15079),"tensor(6194., dtype=torch.float64)",tensor(9),0,-1.3860202,0.20004387,0,0,0,-1.6065948,0.16706192,0,0,1,2.0244288,0.8833382,1,1,0,-1.3801942,0.20097782,0,0,0,-0.5480213,0.3663236,0,0
tensor(15093),"tensor(3321., dtype=torch.float64)",tensor(9),0,-2.4754033,0.07760059,0,0,1,-0.55642897,0.36437413,0,0,0,2.2040112,0.9006092,1,1,0,-0.7188733,0.32764113,0,0,0,0.009643644,0.5024109,1,0
tensor(15119),"tensor(7803., dtype=torch.float64)",tensor(9),0,1.7819159,0.85593325,1,1,0,-2.910823,0.05162112,0,0,0,-4.3799024,0.012371608,0,0,0,-2.521647,0.07435451,0,0,1,0.66776985,0.66100365,1,0
tensor(15125),"tensor(960., dtype=torch.float64)",tensor(9),0,-4.282661,0.01361787,0,0,1,1.6010823,0.8321696,1,1,1,1.7879182,0.85667187,1,1,0,-1.4972019,0.18284322,0,0,1,1.1427374,0.7581819,1,1
tensor(15137),"tensor(14274., dtype=torch.float64)",tensor(9),1,3.5071063,0.97088933,1,1,0,-4.0296316,0.017470242,0,0,0,-5.389528,0.0045433915,0,0,0,-2.2031,0.09947246,0,0,0,-2.4030344,0.08294159,0,0
tensor(15153),"tensor(21608., dtype=torch.float64)",tensor(9),1,3.438573,0.9688885,1,1,0,-2.3780107,0.08486493,0,0,0,-4.0736365,0.016730718,0,0,0,-3.7100992,0.023890376,0,0,0,-3.8633976,0.020564752,0,0
tensor(15171),"tensor(9442., dtype=torch.float64)",tensor(9),1,6.7620683,0.9988445,1,1,0,-6.4589257,0.0015640275,0,0,0,-7.846844,0.0003908311,0,0,0,-4.563958,0.0103132585,0,0,0,-7.531865,0.0005354513,0,0
tensor(15211),"tensor(20875., dtype=torch.float64)",tensor(9),1,2.080843,0.8890272,1,1,0,-1.4838669,0.18484406,0,0,0,-4.004162,0.017912846,0,0,0,-2.4307466,0.08085797,0,0,0,-1.1389259,0.24251765,0,0
tensor(15251),"tensor(11092., dtype=torch.float64)",tensor(9),0,-5.2666783,0.0051342277,0,0,0,2.064606,0.8874152,1,1,1,1.037668,0.7383998,1,1,1,1.9217324,0.87233144,1,1,1,0.16845697,0.54201496,1,0
tensor(15301),"tensor(15228., dtype=torch.float64)",tensor(9),0,-4.6275315,0.009684168,0,0,0,-0.7673348,0.31705594,0,0,1,3.4061077,0.96789485,1,1,0,-0.7542804,0.31988934,0,0,0,-0.6217452,0.3493846,0,0
tensor(15341),"tensor(13753., dtype=torch.float64)",tensor(9),0,-8.398385,0.00022518006,0,0,0,2.8222418,0.943866,1,1,1,3.10615,0.95714575,1,1,0,0.23715553,0.55901253,1,0,1,1.5428045,0.823872,1,1
tensor(15343),"tensor(13897., dtype=torch.float64)",tensor(9),1,1.4512348,0.8101884,1,1,0,-2.396308,0.08345467,0,0,0,-0.6764395,0.33705643,0,0,0,-1.8676279,0.13381645,0,0,0,-2.066357,0.11241,0,0
tensor(15361),"tensor(9500., dtype=torch.float64)",tensor(9),1,2.7709217,0.9410841,1,1,0,-3.8503351,0.02082951,0,0,0,-3.9643724,0.018626416,0,0,0,-3.0113754,0.046914607,0,0,0,-0.89069754,0.2909659,0,0
tensor(15363),"tensor(15507., dtype=torch.float64)",tensor(9),1,2.1038249,0.8912744,1,1,0,-6.2294126,0.0019667335,0,0,0,-5.513615,0.004015319,0,0,0,-1.9512928,0.12441246,0,0,0,0.9909007,0.7292658,1,0
tensor(15403),"tensor(16292., dtype=torch.float64)",tensor(9),1,-1.1551478,0.23955005,0,0,0,-0.5719662,0.36078328,0,0,0,0.51993525,0.6271326,1,0,0,-0.90309507,0.28841487,0,0,0,-2.2124674,0.098636486,0,0
tensor(15413),"tensor(14145., dtype=torch.float64)",tensor(9),1,3.2706552,0.9634083,1,1,0,-2.843007,0.055043913,0,0,0,-4.271003,0.013775359,0,0,0,-3.3750916,0.03308305,0,0,0,-2.325832,0.08900606,0,0
tensor(15417),"tensor(13133., dtype=torch.float64)",tensor(9),0,1.5546968,0.8255911,1,1,0,-0.9745152,0.27398145,0,0,1,-1.5641427,0.17305301,0,0,0,-2.765089,0.059240118,0,0,0,-1.7719735,0.14529708,0,0
tensor(15465),"tensor(18102., dtype=torch.float64)",tensor(9),1,2.9500415,0.95026547,1,1,0,-3.971353,0.018499242,0,0,0,-4.3858314,0.012299372,0,0,0,-1.8009176,0.1417394,0,0,0,-1.545035,0.17580453,0,0
tensor(15471),"tensor(13133., dtype=torch.float64)",tensor(9),0,-4.805739,0.008116241,0,0,0,-1.1367424,0.24291897,0,0,1,2.514249,0.9251347,1,1,0,-1.8477793,0.13613385,0,0,0,-4.0369344,0.01734533,0,0
tensor(15479),"tensor(17997., dtype=torch.float64)",tensor(9),0,-7.4358683,0.00058936916,0,0,1,3.2607615,0.9630579,1,1,1,2.2384334,0.90364814,1,1,0,-2.2171447,0.098221414,0,0,0,-1.6882888,0.15600102,0,0
tensor(15485),"tensor(12579., dtype=torch.float64)",tensor(9),0,-5.719808,0.0032696151,0,0,0,-1.5182418,0.17972055,0,0,0,-1.0395575,0.26123542,0,0,1,6.8451757,0.9989366,1,1,1,1.1340991,0.7565946,1,1
tensor(15515),"tensor(17393., dtype=torch.float64)",tensor(9),0,-4.8382187,0.007858899,0,0,1,4.285149,0.98641557,1,1,0,-0.16615894,0.45855555,0,0,0,-2.5150204,0.07481189,0,0,0,-1.9541456,0.124102026,0,0
tensor(15525),"tensor(8004., dtype=torch.float64)",tensor(9),1,0.8124833,0.69263846,1,1,0,-2.2480962,0.0955138,0,0,0,-1.9751642,0.12183527,0,0,0,1.2732673,0.78130156,1,1,0,-2.473882,0.07770956,0,0
tensor(15537),"tensor(14188., dtype=torch.float64)",tensor(9),0,-6.265551,0.0018970602,0,0,1,4.876822,0.99243647,1,1,0,-0.8138845,0.30706337,0,0,0,1.1402314,0.7577221,1,1,0,-2.2850764,0.092366494,0,0
tensor(15553),"tensor(17012., dtype=torch.float64)",tensor(9),1,2.7873883,0.9419905,1,1,0,-4.1871643,0.014962032,0,0,0,-4.4958687,0.011031926,0,0,0,-2.6998463,0.062982425,0,0,0,-0.40741414,0.39953232,0,0
tensor(15563),"tensor(14188., dtype=torch.float64)",tensor(9),0,-6.359757,0.0017268001,0,0,1,3.2548122,0.9628457,1,1,0,-0.19478533,0.45145702,0,0,0,3.7239256,0.97642994,1,1,0,-1.4744686,0.18626435,0,0
tensor(15597),"tensor(14188., dtype=torch.float64)",tensor(9),0,-7.1261134,0.0008031919,0,0,1,2.4732366,0.9222442,1,1,1,1.522676,0.8209322,1,1,1,3.073688,0.9557943,1,1,0,0.32764506,0.5811863,1,0
tensor(15609),"tensor(12619., dtype=torch.float64)",tensor(9),1,4.694509,0.9909375,1,1,0,-4.9858336,0.0067876903,0,0,0,-5.560772,0.0038310732,0,0,0,-3.299924,0.035573803,0,0,0,-4.3029194,0.013348413,0,0
tensor(15679),"tensor(18575., dtype=torch.float64)",tensor(9),1,4.1422987,0.9843621,1,1,0,-3.8248007,0.021356722,0,0,0,-5.101597,0.0060501914,0,0,0,-5.5401993,0.003910393,0,0,0,-2.474581,0.07765947,0,0
tensor(15687),"tensor(16502., dtype=torch.float64)",tensor(9),0,-4.295552,0.013445797,0,0,0,-2.7980218,0.05743117,0,0,1,2.989094,0.952079,1,1,0,1.8076391,0.8590763,1,1,0,-1.8578717,0.13495132,0,0
tensor(15697),"tensor(8547., dtype=torch.float64)",tensor(9),1,4.0855722,0.9834645,1,1,0,-5.1268415,0.0059002573,0,0,0,-4.3473945,0.01277517,0,0,0,-4.5065804,0.01091567,0,0,0,-2.6864944,0.06377501,0,0
tensor(15699),"tensor(16502., dtype=torch.float64)",tensor(9),1,3.7503653,0.9770308,1,1,0,-4.867162,0.0076364074,0,0,0,-3.748572,0.023009446,0,0,0,-2.7853792,0.05811939,0,0,0,-3.1903708,0.0395297,0,0
tensor(15731),"tensor(14804., dtype=torch.float64)",tensor(9),0,-4.854546,0.00773261,0,0,1,1.7520924,0.8522165,1,1,0,1.343503,0.79306537,1,1,1,1.1719115,0.7634904,1,1,0,-2.6562712,0.06560353,0,0
tensor(15763),"tensor(8258., dtype=torch.float64)",tensor(9),0,-7.4060774,0.0006071803,0,0,0,-1.4688851,0.18711212,0,0,1,4.7061524,0.9910415,1,1,1,2.166588,0.8972087,1,1,0,2.7167802,0.93800956,1,1
tensor(15775),"tensor(7056., dtype=torch.float64)",tensor(9),1,1.8530815,0.8644885,1,1,0,-2.4806173,0.0772282,0,0,0,-2.7604945,0.059496693,0,0,0,-3.4544005,0.0306379,0,0,1,0.028522678,0.5071302,1,0
tensor(15783),"tensor(15287., dtype=torch.float64)",tensor(9),0,-3.0254667,0.046288542,0,0,1,3.9484465,0.98108023,1,1,0,-2.7639165,0.059305497,0,0,0,-1.2218857,0.2276048,0,0,0,-2.1218436,0.106991805,0,0
tensor(15785),"tensor(16502., dtype=torch.float64)",tensor(9),1,2.2953448,0.9084908,1,1,0,-3.7291164,0.023450894,0,0,0,-1.6029382,0.16757135,0,0,0,-2.355607,0.08662113,0,0,0,-1.7476002,0.14835015,0,0
tensor(15799),"tensor(17354., dtype=torch.float64)",tensor(9),0,-0.60178256,0.35393596,0,1,0,-1.2756083,0.2182987,0,0,1,-0.13334149,0.46671394,0,0,1,1.0904174,0.7484603,1,1,0,0.21139935,0.5526539,1,0
tensor(15805),"tensor(8258., dtype=torch.float64)",tensor(9),0,-8.839355,0.00014489512,0,0,0,-1.634633,0.16319667,0,0,1,6.3341985,0.9982286,1,1,1,0.112242,0.52803105,1,0,0,4.6592846,0.99061567,1,1
tensor(15811),"tensor(20799., dtype=torch.float64)",tensor(9),0,-7.9948707,0.0003370741,0,0,1,5.12567,0.9940929,1,1,0,0.9803636,0.72718036,1,1,0,-3.2222657,0.038336366,0,0,0,-2.2477124,0.095546976,0,0
tensor(15813),"tensor(7937., dtype=torch.float64)",tensor(9),1,3.9028106,0.98021424,1,1,0,-5.114346,0.0059740036,0,0,0,-3.689256,0.024381286,0,0,0,-2.0851555,0.11054803,0,0,0,-4.1695166,0.015224367,0,0
tensor(15819),"tensor(8682., dtype=torch.float64)",tensor(9),1,0.7039006,0.669052,1,1,0,-3.103813,0.04295025,0,0,0,-6.112923,0.002209178,0,0,0,3.328364,0.96538913,1,1,0,-2.4499376,0.07944313,0,0
tensor(15831),"tensor(13204., dtype=torch.float64)",tensor(9),0,0.85972697,0.70260364,1,1,0,-2.997217,0.047551762,0,0,1,0.04664062,0.511658,1,0,0,-2.1233196,0.10685085,0,0,0,-1.51135,0.1807388,0,0
tensor(15853),"tensor(21223., dtype=torch.float64)",tensor(9),0,-5.071889,0.006231489,0,0,0,-2.1113975,0.107993975,0,0,1,0.042053834,0.51051193,1,0,1,4.9284945,0.99281454,1,1,1,1.981774,0.8788701,1,1
tensor(15855),"tensor(9629., dtype=torch.float64)",tensor(9),0,-2.2329097,0.09683387,0,0,0,0.4787497,0.6174526,1,1,1,1.5684597,0.8275639,1,1,0,-2.691116,0.063499615,0,0,0,-0.2838275,0.4295157,0,0
tensor(15859),"tensor(12268., dtype=torch.float64)",tensor(9),0,-6.8379545,0.0010711459,0,0,0,-3.1396124,0.04150254,0,0,1,6.07416,0.99770373,1,1,0,-1.6579354,0.16003934,0,0,1,2.7270699,0.93860525,1,1
tensor(15867),"tensor(16720., dtype=torch.float64)",tensor(9),0,-11.850231,7.1368554e-06,0,0,0,-9.810676,5.4859756e-05,0,0,0,-8.678921,0.00017010566,0,0,0,-8.228063,0.00026698192,0,0,0,-14.495737,5.06502e-07,0,0
tensor(15875),"tensor(11128., dtype=torch.float64)",tensor(9),1,0.26684877,0.56631917,1,1,0,-0.13128306,0.4672263,0,0,0,-3.8647878,0.02053677,0,0,0,-1.283519,0.2169518,0,0,0,1.0541555,0.741572,1,1
tensor(15889),"tensor(17166., dtype=torch.float64)",tensor(9),0,-0.5692401,0.36141217,0,1,0,-3.0344048,0.045895558,0,0,1,2.0050492,0.8813262,1,1,0,-3.8572063,0.020689826,0,0,0,-2.4423158,0.08000229,0,0
tensor(15895),"tensor(13953., dtype=torch.float64)",tensor(9),1,4.9703145,0.9931069,1,1,0,-5.5668035,0.003808123,0,0,0,-7.2673783,0.0006974526,0,0,0,-2.7021618,0.062845916,0,0,0,-4.23897,0.0142173935,0,0
tensor(15905),"tensor(7434., dtype=torch.float64)",tensor(9),0,-6.5294595,0.0014576669,0,0,0,-0.042293023,0.48942834,0,0,1,4.613322,0.9901786,1,1,0,-4.38749,0.012279241,0,0,0,1.4312532,0.8070965,1,1
tensor(15909),"tensor(17166., dtype=torch.float64)",tensor(9),1,-3.779094,0.022333214,0,0,0,-0.81151205,0.30756837,0,0,0,3.1585066,0.9592426,1,1,0,-3.6520197,0.025282882,0,0,0,-1.0783839,0.253812,0,0
tensor(15921),"tensor(16502., dtype=torch.float64)",tensor(9),1,2.421212,0.91843057,1,1,0,-4.0329022,0.017414192,0,0,0,-1.9353161,0.12616333,0,0,0,-2.0305102,0.11603657,0,0,0,-1.9390312,0.12575433,0,0
tensor(15945),"tensor(8665., dtype=torch.float64)",tensor(9),0,2.9898024,0.9521113,1,1,0,-3.8939137,0.01995901,0,0,1,-2.7500124,0.06008595,0,0,0,-3.4438844,0.030951766,0,0,0,-2.531895,0.07365226,0,0
tensor(15967),"tensor(3717., dtype=torch.float64)",tensor(9),1,3.305972,0.96463317,1,1,0,-4.650664,0.009464817,0,0,0,-4.6425934,0.009540781,0,0,0,-1.4579475,0.18878146,0,0,0,-2.5455468,0.07272623,0,0
tensor(15989),"tensor(15877., dtype=torch.float64)",tensor(9),0,-0.53909767,0.3683975,0,1,0,-2.5075018,0.075333945,0,0,0,-2.9773777,0.048458405,0,0,1,3.7543907,0.977121,1,1,0,-1.425863,0.1937441,0,0
tensor(15995),"tensor(3757., dtype=torch.float64)",tensor(9),0,1.879832,0.8675918,1,1,0,-3.193791,0.039400052,0,0,0,-4.934643,0.00714166,0,0,1,1.4793394,0.8144728,1,1,1,-5.560055,0.003833811,0,0
tensor(16011),"tensor(10532., dtype=torch.float64)",tensor(9),0,0.4413112,0.6085714,1,1,0,-2.9772594,0.048463855,0,0,0,-4.6026235,0.009925987,0,0,1,3.3181787,0.9650472,1,1,0,-2.3009982,0.09104032,0,0
tensor(16057),"tensor(16563., dtype=torch.float64)",tensor(9),1,4.2882957,0.98645765,1,1,0,-5.4428306,0.004308573,0,0,0,-6.8570905,0.0010508648,0,0,0,-2.3746152,0.085129015,0,0,0,-2.6680105,0.06488758,0,0
tensor(16067),"tensor(2847., dtype=torch.float64)",tensor(9),1,0.7698244,0.68348294,1,1,0,-1.0469172,0.25981754,0,0,0,-0.7572798,0.31923714,0,0,0,-0.812843,0.30728498,0,0,0,-0.97681063,0.2735251,0,0
tensor(16069),"tensor(2393., dtype=torch.float64)",tensor(9),0,-2.8538885,0.05448067,0,0,0,-0.09191735,0.47703683,0,0,0,1.1529095,0.76004195,1,1,1,1.3800626,0.79900104,1,1,0,1.1522856,0.7599281,1,1
tensor(16085),"tensor(2718., dtype=torch.float64)",tensor(9),0,-1.7054782,0.15375113,0,0,0,-1.1275973,0.2446048,0,0,0,-2.6588144,0.065447815,0,0,1,3.7097893,0.97610235,1,1,0,-0.14127174,0.46474066,0,0
tensor(16109),"tensor(11473., dtype=torch.float64)",tensor(9),1,3.871616,0.97960013,1,1,0,-4.252189,0.014033305,0,0,0,-6.1678257,0.002091405,0,0,0,-3.8873792,0.020087231,0,0,0,-1.6741289,0.15787446,0,0
tensor(16115),"tensor(8867., dtype=torch.float64)",tensor(9),0,-5.296647,0.0049833995,0,0,0,-2.048034,0.1142512,0,0,1,4.4316278,0.9882448,1,1,0,-0.8715442,0.29493308,0,0,0,0.1353828,0.5337941,1,0
tensor(16145),"tensor(16656., dtype=torch.float64)",tensor(9),1,4.5545535,0.98959035,1,1,0,-4.0015945,0.017958067,0,0,0,-5.4235682,0.0043920027,0,0,0,-4.5503616,0.010452965,0,0,0,-3.6361957,0.025675789,0,0
tensor(16153),"tensor(21398., dtype=torch.float64)",tensor(9),0,-2.52054,0.07443074,0,0,0,-0.9115606,0.2866806,0,0,1,2.2327116,0.90314883,1,1,0,-1.8785841,0.13255158,0,0,0,-1.1651171,0.2377387,0,0
tensor(16171),"tensor(13559., dtype=torch.float64)",tensor(9),0,-4.9016633,0.0073793475,0,0,1,1.3846793,0.79974145,1,1,0,1.1833701,0.7655532,1,1,1,2.41085,0.91765094,1,1,0,0.05307313,0.5132652,1,0
tensor(16209),"tensor(12826., dtype=torch.float64)",tensor(9),0,0.34012374,0.5842206,1,1,0,-1.0679336,0.25579628,0,0,1,0.49244708,0.6206827,1,0,1,-3.0620558,0.044699837,0,0,0,-0.59274,0.35600644,0,0
tensor(16253),"tensor(7307., dtype=torch.float64)",tensor(9),1,3.1876764,0.9603679,1,1,0,-3.0372176,0.04577255,0,0,0,-4.3754106,0.012426611,0,0,0,-2.0940342,0.109678015,0,0,0,-3.116673,0.042424724,0,0
tensor(16267),"tensor(1284., dtype=torch.float64)",tensor(9),1,0.6819794,0.66418034,1,1,0,-2.1023037,0.1088731,0,0,0,-3.14961,0.041106645,0,0,0,1.2671165,0.78024876,1,1,0,-0.44268972,0.39110023,0,0
tensor(16287),"tensor(9957., dtype=torch.float64)",tensor(9),1,4.2474155,0.98590046,1,1,0,-3.6612,0.025057627,0,0,0,-4.697369,0.009036829,0,0,0,-2.2701793,0.093623,0,0,0,-7.464098,0.00057297345,0,0
tensor(16303),"tensor(8239., dtype=torch.float64)",tensor(9),0,3.9155688,0.9804602,1,1,0,-3.8032143,0.021812584,0,0,0,-4.938922,0.0071113817,0,0,0,-2.2207088,0.09790618,0,0,1,-4.3382874,0.012890538,0,0
tensor(16359),"tensor(5070., dtype=torch.float64)",tensor(9),0,-6.89952,0.0010072538,0,0,0,1.2313645,0.7740573,1,1,1,1.9156334,0.87165076,1,1,1,3.859353,0.97935355,1,1,0,1.835509,0.8624167,1,1
tensor(16373),"tensor(6942., dtype=torch.float64)",tensor(9),0,-7.1642203,0.0007731838,0,0,1,1.956049,0.8761047,1,1,0,1.3344471,0.79157525,1,1,0,3.9132328,0.98041546,1,1,0,1.0542402,0.7415883,1,1
tensor(16437),"tensor(3878., dtype=torch.float64)",tensor(9),1,2.1041243,0.8913034,1,1,0,-1.5198419,0.17948481,0,0,0,-2.7605627,0.05949288,0,0,0,-1.9842329,0.120868325,0,0,0,-2.1348612,0.10575438,0,0
tensor(16441),"tensor(20525., dtype=torch.float64)",tensor(9),0,3.4524088,0.9693029,1,1,0,-4.889444,0.0074693947,0,0,0,-5.515286,0.0040086424,0,0,0,-2.9094028,0.051690698,0,0,1,-1.2322534,0.22578728,0,0
tensor(16445),"tensor(19238., dtype=torch.float64)",tensor(9),0,-6.119192,0.0021954025,0,0,0,-4.473129,0.011282801,0,0,0,-5.5168996,0.0040022046,0,0,0,-0.53048384,0.37040406,0,0,0,-6.974757,0.00093431957,0,0
tensor(16455),"tensor(1513., dtype=torch.float64)",tensor(9),0,-4.5312924,0.010652064,0,0,0,0.9623186,0.7235858,1,1,0,-2.0121906,0.117928915,0,0,1,4.790281,0.9917584,1,1,0,-0.39464736,0.40259907,0,0
tensor(16521),"tensor(20762., dtype=torch.float64)",tensor(9),0,-3.1346917,0.041698724,0,0,1,-0.27704436,0.43117854,0,0,0,2.4852738,0.923103,1,1,0,-2.690496,0.0635365,0,0,0,0.6980702,0.6677598,1,0
tensor(16527),"tensor(19167., dtype=torch.float64)",tensor(9),0,0.56789094,0.6382764,1,1,0,-1.3689852,0.20278387,0,0,1,-0.01876884,0.4953079,0,0,0,-0.59301215,0.355944,0,0,0,-1.5122243,0.18060939,0,0
tensor(16545),"tensor(6830., dtype=torch.float64)",tensor(9),1,2.625257,0.9324694,1,1,0,-3.2536666,0.037195355,0,0,0,-2.7180989,0.061913796,0,0,0,-1.2667918,0.21980692,0,0,0,-3.6783779,0.024641385,0,0
tensor(16551),"tensor(4952., dtype=torch.float64)",tensor(9),1,5.258452,0.9948236,1,1,0,-5.111404,0.0059915003,0,0,0,-5.754379,0.0031588643,0,0,0,-4.1557064,0.01543281,0,0,0,-5.5764523,0.0037716937,0,0
tensor(16593),"tensor(3811., dtype=torch.float64)",tensor(9),0,-3.8272727,0.02130512,0,0,1,0.17150679,0.5427719,1,0,0,-0.8938948,0.29030675,0,0,1,3.8334682,0.97882366,1,1,0,1.0548346,0.7417022,1,1
tensor(16623),"tensor(19247., dtype=torch.float64)",tensor(9),1,3.799121,0.9780999,1,1,0,-5.172686,0.0056373603,0,0,0,-4.8367515,0.007870348,0,0,0,-2.8612714,0.054101605,0,0,0,-2.2663872,0.09394527,0,0
tensor(16661),"tensor(19239., dtype=torch.float64)",tensor(9),0,-3.733373,0.023353612,0,0,1,-2.4863398,0.07682138,0,0,1,-2.3812668,0.08461239,0,0,1,5.147735,0.9942211,1,1,1,0.62553865,0.6514772,1,0
tensor(16687),"tensor(10556., dtype=torch.float64)",tensor(9),0,-1.0657384,0.25621435,0,0,0,0.97849447,0.7268094,1,1,1,-0.3676888,0.4090996,0,0,0,-1.8234756,0.13901736,0,0,0,0.5152294,0.6260315,1,0
tensor(16711),"tensor(8826., dtype=torch.float64)",tensor(9),0,-5.2399592,0.005272526,0,0,1,3.9652066,0.98138875,1,1,0,-0.5978054,0.35484594,0,0,0,1.6418421,0.8377854,1,1,0,-2.5313442,0.07368984,0,0
tensor(16715),"tensor(10556., dtype=torch.float64)",tensor(9),0,-1.7090394,0.15328833,0,0,0,0.2669903,0.5663539,1,0,1,1.2819688,0.78278476,1,1,0,-0.33041325,0.4181401,0,0,0,-0.16178656,0.45964134,0,0
tensor(16719),"tensor(10556., dtype=torch.float64)",tensor(9),0,-2.663758,0.06514609,0,0,0,1.6677119,0.8412705,1,1,0,0.50753635,0.6242288,1,0,0,-0.2222391,0.4446678,0,0,1,0.55795234,0.6359786,1,0
tensor(16741),"tensor(20893., dtype=torch.float64)",tensor(9),1,-1.4526839,0.18958886,0,0,0,1.4860383,0.81548285,1,1,0,-0.809976,0.3078956,0,0,0,-0.2168695,0.44599417,0,0,0,-0.77508587,0.31537995,0,0
tensor(16763),"tensor(4470., dtype=torch.float64)",tensor(9),1,3.3389595,0.96574146,1,1,0,-2.6697063,0.06478476,0,0,0,-4.509561,0.010883535,0,0,0,-2.3997517,0.08319163,0,0,0,-3.853775,0.020759467,0,0
tensor(16773),"tensor(6550., dtype=torch.float64)",tensor(9),0,-6.0975327,0.0022433645,0,0,1,-0.13902558,0.46529943,0,0,1,4.466757,0.9886459,1,1,0,-3.5841157,0.027011337,0,0,1,2.790613,0.94216645,1,1
tensor(16797),"tensor(6828., dtype=torch.float64)",tensor(9),0,-5.3718104,0.0046242303,0,0,1,1.52165,0.8207813,1,1,1,1.6082332,0.83316594,1,1,0,1.9156125,0.8716484,1,1,1,1.8103176,0.8594003,1,1
tensor(16877),"tensor(10045., dtype=torch.float64)",tensor(9),0,1.2508914,0.77745414,1,1,1,0.31917816,0.5791239,1,0,0,-4.134146,0.015763855,0,0,0,-2.314961,0.089891456,0,0,0,-3.412207,0.031916138,0,0
tensor(16879),"tensor(8330., dtype=torch.float64)",tensor(9),0,-6.653646,0.0012876525,0,0,0,-4.241888,0.014176551,0,0,0,-5.1947446,0.0055150483,0,0,0,-3.6580129,0.025135607,0,0,0,-9.072598,0.00011475475,0,0
tensor(16925),"tensor(12478., dtype=torch.float64)",tensor(9),1,1.6732183,0.8420044,1,1,0,-2.7617347,0.059427325,0,0,0,-5.1066613,0.006019812,0,0,0,1.0811367,0.746709,1,1,0,-2.7567952,0.059704028,0,0
tensor(16951),"tensor(6580., dtype=torch.float64)",tensor(9),0,-1.4413784,0.191332,0,0,1,1.9565576,0.8761599,1,1,0,-1.9860101,0.12067962,0,0,0,0.1571337,0.5392028,1,0,0,-0.43486267,0.39296576,0,0
tensor(16973),"tensor(15492., dtype=torch.float64)",tensor(9),1,1.2896013,0.7840797,1,1,0,-2.83668,0.055373948,0,0,0,-4.044646,0.017214384,0,0,1,1.7030725,0.84593564,1,1,0,-3.3025248,0.03548467,0,0
tensor(16989),"tensor(2324., dtype=torch.float64)",tensor(9),0,-4.6885033,0.00911657,0,0,1,2.437858,0.919669,1,1,0,0.3176254,0.5787454,1,0,1,2.278265,0.9070609,1,1,0,-1.5397841,0.17656668,0,0
tensor(16995),"tensor(7426., dtype=torch.float64)",tensor(9),0,-2.1513672,0.10420354,0,0,0,-1.3504412,0.20579824,0,0,0,-1.0850357,0.25255424,0,0,0,1.6304026,0.8362248,1,1,0,-2.09576,0.1095096,0,0
tensor(17039),"tensor(10329., dtype=torch.float64)",tensor(9),1,3.5122442,0.97103417,1,1,0,-3.0777473,0.044034544,0,0,0,-5.9369826,0.0026330324,0,0,0,-2.021646,0.1169489,0,0,0,-3.2947266,0.035752542,0,0
tensor(17055),"tensor(21249., dtype=torch.float64)",tensor(9),1,1.8492842,0.864043,1,1,0,-2.2306604,0.09703076,0,0,0,-3.264956,0.03679317,0,0,0,-1.2780657,0.21787967,0,0,0,-0.6446505,0.34419605,0,0
tensor(17059),"tensor(15201., dtype=torch.float64)",tensor(9),1,3.5788844,0.97285086,1,1,0,-2.8435292,0.055016767,0,0,0,-5.117316,0.005956394,0,0,0,-2.2825885,0.092575274,0,0,0,-5.0842385,0.0061554774,0,0
tensor(17165),"tensor(11161., dtype=torch.float64)",tensor(9),0,-4.903052,0.0073691835,0,0,1,0.15338425,0.53827107,1,0,0,-2.3078496,0.09047493,0,0,1,5.523176,0.9960227,1,1,0,0.5856437,0.642365,1,0
tensor(17181),"tensor(19598., dtype=torch.float64)",tensor(9),1,-0.21576774,0.44626635,0,1,0,-2.5286937,0.073870964,0,0,0,0.49504438,0.6212941,1,0,0,-2.1933446,0.10034974,0,0,0,1.0837218,0.7471976,1,1
tensor(17185),"tensor(20147., dtype=torch.float64)",tensor(9),1,-0.12550163,0.4686657,0,1,0,-1.407706,0.19659615,0,0,0,0.48233786,0.6182998,1,0,0,-2.0009265,0.11910569,0,0,0,0.7280845,0.67438483,1,0
tensor(17207),"tensor(15916., dtype=torch.float64)",tensor(9),0,-0.5499598,0.36587372,0,1,1,0.20546323,0.55118585,1,0,0,-2.1459718,0.10470825,0,0,0,-0.5907901,0.3564536,0,0,0,1.0845709,0.747358,1,1
tensor(17227),"tensor(17322., dtype=torch.float64)",tensor(9),0,-3.2582483,0.037031624,0,0,0,-0.39362776,0.40284428,0,0,1,2.1070325,0.8915849,1,1,1,0.49990815,0.6224377,1,0,0,-1.2660497,0.21993423,0,0
tensor(17303),"tensor(11735., dtype=torch.float64)",tensor(9),0,-4.8717875,0.0076014367,0,0,1,2.0219817,0.8830857,1,1,0,1.0671505,0.7440546,1,1,1,1.5810483,0.8293529,1,1,0,-0.45511588,0.38814512,0,0
tensor(17317),"tensor(20439., dtype=torch.float64)",tensor(9),1,2.2952542,0.9084832,1,1,0,-3.326426,0.03467566,0,0,0,-2.8655336,0.053883895,0,0,0,-1.8203487,0.13939205,0,0,0,-1.1522492,0.24007851,0,0
tensor(17335),"tensor(20273., dtype=torch.float64)",tensor(9),1,1.709841,0.84681565,1,1,0,-1.5069453,0.18139195,0,0,0,-2.1102417,0.10810537,0,0,0,-1.1544013,0.23968607,0,0,0,-2.251682,0.095204465,0,0
tensor(17349),"tensor(18040., dtype=torch.float64)",tensor(9),1,0.6745054,0.6625113,1,1,0,-1.9753084,0.12181985,0,0,0,-4.4413295,0.011643108,0,0,0,2.4553986,0.9209553,1,1,0,-3.4901297,0.029594377,0,0
tensor(17373),"tensor(17736., dtype=torch.float64)",tensor(9),1,3.711214,0.9761356,1,1,0,-4.4400907,0.011657371,0,0,0,-4.0433803,0.017235806,0,0,0,-2.3926044,0.0837384,0,0,0,-3.3188016,0.034931783,0,0
tensor(17411),"tensor(21463., dtype=torch.float64)",tensor(9),1,2.725843,0.9385345,1,1,0,-3.1166272,0.042426582,0,0,0,-4.2147946,0.0145602245,0,0,0,-2.5842652,0.070157975,0,0,0,-1.3097824,0.21252327,0,0
tensor(17433),"tensor(21107., dtype=torch.float64)",tensor(9),1,2.0043132,0.88124925,1,1,0,-2.9724386,0.04868665,0,0,0,-2.6244793,0.06757949,0,0,0,-3.0682292,0.044436958,0,0,0,-0.28360885,0.42956927,0,0
tensor(17523),"tensor(10229., dtype=torch.float64)",tensor(9),1,-0.21158597,0.44729996,0,1,0,-1.031193,0.26285288,0,0,0,-1.4237566,0.19407333,0,0,1,-0.87980634,0.29321793,0,0,0,1.3123087,0.78789926,1,1
tensor(17609),"tensor(19851., dtype=torch.float64)",tensor(9),1,2.0807247,0.8890156,1,1,0,-1.7428582,0.14895026,0,0,0,-4.4832764,0.011170159,0,0,0,-1.2024288,0.23104341,0,0,0,-1.8997763,0.1301338,0,0
tensor(17613),"tensor(424., dtype=torch.float64)",tensor(9),1,0.47093216,0.61560434,1,1,0,-1.8905404,0.13118288,0,0,0,0.4585797,0.61267716,1,0,0,-2.1172273,0.10743367,0,0,0,-0.35888875,0.4112286,0,0
tensor(17633),"tensor(21365., dtype=torch.float64)",tensor(9),0,-0.33564663,0.41686735,0,1,0,-2.0447505,0.114583895,0,0,0,0.7867358,0.68713,1,0,1,-0.3110246,0.42286465,0,0,0,-2.5674694,0.07126161,0,0
tensor(17639),"tensor(1728., dtype=torch.float64)",tensor(9),0,-7.923342,0.00036205864,0,0,1,1.2635823,0.77964216,1,1,1,3.4529192,0.96931815,1,1,1,2.3001397,0.9088886,1,1,1,1.0570812,0.74213237,1,1
tensor(17653),"tensor(2695., dtype=torch.float64)",tensor(9),0,-8.577999,0.00018816574,0,0,0,0.44102484,0.6085032,1,1,1,4.3676047,0.9874772,1,1,0,2.0995605,0.89086044,1,1,0,2.264492,0.90589327,1,1
tensor(17677),"tensor(11797., dtype=torch.float64)",tensor(9),1,5.394667,0.9954798,1,1,0,-6.0404124,0.002374923,0,0,0,-6.287328,0.0018562708,0,0,0,-2.9725633,0.04868088,0,0,0,-5.737528,0.003212373,0,0
tensor(17681),"tensor(18040., dtype=torch.float64)",tensor(9),0,0.74195457,0.6774231,1,1,1,-2.3408518,0.08779567,0,0,0,-5.000755,0.006687835,0,0,0,2.8328505,0.94442534,1,1,0,-4.0970345,0.016350126,0,0
tensor(17717),"tensor(4218., dtype=torch.float64)",tensor(9),1,4.8940463,0.9925647,1,1,0,-4.9513307,0.0070243,0,0,0,-5.8727894,0.002807108,0,0,0,-3.5798032,0.02712491,0,0,0,-4.041558,0.017266704,0,0
tensor(17723),"tensor(5619., dtype=torch.float64)",tensor(9),1,3.4521265,0.9692945,1,1,0,-5.044814,0.0064014154,0,0,0,-5.3198905,0.004869462,0,0,0,-3.3792968,0.032948792,0,0,0,-0.9287894,0.28317037,0,0
tensor(17753),"tensor(2443., dtype=torch.float64)",tensor(9),1,3.4875636,0.97033185,1,1,0,-2.227477,0.09731003,0,0,0,-6.2615705,0.0019046122,0,0,0,-2.4464695,0.07969711,0,0,0,-4.4065714,0.0120499525,0,0
tensor(17777),"tensor(8213., dtype=torch.float64)",tensor(9),1,5.908469,0.997291,1,1,0,-7.0081525,0.0009036607,0,0,0,-6.583668,0.0013808582,0,0,0,-2.6148534,0.06818858,0,0,0,-7.2819066,0.0006874,0,0
tensor(17787),"tensor(2976., dtype=torch.float64)",tensor(9),0,-0.7387038,0.32328767,0,1,1,2.1269138,0.8934916,1,1,0,-3.777753,0.02236251,0,0,0,-1.9284675,0.1269203,0,0,0,-0.89430094,0.29022306,0,0
tensor(17807),"tensor(5403., dtype=torch.float64)",tensor(9),1,1.1357579,0.7568999,1,1,0,-0.60938364,0.35219982,0,0,0,-1.7273169,0.1509311,0,0,0,-1.0278261,0.2635058,0,0,0,-1.2371364,0.22493483,0,0
tensor(17819),"tensor(4076., dtype=torch.float64)",tensor(9),0,0.6722879,0.66201526,1,1,0,-2.038909,0.11517787,0,0,1,0.043793865,0.5109467,1,0,0,-0.32570383,0.41928634,0,0,0,-1.9689866,0.12249778,0,0
tensor(17821),"tensor(2477., dtype=torch.float64)",tensor(9),1,4.585965,0.98990893,1,1,0,-3.2615795,0.036913015,0,0,0,-5.460564,0.0042331615,0,0,0,-4.402922,0.012093473,0,0,0,-5.0706463,0.0062391898,0,0
tensor(17823),"tensor(5136., dtype=torch.float64)",tensor(9),0,-4.2184277,0.014508188,0,0,1,0.3280928,0.58129525,1,0,1,0.38474092,0.59501606,1,0,1,3.521141,0.9712833,1,1,1,0.72302735,0.67327327,1,0
tensor(17863),"tensor(1519., dtype=torch.float64)",tensor(9),1,0.6341881,0.6534385,1,1,0,-0.9605811,0.27676186,0,0,0,-0.26436514,0.43429098,0,0,0,-4.3725944,0.012461219,0,0,0,-1.2760209,0.21822833,0,0
tensor(17871),"tensor(4093., dtype=torch.float64)",tensor(9),1,2.7934365,0.9423201,1,1,0,-2.4945292,0.076242596,0,0,0,-4.236984,0.014245253,0,0,0,-3.8713431,0.020405322,0,0,0,-1.132853,0.24363495,0,0
tensor(17873),"tensor(2042., dtype=torch.float64)",tensor(9),0,-2.0969799,0.109390706,0,0,0,-1.3952969,0.19856347,0,0,0,-4.0132203,0.017754186,0,0,1,4.727142,0.9912259,1,1,0,0.07302854,0.51824903,1,0
tensor(17883),"tensor(830., dtype=torch.float64)",tensor(9),1,4.7100477,0.991076,1,1,0,-5.260653,0.005165097,0,0,0,-5.2069144,0.0054487013,0,0,0,-3.7502072,0.02297272,0,0,0,-3.6526291,0.025267867,0,0
tensor(17905),"tensor(19051., dtype=torch.float64)",tensor(9),0,-1.4437969,0.19095808,0,0,0,-2.1178586,0.107373126,0,0,1,0.3966408,0.5978803,1,0,0,1.8323226,0.86203814,1,1,0,0.7757179,0.6847565,1,0
tensor(17939),"tensor(12781., dtype=torch.float64)",tensor(9),0,-7.6891584,0.00045755378,0,0,1,5.4072537,0.9955361,1,1,0,-5.220302,0.0053766314,0,0,1,4.76892,0.991582,1,1,0,-0.15355265,0.46168706,0,0
tensor(17949),"tensor(9108., dtype=torch.float64)",tensor(9),0,-2.9579911,0.049360186,0,0,0,-1.1541557,0.23973085,0,0,1,2.8760428,0.9466493,1,1,0,-2.2222865,0.09776693,0,0,0,0.979206,0.72695065,1,0
tensor(17953),"tensor(3485., dtype=torch.float64)",tensor(9),0,-2.9325562,0.050567463,0,0,0,-1.285274,0.2166538,0,0,0,-0.05383279,0.48654506,0,0,1,4.4590592,0.9885592,1,1,0,-0.8803706,0.29310098,0,0
tensor(17957),"tensor(16563., dtype=torch.float64)",tensor(9),1,3.5435424,0.9719016,1,1,0,-4.9263635,0.0072006052,0,0,0,-5.614301,0.0036321157,0,0,0,-1.5731363,0.17176974,0,0,0,-2.5939372,0.06952964,0,0
tensor(17961),"tensor(7758., dtype=torch.float64)",tensor(9),0,-3.932456,0.019218884,0,0,1,-0.06281789,0.48430067,0,0,0,1.511405,0.81926936,1,1,1,1.581558,0.8294251,1,1,0,2.110181,0.89188874,1,1
tensor(17979),"tensor(19775., dtype=torch.float64)",tensor(9),1,4.0349627,0.982621,1,1,0,-5.747276,0.0031813101,0,0,0,-5.7451396,0.0031880916,0,0,0,-3.166404,0.04044976,0,0,0,-1.8106,0.14056562,0,0
tensor(18003),"tensor(16391., dtype=torch.float64)",tensor(9),0,1.9738722,0.8780264,1,1,0,-2.6368232,0.06680581,0,0,0,-6.2901163,0.0018511112,0,0,1,1.2487206,0.77707833,1,1,0,-5.7555265,0.0031552524,0,0
tensor(18029),"tensor(7206., dtype=torch.float64)",tensor(9),0,-6.268699,0.0018911087,0,0,0,-1.3195484,0.21089344,0,0,1,4.7784452,0.9916611,1,1,0,-0.29742402,0.42618734,0,0,1,2.4728277,0.9222148,1,1
tensor(18037),"tensor(500., dtype=torch.float64)",tensor(9),0,-3.7476132,0.023031017,0,0,0,-1.5464101,0.17560537,0,0,0,-0.55336756,0.3650835,0,0,1,4.563085,0.9896778,1,1,1,0.52442247,0.6281813,1,0
tensor(18059),"tensor(993., dtype=torch.float64)",tensor(9),0,1.1109447,0.7523052,1,1,0,-2.2748847,0.09322447,0,0,1,-0.20365906,0.44926047,0,0,0,-2.571611,0.07098799,0,0,0,-0.6170251,0.35045838,0,0
tensor(18073),"tensor(19957., dtype=torch.float64)",tensor(9),1,1.8751712,0.86705554,1,1,0,-1.8166394,0.1398376,0,0,0,-2.334698,0.08828977,0,0,0,-2.1176891,0.10738938,0,0,0,-1.1595259,0.23875344,0,0
tensor(18119),"tensor(17223., dtype=torch.float64)",tensor(9),0,-4.658001,0.009396278,0,0,0,-1.6547375,0.16046968,0,0,1,4.316773,0.98683286,1,1,0,-3.8873453,0.0200879,0,0,0,0.68396276,0.66462255,1,0
tensor(18137),"tensor(4638., dtype=torch.float64)",tensor(9),0,-0.5196703,0.37292933,0,1,1,1.433735,0.8074826,1,1,0,-1.518652,0.17966011,0,0,1,-1.9122765,0.12872532,0,0,0,-1.2489196,0.2228872,0,0
tensor(18141),"tensor(3766., dtype=torch.float64)",tensor(9),0,4.7543025,0.991459,1,1,0,-5.9637127,0.0025637618,0,0,0,-5.279963,0.0050668153,0,0,0,-1.760647,0.14670931,0,0,1,-6.557407,0.0014175497,0,0
tensor(18171),"tensor(5229., dtype=torch.float64)",tensor(9),1,0.49028385,0.6201733,1,1,0,-1.9659442,0.12282518,0,0,0,-0.9965198,0.2696262,0,0,0,-2.3729143,0.08526157,0,0,0,0.94677275,0.72046566,1,0
tensor(18183),"tensor(4388., dtype=torch.float64)",tensor(9),1,2.5567,0.9280223,1,1,0,-5.139811,0.0058246716,0,0,0,-2.4032624,0.08292426,0,0,0,-0.5700902,0.36121604,0,0,0,-3.2872977,0.03600953,0,0
tensor(18201),"tensor(7590., dtype=torch.float64)",tensor(9),1,3.5407636,0.9718256,1,1,0,-3.68475,0.024488699,0,0,0,-4.6818795,0.009176601,0,0,0,-1.3607252,0.20412247,0,0,0,-5.2256517,0.005348099,0,0
tensor(18203),"tensor(14335., dtype=torch.float64)",tensor(9),0,-5.3465166,0.0047421246,0,0,1,3.1257298,0.95794165,1,1,0,0.18851045,0.54698855,1,0,0,1.1670842,0.7626176,1,1,0,-3.6877465,0.024417218,0,0
tensor(18235),"tensor(5366., dtype=torch.float64)",tensor(9),0,-0.8611377,0.2971017,0,1,0,-3.0511308,0.045168683,0,0,1,2.0837305,0.8893118,1,1,0,-3.0057542,0.047166593,0,0,0,-1.6396714,0.16250978,0,0
tensor(18261),"tensor(2721., dtype=torch.float64)",tensor(9),0,-6.1201367,0.002193334,0,0,0,0.15462255,0.5385788,1,0,1,4.074747,0.9832876,1,1,0,-2.307454,0.09050749,0,0,0,0.42570543,0.6048477,1,0
tensor(18273),"tensor(5833., dtype=torch.float64)",tensor(9),0,-6.300231,0.0018325164,0,0,0,-1.9330428,0.12641418,0,0,1,5.4249797,0.9956142,1,1,0,-2.4733043,0.077750966,0,0,0,2.8261645,0.94407344,1,1
tensor(18277),"tensor(3802., dtype=torch.float64)",tensor(9),0,-3.9336586,0.019196229,0,0,1,1.1472275,0.7590042,1,1,0,0.5128362,0.62547106,1,0,0,2.7593231,0.9404378,1,1,0,0.75331193,0.67989993,1,0
tensor(18289),"tensor(7597., dtype=torch.float64)",tensor(9),1,2.6136627,0.93173575,1,1,0,-3.175456,0.040099874,0,0,0,-3.239401,0.037709616,0,0,0,-3.021077,0.04648272,0,0,0,-1.1525694,0.24002008,0,0
tensor(18293),"tensor(500., dtype=torch.float64)",tensor(9),0,-4.178799,0.015085822,0,0,0,-3.5696003,0.027395457,0,0,0,-3.1549914,0.040895056,0,0,1,5.980188,0.99747807,1,1,1,0.7692468,0.6833579,1,0
tensor(18297),"tensor(21759., dtype=torch.float64)",tensor(9),0,-4.655711,0.009417615,0,0,0,-1.3459544,0.20653257,0,0,1,4.0230365,0.98241615,1,1,0,-4.2499323,0.014064565,0,0,0,-1.0566332,0.25795338,0,0
tensor(18343),"tensor(4659., dtype=torch.float64)",tensor(9),0,-2.3732617,0.085234486,0,0,1,-2.6693456,0.06480662,0,0,1,2.711208,0.93768483,1,1,0,-1.5291777,0.17811403,0,0,1,1.5128816,0.81948787,1,1
tensor(18377),"tensor(7295., dtype=torch.float64)",tensor(9),1,-0.109582216,0.4726318,0,1,0,-0.8363777,0.30229825,0,0,0,0.93469656,0.7180272,1,1,0,-2.3157358,0.08982809,0,0,0,-0.927026,0.28352848,0,0
tensor(18383),"tensor(15090., dtype=torch.float64)",tensor(9),0,-2.3065536,0.09058165,0,0,1,0.6819482,0.66417336,1,1,0,1.3070563,0.7870201,1,1,0,-1.4191778,0.19479051,0,0,0,-1.0430138,0.26056892,0,0
tensor(18393),"tensor(12178., dtype=torch.float64)",tensor(9),1,0.27984816,0.569509,1,1,0,-0.6695092,0.33860677,0,0,0,-0.43312445,0.3933805,0,0,0,0.120166466,0.5300055,1,0,0,-2.3849125,0.084330454,0,0
tensor(18397),"tensor(1495., dtype=torch.float64)",tensor(9),0,-5.8977838,0.0027380057,0,0,0,0.2438833,0.5606704,1,0,1,1.8637795,0.8657369,1,1,1,4.0114703,0.98221534,1,1,1,0.8140667,0.69297546,1,0
tensor(18401),"tensor(451., dtype=torch.float64)",tensor(9),0,-2.2612662,0.094382085,0,0,1,0.27793026,0.5690387,1,0,0,1.2333295,0.7744008,1,1,0,1.2655106,0.77997327,1,1,0,-1.2086701,0.22993645,0,0
tensor(18405),"tensor(5452., dtype=torch.float64)",tensor(9),0,2.5028696,0.9243427,1,1,0,-3.9593065,0.018719245,0,0,0,-5.415493,0.0044274554,0,0,1,0.8480086,0.7001492,1,1,0,-4.8950043,0.007428285,0,0
tensor(18417),"tensor(9143., dtype=torch.float64)",tensor(9),0,-4.348321,0.012763488,0,0,0,0.78048253,0.6857841,1,1,0,-4.83353,0.007895543,0,0,1,5.4194474,0.99559,1,1,1,-0.2600181,0.43535924,0,0
tensor(18431),"tensor(16258., dtype=torch.float64)",tensor(9),0,-5.183254,0.005578431,0,0,1,3.498457,0.9706439,1,1,0,0.76868427,0.6832362,1,0,0,-2.4096608,0.082438976,0,0,0,-2.000047,0.119198,0,0
tensor(18463),"tensor(11061., dtype=torch.float64)",tensor(9),0,-2.1510804,0.10423031,0,0,1,1.7162418,0.8476441,1,1,0,-0.94472265,0.27994737,0,0,0,-3.5484805,0.027963847,0,0,0,-2.7745397,0.058715608,0,0
tensor(18477),"tensor(14969., dtype=torch.float64)",tensor(9),0,2.1840072,0.8988041,1,1,0,-2.026682,0.11642984,0,0,0,-2.3425195,0.087662205,0,0,1,-1.8560734,0.1351614,0,0,0,-2.1232617,0.10685639,0,0
tensor(18521),"tensor(18988., dtype=torch.float64)",tensor(9),0,-6.4663997,0.0015523998,0,0,0,0.32626033,0.58084923,1,0,1,3.544892,0.97193843,1,1,0,-0.68586737,0.33495304,0,0,0,-3.0713341,0.044305302,0,0
tensor(18523),"tensor(8513., dtype=torch.float64)",tensor(9),0,2.0577946,0.8867328,1,1,0,-3.6605668,0.025073105,0,0,0,-3.589629,0.026866818,0,0,1,0.715952,0.671715,1,0,0,-4.67607,0.009229572,0,0
tensor(18525),"tensor(9251., dtype=torch.float64)",tensor(9),0,-7.2828794,0.0006867321,0,0,1,1.3795133,0.7989128,1,1,1,2.7707927,0.941077,1,1,1,2.5199487,0.92552847,1,1,0,2.1921113,0.8995388,1,1
tensor(18537),"tensor(21486., dtype=torch.float64)",tensor(9),0,2.6880794,0.9363196,1,1,0,-3.4513357,0.03072905,0,0,1,-1.9369776,0.12598027,0,0,0,-3.01195,0.04688892,0,0,0,-2.8938546,0.052458186,0,0
tensor(18549),"tensor(16527., dtype=torch.float64)",tensor(9),0,4.416015,0.9880619,1,1,0,-4.4626365,0.011400451,0,0,0,-4.9929485,0.0067398925,0,0,1,-2.4712358,0.077899426,0,0,0,-5.945067,0.0026118874,0,0
tensor(18597),"tensor(15210., dtype=torch.float64)",tensor(9),1,2.1041532,0.89130616,1,1,0,-2.0579677,0.11324977,0,0,0,-2.4826982,0.07708004,0,0,0,-1.0916352,0.25131047,0,0,0,-4.0287523,0.017485341,0,0
tensor(18605),"tensor(9096., dtype=torch.float64)",tensor(9),1,2.702953,0.9372007,1,1,0,-3.2375646,0.037776314,0,0,0,-4.8381896,0.007859127,0,0,0,-3.0750854,0.04414674,0,0,0,-0.5227085,0.37221915,0,0
tensor(18609),"tensor(2919., dtype=torch.float64)",tensor(9),1,5.9260917,0.99733824,1,1,0,-5.714335,0.0032874998,0,0,0,-6.182077,0.002061872,0,0,0,-4.788119,0.008259324,0,0,0,-6.5287514,0.0014586977,0,0
tensor(18611),"tensor(21792., dtype=torch.float64)",tensor(9),0,-2.6722643,0.06462994,0,0,0,-2.8147163,0.05653409,0,0,0,-3.574582,0.027263032,0,0,1,5.944281,0.99738604,1,1,0,0.11104458,0.5277327,1,0
tensor(18613),"tensor(3431., dtype=torch.float64)",tensor(9),1,3.920543,0.98055524,1,1,0,-4.8981004,0.0074054915,0,0,0,-4.926392,0.0072004013,0,0,0,-2.3021188,0.09094764,0,0,0,-3.4773238,0.029964373,0,0
tensor(18625),"tensor(16153., dtype=torch.float64)",tensor(9),0,2.917194,0.9486899,1,1,1,-3.2240396,0.03827103,0,0,0,-3.2483723,0.03738542,0,0,0,-1.9843595,0.120854884,0,0,0,-2.7677393,0.05909259,0,0
tensor(18641),"tensor(3341., dtype=torch.float64)",tensor(9),1,1.4442606,0.80911356,1,1,0,-3.0919814,0.043439224,0,0,0,-5.4243097,0.0043887617,0,0,0,2.0217547,0.8830623,1,1,0,-3.7328289,0.023366025,0,0
tensor(18709),"tensor(20133., dtype=torch.float64)",tensor(9),0,-0.9973343,0.26946586,0,0,0,-2.2294908,0.09713329,0,0,1,1.8734415,0.866856,1,1,0,-0.58467597,0.35785738,0,0,0,-0.4407034,0.3915734,0,0
tensor(18711),"tensor(8638., dtype=torch.float64)",tensor(9),0,-8.33667,0.0002395114,0,0,1,1.9843969,0.87914914,1,1,1,3.791538,0.9779369,1,1,1,-0.07157023,0.4821151,0,0,1,3.210085,0.96121204,1,1
tensor(18753),"tensor(13340., dtype=torch.float64)",tensor(9),1,6.843747,0.99893504,1,1,0,-6.7609572,0.0011567804,0,0,0,-6.9800663,0.000929377,0,0,0,-5.013741,0.0066021155,0,0,0,-7.9634676,0.00034782346,0,0
tensor(18811),"tensor(10036., dtype=torch.float64)",tensor(9),0,-3.4625494,0.030396802,0,0,0,0.9838663,0.7278747,1,1,1,1.7521864,0.85222834,1,1,0,-0.5491256,0.3660673,0,0,0,-0.045210026,0.48869944,0,0
tensor(18851),"tensor(15223., dtype=torch.float64)",tensor(9),0,-3.6308043,0.025811007,0,0,0,2.474916,0.9223645,1,1,1,0.79201186,0.6882632,1,0,0,-1.0328989,0.2625225,0,0,0,0.29174614,0.5724236,1,0
tensor(18855),"tensor(15223., dtype=torch.float64)",tensor(9),1,0.78671736,0.68712604,1,1,0,-2.3987708,0.083266474,0,0,0,-3.1123717,0.04259981,0,0,0,-1.3024571,0.21375178,0,0,0,1.1937531,0.76741165,1,1
tensor(18871),"tensor(20111., dtype=torch.float64)",tensor(9),0,-1.933353,0.12637992,0,0,1,-1.5394707,0.17661224,0,0,0,-4.055065,0.01703899,0,0,1,4.4769664,0.98876,1,1,0,0.065109946,0.5162717,1,0
tensor(18895),"tensor(21740., dtype=torch.float64)",tensor(9),0,-4.4936385,0.011056283,0,0,1,3.583112,0.97296226,1,1,0,0.12020315,0.53001463,1,0,0,-1.0090163,0.26717243,0,0,0,-0.8918846,0.29072106,0,0
tensor(18913),"tensor(18566., dtype=torch.float64)",tensor(9),1,2.198494,0.9001142,1,1,0,-2.595189,0.06944869,0,0,0,-2.060293,0.113016464,0,0,0,-3.0551429,0.044995964,0,0,0,-1.4704608,0.18687257,0,0
tensor(18927),"tensor(15223., dtype=torch.float64)",tensor(9),1,0.8699965,0.70474494,1,1,0,0.29210317,0.57251096,1,0,0,-2.849643,0.054699775,0,0,0,-2.076696,0.11138257,0,0,0,-0.75251585,0.32027334,0,0
tensor(18945),"tensor(19995., dtype=torch.float64)",tensor(9),0,1.6657023,0.841002,1,1,0,-2.0780933,0.111244336,0,0,1,-1.1821939,0.23465799,0,0,0,-2.6782026,0.06427188,0,0,0,-1.3639976,0.20359136,0,0
tensor(18969),"tensor(9626., dtype=torch.float64)",tensor(9),1,4.5441327,0.9894824,1,1,0,-3.486742,0.029691823,0,0,0,-5.755634,0.0031549153,0,0,0,-3.7038465,0.024036622,0,0,0,-5.4885874,0.0041166623,0,0
tensor(18975),"tensor(20676., dtype=torch.float64)",tensor(9),1,1.9309654,0.8733563,1,1,0,-1.0439166,0.26039502,0,0,0,-4.2620277,0.013897823,0,0,0,-1.7978802,0.1421093,0,0,0,-5.360265,0.004677678,0,0
tensor(19013),"tensor(18558., dtype=torch.float64)",tensor(9),0,-2.5097268,0.075179115,0,0,0,0.49774218,0.6219286,1,1,1,1.6637702,0.8407435,1,1,0,-1.8349438,0.13765039,0,0,0,1.1453377,0.75865835,1,1
tensor(19025),"tensor(16024., dtype=torch.float64)",tensor(9),1,3.0647125,0.9554135,1,1,0,-3.2662504,0.036747325,0,0,0,-3.271804,0.036551245,0,0,0,-2.4363656,0.08044134,0,0,0,-3.1718976,0.04023707,0,0
tensor(19073),"tensor(10036., dtype=torch.float64)",tensor(9),0,-3.7236316,0.02357683,0,0,0,0.864785,0.7036594,1,1,1,2.0252795,0.88342583,1,1,0,-2.1075597,0.108364224,0,0,0,-1.0893503,0.25174063,0,0
tensor(19113),"tensor(8820., dtype=torch.float64)",tensor(9),0,-5.2718034,0.0051081167,0,0,1,1.8827918,0.8679315,1,1,0,0.4592448,0.612835,1,0,1,3.4343963,0.96876234,1,1,0,-1.0838615,0.25277597,0,0
tensor(19161),"tensor(10396., dtype=torch.float64)",tensor(9),0,-3.7567701,0.022825874,0,0,0,-2.5252776,0.074105024,0,0,0,-2.3792331,0.08477004,0,0,1,5.3941665,0.9954776,1,1,0,0.83763784,0.69796747,1,0
tensor(19165),"tensor(17718., dtype=torch.float64)",tensor(9),1,5.888392,0.9972363,1,1,0,-5.847453,0.0028789311,0,0,0,-6.6661086,0.0012717248,0,0,0,-4.409634,0.012013545,0,0,0,-5.567399,0.0038058641,0,0
tensor(19169),"tensor(13137., dtype=torch.float64)",tensor(9),1,4.2721043,0.9862396,1,1,0,-4.381924,0.012346929,0,0,0,-5.5936046,0.0037077903,0,0,0,-4.2506475,0.014054652,0,0,0,-2.3101375,0.09028685,0,0
tensor(19195),"tensor(17840., dtype=torch.float64)",tensor(9),1,1.4274235,0.80649954,1,1,0,-0.27894974,0.4307113,0,0,0,-3.8344595,0.021155778,0,0,0,-3.526588,0.028565118,0,0,0,-0.9482326,0.2792404,0,0
tensor(19201),"tensor(14414., dtype=torch.float64)",tensor(9),0,-3.5146432,0.028898444,0,0,1,0.11700857,0.5292188,1,0,1,2.4543288,0.92087746,1,1,0,-0.63698685,0.34592798,0,0,0,1.4523433,0.8103589,1,1
tensor(19205),"tensor(12709., dtype=torch.float64)",tensor(9),1,0.2776291,0.56896484,1,1,0,-0.9188654,0.28518912,0,0,0,-0.83948296,0.3016437,0,0,0,0.6119169,0.64837795,1,0,0,-0.67987794,0.33628854,0,0
tensor(19283),"tensor(10147., dtype=torch.float64)",tensor(9),1,1.7386894,0.8505205,1,1,0,-2.6788664,0.064231984,0,0,0,-1.4731654,0.18646197,0,0,0,-2.911593,0.051583447,0,0,0,-1.2208663,0.22778404,0,0
tensor(19289),"tensor(21104., dtype=torch.float64)",tensor(9),1,3.271621,0.96344227,1,1,0,-2.8692284,0.053695846,0,0,0,-4.0148273,0.017726185,0,0,0,-3.158146,0.040771507,0,0,0,-2.923233,0.051016953,0,0
tensor(19309),"tensor(10780., dtype=torch.float64)",tensor(9),0,-6.9340076,0.00097314134,0,0,1,0.79403514,0.6886971,1,1,0,4.2449207,0.98586583,1,1,0,-3.2200274,0.03841897,0,0,0,0.89607507,0.71014225,1,0
tensor(19313),"tensor(12980., dtype=torch.float64)",tensor(9),1,3.2142053,0.9613654,1,1,0,-3.5256596,0.02859089,0,0,0,-3.2758815,0.036407925,0,0,0,-3.8483295,0.020870453,0,0,0,-2.3302147,0.08865131,0,0
tensor(19319),"tensor(21060., dtype=torch.float64)",tensor(9),0,1.8167605,0.8601769,1,1,0,-2.923944,0.05098254,0,0,0,-2.8034518,0.057137933,0,0,0,-3.2031527,0.039047256,0,0,1,0.17794073,0.54436815,1,0
tensor(19321),"tensor(9434., dtype=torch.float64)",tensor(9),0,-5.3627105,0.004666305,0,0,1,2.6961908,0.93680155,1,1,0,1.1938561,0.76743,1,1,0,0.6039164,0.64655185,1,0,0,-0.5193721,0.3729991,0,0
tensor(19343),"tensor(20644., dtype=torch.float64)",tensor(9),0,1.6815274,0.8431067,1,1,1,-0.16496097,0.45885304,0,0,0,-3.3429387,0.034127157,0,0,0,-4.3729453,0.012456901,0,0,0,-3.0244176,0.046334874,0,0
tensor(19355),"tensor(20536., dtype=torch.float64)",tensor(9),0,3.5589716,0.97231984,1,1,0,-5.130013,0.0058816844,0,0,0,-5.10322,0.006040438,0,0,0,-1.2677784,0.21963778,0,0,1,-2.9257376,0.05089583,0,0
tensor(19357),"tensor(17064., dtype=torch.float64)",tensor(9),1,2.725473,0.93851316,1,1,0,-4.1463532,0.015575573,0,0,0,-2.771965,0.058858067,0,0,0,-1.6041842,0.16739763,0,0,0,-2.2647219,0.094087124,0,0
tensor(19361),"tensor(16357., dtype=torch.float64)",tensor(9),1,4.340035,0.9871316,1,1,0,-5.2558036,0.0051900754,0,0,0,-6.2384686,0.0019490374,0,0,0,-3.0258172,0.046273075,0,0,0,-2.3575618,0.086466596,0,0
tensor(19367),"tensor(11221., dtype=torch.float64)",tensor(9),1,1.9791682,0.8785925,1,1,0,-2.246957,0.095612265,0,0,0,-1.7807313,0.14421286,0,0,0,-4.1031985,0.016251286,0,0,0,-1.6684022,0.15863732,0,0
tensor(19399),"tensor(14833., dtype=torch.float64)",tensor(9),0,2.8834915,0.94702435,1,1,0,-3.3753443,0.033074964,0,0,0,-2.1984777,0.09988727,0,0,0,-4.566996,0.010282298,0,0,1,-3.2980714,0.035637412,0,0
tensor(19545),"tensor(21457., dtype=torch.float64)",tensor(9),0,-4.686291,0.009136574,0,0,1,3.3799686,0.96707255,1,1,0,-2.8198984,0.056258332,0,0,0,3.6190155,0.97389084,1,1,0,-2.2373478,0.09644641,0,0
tensor(19553),"tensor(13739., dtype=torch.float64)",tensor(9),1,3.3905287,0.9674073,1,1,0,-5.204246,0.00546318,0,0,0,-5.8468366,0.0028807013,0,0,0,-2.9541519,0.04954065,0,0,0,-0.61650497,0.35057676,0,0
tensor(19599),"tensor(11586., dtype=torch.float64)",tensor(9),0,-4.23824,0.014227627,0,0,0,-0.5626636,0.36293137,0,0,1,3.439052,0.968903,1,1,0,-3.430116,0.031367406,0,0,0,-0.43347818,0.39329606,0,0
tensor(19649),"tensor(16633., dtype=torch.float64)",tensor(9),1,4.253457,0.98598427,1,1,0,-4.5251594,0.010716893,0,0,0,-5.6770434,0.0034119845,0,0,0,-2.8075757,0.056916174,0,0,0,-3.5829518,0.027041946,0,0
tensor(19663),"tensor(8070., dtype=torch.float64)",tensor(9),0,-3.459888,0.030475345,0,0,1,1.523665,0.82107747,1,1,0,1.3680431,0.7970638,1,1,0,-0.9268357,0.28356713,0,0,0,0.29340932,0.5728306,1,0
tensor(19665),"tensor(20455., dtype=torch.float64)",tensor(9),0,-4.123669,0.015927238,0,0,0,0.7427549,0.677598,1,1,1,2.420457,0.918374,1,1,0,-1.6403031,0.16242382,0,0,0,0.6166838,0.649464,1,0
tensor(19711),"tensor(9513., dtype=torch.float64)",tensor(9),0,-4.6855054,0.0091436915,0,0,0,-0.6796894,0.33633062,0,0,0,0.069809295,0.51744527,1,0,1,4.987824,0.99322575,1,1,0,0.52916443,0.6292882,1,0
tensor(19719),"tensor(17715., dtype=torch.float64)",tensor(9),0,-6.387727,0.0016792509,0,0,0,0.03141432,0.5078529,1,0,1,4.432052,0.98824966,1,1,0,-3.5500395,0.027921502,0,0,0,2.1838233,0.89878744,1,1
tensor(19737),"tensor(14414., dtype=torch.float64)",tensor(9),0,-3.505358,0.029160166,0,0,1,-0.6572655,0.34135416,0,0,0,2.9667788,0.9510505,1,1,0,-1.7658548,0.14605859,0,0,1,-0.7603499,0.31857032,0,0
tensor(19785),"tensor(17428., dtype=torch.float64)",tensor(9),0,-0.81216824,0.30742863,0,1,1,-0.43072572,0.39395306,0,0,0,0.99212563,0.7295076,1,1,0,0.20484307,0.5510325,1,0,0,-1.124967,0.24509111,0,0
tensor(19795),"tensor(17621., dtype=torch.float64)",tensor(9),1,4.8134513,0.99194556,1,1,0,-3.9639282,0.018634537,0,0,0,-5.9399366,0.002625286,0,0,0,-3.5283458,0.028516378,0,0,0,-7.3787637,0.0006239828,0,0
tensor(19811),"tensor(8036., dtype=torch.float64)",tensor(9),0,-6.1515336,0.0021256844,0,0,1,0.5525289,0.6347221,1,1,0,2.6494691,0.93397826,1,1,0,-3.1260133,0.042046897,0,0,0,-3.7476556,0.02303006,0,0
tensor(19855),"tensor(10599., dtype=torch.float64)",tensor(9),1,3.1746345,0.95986843,1,1,0,-4.4772115,0.011237347,0,0,0,-4.9933667,0.0067370944,0,0,0,-1.2267857,0.22674453,0,0,0,-2.2548466,0.09493223,0,0
tensor(19859),"tensor(15817., dtype=torch.float64)",tensor(9),0,-6.106726,0.0022228803,0,0,1,2.576182,0.9293129,1,1,0,1.8259887,0.8612832,1,1,1,0.60268193,0.6462697,1,0,0,2.133301,0.894098,1,1
tensor(19953),"tensor(18220., dtype=torch.float64)",tensor(9),0,2.7157621,0.9379504,1,1,0,-4.086819,0.01651523,0,0,0,-3.7847106,0.022210905,0,0,1,-2.158556,0.1035344,0,0,0,-1.0202316,0.26498228,0,0
tensor(20089),"tensor(20671., dtype=torch.float64)",tensor(9),1,3.2986715,0.9643832,1,1,0,-3.5914934,0.026818113,0,0,0,-5.0069957,0.0066465028,0,0,0,-1.6930466,0.15537561,0,0,0,-3.185012,0.03973366,0,0
tensor(20105),"tensor(15413., dtype=torch.float64)",tensor(9),0,-1.1130853,0.24729615,0,0,0,0.09603605,0.5239906,1,0,0,-3.081022,0.0438969,0,0,1,2.6716294,0.93533164,1,1,0,-0.9418015,0.2805366,0,0
tensor(20111),"tensor(19251., dtype=torch.float64)",tensor(9),1,2.9236875,0.94900507,1,1,0,-4.715403,0.008876753,0,0,0,-4.458588,0.011446169,0,0,0,-1.9274218,0.12703621,0,0,0,-0.96121174,0.27663565,0,0
tensor(20131),"tensor(8941., dtype=torch.float64)",tensor(9),1,0.8554391,0.7017069,1,1,0,-1.3793521,0.20111308,0,0,0,-0.051971592,0.48701006,0,0,0,-2.3336406,0.08837493,0,0,0,-1.4315693,0.19285429,0,0
tensor(20137),"tensor(10061., dtype=torch.float64)",tensor(9),0,-6.3494444,0.0017446686,0,0,1,1.3313305,0.7910606,1,1,1,2.4094107,0.91754216,1,1,1,1.9082558,0.870823,1,1,1,1.9763633,0.878293,1,1
tensor(20143),"tensor(21455., dtype=torch.float64)",tensor(9),1,4.3519487,0.9872822,1,1,0,-5.8592057,0.0028453898,0,0,0,-6.931806,0.0009752841,0,0,0,-0.46860617,0.3849462,0,0,0,-5.953394,0.0025902844,0,0
tensor(20151),"tensor(12750., dtype=torch.float64)",tensor(9),1,3.4337883,0.968744,1,1,0,-4.903212,0.0073680123,0,0,0,-4.82556,0.007958218,0,0,0,-1.7607627,0.14669485,0,0,0,-1.9524797,0.12428323,0,0
tensor(20199),"tensor(9113., dtype=torch.float64)",tensor(9),1,3.2807283,0.9637617,1,1,0,-3.073248,0.04422434,0,0,0,-3.9959085,0.01805862,0,0,0,-2.3273,0.08888708,0,0,0,-3.372307,0.03317224,0,0
tensor(20243),"tensor(16587., dtype=torch.float64)",tensor(9),0,-3.2447348,0.037516546,0,0,0,-3.4859796,0.029713796,0,0,0,-4.175288,0.015138079,0,0,1,6.018661,0.99757296,1,1,0,1.4929259,0.81651706,1,1
tensor(20245),"tensor(12917., dtype=torch.float64)",tensor(9),0,-4.546001,0.010498168,0,0,0,-3.2145047,0.038623523,0,0,0,-3.46865,0.030217513,0,0,1,6.4857035,0.9984773,1,1,0,0.6524014,0.6575514,1,0
tensor(20247),"tensor(19945., dtype=torch.float64)",tensor(9),0,-2.2045574,0.09934198,0,0,1,-0.2849439,0.4292421,0,0,0,1.6930971,0.84463096,1,1,0,-1.7434509,0.14887515,0,0,0,-2.5106096,0.075117745,0,0
tensor(20259),"tensor(18034., dtype=torch.float64)",tensor(9),1,2.7771537,0.9414287,1,1,0,-5.3760753,0.004604641,0,0,0,-3.675145,0.024719207,0,0,0,-1.3849959,0.20020781,0,0,0,-1.4073982,0.19664475,0,0
tensor(20267),"tensor(9897., dtype=torch.float64)",tensor(9),1,0.69457376,0.6669836,1,1,0,-2.1548147,0.10388216,0,0,0,-3.292285,0.03583681,0,0,0,1.4498479,0.8099751,1,1,0,-0.7497779,0.32086968,0,0
tensor(20279),"tensor(21605., dtype=torch.float64)",tensor(9),0,-1.7064483,0.15362495,0,0,0,-0.5279283,0.37100023,0,0,1,1.9027009,0.87019694,1,1,0,-2.3542435,0.086729065,0,0,0,-0.43111342,0.3938605,0,0
tensor(20295),"tensor(17972., dtype=torch.float64)",tensor(9),0,-8.547933,0.00019390802,0,0,0,-2.4214282,0.08155321,0,0,1,4.2767444,0.98630244,1,1,1,4.11492,0.98393506,1,1,1,4.4784474,0.9887764,1,1
tensor(20351),"tensor(8402., dtype=torch.float64)",tensor(9),1,2.002292,0.8810375,1,1,0,-1.6243851,0.164601,0,0,0,-2.8667977,0.05381949,0,0,0,-1.1894932,0.23334959,0,0,0,-2.9020154,0.052054025,0,0
tensor(20355),"tensor(11738., dtype=torch.float64)",tensor(9),1,3.878838,0.97974396,1,1,0,-2.137219,0.10553162,0,0,0,-6.7364216,0.0011854798,0,0,0,-3.7278633,0.023479609,0,0,0,-6.9721556,0.0009367513,0,0
tensor(20393),"tensor(8850., dtype=torch.float64)",tensor(9),1,2.356526,0.9134515,1,1,0,-1.509068,0.18107696,0,0,0,-2.7709043,0.058916852,0,0,0,-2.5998263,0.0691496,0,0,0,-2.9960268,0.04760569,0,0
tensor(20403),"tensor(21545., dtype=torch.float64)",tensor(9),0,-0.9146009,0.28605926,0,0,0,-2.5337443,0.073526174,0,0,1,1.5081847,0.81879205,1,1,0,-6.1351333,0.0021607575,0,0,0,0.38057882,0.5940127,1,0
tensor(20451),"tensor(14069., dtype=torch.float64)",tensor(9),0,-8.042951,0.00032125608,0,0,1,4.6710544,0.9907245,1,1,1,1.6587805,0.8400742,1,1,0,-0.7187908,0.32765928,0,0,0,1.3587872,0.79556257,1,1
tensor(20499),"tensor(8174., dtype=torch.float64)",tensor(9),0,-5.231068,0.005319363,0,0,0,-0.56428134,0.3625574,0,0,1,3.81575,0.97845334,1,1,0,-4.1762867,0.015123198,0,0,0,-2.0196338,0.11715687,0,0
tensor(20551),"tensor(18497., dtype=torch.float64)",tensor(9),0,-6.089189,0.002262118,0,0,1,1.1942515,0.7675006,1,1,1,3.3473241,0.9660171,1,1,0,-3.6750457,0.024721596,0,0,0,-0.57233703,0.36069775,0,0
tensor(20561),"tensor(20449., dtype=torch.float64)",tensor(9),0,-8.166089,0.0002840463,0,0,1,2.7761261,0.941372,1,1,0,1.8099954,0.8593613,1,1,1,3.4294057,0.968611,1,1,0,1.6445771,0.83815676,1,1
tensor(20585),"tensor(13287., dtype=torch.float64)",tensor(9),0,-6.7178516,0.0012076729,0,0,1,1.3349378,0.79165626,1,1,0,2.3908951,0.91613036,1,1,1,2.7068858,0.93743175,1,1,0,2.0879118,0.8897227,1,1
tensor(20587),"tensor(10766., dtype=torch.float64)",tensor(9),0,-5.424253,0.00438901,0,0,0,-0.13158825,0.46715033,0,0,0,2.6121478,0.9316393,1,1,1,2.5135267,0.9250847,1,1,0,-1.0112805,0.26672933,0,0
tensor(20645),"tensor(11255., dtype=torch.float64)",tensor(9),0,-4.4445,0.011606679,0,0,0,-0.73251086,0.324644,0,0,1,3.778868,0.9776619,1,1,0,-4.3208013,0.013114943,0,0,0,0.09303021,0.5232408,1,0
tensor(20661),"tensor(13641., dtype=torch.float64)",tensor(9),0,-6.737803,0.0011838452,0,0,1,0.94976544,0.721068,1,1,1,3.5513375,0.97211367,1,1,0,-0.8767497,0.29385176,0,0,0,-0.40929922,0.3990802,0,0
tensor(20737),"tensor(19353., dtype=torch.float64)",tensor(9),0,-0.006923437,0.49826914,0,1,0,-3.9913096,0.01814035,0,0,1,1.164878,0.76221794,1,1,0,-1.6802077,0.15706797,0,0,0,-1.8941196,0.13077547,0,0
tensor(20787),"tensor(18283., dtype=torch.float64)",tensor(9),0,-2.779368,0.05844933,0,0,1,2.536638,0.92667073,1,1,0,-0.28122494,0.4301535,0,0,0,-1.9878213,0.12048753,0,0,0,0.59730035,0.6450384,1,0
tensor(20791),"tensor(17359., dtype=torch.float64)",tensor(9),0,1.7345378,0.849992,1,1,0,-1.287007,0.21635982,0,0,1,-2.1089756,0.10822749,0,0,0,-2.7812963,0.05834329,0,0,0,-1.7524647,0.14773662,0,0
tensor(20809),"tensor(18589., dtype=torch.float64)",tensor(9),0,-0.805051,0.3089461,0,1,0,-1.8601002,0.13469139,0,0,0,-0.17992231,0.45514035,0,0,0,-2.2220378,0.09778886,0,0,1,1.8111575,0.8595017,1,1
tensor(20833),"tensor(21219., dtype=torch.float64)",tensor(9),0,0.68363935,0.6645505,1,1,0,-3.4548469,0.030624643,0,0,0,-4.493646,0.0110562,0,0,0,-1.6517465,0.16087306,0,0,1,2.0596502,0.886919,1,1
tensor(20835),"tensor(14966., dtype=torch.float64)",tensor(9),0,-5.3547654,0.0047033518,0,0,1,0.27948624,0.5694203,1,0,1,3.4123547,0.9680884,1,1,0,-1.3286221,0.20938738,0,0,1,1.4833947,0.81508476,1,1
tensor(20837),"tensor(11968., dtype=torch.float64)",tensor(9),0,-6.520147,0.0014712849,0,0,1,2.6639814,0.9348675,1,1,0,-3.651254,0.02530176,0,0,1,6.3104796,0.9981862,1,1,0,-0.22880152,0.44304785,0,0
tensor(20843),"tensor(13165., dtype=torch.float64)",tensor(9),0,0.87426037,0.70563143,1,1,1,1.1689389,0.76295316,1,1,0,-6.030561,0.002398379,0,0,0,-4.1851196,0.014992197,0,0,0,-5.4692125,0.0041968618,0,0
tensor(20859),"tensor(19334., dtype=torch.float64)",tensor(9),0,2.7671995,0.94087744,1,1,1,-3.877368,0.020285241,0,0,0,-4.67163,0.009270264,0,0,0,-2.9123185,0.05154797,0,0,0,-0.35839993,0.41134694,0,0
tensor(21023),"tensor(11080., dtype=torch.float64)",tensor(9),0,-4.373688,0.012447766,0,0,1,0.47229415,0.6159266,1,1,0,2.164698,0.8970343,1,1,0,-0.15637286,0.46098623,0,0,0,-2.7300026,0.06122601,0,0
tensor(21061),"tensor(19627., dtype=torch.float64)",tensor(9),1,2.5261738,0.9259564,1,1,0,-1.3818425,0.20071325,0,0,0,-4.0328584,0.017414942,0,0,0,-3.1549883,0.040895175,0,0,0,-5.189691,0.0055428343,0,0
tensor(21103),"tensor(12376., dtype=torch.float64)",tensor(9),1,2.7005239,0.9370575,1,1,0,-2.4336214,0.08064457,0,0,0,-3.8388398,0.021065261,0,0,0,-1.7673714,0.14586954,0,0,0,-3.2859452,0.03605651,0,0
tensor(21117),"tensor(9918., dtype=torch.float64)",tensor(9),0,-4.116812,0.016035067,0,0,0,-0.95009845,0.278865,0,0,1,3.468388,0.9697748,1,1,0,-2.062737,0.11277169,0,0,0,0.47235376,0.6159407,1,0
tensor(21161),"tensor(19024., dtype=torch.float64)",tensor(9),1,3.648503,0.9746303,1,1,0,-3.689684,0.02437111,0,0,0,-4.24004,0.014202403,0,0,0,-3.4784346,0.029932102,0,0,0,-2.5802548,0.07042005,0,0
tensor(21165),"tensor(8897., dtype=torch.float64)",tensor(9),0,-8.739331,0.00016013531,0,0,1,3.0804234,0.956078,1,1,1,3.528678,0.97149277,1,1,0,-1.6042225,0.16739227,0,0,1,3.0243504,0.95366216,1,1
tensor(21267),"tensor(15383., dtype=torch.float64)",tensor(9),1,-0.6197991,0.34982714,0,1,0,-2.729148,0.061275154,0,0,0,1.8304343,0.8618135,1,1,0,-5.2197556,0.0053795543,0,0,0,-0.8136646,0.30711016,0,0
tensor(21341),"tensor(17428., dtype=torch.float64)",tensor(9),1,2.1513753,0.89579725,1,1,0,-2.1378796,0.10546928,0,0,0,-1.6387646,0.16263324,0,0,0,-1.7678249,0.14581305,0,0,0,-2.5879054,0.069920875,0,0
tensor(21349),"tensor(16124., dtype=torch.float64)",tensor(9),0,-1.8594375,0.13476865,0,0,0,-1.9260207,0.12719168,0,0,1,2.676924,0.9356512,1,1,0,-2.811351,0.056713857,0,0,0,-1.1948855,0.23238629,0,0
tensor(21489),"tensor(16419., dtype=torch.float64)",tensor(9),0,-7.8099437,0.00040551642,0,0,1,2.1251826,0.8933268,1,1,1,3.5212247,0.9712857,1,1,0,-0.9281915,0.28329176,0,0,0,2.345289,0.9125591,1,1
tensor(21597),"tensor(11363., dtype=torch.float64)",tensor(9),1,2.794816,0.94239503,1,1,0,-2.0850105,0.11056228,0,0,0,-3.9899566,0.018164463,0,0,0,-1.9904292,0.12021147,0,0,0,-5.1503687,0.005763852,0,0
tensor(21633),"tensor(8530., dtype=torch.float64)",tensor(9),0,-0.6159416,0.35070503,0,1,0,0.1784295,0.5444894,1,0,1,0.4598847,0.6129868,1,0,1,-0.74292505,0.32236487,0,0,0,-1.3330759,0.20865104,0,0
tensor(21657),"tensor(7941., dtype=torch.float64)",tensor(9),0,-0.7345831,0.3241898,0,1,1,-2.082922,0.11076783,0,0,0,-2.2682226,0.09378917,0,0,1,3.5797434,0.97287357,1,1,0,-1.7624718,0.14648105,0,0
tensor(21699),"tensor(9612., dtype=torch.float64)",tensor(9),0,-4.3783703,0.012390342,0,0,1,0.8874021,0.70835376,1,1,0,-1.405326,0.19697233,0,0,1,4.3753886,0.9875731,1,1,0,0.22483617,0.5559735,1,0
tensor(21765),"tensor(15902., dtype=torch.float64)",tensor(9),0,-8.052518,0.00031819817,0,0,1,3.1823802,0.96016586,1,1,0,2.6553035,0.93433714,1,1,0,0.20484531,0.551033,1,0,0,2.629399,0.9327299,1,1
tensor(21777),"tensor(8572., dtype=torch.float64)",tensor(9),1,4.722903,0.991189,1,1,0,-4.952642,0.00701516,0,0,0,-5.262789,0.005154134,0,0,0,-3.236703,0.03780765,0,0,0,-5.3423862,0.0047616586,0,0
tensor(21817),"tensor(18354., dtype=torch.float64)",tensor(9),0,-6.7687774,0.0011477798,0,0,0,-0.7812272,0.31405547,0,0,0,4.888017,0.9925201,1,1,0,-3.1931381,0.03942477,0,0,0,-0.14684108,0.46335557,0,0
tensor(21831),"tensor(11905., dtype=torch.float64)",tensor(9),1,7.0007977,0.9990897,1,1,0,-6.1881585,0.0020493963,0,0,0,-7.462861,0.00057368225,0,0,0,-4.8209443,0.007994742,0,0,0,-9.686384,6.211977e-05,0,0
tensor(21837),"tensor(11744., dtype=torch.float64)",tensor(9),1,4.21452,0.9854358,1,1,0,-3.5103893,0.029018065,0,0,0,-4.483783,0.011164567,0,0,0,-4.6886935,0.009114851,0,0,0,-5.123275,0.005921215,0,0
