ecg_id,patient_id,strat_fold,true_NORM,logit_NORM,prob_NORM,pred05_NORM,predopt_NORM,true_MI,logit_MI,prob_MI,pred05_MI,predopt_MI,true_STTC,logit_STTC,prob_STTC,pred05_STTC,predopt_STTC,true_CD,logit_CD,prob_CD,pred05_CD,predopt_CD,true_HYP,logit_HYP,prob_HYP,pred05_HYP,predopt_HYP
tensor(17),"tensor(13619., dtype=torch.float64)",tensor(9),0,-3.9644315,0.018625336,0,0,0,0.30439845,0.5755174,1,1,0,-0.024842434,0.4937897,0,0,0,-3.1281831,0.041959584,0,0,0,-6.5318837,0.0014541424,0,0
tensor(23),"tensor(13619., dtype=torch.float64)",tensor(9),0,-2.993192,0.047734387,0,0,0,-0.73967606,0.32307497,0,0,0,1.6739922,0.84210736,1,1,0,-2.9145105,0.051440902,0,0,0,-3.8000839,0.021879474,0,0
tensor(39),"tensor(13619., dtype=torch.float64)",tensor(9),0,-5.061262,0.0062976438,0,0,1,3.5447385,0.97193426,1,1,1,0.9179883,0.71463203,1,1,0,-2.171179,0.10236864,0,0,0,-1.2780749,0.21787812,0,0
tensor(41),"tensor(8420., dtype=torch.float64)",tensor(9),0,-2.738911,0.060715985,0,0,0,-2.9166784,0.051335223,0,0,0,-3.9411042,0.019056544,0,0,1,6.422527,0.99837804,1,1,0,-2.4159424,0.08196505,0,0
tensor(47),"tensor(8295., dtype=torch.float64)",tensor(9),1,4.083669,0.9834335,1,1,0,-3.44415,0.030943802,0,0,0,-4.2630086,0.013884387,0,0,0,-4.8157554,0.008036,0,0,0,-5.2648935,0.005143353,0,0
tensor(49),"tensor(13958., dtype=torch.float64)",tensor(9),0,4.3105288,0.98675144,1,1,0,-4.1171947,0.016029034,0,0,0,-4.314918,0.013191308,0,0,1,-3.2413704,0.03763822,0,0,0,-7.13019,0.000799927,0,0
tensor(51),"tensor(16750., dtype=torch.float64)",tensor(9),1,2.940756,0.94982475,1,1,0,-3.6291442,0.025852785,0,0,0,-6.29224,0.0018471914,0,0,0,-3.5295503,0.028483031,0,0,0,-1.056535,0.2579722,0,0
tensor(69),"tensor(8339., dtype=torch.float64)",tensor(9),1,-0.569361,0.36138427,0,0,0,-2.2235494,0.09765559,0,0,0,1.5309283,0.82214206,1,1,0,-1.7910731,0.14294122,0,0,0,0.27410844,0.5681012,1,0
tensor(91),"tensor(8305., dtype=torch.float64)",tensor(9),1,4.873247,0.9924096,1,1,0,-4.5341787,0.010621689,0,0,0,-4.133833,0.015768716,0,0,0,-7.2105575,0.0007381999,0,0,0,-6.1900434,0.0020455448,0,0
tensor(127),"tensor(11926., dtype=torch.float64)",tensor(9),0,0.34772128,0.5860649,1,1,0,-1.6449578,0.16179158,0,0,1,0.6540883,0.65793115,1,0,0,-4.4751754,0.011259994,0,0,0,-2.2488055,0.095452555,0,0
tensor(151),"tensor(12152., dtype=torch.float64)",tensor(9),1,4.215683,0.9854525,1,1,0,-3.7535853,0.022897018,0,0,0,-4.247737,0.014095041,0,0,0,-6.316657,0.0018027149,0,0,0,-4.2008586,0.014761539,0,0
tensor(153),"tensor(20254., dtype=torch.float64)",tensor(9),0,1.8150172,0.8599672,1,1,1,-0.06973624,0.482573,0,0,0,-4.034703,0.01738341,0,0,0,-3.5250022,0.028609151,0,0,0,-2.5715032,0.0709951,0,0
tensor(155),"tensor(12640., dtype=torch.float64)",tensor(9),0,-0.008486003,0.49787852,0,1,1,1.2610844,0.7792127,1,1,0,-3.7141125,0.023796964,0,0,0,-2.0904045,0.11003295,0,0,0,-5.5247564,0.003971008,0,0
tensor(165),"tensor(9277., dtype=torch.float64)",tensor(9),1,5.1201353,0.9940602,1,1,0,-6.7685175,0.0011480779,0,0,0,-4.3973083,0.012160727,0,0,0,-5.3298154,0.004821604,0,0,0,-5.140839,0.005818721,0,0
tensor(171),"tensor(15591., dtype=torch.float64)",tensor(9),0,-6.242237,0.0019417206,0,0,0,-5.833274,0.0029199226,0,0,1,5.358541,0.99531424,1,1,0,-3.821765,0.021420263,0,0,0,4.694967,0.9909416,1,1
tensor(173),"tensor(10676., dtype=torch.float64)",tensor(9),0,-3.4729102,0.030092927,0,0,0,-0.23918036,0.44048834,0,0,1,2.547138,0.927381,1,1,0,-2.2738528,0.09331173,0,0,1,1.5257969,0.8213905,1,1
tensor(189),"tensor(13112., dtype=torch.float64)",tensor(9),0,-3.088919,0.043566663,0,0,1,3.7540555,0.9771135,1,1,0,-2.5122693,0.07500253,0,0,0,-0.5050795,0.3763477,0,0,0,-3.3643384,0.03342876,0,0
tensor(193),"tensor(17536., dtype=torch.float64)",tensor(9),1,2.5888712,0.9301419,1,1,0,-4.262172,0.013895843,0,0,0,-5.0577593,0.006319603,0,0,0,-3.2704546,0.036598794,0,0,0,-0.3992718,0.40148732,0,0
tensor(195),"tensor(14472., dtype=torch.float64)",tensor(9),0,-1.4551706,0.18920708,0,0,0,-1.6286052,0.1640215,0,0,0,-3.9898942,0.01816558,0,0,1,4.675081,0.99076134,1,1,0,-3.1856985,0.039707478,0,0
tensor(205),"tensor(21222., dtype=torch.float64)",tensor(9),1,0.69174016,0.6663539,1,1,0,-3.2143846,0.038627982,0,0,0,0.5934485,0.64415604,1,0,0,-7.8107915,0.00040517288,0,0,0,-3.3734393,0.033135947,0,0
tensor(217),"tensor(21519., dtype=torch.float64)",tensor(9),0,-4.1574745,0.015405968,0,0,0,3.6559453,0.9748137,1,1,1,0.12267012,0.53062916,1,0,0,-0.9713333,0.2746148,0,0,0,-0.4100703,0.39889526,0,0
tensor(219),"tensor(21519., dtype=torch.float64)",tensor(9),1,0.046909966,0.5117253,1,1,0,1.3531461,0.7946435,1,1,0,-2.0139267,0.11774844,0,0,0,-2.7919884,0.05775865,0,0,0,-2.1783323,0.101713195,0,0
tensor(223),"tensor(16039., dtype=torch.float64)",tensor(9),0,-8.996919,0.00012377532,0,0,1,-1.2390991,0.22459283,0,0,1,5.459063,0.9957605,1,1,0,-0.22257614,0.44458455,0,0,1,4.275797,0.9862896,1,1
tensor(233),"tensor(20772., dtype=torch.float64)",tensor(9),1,2.6374109,0.93323076,1,1,0,-3.23204,0.037977647,0,0,0,-5.2825193,0.005053945,0,0,0,-1.7567105,0.14720282,0,0,0,-1.6352303,0.16311511,0,0
tensor(281),"tensor(641., dtype=torch.float64)",tensor(9),0,-5.373867,0.004614773,0,0,1,3.248837,0.9626313,1,1,0,-1.1135021,0.24721855,0,0,1,3.1791427,0.96004176,1,1,0,-2.9012449,0.052092057,0,0
tensor(287),"tensor(6437., dtype=torch.float64)",tensor(9),0,-4.503007,0.010954318,0,0,1,-0.9693452,0.27501103,0,0,0,-3.3831613,0.03282588,0,0,1,5.5794053,0.9962394,1,1,0,1.4099491,0.80375797,1,1
tensor(293),"tensor(1689., dtype=torch.float64)",tensor(9),1,2.4233663,0.9185918,1,1,0,-2.2349524,0.09665537,0,0,0,-5.231559,0.005316768,0,0,0,-3.62475,0.025963679,0,0,0,-0.8480159,0.29984924,0,0
tensor(295),"tensor(603., dtype=torch.float64)",tensor(9),0,-1.3359467,0.20817742,0,0,0,-0.5263469,0.37136933,0,0,1,1.565813,0.82718587,1,1,0,-2.7836514,0.05821405,0,0,0,-1.7722543,0.1452622,0,0
tensor(303),"tensor(3327., dtype=torch.float64)",tensor(9),1,5.366621,0.9953518,1,1,0,-6.05294,0.0023454265,0,0,0,-4.9960785,0.0067189713,0,0,0,-5.1679463,0.005663992,0,0,0,-6.113867,0.0022070988,0,0
tensor(343),"tensor(4004., dtype=torch.float64)",tensor(9),1,4.105236,0.9837812,1,1,0,-4.5847044,0.010103641,0,0,0,-5.1157694,0.005965558,0,0,0,-1.3449852,0.20669143,0,0,0,-8.313785,0.00024505454,0,0
tensor(365),"tensor(9158., dtype=torch.float64)",tensor(9),1,3.6378086,0.9743645,1,1,0,-5.3679023,0.0046422533,0,0,0,-5.312579,0.0049050194,0,0,0,-0.433181,0.393367,0,0,0,-5.693742,0.0033556724,0,0
tensor(383),"tensor(15446., dtype=torch.float64)",tensor(9),0,-6.701536,0.0012275138,0,0,1,1.0864708,0.74771655,1,1,1,3.5895796,0.9731319,1,1,0,-2.4831688,0.07704657,0,0,1,2.3466394,0.9126667,1,1
tensor(387),"tensor(14950., dtype=torch.float64)",tensor(9),1,4.612764,0.9901732,1,1,0,-6.2019796,0.0020213232,0,0,0,-5.477602,0.004161945,0,0,0,-3.5891154,0.026880251,0,0,0,-3.9369307,0.01913472,0,0
tensor(419),"tensor(1909., dtype=torch.float64)",tensor(9),1,2.7299774,0.93877256,1,1,0,-2.389595,0.08396958,0,0,0,-3.906912,0.019706333,0,0,0,-1.5193858,0.17955197,0,0,0,-3.6079428,0.02639213,0,0
tensor(425),"tensor(2440., dtype=torch.float64)",tensor(9),0,-4.5251455,0.010717039,0,0,1,1.7414399,0.8508699,1,1,1,1.3522452,0.7944964,1,1,0,0.39343148,0.5971085,1,0,1,1.1038547,0.7509817,1,0
tensor(437),"tensor(2990., dtype=torch.float64)",tensor(9),1,3.9494228,0.98109835,1,1,0,-5.8731966,0.0028059685,0,0,0,-3.9258287,0.019344203,0,0,0,-4.0819,0.016595319,0,0,0,-2.5565648,0.07198669,0,0
tensor(441),"tensor(6036., dtype=torch.float64)",tensor(9),1,3.1861367,0.9603092,1,1,0,-6.050578,0.0023509595,0,0,0,-2.0159879,0.117534496,0,0,0,-4.2366614,0.01424978,0,0,0,-2.1020162,0.10890101,0,0
tensor(445),"tensor(3996., dtype=torch.float64)",tensor(9),1,0.28520983,0.570823,1,1,0,-2.3022704,0.09093511,0,0,0,-0.7269791,0.325858,0,0,0,-1.1022229,0.24932362,0,0,0,0.7699959,0.68352,1,0
tensor(483),"tensor(19895., dtype=torch.float64)",tensor(9),0,-6.5154867,0.0014781471,0,0,1,0.90398663,0.7117681,1,1,0,1.2707454,0.7808703,1,1,1,5.1511717,0.99424076,1,1,0,-0.67897713,0.33648965,0,0
tensor(491),"tensor(3731., dtype=torch.float64)",tensor(9),1,4.477927,0.9887706,1,1,0,-4.01818,0.0176679,0,0,0,-5.1613345,0.00570135,0,0,0,-6.246672,0.0019331449,0,0,0,-4.420163,0.011889215,0,0
tensor(515),"tensor(12266., dtype=torch.float64)",tensor(9),0,-1.6267545,0.16427545,0,0,1,0.9334717,0.7177791,1,1,0,0.91135496,0.71327734,1,1,0,-2.9406712,0.050179273,0,0,0,-1.1875868,0.2336908,0,0
tensor(529),"tensor(13474., dtype=torch.float64)",tensor(9),0,-3.3421745,0.03415236,0,0,0,2.8118203,0.9433112,1,1,1,0.30685532,0.57611746,1,0,0,-2.2773492,0.09301634,0,0,0,-0.21892002,0.4454875,0,0
tensor(537),"tensor(21127., dtype=torch.float64)",tensor(9),0,-8.020406,0.00032857864,0,0,1,1.4879993,0.8157778,1,1,1,3.661878,0.9749589,1,1,0,-0.8920444,0.2906881,0,0,1,2.9660237,0.95101535,1,1
tensor(545),"tensor(15734., dtype=torch.float64)",tensor(9),0,-9.6262045,6.597264e-05,0,0,1,0.35655168,0.5882054,1,1,1,3.804342,0.9782114,1,1,1,3.58092,0.97290456,1,1,1,3.099967,0.95689136,1,1
tensor(553),"tensor(10977., dtype=torch.float64)",tensor(9),1,4.595785,0.99000657,1,1,0,-5.6715913,0.0034305737,0,0,0,-4.188718,0.014939153,0,0,0,-3.6869848,0.024435367,0,0,0,-5.2110863,0.005426141,0,0
tensor(563),"tensor(12015., dtype=torch.float64)",tensor(9),0,-7.835658,0.0003952258,0,0,1,4.3128533,0.9867818,1,1,0,1.1022534,0.75068206,1,1,1,1.6712748,0.84174573,1,1,0,0.97844064,0.7267987,1,0
tensor(587),"tensor(11694., dtype=torch.float64)",tensor(9),1,4.623263,0.9902748,1,1,0,-6.7160163,0.0012098887,0,0,0,-4.161592,0.015343634,0,0,0,-3.35413,0.033760183,0,0,0,-4.5028973,0.010955505,0,0
tensor(601),"tensor(4261., dtype=torch.float64)",tensor(9),0,-1.754586,0.14746971,0,0,1,1.0622417,0.7431187,1,1,0,0.6550302,0.6581431,1,0,0,-2.3176425,0.08967232,0,0,0,-1.7905707,0.14300278,0,0
tensor(615),"tensor(7655., dtype=torch.float64)",tensor(9),1,1.6664348,0.8410999,1,1,0,-2.1150486,0.10764276,0,0,0,-0.75987375,0.31867367,0,0,0,-3.0751855,0.044142514,0,0,0,-1.5907965,0.16927187,0,0
tensor(627),"tensor(2819., dtype=torch.float64)",tensor(9),0,-5.3589706,0.0046837074,0,0,1,6.834124,0.9989247,1,1,1,-3.8135283,0.021593597,0,0,0,-2.8899615,0.05265204,0,0,0,-2.8509972,0.054629795,0,0
tensor(633),"tensor(709., dtype=torch.float64)",tensor(9),0,1.5700155,0.82778585,1,1,0,-5.154401,0.0057407916,0,0,0,-4.9819717,0.0068137757,0,0,1,2.249416,0.9046002,1,1,0,-4.5016003,0.010969567,0,0
tensor(673),"tensor(2745., dtype=torch.float64)",tensor(9),1,5.3855367,0.9954385,1,1,0,-6.330188,0.0017785302,0,0,0,-4.215782,0.01454606,0,0,0,-6.5977397,0.0013615899,0,0,0,-6.0494184,0.0023536808,0,0
tensor(705),"tensor(4874., dtype=torch.float64)",tensor(9),0,-5.845931,0.0028833037,0,0,1,-1.3109058,0.21233529,0,0,0,1.9510309,0.875559,1,1,1,3.9850333,0.98174745,1,1,0,-3.6608157,0.02506702,0,0
tensor(717),"tensor(3795., dtype=torch.float64)",tensor(9),0,-2.665722,0.06502659,0,0,1,-0.057210896,0.48570123,0,0,1,1.5216606,0.8207829,1,1,0,0.7541117,0.6800739,1,1,0,-1.3180614,0.21114102,0,0
tensor(771),"tensor(3063., dtype=torch.float64)",tensor(9),1,-0.7073419,0.33018646,0,0,0,-0.03184961,0.49203822,0,0,0,0.7751863,0.6846417,1,0,0,-3.0235903,0.04637145,0,0,0,-3.3890119,0.03264064,0,0
tensor(787),"tensor(18804., dtype=torch.float64)",tensor(9),1,3.195583,0.9606677,1,1,0,-1.5318769,0.17771924,0,0,0,-4.5526204,0.010429627,0,0,0,-4.3488693,0.0127565805,0,0,0,-4.4657917,0.011364945,0,0
tensor(823),"tensor(1791., dtype=torch.float64)",tensor(9),0,-4.412841,0.0119755445,0,0,0,-0.49382737,0.37899238,0,0,1,1.7145516,0.84742576,1,1,1,3.222814,0.96168387,1,1,0,0.9129342,0.7136002,1,0
tensor(839),"tensor(1551., dtype=torch.float64)",tensor(9),1,2.13844,0.8945836,1,1,0,-4.281597,0.013632166,0,0,0,-0.60637414,0.35288677,0,0,0,-3.0719483,0.044279303,0,0,0,-2.7409263,0.060601156,0,0
tensor(843),"tensor(1756., dtype=torch.float64)",tensor(9),1,2.956342,0.95056236,1,1,0,-5.266826,0.005133473,0,0,0,-1.0835608,0.25283274,0,0,0,-6.5757685,0.0013917946,0,0,0,-5.2382445,0.005281527,0,0
tensor(849),"tensor(7475., dtype=torch.float64)",tensor(9),0,-0.6345948,0.3464694,0,0,0,-2.8019593,0.05721839,0,0,1,1.7742006,0.8549793,1,1,0,-3.3109248,0.0351983,0,0,0,-0.5161163,0.37376082,0,0
tensor(881),"tensor(2682., dtype=torch.float64)",tensor(9),1,1.020294,0.7350299,1,1,0,-3.8132446,0.021599595,0,0,0,0.20366967,0.55074215,1,0,0,-4.316406,0.013171956,0,0,0,-0.36476058,0.40980765,0,0
tensor(885),"tensor(2841., dtype=torch.float64)",tensor(9),0,-1.2227602,0.22745106,0,0,0,-2.1067162,0.108445756,0,0,1,0.92861784,0.7167948,1,1,0,-0.82137257,0.30547237,0,0,1,1.7074225,0.84650165,1,1
tensor(889),"tensor(11105., dtype=torch.float64)",tensor(9),1,-1.5443845,0.1758988,0,0,0,3.2030177,0.9609477,1,1,0,-3.257469,0.03705943,0,0,0,-2.4456503,0.07975722,0,0,0,-1.6019384,0.16771087,0,0
tensor(901),"tensor(5843., dtype=torch.float64)",tensor(9),1,3.396319,0.96758926,1,1,0,-1.1733505,0.23624992,0,0,0,-5.356556,0.0046949773,0,0,0,-4.614413,0.009810794,0,0,0,-5.150921,0.005760689,0,0
tensor(913),"tensor(6560., dtype=torch.float64)",tensor(9),1,3.2675054,0.9632971,1,1,0,-1.0892612,0.25175744,0,0,0,-5.5295525,0.0039520836,0,0,0,-4.162467,0.015330421,0,0,0,-5.189172,0.005545697,0,0
tensor(925),"tensor(5897., dtype=torch.float64)",tensor(9),1,2.7033715,0.93722534,1,1,0,-4.5869875,0.010080832,0,0,0,-3.8601127,0.020631023,0,0,0,-0.45283026,0.38868806,0,0,0,-3.148892,0.041134965,0,0
tensor(927),"tensor(2826., dtype=torch.float64)",tensor(9),1,2.3305678,0.91137725,1,1,0,-3.9081316,0.01968279,0,0,0,-2.6621296,0.06524534,0,0,0,-2.1895843,0.10068973,0,0,0,-1.2187786,0.22815149,0,0
tensor(985),"tensor(7407., dtype=torch.float64)",tensor(9),1,2.7891614,0.9420873,1,1,0,-4.7131653,0.008896462,0,0,0,-3.6869726,0.02443566,0,0,0,-3.0830953,0.04380997,0,0,0,-0.9922972,0.27045858,0,0
tensor(987),"tensor(7818., dtype=torch.float64)",tensor(9),0,-4.412702,0.011977186,0,0,0,-1.962636,0.12318205,0,0,1,4.0044284,0.98209184,1,1,0,-1.931506,0.12658398,0,0,0,1.0686772,0.74434525,1,0
tensor(999),"tensor(1497., dtype=torch.float64)",tensor(9),1,3.410465,0.96803,1,1,0,-5.860667,0.002841246,0,0,0,-6.58731,0.0013758459,0,0,0,-1.7635117,0.14635108,0,0,0,-1.6042789,0.16738443,0,0
tensor(1007),"tensor(10526., dtype=torch.float64)",tensor(9),1,3.739416,0.9767839,1,1,0,-5.021675,0.0065502836,0,0,0,-2.8756301,0.053371485,0,0,0,-2.5373752,0.07327922,0,0,0,-7.752281,0.00042957647,0,0
tensor(1015),"tensor(5995., dtype=torch.float64)",tensor(9),0,-4.315083,0.013189161,0,0,0,-1.3468914,0.20637904,0,0,1,3.9332616,0.98079634,1,1,0,-3.5504897,0.027909286,0,0,1,0.15299246,0.5381737,1,0
tensor(1103),"tensor(4833., dtype=torch.float64)",tensor(9),0,3.054938,0.9549953,1,1,0,-6.415304,0.0016336489,0,0,0,-4.0355587,0.017368793,0,0,0,-3.5384326,0.028238269,0,0,1,-0.6300295,0.34750384,0,0
tensor(1109),"tensor(4267., dtype=torch.float64)",tensor(9),0,-4.4198437,0.011892969,0,0,1,2.8181958,0.9436512,1,1,0,0.39132145,0.5966008,1,0,1,-1.2955968,0.21490699,0,0,0,-4.487359,0.011125154,0,0
tensor(1119),"tensor(16469., dtype=torch.float64)",tensor(9),1,2.523856,0.92579734,1,1,0,0.18958253,0.5472542,1,0,0,-6.545311,0.0014347757,0,0,0,-5.050038,0.006368276,0,0,0,-4.324983,0.013060927,0,0
tensor(1123),"tensor(7009., dtype=torch.float64)",tensor(9),0,-4.382247,0.012342992,0,0,0,-1.600412,0.16792403,0,0,0,-2.2958949,0.09146352,0,0,1,6.189208,0.9979527,1,1,0,0.7841855,0.6865815,1,0
tensor(1139),"tensor(4705., dtype=torch.float64)",tensor(9),1,4.2104244,0.9853769,1,1,0,-4.209225,0.014640351,0,0,0,-5.8565884,0.0028528257,0,0,0,-3.6180546,0.026133541,0,0,0,-4.050176,0.01712107,0,0
tensor(1159),"tensor(649., dtype=torch.float64)",tensor(9),0,-2.1846561,0.101136856,0,0,1,2.7862704,0.94192934,1,1,0,-1.2944134,0.21510673,0,0,0,-0.2842015,0.42942405,0,0,0,-1.0363734,0.26185036,0,0
tensor(1205),"tensor(18791., dtype=torch.float64)",tensor(9),0,-6.3500814,0.0017435596,0,0,0,-0.6916567,0.33366463,0,0,1,4.320423,0.9868802,1,1,1,-4.9011292,0.007383261,0,0,0,3.2295194,0.96193016,1,1
tensor(1249),"tensor(19947., dtype=torch.float64)",tensor(9),1,2.8049085,0.9429405,1,1,0,-5.0565624,0.0063271234,0,0,0,-3.3343499,0.034411404,0,0,0,-0.6722366,0.3379962,0,0,0,-3.230289,0.03804167,0,0
tensor(1261),"tensor(8420., dtype=torch.float64)",tensor(9),0,-3.387254,0.03269619,0,0,1,-0.012432989,0.49689174,0,0,0,-3.7211256,0.02363459,0,0,1,5.6791315,0.9965951,1,1,0,-1.4519826,0.18969662,0,0
tensor(1295),"tensor(20870., dtype=torch.float64)",tensor(9),0,2.0033162,0.8811448,1,1,0,-4.6006203,0.0099456925,0,0,1,-0.4041018,0.40032727,0,0,0,-2.9113634,0.051594686,0,0,0,-2.7856362,0.058105323,0,0
tensor(1321),"tensor(5894., dtype=torch.float64)",tensor(9),1,0.5633296,0.6372225,1,1,0,-2.1920805,0.10046392,0,0,0,-1.1105618,0.24776617,0,0,0,0.6785451,0.6634139,1,1,0,-1.1874796,0.23370999,0,0
tensor(1367),"tensor(21233., dtype=torch.float64)",tensor(9),0,-5.1075497,0.0060144984,0,0,0,-1.4457129,0.19066224,0,0,0,-1.9043051,0.129622,0,0,1,6.890783,0.9989839,1,1,1,0.24407654,0.560718,1,0
tensor(1379),"tensor(7123., dtype=torch.float64)",tensor(9),1,0.57136977,0.63907915,1,1,0,2.0982943,0.89073724,1,1,0,-5.2316427,0.005316324,0,0,0,-4.8369126,0.00786909,0,0,0,-4.2981977,0.013410742,0,0
tensor(1399),"tensor(12213., dtype=torch.float64)",tensor(9),0,-5.434013,0.004346567,0,0,0,-4.704931,0.008969364,0,0,0,-4.9755216,0.0068575656,0,0,0,-4.8485026,0.0077791195,0,0,0,-11.052397,1.5848866e-05,0,0
tensor(1421),"tensor(4879., dtype=torch.float64)",tensor(9),1,-1.5663341,0.17273962,0,0,0,-2.3474798,0.087266296,0,0,0,1.5806545,0.8292972,1,1,0,-1.503211,0.18194711,0,0,0,1.8578985,0.8650518,1,1
tensor(1427),"tensor(20044., dtype=torch.float64)",tensor(9),0,-6.7726626,0.0011433341,0,0,1,2.3420115,0.9122972,1,1,1,2.6790493,0.93577904,1,1,0,-1.1333022,0.2435522,0,0,0,1.8603228,0.8653346,1,1
tensor(1433),"tensor(16989., dtype=torch.float64)",tensor(9),0,-6.5533166,0.0014233515,0,0,1,7.1911263,0.9992473,1,1,0,-2.7507708,0.060043134,0,0,0,-2.8781598,0.053243823,0,0,0,-4.472761,0.011286903,0,0
tensor(1439),"tensor(16142., dtype=torch.float64)",tensor(9),0,-6.788794,0.0011250591,0,0,1,0.12867206,0.53212374,1,0,1,3.9952786,0.9819302,1,1,0,-1.546437,0.17560147,0,0,1,2.6603477,0.93464595,1,1
tensor(1449),"tensor(18349., dtype=torch.float64)",tensor(9),0,-6.081296,0.002280003,0,0,0,-1.0181184,0.2653941,0,0,1,4.5167055,0.98919314,1,1,0,-1.958042,0.12367911,0,0,0,2.083617,0.8893006,1,1
tensor(1451),"tensor(16916., dtype=torch.float64)",tensor(9),0,-6.5734577,0.0013950098,0,0,0,2.3382323,0.91199434,1,1,0,2.5463,0.9273246,1,1,0,-1.702167,0.15418245,0,0,1,2.4108152,0.9176483,1,1
tensor(1453),"tensor(17864., dtype=torch.float64)",tensor(9),1,2.250455,0.9046897,1,1,0,-4.234947,0.01427388,0,0,0,-1.36992,0.20263278,0,0,0,-1.2007213,0.23134692,0,0,0,-2.774054,0.058742456,0,0
tensor(1455),"tensor(20051., dtype=torch.float64)",tensor(9),1,1.2250926,0.7729585,1,1,0,-5.8171406,0.002967272,0,0,0,-3.0532992,0.04507525,0,0,0,-2.051872,0.11386337,0,0,0,0.9620527,0.7235326,1,0
tensor(1469),"tensor(4058., dtype=torch.float64)",tensor(9),0,-9.890168,5.0667855e-05,0,0,0,0.11693069,0.5291994,1,0,1,4.52658,0.9892981,1,1,1,2.582497,0.9297266,1,1,1,3.0978646,0.9568046,1,1
tensor(1473),"tensor(17115., dtype=torch.float64)",tensor(9),0,-3.1670654,0.0404241,0,0,1,3.8498614,0.97916085,1,1,1,-2.0439231,0.11466785,0,0,0,-0.81275654,0.3073034,0,0,0,-2.5157256,0.07476309,0,0
tensor(1497),"tensor(18668., dtype=torch.float64)",tensor(9),1,5.269377,0.9948795,1,1,0,-6.2354326,0.0019549523,0,0,0,-4.6595736,0.009381651,0,0,0,-3.998731,0.018008638,0,0,0,-7.662883,0.0004697299,0,0
tensor(1515),"tensor(668., dtype=torch.float64)",tensor(9),0,-2.1747844,0.10203782,0,0,1,1.6441073,0.83809304,1,1,1,0.18710312,0.5466398,1,0,0,0.21640083,0.5538901,1,0,0,-1.2553232,0.22178003,0,0
tensor(1541),"tensor(20956., dtype=torch.float64)",tensor(9),0,-0.42068908,0.39635187,0,0,1,1.5162338,0.81998324,1,1,0,-4.207782,0.014661187,0,0,0,-0.47957218,0.38235316,0,0,0,-1.7866632,0.14348233,0,0
tensor(1577),"tensor(7809., dtype=torch.float64)",tensor(9),0,-2.365132,0.085870475,0,0,1,2.2865689,0.9077586,1,1,0,-0.7554297,0.31963935,0,0,0,0.6120785,0.6484148,1,0,0,-0.3727237,0.40788308,0,0
tensor(1595),"tensor(3742., dtype=torch.float64)",tensor(9),1,-0.6766639,0.3370063,0,0,0,-4.044733,0.017212905,0,0,1,1.7584757,0.8530186,1,1,0,-7.2798133,0.0006888395,0,0,0,-0.12886405,0.46782848,0,0
tensor(1611),"tensor(12706., dtype=torch.float64)",tensor(9),0,-3.6248734,0.025960557,0,0,0,1.7157539,0.84758115,1,1,0,0.55400336,0.6350639,1,0,0,1.5578592,0.82604593,1,1,1,-1.5050961,0.1816667,0,0
tensor(1619),"tensor(2638., dtype=torch.float64)",tensor(9),1,2.9757009,0.95146424,1,1,0,-3.1728792,0.04019918,0,0,0,-3.0246906,0.046322815,0,0,0,-4.812019,0.00806584,0,0,0,-1.9306517,0.12667845,0,0
tensor(1627),"tensor(6034., dtype=torch.float64)",tensor(9),0,-5.6321836,0.0035679718,0,0,1,1.6158751,0.83422554,1,1,1,0.53343964,0.630285,1,0,0,3.904512,0.98024726,1,1,0,-2.510876,0.075099245,0,0
tensor(1645),"tensor(7424., dtype=torch.float64)",tensor(9),1,-0.36963823,0.40862843,0,0,0,-4.756499,0.008522396,0,0,0,-3.9435794,0.01901033,0,0,0,3.2693086,0.9633607,1,1,0,-0.14063555,0.46489897,0,0
tensor(1699),"tensor(20837., dtype=torch.float64)",tensor(9),1,-0.11618808,0.47098562,0,1,0,2.0621662,0.88717115,1,1,0,-4.5296326,0.010669571,0,0,0,-3.6879926,0.024411358,0,0,0,-4.2973957,0.013421358,0,0
tensor(1701),"tensor(20919., dtype=torch.float64)",tensor(9),1,3.9403164,0.9809287,1,1,0,-2.2949004,0.09154619,0,0,0,-5.0320787,0.0064829295,0,0,0,-4.183779,0.015012013,0,0,0,-5.421788,0.004399793,0,0
tensor(1713),"tensor(7961., dtype=torch.float64)",tensor(9),0,-1.8807914,0.132298,0,0,0,-0.4553176,0.38809723,0,0,1,1.7743374,0.85499626,1,1,1,-0.9726709,0.27434847,0,0,0,-1.3134674,0.21190721,0,0
tensor(1763),"tensor(21187., dtype=torch.float64)",tensor(9),0,-6.2211323,0.0019830537,0,0,0,2.2442193,0.9041507,1,1,1,1.9609176,0.8766323,1,1,0,-0.13110375,0.4672709,0,0,1,2.2719202,0.9065246,1,1
tensor(1809),"tensor(361., dtype=torch.float64)",tensor(9),0,-6.2255993,0.0019742327,0,0,1,5.1017547,0.9939507,1,1,0,0.022990465,0.5057474,1,0,1,-0.3137138,0.42220852,0,0,0,-2.5441272,0.07282202,0,0
tensor(1817),"tensor(11885., dtype=torch.float64)",tensor(9),0,-7.5227337,0.0005403604,0,0,0,2.5353003,0.9265797,1,1,1,1.3140463,0.7881894,1,1,1,3.9506247,0.98112065,1,1,0,1.1263207,0.75515926,1,0
tensor(1841),"tensor(7070., dtype=torch.float64)",tensor(9),1,-3.9130986,0.019587178,0,0,0,-2.1566734,0.10370926,0,0,0,3.7857091,0.97781074,1,1,0,-2.80466,0.057072878,0,0,0,1.3547674,0.7949079,1,1
tensor(1871),"tensor(1585., dtype=torch.float64)",tensor(9),1,2.396116,0.9165306,1,1,0,-5.8770776,0.0027951302,0,0,0,-1.4035367,0.19725549,0,0,0,-4.4266243,0.011813549,0,0,0,-0.8606007,0.29721385,0,0
tensor(1889),"tensor(2348., dtype=torch.float64)",tensor(9),0,0.68367195,0.6645578,1,1,0,-1.8278075,0.13849966,0,0,1,-0.7105223,0.32948345,0,0,0,-1.4122837,0.19587412,0,0,0,0.20243053,0.55043554,1,0
tensor(1907),"tensor(7931., dtype=torch.float64)",tensor(9),0,-6.120715,0.0021920684,0,0,1,1.8192278,0.8604735,1,1,0,-2.4260423,0.08120828,0,0,1,6.6435122,0.9986992,1,1,0,-0.17041206,0.45749977,0,0
tensor(1977),"tensor(847., dtype=torch.float64)",tensor(9),0,-9.689238,6.1942774e-05,0,0,1,0.8443203,0.6993744,1,1,0,2.9203198,0.9488418,1,1,1,5.544857,0.99610776,1,1,0,2.0213077,0.8830162,1,1
tensor(1981),"tensor(459., dtype=torch.float64)",tensor(9),0,-3.3370588,0.034321506,0,0,0,0.477371,0.6171269,1,1,1,2.185023,0.89889646,1,1,0,-2.8353994,0.055440962,0,0,0,-0.7243602,0.32643357,0,0
tensor(1995),"tensor(389., dtype=torch.float64)",tensor(9),0,-0.91506183,0.28596514,0,0,0,-3.7926655,0.022038799,0,0,0,-4.916208,0.00727357,0,0,1,3.7899637,0.9779028,1,1,0,0.031127568,0.5077813,1,0
tensor(2033),"tensor(5507., dtype=torch.float64)",tensor(9),0,-6.854783,0.0010532897,0,0,1,2.3357182,0.91179234,1,1,1,0.8090704,0.6919114,1,0,1,4.591377,0.9899629,1,1,0,-0.07845406,0.48039657,0,0
tensor(2051),"tensor(389., dtype=torch.float64)",tensor(9),0,-4.291177,0.013503953,0,0,0,0.047464844,0.51186395,1,0,0,1.6098076,0.83338463,1,1,0,0.8519331,0.7009725,1,1,0,-3.7843332,0.022219101,0,0
tensor(2089),"tensor(1651., dtype=torch.float64)",tensor(9),1,3.6740706,0.9752549,1,1,0,-2.1446,0.10483692,0,0,0,-4.3474855,0.01277402,0,0,0,-5.411344,0.004445781,0,0,0,-4.9351263,0.007138232,0,0
tensor(2099),"tensor(13882., dtype=torch.float64)",tensor(9),0,-3.5807464,0.027100032,0,0,1,0.6370192,0.6540793,1,1,0,1.2179941,0.77171034,1,1,0,1.00174,0.73140055,1,1,0,-2.5420034,0.07296555,0,0
tensor(2107),"tensor(2719., dtype=torch.float64)",tensor(9),1,-0.6451831,0.34407583,0,0,0,0.09598529,0.52397794,1,0,0,0.43341893,0.6066898,1,0,0,-0.9686382,0.27515203,0,0,0,0.6983134,0.66781366,1,0
tensor(2111),"tensor(4920., dtype=torch.float64)",tensor(9),0,-7.136083,0.0007952304,0,0,1,0.023569215,0.50589204,1,0,1,1.2516259,0.77758116,1,1,1,5.3917804,0.9954667,1,1,1,2.055848,0.8865372,1,1
tensor(2115),"tensor(20329., dtype=torch.float64)",tensor(9),1,3.8107715,0.9783481,1,1,0,-5.1012573,0.0060522337,0,0,0,-5.4385967,0.0043267743,0,0,0,-3.5644472,0.027533097,0,0,0,-2.3633265,0.086012326,0,0
tensor(2123),"tensor(4949., dtype=torch.float64)",tensor(9),0,1.0864549,0.74771357,1,1,0,-0.1766188,0.4559597,0,0,0,-1.7721239,0.14527841,0,0,1,-2.3506663,0.08701283,0,0,1,-1.1647059,0.23781323,0,0
tensor(2135),"tensor(8046., dtype=torch.float64)",tensor(9),0,-4.437666,0.011685342,0,0,0,0.39404586,0.5972563,1,1,0,-2.9488034,0.04979309,0,0,1,6.071008,0.99769646,1,1,0,-0.7366472,0.32373777,0,0
tensor(2139),"tensor(20870., dtype=torch.float64)",tensor(9),1,-0.8913573,0.2908298,0,0,0,-3.220705,0.03839395,0,0,0,2.3994408,0.91678464,1,1,0,-3.4721353,0.03011555,0,0,0,-1.4688408,0.18711887,0,0
tensor(2149),"tensor(7231., dtype=torch.float64)",tensor(9),1,5.4935303,0.99590355,1,1,0,-3.2460709,0.037468333,0,0,0,-6.688508,0.0012435907,0,0,0,-5.771878,0.0031042385,0,0,0,-9.924135,4.89758e-05,0,0
tensor(2161),"tensor(20411., dtype=torch.float64)",tensor(9),1,4.2561398,0.9860212,1,1,0,-6.1617365,0.0021041518,0,0,0,-5.7853565,0.0030628052,0,0,0,-5.004349,0.0066639986,0,0,0,-2.1522393,0.104122154,0,0
tensor(2169),"tensor(6021., dtype=torch.float64)",tensor(9),0,-1.4854342,0.18460803,0,0,0,1.2988048,0.7856338,1,1,1,0.41672757,0.60269994,1,0,0,-2.7924285,0.057734698,0,0,0,-1.4010724,0.19764599,0,0
tensor(2181),"tensor(2652., dtype=torch.float64)",tensor(9),1,0.84707415,0.699953,1,1,0,-4.069251,0.016803017,0,0,0,-1.1251727,0.24505308,0,0,0,-0.8492586,0.29958838,0,0,0,0.20848233,0.55193263,1,0
tensor(2205),"tensor(4376., dtype=torch.float64)",tensor(9),0,-3.390033,0.032608416,0,0,0,1.6251739,0.8355074,1,1,0,0.42916673,0.6056747,1,0,0,-1.0211971,0.2647943,0,0,0,-3.6157956,0.026191095,0,0
tensor(2233),"tensor(5310., dtype=torch.float64)",tensor(9),0,-0.7761444,0.31515145,0,0,0,-1.4022626,0.19745733,0,0,0,0.4213704,0.60381114,1,0,1,1.3310156,0.7910086,1,1,0,-1.9419031,0.12543893,0,0
tensor(2237),"tensor(2202., dtype=torch.float64)",tensor(9),1,2.606412,0.9312731,1,1,0,-1.002056,0.26853737,0,0,0,-3.246202,0.037463605,0,0,0,-5.7113643,0.0032972482,0,0,0,-3.3787508,0.032966197,0,0
tensor(2261),"tensor(3857., dtype=torch.float64)",tensor(9),1,4.1593733,0.9846228,1,1,0,-3.7201734,0.023656573,0,0,0,-5.473955,0.0041770875,0,0,0,-4.756994,0.008518215,0,0,0,-4.0408473,0.017278764,0,0
tensor(2273),"tensor(16350., dtype=torch.float64)",tensor(9),0,-2.8010833,0.057265665,0,0,1,-0.8970998,0.28964683,0,0,0,1.8168436,0.860187,1,1,0,-1.4713447,0.1867383,0,0,0,-3.3055673,0.03538069,0,0
tensor(2283),"tensor(3200., dtype=torch.float64)",tensor(9),1,0.023558468,0.50588936,1,1,0,1.139089,0.75751233,1,1,0,-1.4066061,0.19676992,0,0,0,-7.666544,0.00046801416,0,0,0,-4.791337,0.008233005,0,0
tensor(2297),"tensor(4963., dtype=torch.float64)",tensor(9),0,-2.833834,0.055523004,0,0,0,0.0052724443,0.5013181,1,0,0,0.1058486,0.52643746,1,0,1,2.3987634,0.91673297,1,1,1,-2.6606293,0.06533689,0,0
tensor(2301),"tensor(2793., dtype=torch.float64)",tensor(9),1,-0.67003894,0.33848813,0,0,0,-3.2980442,0.035638344,0,0,0,2.2292445,0.9028451,1,1,0,-3.187465,0.039640177,0,0,0,-2.9466302,0.049896017,0,0
tensor(2309),"tensor(1134., dtype=torch.float64)",tensor(9),1,1.0901549,0.7484109,1,1,0,-1.7412988,0.14914803,0,0,0,-0.032344036,0.49191472,0,0,0,-3.3795967,0.03293924,0,0,0,-1.8177406,0.13970521,0,0
tensor(2311),"tensor(4897., dtype=torch.float64)",tensor(9),0,-7.708662,0.0004487203,0,0,1,3.5286899,0.9714931,1,1,0,0.17005126,0.5424107,1,0,1,4.6440196,0.9904727,1,1,0,0.7838104,0.6865007,1,0
tensor(2319),"tensor(2577., dtype=torch.float64)",tensor(9),1,1.7737556,0.8549241,1,1,0,-8.126465,0.00029552402,0,0,0,0.1761967,0.54393554,1,0,0,-5.348438,0.004733066,0,0,0,-0.85725546,0.29791307,0,0
tensor(2335),"tensor(11190., dtype=torch.float64)",tensor(9),0,-6.543871,0.0014368403,0,0,0,1.9283116,0.87306243,1,1,0,1.6117228,0.83365047,1,1,1,3.3879616,0.96732616,1,1,0,-1.0197799,0.26507026,0,0
tensor(2357),"tensor(18869., dtype=torch.float64)",tensor(9),1,4.554221,0.98958683,1,1,0,-6.234724,0.0019563353,0,0,0,-5.6398325,0.003540881,0,0,0,-3.5154066,0.02887703,0,0,0,-3.6937337,0.024275,0,0
tensor(2359),"tensor(13668., dtype=torch.float64)",tensor(9),0,-2.3708022,0.08542645,0,0,1,-0.055082504,0.48623288,0,0,0,1.683204,0.84332836,1,1,1,-1.1924484,0.23282132,0,0,0,1.1390144,0.7574986,1,0
tensor(2361),"tensor(13039., dtype=torch.float64)",tensor(9),1,3.8037765,0.9781994,1,1,0,-5.148844,0.005772598,0,0,0,-2.6207697,0.06781362,0,0,0,-3.9324107,0.019219737,0,0,0,-5.949898,0.0025993327,0,0
tensor(2377),"tensor(20400., dtype=torch.float64)",tensor(9),1,0.75815606,0.68095326,1,1,0,0.9182579,0.714687,1,1,0,-3.6312604,0.02579954,0,0,0,-4.0031195,0.017931195,0,0,0,-1.2473706,0.22315565,0,0
tensor(2389),"tensor(19437., dtype=torch.float64)",tensor(9),1,2.3000033,0.9088774,1,1,0,-0.20031248,0.45008865,0,0,0,-5.736019,0.0032172077,0,0,0,-4.2533484,0.014017275,0,0,0,-2.9864774,0.04804053,0,0
tensor(2395),"tensor(17170., dtype=torch.float64)",tensor(9),1,2.9741826,0.9513941,1,1,0,-3.1065655,0.042837247,0,0,0,-7.359033,0.0006364086,0,0,0,0.053772025,0.5134398,1,0,0,-6.8235493,0.0010866708,0,0
tensor(2397),"tensor(9357., dtype=torch.float64)",tensor(9),0,0.78649855,0.687079,1,1,1,1.0716673,0.7449139,1,1,0,-3.0061138,0.047150433,0,0,0,-3.3752682,0.0330774,0,0,0,-5.154236,0.005741733,0,0
tensor(2421),"tensor(17173., dtype=torch.float64)",tensor(9),1,1.648845,0.8387349,1,1,0,-3.9461133,0.018963132,0,0,0,-5.0918245,0.0061092423,0,0,1,1.7975976,0.8578562,1,1,0,-7.0830374,0.0008385166,0,0
tensor(2429),"tensor(8456., dtype=torch.float64)",tensor(9),1,3.520528,0.97126627,1,1,0,-2.2695365,0.09367756,0,0,0,-4.0590286,0.016972734,0,0,0,-6.3942866,0.0016682898,0,0,0,-3.853071,0.020773783,0,0
tensor(2443),"tensor(21046., dtype=torch.float64)",tensor(9),0,-1.7534006,0.1476188,0,0,0,-4.637784,0.009586335,0,0,1,1.0923132,0.748817,1,1,0,-2.5996969,0.06915793,0,0,0,3.0377522,0.9542508,1,1
tensor(2465),"tensor(1298., dtype=torch.float64)",tensor(9),1,4.0935683,0.983594,1,1,0,-3.885151,0.02013114,0,0,0,-3.1505382,0.041070078,0,0,0,-6.724414,0.0011997833,0,0,0,-5.508363,0.0040363786,0,0
tensor(2467),"tensor(7513., dtype=torch.float64)",tensor(9),1,1.8334895,0.8621769,1,1,0,-2.1054544,0.108567804,0,0,0,-2.1116061,0.10797387,0,0,0,-6.311271,0.0018124327,0,0,0,-0.71419704,0.3286721,0,0
tensor(2505),"tensor(20101., dtype=torch.float64)",tensor(9),0,-3.7804508,0.022303607,0,0,0,-4.38908,0.0122599695,0,0,1,3.943683,0.98099154,1,1,0,-3.9086962,0.019671896,0,0,1,2.5792503,0.92951417,1,1
tensor(2543),"tensor(13440., dtype=torch.float64)",tensor(9),0,-4.642538,0.009541304,0,0,0,0.9534216,0.7218028,1,1,1,1.8315405,0.86194515,1,1,0,0.18283278,0.5455813,1,0,0,-3.1174645,0.04239258,0,0
tensor(2577),"tensor(8053., dtype=torch.float64)",tensor(9),1,4.407397,0.98795986,1,1,0,-5.8072987,0.0029965318,0,0,0,-5.1305456,0.0058785714,0,0,0,-3.1661468,0.04045975,0,0,0,-3.769017,0.022554299,0,0
tensor(2591),"tensor(17271., dtype=torch.float64)",tensor(9),0,-6.2959285,0.0018404032,0,0,1,7.167163,0.9992291,1,1,0,-2.3875544,0.084126666,0,0,0,-3.564287,0.02753739,0,0,0,-3.6126223,0.026272153,0,0
tensor(2613),"tensor(21108., dtype=torch.float64)",tensor(9),1,1.7213113,0.8482977,1,1,0,-4.7217393,0.00882118,0,0,0,-0.22617322,0.44369653,0,0,0,-3.017191,0.04665526,0,0,0,-1.5296075,0.17805113,0,0
tensor(2623),"tensor(7433., dtype=torch.float64)",tensor(9),0,-5.4621534,0.0042264666,0,0,1,-0.41325,0.3981331,0,0,0,1.3114636,0.787758,1,1,1,4.7681565,0.99157554,1,1,0,1.030748,0.7370609,1,0
tensor(2629),"tensor(17864., dtype=torch.float64)",tensor(9),1,3.1052601,0.95710915,1,1,0,-5.482498,0.004141702,0,0,0,-2.4392467,0.080228485,0,0,0,-1.4102001,0.1962025,0,0,0,-3.9179842,0.019493574,0,0
tensor(2669),"tensor(585., dtype=torch.float64)",tensor(9),0,-7.889697,0.00037444275,0,0,1,3.8176262,0.9784928,1,1,0,0.13584158,0.5339083,1,0,1,4.8869324,0.992512,1,1,0,-0.02670427,0.4933243,0,0
tensor(2697),"tensor(5609., dtype=torch.float64)",tensor(9),1,3.3778455,0.9670049,1,1,0,-6.163143,0.0021012002,0,0,0,-4.701706,0.008998074,0,0,0,-3.6306384,0.025815178,0,0,0,-1.2171614,0.22843638,0,0
tensor(2707),"tensor(20920., dtype=torch.float64)",tensor(9),0,3.692464,0.9756949,1,1,1,-2.270967,0.09355617,0,0,0,-4.519763,0.010774257,0,0,0,-3.5777965,0.027177917,0,0,0,-5.683202,0.0033911078,0,0
tensor(2721),"tensor(12807., dtype=torch.float64)",tensor(9),1,2.3950214,0.9164469,1,1,0,-2.6626348,0.06521452,0,0,0,-2.0090847,0.11825238,0,0,0,-3.1388354,0.041533455,0,0,0,-1.988805,0.120383345,0,0
tensor(2727),"tensor(4424., dtype=torch.float64)",tensor(9),0,-2.4616191,0.07859301,0,0,1,-0.5325632,0.36991927,0,0,0,2.0355358,0.8844779,1,1,0,-0.7668358,0.31716397,0,0,0,0.3216752,0.5797325,1,0
tensor(2745),"tensor(2158., dtype=torch.float64)",tensor(9),0,-5.007722,0.00664171,0,0,0,-0.20499492,0.44893,0,0,1,3.123624,0.9578568,1,1,0,-0.75249994,0.32027683,0,0,0,2.146316,0.89532405,1,1
tensor(2801),"tensor(9053., dtype=torch.float64)",tensor(9),1,4.6200457,0.99024385,1,1,0,-4.5707026,0.010244646,0,0,0,-3.493822,0.029488523,0,0,0,-6.251969,0.0019229521,0,0,0,-6.5318036,0.0014542588,0,0
tensor(2825),"tensor(7860., dtype=torch.float64)",tensor(9),0,-6.133257,0.0021648072,0,0,0,-0.094760805,0.47632754,0,0,1,3.7304688,0.9765801,1,1,0,-0.60581493,0.35301447,0,0,0,1.9978828,0.8805746,1,1
tensor(2841),"tensor(5273., dtype=torch.float64)",tensor(9),1,1.7549322,0.85257375,1,1,0,-0.8872466,0.29167834,0,0,0,-1.7788235,0.14444847,0,0,0,-6.9304557,0.0009766007,0,0,0,-3.193833,0.039398454,0,0
tensor(2849),"tensor(7390., dtype=torch.float64)",tensor(9),1,4.0886703,0.9835148,1,1,0,-6.8838964,0.0010230979,0,0,0,-5.6288824,0.0035797276,0,0,0,-2.6752384,0.06445039,0,0,0,-2.4233735,0.08140763,0,0
tensor(2851),"tensor(14209., dtype=torch.float64)",tensor(9),1,1.6777545,0.84260696,1,1,0,0.41185686,0.60153306,1,1,0,-5.043838,0.0064076274,0,0,0,-3.6171558,0.026156424,0,0,0,-3.2559528,0.037113566,0,0
tensor(2895),"tensor(15808., dtype=torch.float64)",tensor(9),0,-5.5901866,0.0037204376,0,0,0,2.1599917,0.8965988,1,1,0,1.360724,0.7958774,1,1,1,2.1411998,0.8948436,1,1,0,-0.8391099,0.30172226,0,0
tensor(2899),"tensor(20652., dtype=torch.float64)",tensor(9),0,-5.9546003,0.0025871696,0,0,1,1.5659076,0.82719946,1,1,1,2.8684962,0.94626695,1,1,0,-2.3811858,0.084618665,0,0,0,1.8528864,0.86446565,1,1
tensor(2907),"tensor(21195., dtype=torch.float64)",tensor(9),1,3.8362234,0.9788807,1,1,0,-4.043522,0.017233407,0,0,0,-3.7145503,0.023786798,0,0,0,-3.943694,0.01900819,0,0,0,-4.2501,0.014062238,0,0
tensor(2911),"tensor(13978., dtype=torch.float64)",tensor(9),0,-1.0248047,0.26409253,0,0,0,-5.3556213,0.0046993466,0,0,0,-1.1130819,0.24729677,0,0,0,-3.3058498,0.03537105,0,0,1,3.3670642,0.96665925,1,1
tensor(2933),"tensor(13267., dtype=torch.float64)",tensor(9),1,-0.58902454,0.35685873,0,0,0,1.5367357,0.8229897,1,1,0,-1.2465675,0.22329488,0,0,0,-1.2061936,0.23037525,0,0,0,-0.9173238,0.2855035,0,0
tensor(2949),"tensor(1627., dtype=torch.float64)",tensor(9),0,0.5095155,0.6246929,1,1,0,-4.7670164,0.008433983,0,0,1,1.2185475,0.77180785,1,1,0,-4.0114193,0.017785622,0,0,0,-1.0005643,0.26883048,0,0
tensor(2967),"tensor(7635., dtype=torch.float64)",tensor(9),0,-2.4449747,0.07980682,0,0,1,-1.0757774,0.25430593,0,0,1,2.3871138,0.9158394,1,1,0,-2.8702302,0.05364497,0,0,0,0.8924807,0.7094018,1,0
tensor(2971),"tensor(13926., dtype=torch.float64)",tensor(9),0,-5.4244537,0.0043881326,0,0,1,3.1674128,0.9595893,1,1,0,1.0840788,0.7472651,1,1,0,-1.3383098,0.20778815,0,0,0,1.7117213,0.8470594,1,1
tensor(3003),"tensor(20949., dtype=torch.float64)",tensor(9),1,2.8603628,0.94585186,1,1,0,-0.7363018,0.32381338,0,0,0,-3.7760713,0.022399306,0,0,0,-5.2977138,0.0049781133,0,0,0,-6.4783087,0.0015340501,0,0
tensor(3029),"tensor(3385., dtype=torch.float64)",tensor(9),0,-6.428018,0.0016130436,0,0,0,0.008312281,0.50207806,1,0,0,-2.8762813,0.053338595,0,0,1,7.560844,0.99947983,1,1,0,1.1459843,0.7587766,1,0
tensor(3041),"tensor(3851., dtype=torch.float64)",tensor(9),0,-7.493685,0.0005562787,0,0,0,1.178449,0.7646688,1,1,0,1.1970569,0.76800084,1,1,1,6.0097194,0.99755126,1,1,0,-0.5260759,0.3714326,0,0
tensor(3053),"tensor(21329., dtype=torch.float64)",tensor(9),1,5.2298346,0.9946741,1,1,0,-6.7858167,0.00112841,0,0,0,-4.926696,0.0071982304,0,0,0,-3.4353216,0.031209629,0,0,0,-6.7302475,0.0011928128,0,0
tensor(3083),"tensor(10698., dtype=torch.float64)",tensor(9),1,3.6334207,0.9742547,1,1,0,-3.5431323,0.028109588,0,0,0,-4.8106413,0.008076869,0,0,0,-4.566962,0.010282647,0,0,0,-2.8865957,0.052820176,0,0
tensor(3089),"tensor(2095., dtype=torch.float64)",tensor(9),1,1.0882062,0.7480438,1,1,0,-5.4671254,0.004205593,0,0,0,-1.4470009,0.19046356,0,0,0,-3.376231,0.03304662,0,0,0,1.0627832,0.7432221,1,0
tensor(3111),"tensor(5711., dtype=torch.float64)",tensor(9),1,1.1795044,0.76485866,1,1,0,-5.521049,0.0039856983,0,0,0,-0.42061037,0.3963707,0,0,0,-1.1495583,0.24056977,0,0,0,-0.57427806,0.3602503,0,0
tensor(3127),"tensor(17465., dtype=torch.float64)",tensor(9),0,-2.622798,0.06768552,0,0,1,2.3961072,0.91652995,1,1,0,0.095058136,0.52374667,1,0,0,-2.106553,0.10846154,0,0,0,-0.832556,0.3031049,0,0
tensor(3155),"tensor(732., dtype=torch.float64)",tensor(9),0,-7.4349146,0.0005899311,0,0,0,-0.034706254,0.4913243,0,0,0,1.7850825,0.8563233,1,1,1,5.39391,0.9954764,1,1,0,2.051855,0.8861349,1,1
tensor(3169),"tensor(8852., dtype=torch.float64)",tensor(9),1,1.9702847,0.8776417,1,1,0,-3.7525392,0.022920437,0,0,0,-0.35235167,0.41281226,0,0,0,-7.457158,0.0005769613,0,0,0,-5.140443,0.005821014,0,0
tensor(3189),"tensor(21285., dtype=torch.float64)",tensor(9),1,3.6045187,0.9735197,1,1,0,-3.6255875,0.02594251,0,0,0,-3.3571498,0.03366181,0,0,0,-2.8447716,0.05495221,0,0,0,-6.204427,0.0020163925,0,0
tensor(3203),"tensor(10042., dtype=torch.float64)",tensor(9),1,0.45377943,0.6115374,1,1,0,-5.8348317,0.002915391,0,0,0,1.7297977,0.8493866,1,1,0,-4.1839666,0.015009235,0,0,0,-1.6792223,0.15719846,0,0
tensor(3233),"tensor(14392., dtype=torch.float64)",tensor(9),1,2.3454413,0.9125712,1,1,0,-5.158581,0.005716982,0,0,0,-7.6044807,0.00049796596,0,0,1,2.3656948,0.9141737,1,1,0,-7.448099,0.0005822088,0,0
tensor(3265),"tensor(1353., dtype=torch.float64)",tensor(9),0,-1.0918089,0.2512778,0,0,1,0.11689226,0.5291898,1,0,0,0.8732775,0.70542717,1,0,0,-2.7443583,0.060406066,0,0,1,0.055971105,0.51398915,1,0
tensor(3271),"tensor(10309., dtype=torch.float64)",tensor(9),1,3.877238,0.9797121,1,1,0,-5.2361817,0.0052923756,0,0,0,-2.454014,0.079145506,0,0,0,-3.7985637,0.021912033,0,0,0,-8.250055,0.00026117588,0,0
tensor(3273),"tensor(1040., dtype=torch.float64)",tensor(9),1,4.788707,0.99174553,1,1,0,-4.563616,0.010316754,0,0,0,-4.9146395,0.007284904,0,0,0,-5.687082,0.0033780197,0,0,0,-5.2941303,0.0049958946,0,0
tensor(3283),"tensor(1792., dtype=torch.float64)",tensor(9),1,4.468291,0.98866314,1,1,0,-5.5397744,0.0039120484,0,0,0,-4.175103,0.015140835,0,0,0,-3.0143225,0.046783008,0,0,0,-5.919948,0.002678148,0,0
tensor(3337),"tensor(746., dtype=torch.float64)",tensor(9),0,-4.5742683,0.010208553,0,0,0,-2.146024,0.10470335,0,0,1,3.2189376,0.9615407,1,1,1,1.7902288,0.85695535,1,1,0,-0.5420362,0.36771402,0,0
tensor(3345),"tensor(7784., dtype=torch.float64)",tensor(9),1,3.0892158,0.95644575,1,1,0,-4.2382402,0.014227621,0,0,0,-4.2112017,0.014611865,0,0,0,-1.3666859,0.20315583,0,0,0,-3.1007798,0.043075103,0,0
tensor(3349),"tensor(4835., dtype=torch.float64)",tensor(9),0,2.7199776,0.9381952,1,1,0,-2.5407252,0.07305205,0,0,0,-2.4463165,0.07970834,0,0,1,-2.771809,0.05886671,0,0,0,-3.3197498,0.03489984,0,0
tensor(3389),"tensor(10644., dtype=torch.float64)",tensor(9),0,-4.931877,0.007161297,0,0,1,2.544364,0.927194,1,1,0,0.52088624,0.627355,1,0,0,2.181905,0.8986128,1,1,0,-0.68765664,0.33455458,0,0
tensor(3401),"tensor(7511., dtype=torch.float64)",tensor(9),0,-7.7290087,0.00043968656,0,0,0,4.029932,0.98253495,1,1,1,1.0050334,0.7320471,1,1,0,0.21411303,0.5533247,1,0,0,2.7923446,0.94226074,1,1
tensor(3409),"tensor(7108., dtype=torch.float64)",tensor(9),0,-2.2626145,0.094266914,0,0,0,-1.1882771,0.23356722,0,0,0,0.25154614,0.56255704,1,0,1,3.0244722,0.95366746,1,1,0,0.45359048,0.6114926,1,0
tensor(3411),"tensor(4377., dtype=torch.float64)",tensor(9),0,-7.4580574,0.00057644304,0,0,1,2.7630527,0.94064623,1,1,0,0.09907615,0.5247488,1,0,1,5.8147416,0.99702567,1,1,0,-0.5105201,0.3750716,0,0
tensor(3417),"tensor(1044., dtype=torch.float64)",tensor(9),1,1.6291976,0.8360597,1,1,0,-0.9734566,0.27419204,0,0,0,-3.4258463,0.031497397,0,0,1,-1.1324868,0.24370249,0,0,0,-3.1123512,0.042600647,0,0
tensor(3433),"tensor(2663., dtype=torch.float64)",tensor(9),0,-7.6063404,0.0004970412,0,0,0,-3.5790818,0.027143953,0,0,1,5.9016743,0.99727255,1,1,0,-2.1082802,0.10829462,0,0,0,3.9896035,0.9818293,1,1
tensor(3443),"tensor(4536., dtype=torch.float64)",tensor(9),0,-2.4061506,0.08270488,0,0,1,0.16570835,0.54133254,1,0,0,-2.973488,0.048638064,0,0,1,4.1345353,0.98424226,1,1,0,-0.6845716,0.33524173,0,0
tensor(3447),"tensor(21065., dtype=torch.float64)",tensor(9),1,2.4592435,0.9212347,1,1,0,-5.6013503,0.0036792867,0,0,0,-4.944669,0.007070919,0,0,0,-0.19033691,0.45255888,0,0,0,-1.3116281,0.21221453,0,0
tensor(3457),"tensor(6881., dtype=torch.float64)",tensor(9),0,-5.203227,0.00546872,0,0,0,-1.6661155,0.15894276,0,0,1,4.3943157,0.9878033,1,1,0,-3.4050915,0.032136723,0,0,1,1.4050736,0.80298775,1,1
tensor(3475),"tensor(10208., dtype=torch.float64)",tensor(9),1,-0.28207552,0.429945,0,0,0,1.5971223,0.83161587,1,1,0,-1.5796139,0.17085017,0,0,0,-7.1691985,0.0007693471,0,0,0,-4.9147596,0.007284035,0,0
tensor(3495),"tensor(17675., dtype=torch.float64)",tensor(9),0,1.8699865,0.86645675,1,1,1,-3.2231214,0.038304836,0,0,0,-0.86061174,0.29721156,0,0,1,-2.5332668,0.07355872,0,0,0,-1.6110864,0.16643785,0,0
tensor(3531),"tensor(5612., dtype=torch.float64)",tensor(9),0,-6.8418036,0.0010670354,0,0,0,-2.0230193,0.11680716,0,0,1,4.87282,0.9924063,1,1,0,-4.309213,0.013265776,0,0,0,4.160569,0.98464096,1,1
tensor(3587),"tensor(13541., dtype=torch.float64)",tensor(9),1,4.6799417,0.9908057,1,1,0,-6.035981,0.0023854452,0,0,0,-4.1153483,0.01605818,0,0,0,-5.3465853,0.0047418005,0,0,0,-4.219228,0.014496753,0,0
tensor(3595),"tensor(19798., dtype=torch.float64)",tensor(9),1,3.243593,0.9624422,1,1,0,-5.24355,0.005253728,0,0,0,-4.41644,0.011933033,0,0,0,-4.5300994,0.010664646,0,0,0,-1.1150545,0.2469298,0,0
tensor(3597),"tensor(14329., dtype=torch.float64)",tensor(9),0,-8.1194105,0.0002976155,0,0,0,-0.36531726,0.409673,0,0,0,3.1064465,0.95715785,1,1,1,4.3487263,0.9872416,1,1,1,2.5741296,0.92917794,1,1
tensor(3607),"tensor(12194., dtype=torch.float64)",tensor(9),1,-0.35808155,0.41142404,0,0,0,-2.1217122,0.10700435,0,0,0,-0.09139865,0.47716627,0,0,0,1.2226877,0.77253616,1,1,0,-3.807398,0.021723494,0,0
tensor(3611),"tensor(14707., dtype=torch.float64)",tensor(9),1,3.2486024,0.9626228,1,1,0,-4.972946,0.0068751285,0,0,0,-1.4364291,0.19209892,0,0,0,-5.5887923,0.0037256093,0,0,0,-5.5810103,0.003754606,0,0
tensor(3637),"tensor(14504., dtype=torch.float64)",tensor(9),0,3.5066135,0.9708754,1,1,0,-4.581323,0.010137515,0,0,0,-2.9340484,0.050495863,0,0,0,-4.673086,0.009256898,0,0,1,-2.550254,0.07240942,0,0
tensor(3651),"tensor(9624., dtype=torch.float64)",tensor(9),0,-5.251297,0.0052133948,0,0,1,3.4985554,0.9706467,1,1,0,1.0618584,0.7430455,1,1,0,-1.6805859,0.1570179,0,0,0,0.5493791,0.63399154,1,0
tensor(3663),"tensor(14521., dtype=torch.float64)",tensor(9),0,-2.908974,0.05171173,0,0,0,-2.1373386,0.10552032,0,0,1,2.366925,0.91427016,1,1,0,1.10883,0.75191087,1,1,0,0.47234485,0.6159386,1,0
tensor(3687),"tensor(20965., dtype=torch.float64)",tensor(9),0,-4.3419104,0.01284452,0,0,0,-5.273183,0.0051011103,0,0,1,4.894667,0.99256927,1,1,0,-5.4511347,0.004273095,0,0,0,1.7852441,0.8563432,1,1
tensor(3715),"tensor(11558., dtype=torch.float64)",tensor(9),0,-1.717532,0.15218933,0,0,1,3.4857867,0.97028065,1,1,0,-2.9054916,0.05188276,0,0,0,-4.842708,0.007823973,0,0,0,-4.9674463,0.006912782,0,0
tensor(3727),"tensor(15447., dtype=torch.float64)",tensor(9),1,4.1581144,0.9846037,1,1,0,-1.8555614,0.13522126,0,0,0,-5.487829,0.004119772,0,0,0,-5.249375,0.0052233734,0,0,0,-9.813856,5.4685566e-05,0,0
tensor(3739),"tensor(19781., dtype=torch.float64)",tensor(9),0,-3.8865225,0.0201041,0,0,0,2.4288564,0.9190014,1,1,1,1.0178711,0.7345577,1,1,0,-3.843979,0.020959545,0,0,0,-4.6172953,0.009782832,0,0
tensor(3741),"tensor(4989., dtype=torch.float64)",tensor(9),1,1.7052038,0.8462132,1,1,0,-4.3909087,0.012237844,0,0,0,-7.1069107,0.0008187516,0,0,1,2.518168,0.9254057,1,1,0,-5.407633,0.004462237,0,0
tensor(3747),"tensor(16811., dtype=torch.float64)",tensor(9),1,0.1267571,0.5316469,1,1,0,-4.8133664,0.008055067,0,0,0,-5.060378,0.0063031786,0,0,1,4.0182853,0.9823339,1,1,0,-2.590711,0.06973864,0,0
tensor(3757),"tensor(1187., dtype=torch.float64)",tensor(9),1,0.8210213,0.6944531,1,1,0,-5.2392364,0.0052763186,0,0,0,-5.3397617,0.0047741123,0,0,0,-4.2112327,0.014611419,0,0,0,2.2648795,0.90592635,1,1
tensor(3771),"tensor(8569., dtype=torch.float64)",tensor(9),1,6.033085,0.9976076,1,1,0,-5.746388,0.003184127,0,0,0,-5.4499493,0.0042781415,0,0,0,-6.548,0.0014309284,0,0,0,-9.171125,0.00010398858,0,0
tensor(3783),"tensor(14136., dtype=torch.float64)",tensor(9),0,-0.03265281,0.49183753,0,1,1,1.315788,0.7884801,1,1,0,-1.6072007,0.16697763,0,0,0,-3.6360855,0.025678543,0,0,0,-2.6024776,0.06897914,0,0
tensor(3789),"tensor(12138., dtype=torch.float64)",tensor(9),0,-5.126901,0.005899908,0,0,1,1.1178254,0.7535851,1,1,0,2.587316,0.9300408,1,1,0,-2.8446765,0.054957148,0,0,0,2.0141213,0.88227177,1,1
tensor(3799),"tensor(17602., dtype=torch.float64)",tensor(9),0,-6.204004,0.0020172438,0,0,0,4.9516335,0.9929778,1,1,1,0.4825626,0.61835283,1,0,0,-2.730282,0.061209954,0,0,0,-3.4193468,0.03169627,0,0
tensor(3807),"tensor(1717., dtype=torch.float64)",tensor(9),1,4.612825,0.9901738,1,1,0,-5.4459934,0.004295026,0,0,0,-6.418126,0.001629053,0,0,0,-3.9504502,0.018882621,0,0,0,-3.839647,0.021048618,0,0
tensor(3821),"tensor(15040., dtype=torch.float64)",tensor(9),0,-5.7271333,0.0032458294,0,0,1,3.7245743,0.9764449,1,1,0,0.1334497,0.533313,1,0,1,1.295223,0.7850299,1,1,0,1.1547763,0.7603823,1,1
tensor(3833),"tensor(2162., dtype=torch.float64)",tensor(9),1,1.5895767,0.8305566,1,1,0,-4.0921464,0.016428923,0,0,0,-4.6592207,0.009384932,0,0,0,-1.5739478,0.17165433,0,0,0,0.29159632,0.57238686,1,0
tensor(3835),"tensor(3490., dtype=torch.float64)",tensor(9),0,-7.1706676,0.00076821866,0,0,0,-0.88907874,0.29129997,0,0,0,0.48264614,0.61837256,1,0,1,6.771333,0.9988551,1,1,0,1.6555116,0.8396346,1,1
tensor(3857),"tensor(12069., dtype=torch.float64)",tensor(9),1,2.7150939,0.93791145,1,1,0,-5.029788,0.0064977002,0,0,0,-5.297332,0.0049800053,0,0,1,-0.24494639,0.43906775,0,0,0,-2.2664604,0.09393905,0,0
tensor(3877),"tensor(13533., dtype=torch.float64)",tensor(9),0,-5.777201,0.0030878081,0,0,1,-4.8449144,0.007806864,0,0,0,4.4389687,0.98832965,1,1,0,-2.9382856,0.0502931,0,0,0,4.768345,0.99157715,1,1
tensor(3883),"tensor(17269., dtype=torch.float64)",tensor(9),0,-6.1290317,0.0021739535,0,0,1,1.3259295,0.79016656,1,1,1,2.9858015,0.9519286,1,1,0,-0.91746986,0.2854737,0,0,0,0.69563854,0.66722006,1,0
tensor(3889),"tensor(10581., dtype=torch.float64)",tensor(9),1,0.32272887,0.57998914,1,1,0,-1.208626,0.22994424,0,0,0,-3.4116645,0.031932905,0,0,1,1.6043322,0.83262306,1,1,0,-2.8834646,0.052977044,0,0
tensor(3891),"tensor(19879., dtype=torch.float64)",tensor(9),0,-3.0780213,0.044023015,0,0,1,3.7594433,0.97723365,1,1,0,-1.5558301,0.1742458,0,0,1,-0.81006026,0.30787766,0,0,0,-1.8835393,0.13198288,0,0
tensor(3893),"tensor(17201., dtype=torch.float64)",tensor(9),0,-3.9073417,0.019698035,0,0,0,-3.3391266,0.03425304,0,0,0,-3.7642713,0.022659162,0,0,0,-4.2092643,0.014639788,0,0,0,-8.934024,0.00013180912,0,0
tensor(3899),"tensor(18692., dtype=torch.float64)",tensor(9),0,-6.4834003,0.001526271,0,0,1,6.1777954,0.99792933,1,1,0,-1.0950099,0.25067607,0,0,0,-1.136354,0.2429904,0,0,0,-1.2582396,0.22127709,0,0
tensor(3903),"tensor(21345., dtype=torch.float64)",tensor(9),1,2.6099563,0.93149954,1,1,0,-2.835452,0.05543821,0,0,0,-2.6158922,0.06812261,0,0,0,-4.2033362,0.014725548,0,0,0,-1.7493334,0.14813131,0,0
tensor(3905),"tensor(16933., dtype=torch.float64)",tensor(9),0,-7.411624,0.0006038239,0,0,0,-4.1628466,0.015324692,0,0,1,5.3154726,0.995109,1,1,0,-0.29023412,0.42794654,0,0,1,3.9888294,0.9818154,1,1
tensor(3917),"tensor(14457., dtype=torch.float64)",tensor(9),1,-0.7983588,0.3103767,0,0,0,-3.2651186,0.03678741,0,0,0,1.9792706,0.8786034,1,1,0,-3.1111526,0.042649556,0,0,0,-0.18696028,0.45339558,0,0
tensor(3919),"tensor(12865., dtype=torch.float64)",tensor(9),0,0.71895695,0.6723773,1,1,1,1.2619599,0.77936333,1,1,0,-3.4918268,0.029545682,0,0,0,-4.1036286,0.01624441,0,0,0,-3.6427362,0.025512671,0,0
tensor(3939),"tensor(12807., dtype=torch.float64)",tensor(9),0,1.405827,0.80310696,1,1,0,-3.25701,0.037075806,0,0,1,-1.0942384,0.250821,0,0,0,-2.9988716,0.047476877,0,0,0,-0.13656156,0.46591255,0,0
tensor(3979),"tensor(3495., dtype=torch.float64)",tensor(9),0,-0.9992492,0.26908904,0,0,0,-1.5338267,0.17743449,0,0,1,-0.58083075,0.35874146,0,0,1,-0.6523117,0.34246883,0,0,1,1.7331649,0.8498168,1,1
tensor(4005),"tensor(1030., dtype=torch.float64)",tensor(9),1,-1.9658344,0.12283701,0,0,0,0.3565905,0.5882148,1,1,0,1.47896,0.81441545,1,1,0,-2.5953171,0.06944041,0,0,0,-1.0289221,0.26329315,0,0
tensor(4057),"tensor(21263., dtype=torch.float64)",tensor(9),1,1.6686361,0.8413939,1,1,0,-0.01818201,0.49545464,0,0,0,-5.681612,0.0033964845,0,0,0,-2.4114301,0.08230523,0,0,0,-2.3106208,0.09024716,0,0
tensor(4105),"tensor(5419., dtype=torch.float64)",tensor(9),0,-7.8871346,0.00037540315,0,0,1,2.6077433,0.9313583,1,1,0,2.7886178,0.94205767,1,1,1,-0.7516886,0.32045346,0,0,0,2.9056716,0.9481261,1,1
tensor(4117),"tensor(19574., dtype=torch.float64)",tensor(9),0,0.24497864,0.5609402,1,1,0,-3.5277352,0.028533295,0,0,0,1.026995,0.7363329,1,1,0,-3.6121533,0.026284156,0,0,0,-0.7010716,0.33157468,0,0
tensor(4145),"tensor(1022., dtype=torch.float64)",tensor(9),0,-4.5523148,0.010432783,0,0,0,4.2652135,0.9861458,1,1,1,-0.42097872,0.39628258,0,0,0,-1.1362749,0.24300493,0,0,0,-0.54495406,0.3670359,0,0
tensor(4161),"tensor(18532., dtype=torch.float64)",tensor(9),0,-3.1484792,0.041151248,0,0,1,1.6480669,0.8386296,1,1,0,0.78689057,0.6871633,1,0,0,-4.2826047,0.013618624,0,0,0,-4.232827,0.014303741,0,0
tensor(4185),"tensor(8611., dtype=torch.float64)",tensor(9),1,4.8965125,0.9925828,1,1,0,-6.813109,0.001098063,0,0,0,-5.8323708,0.0029225536,0,0,0,-1.7549274,0.14742678,0,0,0,-7.28557,0.00068488804,0,0
tensor(4195),"tensor(17410., dtype=torch.float64)",tensor(9),0,-6.8233886,0.0010868453,0,0,1,4.3787975,0.98761487,1,1,1,1.4329959,0.8073676,1,1,0,-2.1610508,0.10330307,0,0,0,0.4973676,0.62184054,1,0
tensor(4209),"tensor(17668., dtype=torch.float64)",tensor(9),0,-2.9575825,0.049379364,0,0,1,3.3813796,0.9671175,1,1,0,-1.050655,0.25909936,0,0,0,-1.4107275,0.19611932,0,0,0,-1.8349859,0.1376454,0,0
tensor(4223),"tensor(17367., dtype=torch.float64)",tensor(9),0,-1.4940944,0.18330796,0,0,0,-1.6519345,0.16084766,0,0,0,-3.7777286,0.022363046,0,0,1,4.6009088,0.9900572,1,1,0,-2.4842324,0.07697096,0,0
tensor(4233),"tensor(14717., dtype=torch.float64)",tensor(9),0,-1.453025,0.18953645,0,0,1,2.2707386,0.9064244,1,1,0,-0.8899153,0.29112732,0,0,0,-2.6040628,0.0688774,0,0,1,-1.3321455,0.20880468,0,0
tensor(4243),"tensor(12033., dtype=torch.float64)",tensor(9),1,2.4369206,0.9195997,1,1,0,0.13457504,0.53359306,1,0,0,-4.780978,0.00831802,0,0,0,-5.310559,0.00491489,0,0,0,-4.7048783,0.0089698285,0,0
tensor(4279),"tensor(3040., dtype=torch.float64)",tensor(9),0,-1.3444635,0.20677698,0,0,0,0.7233958,0.6733543,1,1,0,-0.32766426,0.41880906,0,0,1,-2.355693,0.08661432,0,0,0,1.4089483,0.8036,1,1
tensor(4281),"tensor(10812., dtype=torch.float64)",tensor(9),0,0.37371454,0.59235626,1,1,0,-4.616528,0.009790267,0,0,0,-1.3434798,0.20693837,0,0,1,1.8651233,0.86589295,1,1,0,-1.8270638,0.13858844,0,0
tensor(4307),"tensor(13866., dtype=torch.float64)",tensor(9),0,-6.4999714,0.001501225,0,0,1,3.9792795,0.9816442,1,1,1,1.5993103,0.831922,1,1,0,-3.3608177,0.033542708,0,0,0,-0.2543039,0.43676445,0,0
tensor(4333),"tensor(4365., dtype=torch.float64)",tensor(9),0,-5.838803,0.00290387,0,0,1,-0.7957475,0.3109359,0,0,1,3.5802686,0.97288734,1,1,0,1.5986335,0.83182734,1,1,0,0.41922107,0.6032969,1,0
tensor(4367),"tensor(14477., dtype=torch.float64)",tensor(9),0,0.08027068,0.5200569,1,1,0,-2.4162729,0.081940204,0,0,1,1.2060109,0.7695924,1,1,0,-2.895313,0.052385744,0,0,0,-2.6058717,0.06876148,0,0
tensor(4395),"tensor(7589., dtype=torch.float64)",tensor(9),0,-3.208719,0.038838927,0,0,0,-0.03316382,0.49170977,0,0,1,1.780376,0.8557432,1,1,0,0.92090297,0.71522605,1,1,0,-1.0093218,0.26711258,0,0
tensor(4415),"tensor(2405., dtype=torch.float64)",tensor(9),0,-9.660596,6.374246e-05,0,0,0,1.1575109,0.7608802,1,1,0,3.542847,0.9718826,1,1,1,3.804155,0.9782074,1,1,0,2.0425427,0.8851919,1,1
tensor(4439),"tensor(9118., dtype=torch.float64)",tensor(9),1,1.0967264,0.74964625,1,1,0,-4.18314,0.015021463,0,0,0,-5.351621,0.004718094,0,0,0,-3.5200136,0.028748117,0,0,0,1.5501672,0.82493794,1,1
tensor(4447),"tensor(18578., dtype=torch.float64)",tensor(9),1,4.000347,0.98201996,1,1,0,-4.9809885,0.0068204333,0,0,0,-5.190279,0.005539594,0,0,0,-1.0390469,0.26133394,0,0,0,-7.5041533,0.0005504888,0,0
tensor(4483),"tensor(9206., dtype=torch.float64)",tensor(9),1,0.96864605,0.7248495,1,1,0,0.2327218,0.5579193,1,0,0,-1.9873892,0.12053335,0,0,0,-2.9692636,0.048833914,0,0,0,-1.1570039,0.23921211,0,0
tensor(4485),"tensor(5786., dtype=torch.float64)",tensor(9),1,3.233691,0.9620826,1,1,0,-3.520803,0.028726086,0,0,0,-3.6437013,0.025488688,0,0,0,-4.014364,0.017734256,0,0,0,-2.5616488,0.07164779,0,0
tensor(4507),"tensor(15898., dtype=torch.float64)",tensor(9),1,4.1940217,0.9851387,1,1,0,-5.0132613,0.006605263,0,0,0,-3.1097336,0.04270754,0,0,0,-3.9367063,0.01913893,0,0,0,-6.1234126,0.0021861764,0,0
tensor(4543),"tensor(7514., dtype=torch.float64)",tensor(9),1,2.4090579,0.91751546,1,1,0,-5.3185687,0.0048758714,0,0,0,-6.165061,0.002097183,0,0,0,0.88294226,0.70743155,1,1,0,-3.1298172,0.041893944,0,0
tensor(4571),"tensor(1606., dtype=torch.float64)",tensor(9),0,-5.782739,0.0030708076,0,0,1,2.2510686,0.9047426,1,1,0,-1.1461394,0.24119495,0,0,1,5.4492855,0.995719,1,1,1,-0.94143057,0.28061146,0,0
tensor(4587),"tensor(761., dtype=torch.float64)",tensor(9),1,3.867982,0.9795274,1,1,0,-0.45459816,0.38826808,0,0,0,-7.2622194,0.00070105743,0,0,0,-6.0177197,0.0024293005,0,0,0,-8.019395,0.00032891086,0,0
tensor(4647),"tensor(531., dtype=torch.float64)",tensor(9),1,2.7917016,0.9422257,1,1,0,-4.1461625,0.015578498,0,0,0,-1.5311255,0.17782906,0,0,0,-3.6195471,0.026095582,0,0,0,-2.5488832,0.07250155,0,0
tensor(4651),"tensor(6944., dtype=torch.float64)",tensor(9),0,-7.147722,0.0007860359,0,0,0,-0.26360017,0.43447894,0,0,1,2.77797,0.9414737,1,1,1,4.4289126,0.9882131,1,1,0,0.8449404,0.69950473,1,0
tensor(4661),"tensor(15993., dtype=torch.float64)",tensor(9),0,-8.596566,0.00018470493,0,0,1,4.57166,0.98976505,1,1,0,1.4016185,0.8024406,1,1,0,0.98028255,0.72716427,1,1,1,1.7662716,0.8539934,1,1
tensor(4663),"tensor(5941., dtype=torch.float64)",tensor(9),0,4.623002,0.9902722,1,1,0,-7.1781855,0.00076246937,0,0,0,-4.7305117,0.00874481,0,0,0,-6.2259564,0.001973529,0,0,1,-2.496848,0.076079436,0,0
tensor(4677),"tensor(4670., dtype=torch.float64)",tensor(9),1,0.7686629,0.6832316,1,1,0,-4.456607,0.011468609,0,0,0,-2.6035922,0.068907596,0,0,0,-1.9959804,0.1196256,0,0,0,1.113173,0.7527202,1,0
tensor(4681),"tensor(5632., dtype=torch.float64)",tensor(9),0,0.96580625,0.7242828,1,1,0,-4.4088736,0.012022576,0,0,0,0.90251243,0.7114655,1,1,1,-2.7421348,0.06053238,0,0,0,-3.5486119,0.027960276,0,0
tensor(4695),"tensor(4798., dtype=torch.float64)",tensor(9),0,-4.0023265,0.017945165,0,0,0,0.08069378,0.5201625,1,0,1,2.3737571,0.91480416,1,1,0,-0.68464017,0.33522645,0,0,0,-2.088357,0.11023362,0,0
tensor(4733),"tensor(21541., dtype=torch.float64)",tensor(9),0,-5.7970095,0.003027429,0,0,0,2.269002,0.906277,1,1,0,-0.09200745,0.47701433,0,0,1,3.7976415,0.9780682,1,1,0,1.4856737,0.815428,1,1
tensor(4751),"tensor(3264., dtype=torch.float64)",tensor(9),0,-0.96773005,0.2753332,0,0,0,1.0647043,0.7435885,1,1,1,0.029614873,0.5074032,1,0,0,-4.0462036,0.017188046,0,0,0,-2.9928868,0.047748264,0,0
tensor(4761),"tensor(9303., dtype=torch.float64)",tensor(9),0,-3.1881888,0.03961263,0,0,0,0.533051,0.6301945,1,1,1,2.091968,0.89012,1,1,0,-2.7952394,0.057581972,0,0,0,0.14673257,0.53661746,1,0
tensor(4861),"tensor(8484., dtype=torch.float64)",tensor(9),0,-2.915363,0.051399317,0,0,1,2.7206056,0.93823165,1,1,0,-0.7391533,0.32318932,0,0,0,0.11776746,0.5294079,1,0,0,0.23791772,0.5592004,1,0
tensor(4863),"tensor(16346., dtype=torch.float64)",tensor(9),0,-3.412484,0.03190758,0,0,0,0.23205113,0.55775386,1,0,0,2.314697,0.9100869,1,1,0,-1.6328899,0.16343486,0,0,1,0.3189204,0.57906115,1,0
tensor(4925),"tensor(13415., dtype=torch.float64)",tensor(9),0,-2.5911458,0.06971044,0,0,1,2.2769368,0.9069489,1,1,0,0.31195343,0.577362,1,0,0,-2.077966,0.111256935,0,0,0,-2.0505276,0.11399908,0,0
tensor(4953),"tensor(16348., dtype=torch.float64)",tensor(9),0,-3.7352688,0.023310408,0,0,1,-0.025208596,0.4936982,0,0,0,2.4644957,0.921615,1,1,0,-1.4599439,0.1884759,0,0,0,1.3997655,0.80214673,1,1
tensor(4961),"tensor(6777., dtype=torch.float64)",tensor(9),1,-0.10564798,0.47361252,0,1,0,1.8657671,0.86596775,1,1,0,-2.913792,0.051475976,0,0,0,-6.0133567,0.0024398968,0,0,0,-6.7485085,0.001171254,0,0
tensor(4989),"tensor(21679., dtype=torch.float64)",tensor(9),0,-4.4570494,0.011463592,0,0,0,-0.6288447,0.34777257,0,0,1,2.8965557,0.9476759,1,1,0,-0.44411916,0.3907599,0,0,0,-1.9851413,0.12077184,0,0
tensor(5109),"tensor(17295., dtype=torch.float64)",tensor(9),0,-0.3871887,0.40439424,0,0,1,-0.7677791,0.31695974,0,0,0,-1.0693966,0.25551787,0,0,0,-2.555218,0.072076716,0,0,0,1.3211486,0.78937274,1,1
tensor(5139),"tensor(21190., dtype=torch.float64)",tensor(9),0,-4.3723783,0.012463878,0,0,1,3.1549263,0.9591024,1,1,0,0.19986808,0.54980135,1,0,0,0.23850128,0.5593443,1,0,0,0.8600601,0.7026732,1,0
tensor(5161),"tensor(16546., dtype=torch.float64)",tensor(9),1,5.260584,0.99483454,1,1,0,-5.5517597,0.0038656215,0,0,0,-4.290813,0.013508802,0,0,0,-5.838988,0.0029033346,0,0,0,-7.703944,0.0004508413,0,0
tensor(5199),"tensor(13233., dtype=torch.float64)",tensor(9),1,1.3909221,0.8007394,1,1,0,-2.561272,0.07167287,0,0,0,-4.288424,0.013540673,0,0,0,0.93115187,0.71730894,1,1,0,-5.044405,0.006404018,0,0
tensor(5211),"tensor(12626., dtype=torch.float64)",tensor(9),0,-7.4520984,0.0005798864,0,0,1,-2.8036942,0.057124875,0,0,1,5.4809904,0.9958521,1,1,0,-3.2052822,0.038967427,0,0,1,4.6659527,0.9906775,1,1
tensor(5253),"tensor(8175., dtype=torch.float64)",tensor(9),1,1.212466,0.77073497,1,1,0,-5.0670595,0.006261468,0,0,0,-5.131674,0.0058719814,0,0,0,1.7530116,0.85233223,1,1,0,-1.2375361,0.22486518,0,0
tensor(5263),"tensor(15753., dtype=torch.float64)",tensor(9),1,3.383913,0.967198,1,1,0,-5.439274,0.0043238583,0,0,0,-1.7946446,0.14250423,0,0,0,-3.0785005,0.04400285,0,0,0,-5.7724705,0.0031024052,0,0
tensor(5293),"tensor(14465., dtype=torch.float64)",tensor(9),0,-8.466717,0.00021031017,0,0,1,2.6479535,0.9338848,1,1,1,3.0174906,0.95335805,1,1,0,0.3679799,0.59097075,1,0,1,2.3366754,0.9118692,1,1
tensor(5335),"tensor(19037., dtype=torch.float64)",tensor(9),0,1.7266327,0.84898114,1,1,0,-1.826915,0.1386062,0,0,1,-0.65914345,0.34093204,0,0,1,-4.333365,0.012953323,0,0,0,-3.2620263,0.036897134,0,0
tensor(5345),"tensor(20329., dtype=torch.float64)",tensor(9),1,3.7389843,0.9767741,1,1,0,-3.3293781,0.034576982,0,0,0,-4.261265,0.013908284,0,0,0,-5.814036,0.0029764713,0,0,0,-3.332645,0.0344681,0,0
tensor(5347),"tensor(17734., dtype=torch.float64)",tensor(9),0,-1.8979337,0.13034253,0,0,1,1.2395089,0.7754785,1,1,0,0.5074426,0.6242068,1,0,0,-0.370034,0.4085328,0,0,0,-1.5348883,0.1772796,0,0
tensor(5371),"tensor(8992., dtype=torch.float64)",tensor(9),1,2.566229,0.9286563,1,1,0,-3.6565776,0.025170803,0,0,0,-4.250844,0.014051928,0,0,0,-5.2313714,0.005317759,0,0,0,-0.2204018,0.44512156,0,0
tensor(5377),"tensor(12289., dtype=torch.float64)",tensor(9),1,2.4035087,0.91709447,1,1,0,0.0076060854,0.5019015,1,0,0,-4.5504336,0.010452221,0,0,0,-4.43432,0.011724047,0,0,0,-6.199009,0.0020273244,0,0
tensor(5403),"tensor(19194., dtype=torch.float64)",tensor(9),1,4.3301697,0.9870057,1,1,0,-3.380692,0.032904364,0,0,0,-6.3540235,0.0017367118,0,0,0,-4.325397,0.013055594,0,0,0,-4.792923,0.008220066,0,0
tensor(5405),"tensor(19508., dtype=torch.float64)",tensor(9),1,3.7274349,0.97651064,1,1,0,-2.4731894,0.07775921,0,0,0,-4.907651,0.007335618,0,0,0,-5.0887628,0.0061278613,0,0,0,-5.1013975,0.0060513895,0,0
tensor(5427),"tensor(14119., dtype=torch.float64)",tensor(9),1,4.5410805,0.98945063,1,1,0,-4.0667763,0.016843952,0,0,0,-4.07845,0.016651714,0,0,0,-5.7543044,0.0031590986,0,0,0,-6.332312,0.001774763,0,0
tensor(5437),"tensor(14197., dtype=torch.float64)",tensor(9),0,-2.1661305,0.10283348,0,0,0,-0.26982042,0.4329512,0,0,1,2.1542218,0.8960627,1,1,0,-4.1083846,0.016168581,0,0,0,-1.3563656,0.20483164,0,0
tensor(5487),"tensor(10480., dtype=torch.float64)",tensor(9),1,-0.85997236,0.2973451,0,0,0,2.955189,0.9505082,1,1,0,-5.1033516,0.0060396483,0,0,0,-4.1521015,0.015487681,0,0,0,-2.1890342,0.100739546,0,0
tensor(5579),"tensor(12253., dtype=torch.float64)",tensor(9),1,3.723363,0.97641695,1,1,0,-5.9954386,0.0024838995,0,0,0,-6.0591836,0.002330862,0,0,0,-2.4126875,0.08221031,0,0,0,-2.0099387,0.11816336,0,0
tensor(5589),"tensor(17964., dtype=torch.float64)",tensor(9),1,1.6942096,0.8447769,1,1,0,-2.8995116,0.052177716,0,0,0,-2.7064,0.06259677,0,0,0,-0.47266015,0.3839868,0,0,0,-1.0525235,0.2587408,0,0
tensor(5621),"tensor(16080., dtype=torch.float64)",tensor(9),1,5.6909523,0.996635,1,1,0,-7.259677,0.0007028409,0,0,0,-4.9494605,0.0070373565,0,0,0,-4.187136,0.014962448,0,0,0,-7.723316,0.0004421955,0,0
tensor(5625),"tensor(20009., dtype=torch.float64)",tensor(9),0,-2.7272818,0.061382584,0,0,0,-1.6429058,0.16207004,0,0,1,2.757494,0.9403352,1,1,0,-1.9939635,0.119838186,0,0,1,0.7969474,0.6893211,1,0
tensor(5655),"tensor(10654., dtype=torch.float64)",tensor(9),1,3.7485654,0.97699046,1,1,0,-6.228622,0.001968286,0,0,0,-5.331418,0.0048139202,0,0,0,-1.5721629,0.17190827,0,0,0,-2.8797574,0.053163342,0,0
tensor(5665),"tensor(17295., dtype=torch.float64)",tensor(9),0,-2.6143892,0.06821808,0,0,1,-0.97064835,0.27475128,0,0,0,2.4803474,0.92275256,1,1,0,-3.0362139,0.045816403,0,0,0,0.43494353,0.6070535,1,0
tensor(5687),"tensor(16438., dtype=torch.float64)",tensor(9),0,-9.35708,8.6344386e-05,0,0,0,-1.8256191,0.138761,0,0,1,5.4146414,0.9955688,1,1,1,2.09998,0.89090127,1,1,1,3.7705803,0.9774801,1,1
tensor(5731),"tensor(7028., dtype=torch.float64)",tensor(9),1,3.872657,0.979621,1,1,0,-3.8751175,0.020330012,0,0,0,-4.392262,0.0122214975,0,0,0,-4.2427197,0.014164934,0,0,0,-3.6498418,0.02533661,0,0
tensor(5733),"tensor(11021., dtype=torch.float64)",tensor(9),1,5.3432026,0.99524224,1,1,0,-4.9775753,0.006843593,0,0,0,-4.438122,0.011680079,0,0,0,-7.662957,0.000469695,0,0,0,-7.54648,0.0005276866,0,0
tensor(5755),"tensor(6338., dtype=torch.float64)",tensor(9),0,-0.9491831,0.27904916,0,0,1,-2.9047763,0.05191796,0,0,0,1.801229,0.85829854,1,1,0,-3.5465145,0.028017338,0,0,0,0.75465375,0.6801919,1,0
tensor(5769),"tensor(8484., dtype=torch.float64)",tensor(9),0,-9.312128,9.031397e-05,0,0,1,3.0899549,0.9564765,1,1,1,1.7735568,0.8548994,1,1,0,3.538328,0.97175884,1,1,1,2.547602,0.9274123,1,1
tensor(5825),"tensor(823., dtype=torch.float64)",tensor(9),1,2.4991205,0.92408013,1,1,0,-4.793726,0.008213522,0,0,0,-5.429879,0.0043644933,0,0,0,-4.200555,0.014765959,0,0,0,0.27989218,0.5695198,1,0
tensor(5857),"tensor(14338., dtype=torch.float64)",tensor(9),0,-3.1505754,0.04106861,0,0,1,0.81502116,0.6931785,1,1,0,-4.9309125,0.0071681584,0,0,1,4.0978036,0.9836623,1,1,0,0.3268902,0.58100253,1,0
tensor(5861),"tensor(19492., dtype=torch.float64)",tensor(9),0,-1.7897427,0.14310427,0,0,0,2.0013852,0.88094246,1,1,1,-0.2671386,0.4336097,0,0,0,-1.7587461,0.14694746,0,0,0,-0.053566623,0.48661155,0,0
tensor(5863),"tensor(9194., dtype=torch.float64)",tensor(9),0,-8.650491,0.0001750103,0,0,1,4.6134863,0.99018025,1,1,0,-1.1003777,0.24966915,0,0,0,5.696592,0.9966538,1,1,0,0.30981213,0.5768394,1,0
tensor(5889),"tensor(17657., dtype=torch.float64)",tensor(9),0,-8.221008,0.00026887143,0,0,1,4.9859805,0.9932133,1,1,0,-0.40206325,0.40081674,0,0,0,2.1313808,0.893916,1,1,0,2.1028998,0.89118475,1,1
tensor(5923),"tensor(20812., dtype=torch.float64)",tensor(9),1,1.6269677,0.8357538,1,1,0,-3.7455149,0.023078274,0,0,0,-2.958253,0.049347904,0,0,1,0.10946231,0.52733827,1,0,0,-1.1373348,0.24281004,0,0
tensor(5925),"tensor(16910., dtype=torch.float64)",tensor(9),0,-5.5177717,0.00399873,0,0,0,-2.630907,0.06717559,0,0,0,-2.9135973,0.05148547,0,0,1,8.1502495,0.99971145,1,1,0,-0.08962338,0.4776091,0,0
tensor(5927),"tensor(13482., dtype=torch.float64)",tensor(9),0,-6.346965,0.0017489925,0,0,1,6.6682124,0.99873096,1,1,0,-1.7219285,0.15162294,0,0,0,-2.456851,0.07893899,0,0,0,-1.930753,0.12666726,0,0
tensor(5943),"tensor(7252., dtype=torch.float64)",tensor(9),0,-1.5071206,0.1813659,0,0,0,-2.7924337,0.057734415,0,0,0,-2.3102963,0.09027381,0,0,1,4.2565684,0.9860271,1,1,0,-0.75755763,0.3191768,0,0
tensor(5945),"tensor(3122., dtype=torch.float64)",tensor(9),1,3.053191,0.95492005,1,1,0,-5.8112564,0.0029847312,0,0,0,-4.694773,0.009060105,0,0,0,-1.8234255,0.13902335,0,0,0,-1.4985242,0.18264574,0,0
tensor(5949),"tensor(3483., dtype=torch.float64)",tensor(9),0,-3.5384114,0.028238848,0,0,0,-0.8829333,0.2925703,0,0,1,2.9993343,0.9525441,1,1,0,-3.1814544,0.03986962,0,0,0,-1.3854612,0.20013334,0,0
tensor(5955),"tensor(20843., dtype=torch.float64)",tensor(9),0,-0.5114763,0.37484753,0,0,0,-1.0701414,0.2553762,0,0,0,0.5435233,0.6326316,1,0,0,-1.674115,0.15787633,0,0,1,1.05231,0.7412182,1,0
tensor(5961),"tensor(9038., dtype=torch.float64)",tensor(9),1,2.3231971,0.9107801,1,1,0,-4.112108,0.016109455,0,0,0,-4.82878,0.007932836,0,0,1,0.5411046,0.63206935,1,0,0,-4.680277,0.009191184,0,0
tensor(6011),"tensor(7745., dtype=torch.float64)",tensor(9),0,-6.8831186,0.0010238932,0,0,1,4.55962,0.98964244,1,1,0,1.0729944,0.74516594,1,1,0,-0.18312025,0.45434746,0,0,0,-0.56922734,0.36141515,0,0
tensor(6031),"tensor(14402., dtype=torch.float64)",tensor(9),1,1.229305,0.77369696,1,1,0,-4.896827,0.0074148565,0,0,0,0.8109631,0.6923147,1,0,0,-3.851102,0.020813871,0,0,0,-4.176515,0.015119796,0,0
tensor(6057),"tensor(7969., dtype=torch.float64)",tensor(9),0,0.71601665,0.67172927,1,1,0,-1.888913,0.13136846,0,0,0,-5.1169405,0.0059586167,0,0,1,1.2203388,0.77212316,1,1,0,-6.0224733,0.0024178077,0,0
tensor(6067),"tensor(3191., dtype=torch.float64)",tensor(9),0,0.36348152,0.58988297,1,1,1,1.4072064,0.80332494,1,1,0,-2.6522415,0.06585099,0,0,0,-3.3265903,0.034670167,0,0,0,-3.4840293,0.029770078,0,0
tensor(6073),"tensor(1107., dtype=torch.float64)",tensor(9),0,-4.8160777,0.008033431,0,0,0,1.6596552,0.84019166,1,1,1,-1.1721436,0.23646775,0,0,1,4.5962744,0.9900114,1,1,0,-1.6031462,0.16754234,0,0
tensor(6097),"tensor(4982., dtype=torch.float64)",tensor(9),1,1.9377689,0.8741068,1,1,0,-2.5296667,0.07380443,0,0,0,-4.5675383,0.010276781,0,0,0,-2.120973,0.107075,0,0,0,-0.4224649,0.39592707,0,0
tensor(6109),"tensor(7594., dtype=torch.float64)",tensor(9),1,1.0581853,0.7423436,1,1,0,-1.7802082,0.14427742,0,0,0,-3.0130842,0.04683826,0,0,1,-1.5232402,0.17898488,0,0,0,0.20797622,0.55180746,1,0
tensor(6111),"tensor(2090., dtype=torch.float64)",tensor(9),1,0.8296753,0.6962863,1,1,0,-5.819026,0.0029616992,0,0,0,-1.7152697,0.15248145,0,0,0,-2.7197917,0.061815545,0,0,0,1.3689623,0.7972124,1,1
tensor(6115),"tensor(4861., dtype=torch.float64)",tensor(9),0,-3.5856054,0.026972214,0,0,1,2.87906,0.9468016,1,1,0,-3.1489134,0.04113412,0,0,1,1.5125512,0.81943893,1,1,0,1.1333766,0.7564615,1,0
tensor(6135),"tensor(5382., dtype=torch.float64)",tensor(9),0,-7.5787525,0.0005109373,0,0,0,-0.9113117,0.28673148,0,0,1,4.4358425,0.9882935,1,1,0,0.7234016,0.67335564,1,1,1,3.2470536,0.96256715,1,1
tensor(6153),"tensor(3064., dtype=torch.float64)",tensor(9),0,-7.5554075,0.00052299915,0,0,0,-2.5872827,0.069961384,0,0,0,-0.9067729,0.28766066,0,0,1,8.641533,0.9998234,1,1,0,1.555276,0.8256745,1,1
tensor(6187),"tensor(13784., dtype=torch.float64)",tensor(9),1,3.4681087,0.96976656,1,1,0,-1.6831325,0.1566811,0,0,0,-4.5552807,0.010402206,0,0,0,-5.1859155,0.0055636847,0,0,0,-5.388013,0.004550248,0,0
tensor(6191),"tensor(7156., dtype=torch.float64)",tensor(9),1,2.3015368,0.9090042,1,1,0,-4.4229813,0.011856153,0,0,0,-2.3880932,0.08408517,0,0,0,-1.9086297,0.1291349,0,0,0,-1.1447722,0.24144526,0,0
tensor(6221),"tensor(11885., dtype=torch.float64)",tensor(9),0,-5.880769,0.0027848603,0,0,1,1.9093972,0.8709514,1,1,1,1.1262764,0.7551511,1,1,0,3.0996308,0.95687747,1,1,0,0.8662547,0.70396584,1,0
tensor(6233),"tensor(18411., dtype=torch.float64)",tensor(9),0,0.70617783,0.6695561,1,1,0,-3.3864412,0.032721907,0,0,1,-0.3026365,0.42491305,0,0,0,-2.3517525,0.08692657,0,0,0,0.53522563,0.63070107,1,0
tensor(6241),"tensor(14331., dtype=torch.float64)",tensor(9),0,-3.795679,0.02197394,0,0,1,4.382644,0.98766184,1,1,0,-1.7853181,0.1436477,0,0,0,-2.7515082,0.060001526,0,0,1,0.101671234,0.52539593,1,0
tensor(6255),"tensor(8492., dtype=torch.float64)",tensor(9),0,1.4591587,0.81140393,1,1,1,-0.75717473,0.31925997,0,0,0,-2.6250646,0.06754263,0,0,0,-3.9513776,0.018865447,0,0,0,-0.514807,0.37406734,0,0
tensor(6263),"tensor(13296., dtype=torch.float64)",tensor(9),1,3.522096,0.97131,1,1,0,-5.91478,0.002691987,0,0,0,-3.1533399,0.040959883,0,0,1,-1.1677259,0.23726627,0,0,0,-6.7716384,0.0011445045,0,0
tensor(6281),"tensor(16104., dtype=torch.float64)",tensor(9),1,2.905425,0.948114,1,1,0,-2.3967848,0.083418205,0,0,0,-4.808231,0.008096203,0,0,0,-4.455579,0.011480269,0,0,0,-1.7246149,0.15127769,0,0
tensor(6285),"tensor(13634., dtype=torch.float64)",tensor(9),0,-4.9663544,0.0069202823,0,0,1,3.6061232,0.97356105,1,1,0,0.2632587,0.5654372,1,0,0,0.49366927,0.6209705,1,0,1,-0.41393164,0.3979698,0,0
tensor(6289),"tensor(10880., dtype=torch.float64)",tensor(9),1,-0.33460698,0.4171201,0,0,0,-1.2456994,0.22344548,0,0,0,1.1916624,0.7670382,1,1,0,-1.2429621,0.22392082,0,0,0,-1.5877388,0.16970228,0,0
tensor(6319),"tensor(10181., dtype=torch.float64)",tensor(9),0,5.0752964,0.9937896,1,1,0,-7.6261883,0.00048727807,0,0,0,-5.4968452,0.0040829456,0,0,0,-3.4444785,0.03093395,0,0,1,-4.169058,0.015231246,0,0
tensor(6323),"tensor(2713., dtype=torch.float64)",tensor(9),1,4.1739554,0.98484206,1,1,0,-5.4543047,0.0042596282,0,0,0,-4.574579,0.010205417,0,0,0,-2.4195101,0.081697,0,0,0,-4.550214,0.010454495,0,0
tensor(6329),"tensor(6421., dtype=torch.float64)",tensor(9),1,-5.0408816,0.0064264764,0,0,0,3.009481,0.95300066,1,1,1,1.2991112,0.78568536,1,1,0,-1.3563775,0.20482968,0,0,0,-0.14358567,0.46416515,0,0
tensor(6335),"tensor(6787., dtype=torch.float64)",tensor(9),0,-2.4719098,0.07785103,0,0,0,0.7905315,0.6879454,1,1,1,1.4824612,0.8149441,1,1,0,-1.4215636,0.19441658,0,0,0,-0.2814496,0.43009838,0,0
tensor(6359),"tensor(2267., dtype=torch.float64)",tensor(9),0,-3.1679757,0.0403888,0,0,0,0.723933,0.6734725,1,1,1,1.9844574,0.87915546,1,1,0,-2.767573,0.05910182,0,0,0,-1.2929399,0.21535562,0,0
tensor(6365),"tensor(13919., dtype=torch.float64)",tensor(9),1,5.6839437,0.9966114,1,1,0,-6.1542125,0.0021200094,0,0,0,-5.088308,0.0061306325,0,0,0,-4.8117933,0.008067645,0,0,0,-9.149188,0.00010629479,0,0
tensor(6377),"tensor(629., dtype=torch.float64)",tensor(9),0,0.19354296,0.54823524,1,1,0,0.75935745,0.6812142,1,1,1,-1.0731707,0.2548006,0,0,0,-2.3163135,0.08978087,0,0,0,-2.7216182,0.061709706,0,0
tensor(6431),"tensor(19907., dtype=torch.float64)",tensor(9),1,2.740382,0.9393679,1,1,0,-4.2153273,0.014552585,0,0,0,-4.712879,0.008898986,0,0,0,-3.2146337,0.038618732,0,0,0,-0.84152853,0.30121297,0,0
tensor(6439),"tensor(19985., dtype=torch.float64)",tensor(9),0,0.58606887,0.6424627,1,1,0,-4.3496366,0.012746923,0,0,0,-5.241791,0.005262929,0,0,1,3.667418,0.9750938,1,1,0,-5.9369073,0.00263323,0,0
tensor(6445),"tensor(18186., dtype=torch.float64)",tensor(9),0,-7.0593514,0.00085859746,0,0,1,2.1939654,0.8997063,1,1,1,2.758698,0.9404027,1,1,1,-1.24031,0.22438204,0,0,0,2.622736,0.9323106,1,1
tensor(6469),"tensor(4330., dtype=torch.float64)",tensor(9),0,-1.1977718,0.23187186,0,0,1,2.484665,0.9230597,1,1,0,-2.2478006,0.095539354,0,0,1,-1.8189902,0.1395551,0,0,0,-1.8131216,0.14026128,0,0
tensor(6481),"tensor(2133., dtype=torch.float64)",tensor(9),1,-0.84536815,0.30040538,0,0,0,-4.9588094,0.006972328,0,0,0,-1.7527701,0.14769815,0,0,0,-2.982166,0.048238087,0,0,0,3.112964,0.9574243,1,1
tensor(6487),"tensor(7131., dtype=torch.float64)",tensor(9),0,-5.3231564,0.0048536616,0,0,1,2.5039473,0.9244181,1,1,1,1.6648551,0.8408887,1,1,0,-0.8893255,0.29124904,0,0,1,1.510905,0.8191953,1,1
tensor(6493),"tensor(15171., dtype=torch.float64)",tensor(9),1,3.1829076,0.96018595,1,1,0,-5.445405,0.0042975433,0,0,0,-2.4963262,0.07611613,0,0,0,-1.580772,0.17068617,0,0,0,-5.0810056,0.006175287,0,0
tensor(6505),"tensor(11903., dtype=torch.float64)",tensor(9),0,-5.5152693,0.004008709,0,0,0,-3.722826,0.023595383,0,0,0,0.002652742,0.5006632,1,0,1,7.2840676,0.99931407,1,1,0,-1.6252985,0.16447544,0,0
tensor(6515),"tensor(12961., dtype=torch.float64)",tensor(9),0,0.20938939,0.5521569,1,1,0,-0.02715141,0.49321252,0,0,1,-0.3036482,0.4246659,0,0,0,-1.601481,0.16777472,0,0,0,-2.35635,0.086562365,0,0
tensor(6517),"tensor(1033., dtype=torch.float64)",tensor(9),0,-7.2176833,0.00073296204,0,0,0,0.5853836,0.64230525,1,1,0,2.4637573,0.92156166,1,1,1,3.8336864,0.97882825,1,1,0,1.716183,0.8476366,1,1
tensor(6547),"tensor(5383., dtype=torch.float64)",tensor(9),0,-6.8288794,0.0010809004,0,0,1,5.377302,0.99540097,1,1,0,0.036865495,0.5092153,1,0,0,0.09001783,0.52248925,1,0,0,-0.501092,0.37728408,0,0
tensor(6563),"tensor(6070., dtype=torch.float64)",tensor(9),0,-3.9174197,0.01950437,0,0,0,-1.5428113,0.17612697,0,0,0,-2.8633945,0.053993054,0,0,1,6.5761604,0.99860877,1,1,0,-3.5463476,0.028021881,0,0
tensor(6581),"tensor(20675., dtype=torch.float64)",tensor(9),0,1.3221492,0.7895391,1,1,0,-4.117917,0.016017644,0,0,0,-3.7792075,0.022330735,0,0,0,-1.9295838,0.12679666,0,0,1,0.63182795,0.65290385,1,0
tensor(6585),"tensor(14204., dtype=torch.float64)",tensor(9),0,-8.145072,0.0002900776,0,0,1,3.5960655,0.97330093,1,1,0,1.8889022,0.86863035,1,1,0,1.5872265,0.8302255,1,1,0,1.4303788,0.80696034,1,1
tensor(6589),"tensor(853., dtype=torch.float64)",tensor(9),0,-7.1306987,0.00079952035,0,0,0,-3.7809224,0.022293326,0,0,0,-2.1889644,0.10074588,0,0,1,8.957227,0.99987125,1,1,0,1.6172359,0.8344135,1,1
tensor(6615),"tensor(15212., dtype=torch.float64)",tensor(9),0,-2.0207236,0.117044196,0,0,0,-0.685943,0.33493617,0,0,1,1.9594709,0.8764757,1,1,0,-1.9834526,0.12095128,0,0,0,0.860122,0.70268613,1,0
tensor(6667),"tensor(3794., dtype=torch.float64)",tensor(9),1,1.804207,0.8586603,1,1,0,-3.1829438,0.03981265,0,0,0,-1.0847296,0.25261202,0,0,0,-5.6930885,0.003357858,0,0,0,-1.1180402,0.24637501,0,0
tensor(6697),"tensor(4314., dtype=torch.float64)",tensor(9),0,-3.006036,0.04715393,0,0,0,-0.39508548,0.40249366,0,0,1,1.848584,0.86396074,1,1,0,-1.7133132,0.15273447,0,0,0,2.341387,0.9122472,1,1
tensor(6731),"tensor(6579., dtype=torch.float64)",tensor(9),0,-1.6334859,0.1633534,0,0,0,-1.8595129,0.13475983,0,0,1,2.2117746,0.9013019,1,1,0,-2.351172,0.08697266,0,0,0,0.28886312,0.5717178,1,0
tensor(6753),"tensor(14774., dtype=torch.float64)",tensor(9),1,1.6998603,0.84551656,1,1,0,-4.1456747,0.015585982,0,0,0,-3.4337175,0.031258166,0,0,0,-2.616048,0.06811271,0,0,0,0.34085718,0.58439875,1,0
tensor(6771),"tensor(13065., dtype=torch.float64)",tensor(9),1,3.9311154,0.98075587,1,1,0,-3.6319537,0.02578212,0,0,0,-5.643428,0.003528218,0,0,0,-1.6737769,0.15792127,0,0,0,-6.5982394,0.0013609105,0,0
tensor(6781),"tensor(3051., dtype=torch.float64)",tensor(9),0,0.8005893,0.69010055,1,1,0,-1.5940353,0.16881692,0,0,0,-1.0880494,0.2519858,0,0,1,-1.3958267,0.19847919,0,0,0,0.09696324,0.52422184,1,0
tensor(6803),"tensor(10368., dtype=torch.float64)",tensor(9),0,0.49841547,0.6220869,1,1,1,0.90594184,0.71216905,1,1,0,-5.3728886,0.00461927,0,0,1,-1.0623463,0.25686133,0,0,0,-5.9054317,0.002717202,0,0
tensor(6837),"tensor(12779., dtype=torch.float64)",tensor(9),1,-0.23669866,0.44110006,0,1,0,-0.34721652,0.41405758,0,0,0,-3.5501828,0.027917612,0,0,1,1.7608978,0.853322,1,1,0,-2.857613,0.05428912,0,0
tensor(6865),"tensor(18726., dtype=torch.float64)",tensor(9),1,5.4651356,0.995786,1,1,0,-6.9096985,0.0009970636,0,0,0,-4.7925625,0.0082230065,0,0,0,-3.893227,0.019972447,0,0,0,-8.297499,0.00024907716,0,0
tensor(6953),"tensor(18245., dtype=torch.float64)",tensor(9),0,-2.9638195,0.04908741,0,0,0,-0.97405434,0.27407312,0,0,1,2.5020902,0.9242882,1,1,0,-0.38524225,0.40486318,0,0,0,-0.5730916,0.36052373,0,0
tensor(6985),"tensor(14958., dtype=torch.float64)",tensor(9),1,0.662004,0.6597104,1,1,0,-5.0994415,0.0060631656,0,0,0,0.5331396,0.6302151,1,0,0,-3.6051452,0.02646411,0,0,0,0.33960912,0.5840956,1,0
tensor(6987),"tensor(13822., dtype=torch.float64)",tensor(9),0,-4.1627703,0.015325844,0,0,1,0.18228653,0.54544586,1,0,1,2.7084768,0.937525,1,1,0,-1.4345167,0.19239591,0,0,0,1.3065957,0.78694296,1,1
tensor(6999),"tensor(18284., dtype=torch.float64)",tensor(9),1,-0.282677,0.42979765,0,0,0,-3.240398,0.03767346,0,0,0,0.38685948,0.59552646,1,0,0,-3.991052,0.018144941,0,0,0,1.5922526,0.8309328,1,1
tensor(7023),"tensor(13908., dtype=torch.float64)",tensor(9),0,-6.112236,0.0022106932,0,0,1,1.013766,0.73375654,1,1,1,3.3382907,0.96571934,1,1,0,-3.062475,0.044681944,0,0,0,2.387138,0.91584116,1,1
tensor(7027),"tensor(13822., dtype=torch.float64)",tensor(9),0,-5.384792,0.0045648613,0,0,0,-0.7631523,0.31796226,0,0,1,3.4209409,0.9683526,1,1,0,0.81299514,0.69274735,1,1,0,0.08441326,0.5210908,1,0
tensor(7045),"tensor(19599., dtype=torch.float64)",tensor(9),1,3.8770921,0.97970927,1,1,0,-4.2091537,0.014641383,0,0,0,-5.1400433,0.0058233263,0,0,0,-1.687634,0.15608725,0,0,0,-5.154663,0.005739295,0,0
tensor(7091),"tensor(1866., dtype=torch.float64)",tensor(9),1,2.1387184,0.89460987,1,1,0,-2.3199124,0.089487195,0,0,0,-1.8595556,0.13475485,0,0,0,-1.8364433,0.13747248,0,0,0,-2.511197,0.075076945,0,0
tensor(7093),"tensor(2001., dtype=torch.float64)",tensor(9),0,-5.625948,0.0035902099,0,0,1,2.5209596,0.92559814,1,1,0,0.9232138,0.71569645,1,1,1,2.6388888,0.93332285,1,1,0,0.42614472,0.6049527,1,0
tensor(7123),"tensor(11142., dtype=torch.float64)",tensor(9),0,-1.1922694,0.2328533,0,0,1,2.005924,0.8814177,1,1,0,-1.8870567,0.13158043,0,0,0,-3.5240815,0.028634753,0,0,0,0.21975657,0.55471915,1,0
tensor(7129),"tensor(19643., dtype=torch.float64)",tensor(9),1,2.6936302,0.93664974,1,1,0,-4.56936,0.010258271,0,0,0,-3.9684346,0.018552307,0,0,0,0.15229246,0.53799975,1,0,0,-4.9650383,0.006929333,0,0
tensor(7153),"tensor(8651., dtype=torch.float64)",tensor(9),0,1.3519744,0.7944522,1,1,1,-1.0577949,0.25773108,0,0,0,-1.1344498,0.2433408,0,0,0,-3.897074,0.01989729,0,0,0,-4.4996853,0.010990363,0,0
tensor(7183),"tensor(8651., dtype=torch.float64)",tensor(9),0,1.8193415,0.8604871,1,1,1,-1.1695687,0.23693296,0,0,0,-1.402432,0.19743046,0,0,0,-4.359817,0.012619441,0,0,0,-3.023342,0.04638244,0,0
tensor(7191),"tensor(17069., dtype=torch.float64)",tensor(9),0,-3.0517623,0.045141447,0,0,0,-1.5688863,0.17237523,0,0,1,2.246378,0.90433764,1,1,0,-2.0300386,0.11608496,0,0,0,-4.225628,0.0144056,0,0
tensor(7205),"tensor(21697., dtype=torch.float64)",tensor(9),1,4.352998,0.9872953,1,1,0,-2.6108015,0.06844648,0,0,0,-4.573447,0.010216854,0,0,0,-8.646309,0.00017574357,0,0,0,-5.8422575,0.0028938844,0,0
tensor(7245),"tensor(10190., dtype=torch.float64)",tensor(9),1,3.7778308,0.97763926,1,1,0,-4.7385583,0.008675334,0,0,0,-3.9957979,0.01806058,0,0,0,-3.5260274,0.028580675,0,0,0,-3.010576,0.046950363,0,0
tensor(7263),"tensor(19612., dtype=torch.float64)",tensor(9),1,3.9515676,0.9811381,1,1,0,-3.0567782,0.044925738,0,0,0,-5.2852407,0.0050402796,0,0,0,-6.786735,0.0011273754,0,0,0,-3.1476045,0.041185778,0,0
tensor(7279),"tensor(9621., dtype=torch.float64)",tensor(9),1,3.5804725,0.9728927,1,1,0,-3.4469686,0.030859392,0,0,0,-2.685509,0.06383388,0,0,0,-4.296434,0.0134341,0,0,0,-5.70052,0.0033330794,0,0
tensor(7281),"tensor(11903., dtype=torch.float64)",tensor(9),0,-1.4518973,0.18970974,0,0,0,-3.4366677,0.031168954,0,0,1,-3.3209302,0.034860097,0,0,0,4.9403863,0.99289894,1,1,0,-1.4036965,0.19723018,0,0
tensor(7347),"tensor(14255., dtype=torch.float64)",tensor(9),1,4.3833275,0.9876702,1,1,0,-3.0982027,0.043181453,0,0,0,-4.349717,0.012745908,0,0,0,-7.0627866,0.00085565564,0,0,0,-5.6772814,0.0034111755,0,0
tensor(7411),"tensor(9068., dtype=torch.float64)",tensor(9),0,-5.5960207,0.0036988754,0,0,0,-0.94738495,0.27941105,0,0,1,3.313375,0.9648848,1,1,1,1.9179387,0.87190837,1,1,0,-0.0700348,0.48249844,0,0
tensor(7419),"tensor(17395., dtype=torch.float64)",tensor(9),0,3.7525623,0.9770801,1,1,0,-1.9160391,0.1283039,0,0,0,-5.246317,0.0052392865,0,0,1,-5.4622426,0.0042260913,0,0,0,-4.7151957,0.0088785775,0,0
tensor(7421),"tensor(9659., dtype=torch.float64)",tensor(9),1,2.4941273,0.92372906,1,1,0,-3.0949917,0.04331432,0,0,0,-3.628639,0.025865508,0,0,0,-0.7964628,0.31078267,0,0,0,-3.2519383,0.0372573,0,0
tensor(7435),"tensor(13885., dtype=torch.float64)",tensor(9),1,4.3569927,0.9873453,1,1,0,-7.5159097,0.00054405845,0,0,0,-5.9954777,0.0024838028,0,0,0,-3.7751815,0.022418799,0,0,0,-2.1132023,0.10782023,0,0
tensor(7437),"tensor(8219., dtype=torch.float64)",tensor(9),0,-4.6378593,0.00958562,0,0,0,2.1323135,0.8940044,1,1,1,1.7653075,0.8538732,1,1,0,-2.6651433,0.06506178,0,0,0,0.39547536,0.5976001,1,0
tensor(7441),"tensor(8219., dtype=torch.float64)",tensor(9),0,-2.784344,0.058176093,0,0,1,-0.28421658,0.42942035,0,0,0,2.5224102,0.92569804,1,1,0,-6.5312133,0.0014551163,0,0,1,-2.1195388,0.10721221,0,0
tensor(7493),"tensor(8748., dtype=torch.float64)",tensor(9),0,0.8542503,0.701458,1,1,0,-3.8662543,0.020507293,0,0,0,-6.3172235,0.001801696,0,0,1,2.7910557,0.9421905,1,1,0,-7.3637056,0.0006334438,0,0
tensor(7505),"tensor(12474., dtype=torch.float64)",tensor(9),0,-1.4081614,0.19652422,0,0,0,0.22052208,0.55490816,1,0,0,0.7774294,0.6851258,1,0,0,-1.1494706,0.24058577,0,0,0,-2.3718843,0.08534193,0,0
tensor(7601),"tensor(15914., dtype=torch.float64)",tensor(9),0,-6.9724245,0.00093649956,0,0,1,3.8546886,0.97925913,1,1,1,1.0921204,0.74878085,1,1,1,1.6221603,0.83509284,1,1,0,0.26390594,0.5655962,1,0
tensor(7649),"tensor(15009., dtype=torch.float64)",tensor(9),1,5.145912,0.9942106,1,1,0,-4.016877,0.017690528,0,0,0,-5.5559707,0.0038494405,0,0,0,-4.995979,0.0067196367,0,0,0,-7.715479,0.00044567315,0,0
tensor(7653),"tensor(14935., dtype=torch.float64)",tensor(9),0,-8.01962,0.00032883685,0,0,1,3.0860243,0.95631254,1,1,0,2.6131263,0.9317016,1,1,0,-1.3012052,0.21396227,0,0,0,2.7797246,0.9415703,1,1
tensor(7671),"tensor(13622., dtype=torch.float64)",tensor(9),1,3.608805,0.97362995,1,1,0,-0.89367783,0.29035145,0,0,0,-5.739297,0.0032067131,0,0,0,-4.446559,0.011583083,0,0,0,-9.831634,5.3722033e-05,0,0
tensor(7675),"tensor(10206., dtype=torch.float64)",tensor(9),1,2.437854,0.9196687,1,1,0,-0.5099926,0.37519526,0,0,0,-3.4121304,0.031918503,0,0,0,-5.6137843,0.0036339872,0,0,0,-3.4825053,0.029814124,0,0
tensor(7701),"tensor(1299., dtype=torch.float64)",tensor(9),1,2.8218057,0.9438428,1,1,0,-4.3481646,0.01276546,0,0,0,-2.238491,0.09634683,0,0,0,-3.9488075,0.018913077,0,0,0,-1.6491361,0.16122575,0,0
tensor(7725),"tensor(16393., dtype=torch.float64)",tensor(9),0,-2.1903713,0.10061849,0,0,0,-4.119848,0.015987242,0,0,0,-3.0005865,0.04739938,0,0,1,5.7373333,0.9967871,1,1,0,-0.8982086,0.28941876,0,0
tensor(7753),"tensor(16513., dtype=torch.float64)",tensor(9),0,-1.661953,0.15950002,0,0,1,2.0437584,0.8853154,1,1,0,-1.2873207,0.21630664,0,0,0,-2.2781312,0.092950396,0,0,0,-3.690622,0.02434881,0,0
tensor(7767),"tensor(17183., dtype=torch.float64)",tensor(9),0,-7.4631405,0.00057352206,0,0,0,3.1836019,0.96021247,1,1,1,1.0876707,0.7479428,1,1,1,2.3116047,0.90983355,1,1,1,2.132577,0.8940294,1,1
tensor(7771),"tensor(14938., dtype=torch.float64)",tensor(9),1,3.3499234,0.96610236,1,1,0,-4.446511,0.011583634,0,0,0,-2.101777,0.10892421,0,0,0,-4.562439,0.010328777,0,0,0,-3.317609,0.03497201,0,0
tensor(7821),"tensor(18347., dtype=torch.float64)",tensor(9),0,-7.9035416,0.00036929644,0,0,0,-3.9440246,0.01900203,0,0,1,5.796448,0.9969709,1,1,0,-1.031181,0.26285523,0,0,1,4.2199836,0.98551404,1,1
tensor(7829),"tensor(11445., dtype=torch.float64)",tensor(9),0,-5.638589,0.0035452717,0,0,1,-0.39693782,0.40204832,0,0,0,1.3800651,0.7990014,1,1,1,4.7886057,0.9917447,1,1,0,0.22352986,0.55565095,1,0
tensor(7839),"tensor(10550., dtype=torch.float64)",tensor(9),1,2.2850244,0.90762913,1,1,0,-5.1966963,0.0055043544,0,0,0,-3.9598172,0.018709866,0,0,0,-3.7218108,0.02361878,0,0,0,0.1533657,0.5382664,1,0
tensor(7855),"tensor(16859., dtype=torch.float64)",tensor(9),1,1.9940315,0.880169,1,1,0,-0.4796674,0.3823307,0,0,0,-3.6753476,0.024714319,0,0,0,-4.2309585,0.014330111,0,0,0,-2.3016586,0.09098569,0,0
tensor(7871),"tensor(10463., dtype=torch.float64)",tensor(9),1,4.64676,0.9904985,1,1,0,-7.5277605,0.00053765235,0,0,0,-3.396682,0.03239932,0,0,0,-3.912567,0.019597393,0,0,0,-5.11034,0.005997839,0,0
tensor(7879),"tensor(20610., dtype=torch.float64)",tensor(9),1,3.5183854,0.9712064,1,1,0,-5.5696893,0.003797191,0,0,0,-4.5336447,0.010627304,0,0,0,-4.4755774,0.0112555185,0,0,0,-1.4329729,0.1926359,0,0
tensor(7937),"tensor(2359., dtype=torch.float64)",tensor(9),1,-1.2812552,0.21733662,0,0,0,2.0480547,0.88575095,1,1,0,-1.0682496,0.2557361,0,0,0,-2.7811794,0.05834972,0,0,0,-2.5438716,0.072839275,0,0
tensor(7941),"tensor(7244., dtype=torch.float64)",tensor(9),1,5.511982,0.9959781,1,1,0,-5.810993,0.0029855147,0,0,0,-4.5584736,0.010369389,0,0,0,-5.073576,0.0062210513,0,0,0,-9.729972,5.947043e-05,0,0
tensor(7945),"tensor(6212., dtype=torch.float64)",tensor(9),0,-4.207884,0.014659715,0,0,0,-1.6697997,0.1584509,0,0,1,3.875202,0.97967166,1,1,1,-2.3007526,0.091060646,0,0,1,0.26586667,0.56607795,1,0
tensor(7953),"tensor(4939., dtype=torch.float64)",tensor(9),0,-4.349807,0.01274478,0,0,1,4.8007402,0.9918434,1,1,1,-3.319057,0.034923177,0,0,0,0.255037,0.5634159,1,0,0,-0.6810012,0.3360379,0,0
tensor(8007),"tensor(632., dtype=torch.float64)",tensor(9),0,-4.244393,0.014141587,0,0,0,0.5627376,0.6370857,1,1,1,-0.027572714,0.49310723,0,0,1,3.5088923,0.97093976,1,1,0,1.169565,0.76306635,1,1
tensor(8017),"tensor(1683., dtype=torch.float64)",tensor(9),0,0.82296073,0.69486445,1,1,0,-5.871262,0.0028113867,0,0,0,-2.732267,0.061095994,0,0,0,-5.6668963,0.003446662,0,0,1,2.3194494,0.910475,1,1
tensor(8063),"tensor(9540., dtype=torch.float64)",tensor(9),0,-1.6616725,0.15953761,0,0,0,0.48461887,0.61883795,1,1,0,-4.385956,0.012297861,0,0,1,2.6446943,0.9336832,1,1,0,-0.21837705,0.44562167,0,0
tensor(8081),"tensor(512., dtype=torch.float64)",tensor(9),0,-8.291458,0.0002505859,0,0,1,4.913807,0.99270904,1,1,1,1.1433195,0.75828856,1,1,1,1.7393537,0.85060495,1,1,1,0.15430382,0.5384996,1,0
tensor(8111),"tensor(9221., dtype=torch.float64)",tensor(9),1,1.5918374,0.83087444,1,1,0,-4.698879,0.009023319,0,0,0,-5.0217915,0.006549527,0,0,1,0.79815114,0.68957883,1,1,0,-0.900807,0.28888467,0,0
tensor(8159),"tensor(14818., dtype=torch.float64)",tensor(9),0,4.025228,0.982454,1,1,0,-4.8965735,0.0074167233,0,0,0,-3.812967,0.02160546,0,0,0,-4.746882,0.008604041,0,0,1,-3.3961174,0.032417025,0,0
tensor(8171),"tensor(19447., dtype=torch.float64)",tensor(9),0,-0.7129259,0.32895267,0,0,0,-3.2452497,0.037497956,0,0,1,1.54623,0.82436854,1,1,0,-0.56153464,0.36319244,0,0,0,0.50558776,0.62377155,1,0
tensor(8177),"tensor(10035., dtype=torch.float64)",tensor(9),0,-1.6269555,0.16424786,0,0,0,-0.2758501,0.43147147,0,0,0,1.5382065,0.82320386,1,1,0,-2.8428142,0.05505395,0,0,1,-2.7784047,0.058502365,0,0
tensor(8181),"tensor(16043., dtype=torch.float64)",tensor(9),1,5.048456,0.99362177,1,1,0,-5.708368,0.0033071106,0,0,0,-5.5464907,0.0038859642,0,0,1,-2.2015798,0.09960871,0,0,0,-10.076729,4.204497e-05,0,0
tensor(8225),"tensor(13741., dtype=torch.float64)",tensor(9),0,-3.579822,0.027124412,0,0,1,-0.20705181,0.44842118,0,0,0,-1.9103762,0.1289386,0,0,1,5.057272,0.9936773,1,1,0,-2.6929908,0.06338823,0,0
tensor(8233),"tensor(14717., dtype=torch.float64)",tensor(9),0,-0.88942194,0.29122916,0,0,0,1.8339907,0.86223644,1,1,0,-1.0530094,0.25864765,0,0,1,-2.1888177,0.10075917,0,0,0,-1.349858,0.20589359,0,0
tensor(8235),"tensor(3500., dtype=torch.float64)",tensor(9),1,3.880162,0.9797702,1,1,0,-4.408207,0.012030498,0,0,0,-3.825021,0.02135212,0,0,0,-3.3747544,0.033093836,0,0,0,-4.200034,0.014773536,0,0
tensor(8243),"tensor(16762., dtype=torch.float64)",tensor(9),1,-2.754482,0.059834026,0,0,0,-3.0592518,0.044819724,0,0,0,3.4543784,0.9693615,1,1,0,-2.1618936,0.10322502,0,0,0,-0.36163494,0.41056386,0,0
tensor(8251),"tensor(12459., dtype=torch.float64)",tensor(9),0,3.368584,0.9667081,1,1,0,-3.5895083,0.026869973,0,0,0,-5.5239487,0.003974204,0,0,1,-1.0931387,0.2510277,0,0,1,-4.383596,0.012326559,0,0
tensor(8255),"tensor(11256., dtype=torch.float64)",tensor(9),1,2.8917692,0.94743806,1,1,0,-3.8734202,0.020363847,0,0,0,-1.6663448,0.15891212,0,0,0,-3.4687145,0.030215628,0,0,0,-3.5920901,0.026802544,0,0
tensor(8257),"tensor(8500., dtype=torch.float64)",tensor(9),0,-1.3021469,0.21380392,0,0,1,-2.895721,0.052365497,0,0,0,2.393923,0.9163627,1,1,0,-5.083422,0.006160473,0,0,0,-1.805772,0.1411499,0,0
tensor(8323),"tensor(3061., dtype=torch.float64)",tensor(9),0,-6.4180593,0.0016291615,0,0,0,0.22434448,0.55585206,1,0,1,1.8612095,0.86543787,1,1,1,4.7480607,0.99140596,1,1,0,-0.92649376,0.2836366,0,0
tensor(8337),"tensor(7254., dtype=torch.float64)",tensor(9),0,-4.4444094,0.011607719,0,0,0,-1.066877,0.25599745,0,0,0,-2.7377043,0.060784828,0,0,1,6.1594143,0.997891,1,1,1,0.6077721,0.6474324,1,0
tensor(8357),"tensor(384., dtype=torch.float64)",tensor(9),0,-4.300081,0.013385852,0,0,0,-3.6571746,0.025156159,0,0,1,4.0254307,0.98245746,1,1,0,-1.6698825,0.15843984,0,0,0,2.4446502,0.92016935,1,1
tensor(8393),"tensor(21692., dtype=torch.float64)",tensor(9),0,-0.03753397,0.49061763,0,1,0,-2.1874495,0.10088321,0,0,0,1.1439207,0.7583988,1,1,0,-2.6747885,0.064477526,0,0,1,-1.676138,0.15760754,0,0
tensor(8425),"tensor(12891., dtype=torch.float64)",tensor(9),0,-2.163317,0.10309334,0,0,1,2.6697588,0.9352184,1,1,0,-0.83898735,0.3017481,0,0,0,-3.5504992,0.027909027,0,0,0,-1.5582509,0.17389777,0,0
tensor(8427),"tensor(2515., dtype=torch.float64)",tensor(9),1,2.0686827,0.88782185,1,1,0,-3.9595032,0.018715631,0,0,0,-0.7131594,0.32890108,0,0,0,-4.5451593,0.010506914,0,0,0,-1.6010221,0.16783881,0,0
tensor(8439),"tensor(5534., dtype=torch.float64)",tensor(9),1,-0.28191885,0.4299834,0,0,0,-1.5202487,0.1794249,0,0,0,-1.5842234,0.17019819,0,0,1,-0.9834952,0.27219883,0,0,0,1.3858645,0.79993117,1,1
tensor(8441),"tensor(9819., dtype=torch.float64)",tensor(9),1,5.216282,0.99460185,1,1,0,-6.6920075,0.0012392517,0,0,0,-4.1730676,0.0151712205,0,0,0,-4.043762,0.017229337,0,0,0,-8.4742565,0.00020873078,0,0
tensor(8467),"tensor(5966., dtype=torch.float64)",tensor(9),1,4.0572596,0.9829978,1,1,0,-6.5639644,0.0014082976,0,0,0,-6.222349,0.001980647,0,0,0,0.0422344,0.510557,1,0,0,-7.4802094,0.00056382123,0,0
tensor(8483),"tensor(4970., dtype=torch.float64)",tensor(9),1,0.13098472,0.53269947,1,1,0,-2.6122007,0.06835732,0,0,0,-5.221545,0.005369988,0,0,1,3.0409324,0.95438945,1,1,0,-3.2149491,0.038607024,0,0
tensor(8525),"tensor(2407., dtype=torch.float64)",tensor(9),0,-2.6183205,0.067968614,0,0,0,0.84349424,0.69920063,1,1,1,1.471718,0.8133184,1,1,0,-2.0888243,0.11018779,0,0,0,-1.7315708,0.15038675,0,0
tensor(8543),"tensor(2284., dtype=torch.float64)",tensor(9),0,-4.4090395,0.012020607,0,0,0,-4.0092936,0.017822795,0,0,0,-3.1187327,0.04234113,0,0,0,-5.2982984,0.0049752183,0,0,0,-9.808349,5.498756e-05,0,0
tensor(8551),"tensor(4265., dtype=torch.float64)",tensor(9),0,-7.0866375,0.0008355057,0,0,1,-0.23250341,0.4421346,0,0,0,-3.895557,0.019926894,0,0,1,9.427506,0.99991953,1,1,1,-0.13674833,0.46586606,0,0
tensor(8563),"tensor(7919., dtype=torch.float64)",tensor(9),1,0.65166414,0.65738535,1,1,0,0.396088,0.59774745,1,1,0,-2.7745817,0.058713287,0,0,0,-3.843757,0.0209641,0,0,0,-0.22462928,0.44407758,0,0
tensor(8565),"tensor(6422., dtype=torch.float64)",tensor(9),1,1.9124267,0.8712915,1,1,0,0.37905636,0.5936455,1,1,0,-8.260538,0.00025845302,0,0,0,-2.7664216,0.05916589,0,0,0,-6.205147,0.0020149443,0,0
tensor(8581),"tensor(385., dtype=torch.float64)",tensor(9),0,-5.2730293,0.00510189,0,0,0,0.19983,0.54979193,1,0,0,1.1550182,0.76042634,1,1,1,3.8258808,0.9786659,1,1,0,1.5114403,0.81927454,1,1
tensor(8583),"tensor(5915., dtype=torch.float64)",tensor(9),1,3.9868133,0.9817794,1,1,0,-3.8895092,0.02004535,0,0,0,-3.7625048,0.022698311,0,0,0,-5.383396,0.004571208,0,0,0,-4.3648405,0.012557,0,0
tensor(8603),"tensor(11296., dtype=torch.float64)",tensor(9),1,3.5845082,0.97299904,1,1,0,-3.7584624,0.022788158,0,0,0,-5.3346777,0.0047983285,0,0,0,-2.741583,0.060563773,0,0,0,-3.288916,0.035953395,0,0
tensor(8627),"tensor(5404., dtype=torch.float64)",tensor(9),1,2.2573004,0.9052784,1,1,0,-1.8729621,0.13319935,0,0,0,-2.3002613,0.091101326,0,0,0,-3.7247925,0.023550121,0,0,0,-1.8494968,0.135932,0,0
tensor(8683),"tensor(3922., dtype=torch.float64)",tensor(9),0,-5.079026,0.006187446,0,0,1,3.2917042,0.9641431,1,1,0,0.75443196,0.68014365,1,0,0,0.22854954,0.55688995,1,0,0,-0.44787133,0.389867,0,0
tensor(8689),"tensor(8609., dtype=torch.float64)",tensor(9),1,5.572343,0.99621284,1,1,0,-6.3252373,0.0017873411,0,0,0,-5.451938,0.0042696777,0,0,0,-5.090997,0.0061142677,0,0,0,-6.5792527,0.0013869604,0,0
tensor(8739),"tensor(2030., dtype=torch.float64)",tensor(9),1,3.4865575,0.9703029,1,1,0,-5.7650056,0.0031255777,0,0,0,-2.114935,0.10765368,0,0,0,-3.4487152,0.030807199,0,0,0,-3.367082,0.03334022,0,0
tensor(8757),"tensor(18426., dtype=torch.float64)",tensor(9),1,-0.46871588,0.3849202,0,0,0,-4.243608,0.014152533,0,0,0,0.11104182,0.52773196,1,0,0,-2.2387187,0.096327014,0,0,0,2.0816143,0.8891033,1,1
tensor(8761),"tensor(18223., dtype=torch.float64)",tensor(9),0,-4.3359203,0.012920691,0,0,1,3.6652489,0.9750411,1,1,0,-1.9348525,0.12621446,0,0,0,2.0446126,0.88540214,1,1,0,-1.3389742,0.20767881,0,0
tensor(8763),"tensor(18245., dtype=torch.float64)",tensor(9),0,-2.5535972,0.072185196,0,0,0,-1.8620561,0.13446358,0,0,1,1.9668803,0.87727565,1,1,0,0.73186684,0.67521477,1,1,0,1.1325139,0.75630254,1,0
tensor(8767),"tensor(6690., dtype=torch.float64)",tensor(9),1,0.6197314,0.65015745,1,1,0,-0.4820914,0.3817584,0,0,0,-1.2882825,0.21614365,0,0,0,-1.5086448,0.18113972,0,0,0,0.07317847,0.51828647,1,0
tensor(8779),"tensor(17952., dtype=torch.float64)",tensor(9),0,-2.2875032,0.092163235,0,0,0,-0.19630007,0.45108196,0,0,1,2.081242,0.8890666,1,1,0,-3.8647108,0.02053832,0,0,0,-1.1843505,0.23427086,0,0
tensor(8789),"tensor(20786., dtype=torch.float64)",tensor(9),1,1.288723,0.783931,1,1,0,-3.0657926,0.04454054,0,0,0,-2.7347214,0.06095535,0,0,0,-3.0285037,0.046154656,0,0,0,0.55914485,0.63625467,1,0
tensor(8809),"tensor(14680., dtype=torch.float64)",tensor(9),1,3.852455,0.97921365,1,1,0,-3.7396312,0.023211299,0,0,0,-5.166869,0.005670061,0,0,0,-2.2530646,0.09508544,0,0,0,-5.27062,0.0051141344,0,0
tensor(8863),"tensor(9899., dtype=torch.float64)",tensor(9),0,-7.566921,0.0005170151,0,0,0,-1.1386704,0.24256456,0,0,0,1.4119517,0.8040736,1,1,1,6.8547993,0.9989467,1,1,0,1.7749472,0.85507184,1,1
tensor(8887),"tensor(18703., dtype=torch.float64)",tensor(9),0,-2.075579,0.11149317,0,0,1,-0.5187427,0.3731463,0,0,0,1.8753353,0.86707443,1,1,0,-1.6596537,0.15980849,0,0,0,1.0626223,0.74319136,1,0
tensor(8907),"tensor(11141., dtype=torch.float64)",tensor(9),0,-5.6997833,0.0033355276,0,0,0,-0.5927949,0.3559938,0,0,0,0.7876119,0.6873184,1,0,1,5.346581,0.99525815,1,1,1,1.2560532,0.77834594,1,1
tensor(8931),"tensor(7018., dtype=torch.float64)",tensor(9),1,-2.8571603,0.05431237,0,0,0,-0.7149311,0.3285102,0,0,0,2.255365,0.9051123,1,1,0,-0.41410202,0.39792895,0,0,0,-1.4279745,0.19341448,0,0
tensor(8935),"tensor(12835., dtype=torch.float64)",tensor(9),1,2.37134,0.9146156,1,1,0,-1.8351967,0.13762036,0,0,0,-5.3710527,0.0046277186,0,0,0,-0.2103765,0.44759902,0,0,0,-5.424255,0.0043890015,0,0
tensor(8967),"tensor(21654., dtype=torch.float64)",tensor(9),0,-4.97974,0.0068288944,0,0,0,-4.2613773,0.013906741,0,0,0,-4.2518873,0.014037481,0,0,0,-4.234271,0.014283396,0,0,0,-10.356405,3.178751e-05,0,0
tensor(8977),"tensor(7062., dtype=torch.float64)",tensor(9),0,1.9321963,0.8734923,1,1,1,1.0755439,0.7456498,1,1,0,-5.8150873,0.0029733528,0,0,0,-7.2722487,0.0006940663,0,0,0,-8.330887,0.00024090022,0,0
tensor(9007),"tensor(11412., dtype=torch.float64)",tensor(9),1,4.5608234,0.98965466,1,1,0,-6.5868425,0.001376488,0,0,0,-4.92624,0.0072014886,0,0,0,-2.0263927,0.116459586,0,0,0,-5.6176386,0.0036200578,0,0
tensor(9011),"tensor(1688., dtype=torch.float64)",tensor(9),1,1.3975987,0.80180264,1,1,0,-1.9140862,0.12852249,0,0,0,-2.1427953,0.1050064,0,0,0,0.0484282,0.5121047,1,0,0,-3.578059,0.027170978,0,0
tensor(9043),"tensor(21546., dtype=torch.float64)",tensor(9),1,2.0711231,0.8880646,1,1,0,-1.243208,0.22387809,0,0,0,-1.7137909,0.15267266,0,0,0,-6.5853486,0.0013785431,0,0,0,-6.5683494,0.0014021444,0,0
tensor(9073),"tensor(15003., dtype=torch.float64)",tensor(9),1,1.2567216,0.7784612,1,1,0,-1.9277259,0.12700249,0,0,0,-1.5766913,0.1712646,0,0,0,-1.9563062,0.12386736,0,0,0,-0.21183273,0.44723895,0,0
tensor(9081),"tensor(19253., dtype=torch.float64)",tensor(9),0,-7.0473003,0.000868998,0,0,0,-1.3837401,0.20040901,0,0,0,1.9171416,0.8718193,1,1,1,5.32999,0.9951793,1,1,0,2.2148118,0.9015718,1,1
tensor(9085),"tensor(6911., dtype=torch.float64)",tensor(9),1,-2.4174368,0.081852674,0,0,0,-1.8055104,0.14118162,0,0,1,0.6088452,0.64767736,1,0,1,3.141648,0.9585783,1,1,0,-0.6527034,0.34238058,0,0
tensor(9127),"tensor(6277., dtype=torch.float64)",tensor(9),1,4.0388536,0.9826873,1,1,0,-4.4405804,0.011651731,0,0,0,-4.159999,0.015367723,0,0,0,-5.8069687,0.002997518,0,0,0,-3.2399821,0.03768854,0,0
tensor(9155),"tensor(15982., dtype=torch.float64)",tensor(9),1,3.0769598,0.9559323,1,1,0,-2.159257,0.103469364,0,0,0,-5.1073775,0.006015528,0,0,0,-2.90113,0.052097734,0,0,0,-3.7756064,0.022409491,0,0
tensor(9197),"tensor(19232., dtype=torch.float64)",tensor(9),1,3.3357098,0.96563375,1,1,0,-1.1159419,0.24676481,0,0,0,-3.7622588,0.02270377,0,0,0,-7.293793,0.000679283,0,0,0,-6.9266176,0.0009803524,0,0
tensor(9225),"tensor(21500., dtype=torch.float64)",tensor(9),1,3.376504,0.9669621,1,1,0,-4.127882,0.015861342,0,0,0,-4.208663,0.0146484645,0,0,0,-3.573561,0.027290128,0,0,0,-2.3048577,0.09072145,0,0
tensor(9417),"tensor(10093., dtype=torch.float64)",tensor(9),1,1.4869285,0.8156168,1,1,0,-0.62871575,0.3478018,0,0,0,-1.9393336,0.1257211,0,0,0,-3.3674557,0.033328183,0,0,0,-1.336081,0.20815526,0,0
tensor(9431),"tensor(20520., dtype=torch.float64)",tensor(9),1,-0.607489,0.3526322,0,0,0,-6.1331506,0.0021650367,0,0,0,1.9879217,0.8795231,1,1,0,-5.2221313,0.0053668586,0,0,0,0.600914,0.6458654,1,0
tensor(9459),"tensor(9206., dtype=torch.float64)",tensor(9),1,1.9834616,0.8790497,1,1,0,-0.34274888,0.4151419,0,0,0,-3.7351036,0.02331417,0,0,0,-4.440073,0.011657576,0,0,0,-2.1481404,0.10450512,0,0
tensor(9479),"tensor(16595., dtype=torch.float64)",tensor(9),1,-2.913937,0.051468886,0,0,0,1.8401983,0.86297214,1,1,0,0.5800878,0.6410876,1,0,0,-0.083696686,0.479088,0,0,0,-1.8685404,0.1337107,0,0
tensor(9521),"tensor(19367., dtype=torch.float64)",tensor(9),1,4.7456255,0.9913852,1,1,0,-4.906459,0.007344304,0,0,0,-4.593317,0.010017864,0,0,0,-5.257686,0.005180364,0,0,0,-5.3896484,0.0045428458,0,0
tensor(9555),"tensor(19999., dtype=torch.float64)",tensor(9),1,4.017362,0.9823179,1,1,0,-6.0324707,0.002393814,0,0,0,-3.5081484,0.029081272,0,0,0,-3.7751925,0.022418557,0,0,0,-3.2109942,0.038754083,0,0
tensor(9615),"tensor(18393., dtype=torch.float64)",tensor(9),0,-2.1639063,0.10303886,0,0,0,-6.1023636,0.0022325774,0,0,0,1.5476938,0.8245804,1,1,0,-3.9631147,0.018649422,0,0,1,3.68021,0.97540265,1,1
tensor(9645),"tensor(14816., dtype=torch.float64)",tensor(9),1,-2.8386128,0.05527293,0,0,0,0.47308773,0.6161143,1,1,0,1.9007642,0.869978,1,1,0,-2.035139,0.115562625,0,0,0,-0.71432287,0.32864434,0,0
tensor(9667),"tensor(15687., dtype=torch.float64)",tensor(9),1,5.9668503,0.9974443,1,1,0,-5.5776234,0.0037672964,0,0,0,-7.725181,0.00044137193,0,0,0,-3.1957908,0.039324433,0,0,0,-9.398847,8.281267e-05,0,0
tensor(9671),"tensor(20833., dtype=torch.float64)",tensor(9),1,2.0624676,0.88720137,1,1,0,-0.14271732,0.4643811,0,0,0,-4.3852453,0.012306494,0,0,0,-4.6967177,0.0090426635,0,0,0,-2.499085,0.075922355,0,0
tensor(9673),"tensor(9402., dtype=torch.float64)",tensor(9),0,-7.926527,0.0003609078,0,0,0,-0.23071805,0.44257498,0,0,1,3.309242,0.9647445,1,1,0,4.3203807,0.98687965,1,1,0,1.1887957,0.7665256,1,1
tensor(9677),"tensor(17012., dtype=torch.float64)",tensor(9),1,2.075485,0.88849753,1,1,0,-4.803072,0.008137738,0,0,0,-1.9160882,0.12829842,0,0,0,-3.6348236,0.025710134,0,0,0,-0.26415607,0.43434232,0,0
tensor(9699),"tensor(10577., dtype=torch.float64)",tensor(9),0,-4.003628,0.017922247,0,0,0,-2.4627037,0.0785145,0,0,0,-0.8375996,0.3020406,0,0,1,5.2865076,0.9949661,1,1,0,0.8667031,0.70405924,1,0
tensor(9759),"tensor(17113., dtype=torch.float64)",tensor(9),1,5.3079276,0.9950722,1,1,0,-5.458057,0.0042437427,0,0,0,-5.7618847,0.0031353172,0,0,0,-4.1351237,0.015748696,0,0,0,-7.3285294,0.0006561077,0,0
tensor(9771),"tensor(10614., dtype=torch.float64)",tensor(9),1,3.9612057,0.9813157,1,1,0,-1.7647433,0.14619727,0,0,0,-5.8243885,0.002945906,0,0,0,-4.2280827,0.014370787,0,0,0,-6.159952,0.0021079017,0,0
tensor(9789),"tensor(14683., dtype=torch.float64)",tensor(9),0,1.552487,0.8252727,1,1,0,-3.5632935,0.027564008,0,0,1,-1.1810468,0.23486401,0,0,0,-0.5042487,0.37654272,0,0,0,-2.0577097,0.11327567,0,0
tensor(9813),"tensor(13317., dtype=torch.float64)",tensor(9),0,-3.7626784,0.022694461,0,0,0,-0.09788215,0.47554898,0,0,0,-2.1111326,0.10801949,0,0,1,4.99709,0.99328774,1,1,1,-0.46273756,0.38633657,0,0
tensor(9841),"tensor(7877., dtype=torch.float64)",tensor(9),1,0.33829832,0.5837771,1,1,0,-6.2888556,0.0018534423,0,0,0,-0.15249702,0.46194944,0,0,0,-2.4472663,0.07963869,0,0,0,1.4868844,0.8156102,1,1
tensor(9845),"tensor(1152., dtype=torch.float64)",tensor(9),0,-0.6601691,0.3407016,0,0,0,-5.045951,0.00639419,0,0,1,1.8626102,0.86560094,1,1,0,-2.365039,0.08587778,0,0,0,1.1271338,0.7553096,1,0
tensor(9847),"tensor(4660., dtype=torch.float64)",tensor(9),0,-0.91726446,0.2855156,0,0,0,-2.8122544,0.056665555,0,0,1,1.9117869,0.87121975,1,1,0,-3.5451086,0.028055647,0,0,0,0.2138856,0.5532685,1,0
tensor(9879),"tensor(13111., dtype=torch.float64)",tensor(9),0,-3.2780786,0.036330927,0,0,1,3.3781433,0.9670144,1,1,0,-0.42608893,0.39506066,0,0,0,-1.0794202,0.25361577,0,0,0,-0.5527141,0.36523494,0,0
tensor(9895),"tensor(8141., dtype=torch.float64)",tensor(9),0,-6.204701,0.002015841,0,0,1,-1.8025814,0.14153711,0,0,0,-0.9634116,0.27619565,0,0,1,6.2857146,0.9981407,1,1,1,2.2944424,0.90841573,1,1
tensor(9899),"tensor(19456., dtype=torch.float64)",tensor(9),0,-5.724074,0.0032557426,0,0,0,-1.4122592,0.19587797,0,0,1,4.185025,0.9850064,1,1,1,-0.013115622,0.49672115,0,0,0,-0.48897192,0.38013577,0,0
tensor(9913),"tensor(12994., dtype=torch.float64)",tensor(9),0,-8.473268,0.00020893727,0,0,1,3.158491,0.95924205,1,1,1,2.1873255,0.89910555,1,1,0,1.8857307,0.868268,1,1,1,1.8856869,0.86826295,1,1
tensor(9915),"tensor(9979., dtype=torch.float64)",tensor(9),0,-4.0109825,0.017793253,0,0,1,4.8836493,0.99248755,1,1,1,-1.8959777,0.13056439,0,0,0,-5.768181,0.0031157003,0,0,0,-2.0480285,0.11425174,0,0
tensor(9955),"tensor(16214., dtype=torch.float64)",tensor(9),1,3.1009896,0.95693356,1,1,0,-2.420847,0.08159677,0,0,0,-4.2806377,0.0136450725,0,0,0,-5.6479883,0.003512221,0,0,0,-2.2215822,0.09782908,0,0
tensor(9965),"tensor(10897., dtype=torch.float64)",tensor(9),0,-0.59859884,0.3546643,0,0,1,0.84867907,0.70029,1,1,0,-1.8012131,0.14170346,0,0,0,1.0567057,0.7420605,1,1,0,-1.0255368,0.26395032,0,0
tensor(9989),"tensor(3936., dtype=torch.float64)",tensor(9),0,-2.9683766,0.048875134,0,0,0,4.703132,0.99101466,1,1,0,-4.5809383,0.010141376,0,0,1,-1.704067,0.15393484,0,0,0,-2.2044184,0.099354416,0,0
tensor(10003),"tensor(5760., dtype=torch.float64)",tensor(9),0,-5.9502134,0.0025985145,0,0,0,0.10617946,0.52652,1,0,0,0.8271709,0.6957564,1,0,1,5.5012517,0.99593496,1,1,0,0.23442587,0.55833954,1,0
tensor(10005),"tensor(4499., dtype=torch.float64)",tensor(9),1,6.218813,0.9980123,1,1,0,-6.6117005,0.0013427383,0,0,0,-5.476175,0.004167865,0,0,0,-5.922234,0.002672049,0,0,0,-8.964162,0.00012789643,0,0
tensor(10013),"tensor(17483., dtype=torch.float64)",tensor(9),1,3.8779168,0.97972566,1,1,0,-3.0403037,0.045637943,0,0,0,-6.2437973,0.0019386995,0,0,0,-3.9228814,0.019400194,0,0,0,-3.9855852,0.01824259,0,0
tensor(10025),"tensor(7110., dtype=torch.float64)",tensor(9),0,-0.13056651,0.46740463,0,1,1,-3.6254697,0.025945485,0,0,0,-0.3495942,0.41348082,0,0,0,-2.6537173,0.06576026,0,0,0,1.7803767,0.85574335,1,1
tensor(10035),"tensor(6230., dtype=torch.float64)",tensor(9),1,0.87756884,0.70631814,1,1,0,-4.058372,0.016983693,0,0,0,-0.47151995,0.38425654,0,0,0,-2.4913146,0.0764693,0,0,0,0.5662148,0.6378893,1,0
tensor(10039),"tensor(21412., dtype=torch.float64)",tensor(9),1,3.0279796,0.95382226,1,1,0,-4.185971,0.0149796335,0,0,0,-3.9859593,0.018235892,0,0,0,-2.3838122,0.08441545,0,0,0,-2.004242,0.118758254,0,0
tensor(10045),"tensor(11479., dtype=torch.float64)",tensor(9),0,3.9514804,0.9811365,1,1,0,-3.9846935,0.018258568,0,0,0,-3.5522354,0.027861964,0,0,1,-6.7906394,0.0011229871,0,0,1,-3.9262908,0.01933544,0,0
tensor(10057),"tensor(4158., dtype=torch.float64)",tensor(9),0,-1.9012253,0.12996985,0,0,0,-1.8318094,0.13802287,0,0,1,2.5280051,0.9260819,1,1,0,-4.16102,0.015352283,0,0,0,-2.4797642,0.07728902,0,0
tensor(10103),"tensor(18832., dtype=torch.float64)",tensor(9),1,3.1288674,0.9580679,1,1,0,-3.3241386,0.034752313,0,0,0,-4.1691685,0.015229587,0,0,0,-3.8577383,0.020679051,0,0,0,-2.1618972,0.1032247,0,0
tensor(10111),"tensor(495., dtype=torch.float64)",tensor(9),0,0.8354014,0.6974958,1,1,0,-3.78699,0.022161458,0,0,1,0.69188017,0.66638505,1,0,0,-2.1321046,0.106015354,0,0,0,-1.4473288,0.19041301,0,0
tensor(10125),"tensor(12855., dtype=torch.float64)",tensor(9),1,4.003455,0.9820747,1,1,0,-2.923808,0.050989114,0,0,0,-3.8871472,0.0200918,0,0,0,-4.2668424,0.013831994,0,0,0,-6.3332825,0.0017730447,0,0
tensor(10145),"tensor(1347., dtype=torch.float64)",tensor(9),1,5.5153046,0.9959914,1,1,0,-7.2637625,0.0006999773,0,0,0,-6.8521953,0.0010560161,0,0,0,-4.1745553,0.015149009,0,0,0,-4.743067,0.008636646,0,0
tensor(10155),"tensor(4993., dtype=torch.float64)",tensor(9),1,0.8098911,0.69208634,1,1,0,-6.3939347,0.0016688758,0,0,0,-1.1441873,0.24155241,0,0,0,-2.9137182,0.051479567,0,0,0,1.4304397,0.8069698,1,1
tensor(10191),"tensor(11124., dtype=torch.float64)",tensor(9),1,4.02121,0.9823846,1,1,0,-6.2634916,0.0019009636,0,0,0,-2.7417934,0.060551815,0,0,0,-4.813035,0.008057714,0,0,0,-3.469454,0.030193964,0,0
tensor(10203),"tensor(17437., dtype=torch.float64)",tensor(9),1,0.80033326,0.6900457,1,1,0,-2.9426017,0.050087348,0,0,0,-2.4917505,0.076438524,0,0,1,0.091396086,0.5228331,1,0,0,0.048174616,0.51204133,1,0
tensor(10209),"tensor(12421., dtype=torch.float64)",tensor(9),1,-2.3442974,0.08752011,0,0,0,2.5855482,0.9299256,1,1,0,-1.3645064,0.20350887,0,0,0,1.0991371,0.75009835,1,1,0,-1.6642522,0.15919201,0,0
tensor(10217),"tensor(9238., dtype=torch.float64)",tensor(9),1,4.2464685,0.98588735,1,1,0,-5.702647,0.0033260204,0,0,0,-4.29292,0.013480749,0,0,0,-2.748213,0.06018765,0,0,0,-4.8589945,0.0076985536,0,0
tensor(10235),"tensor(17371., dtype=torch.float64)",tensor(9),1,1.2478695,0.77693087,1,1,0,-0.023979824,0.49400535,0,0,0,-2.339706,0.08788749,0,0,0,-2.7015765,0.0628804,0,0,0,-1.4087601,0.1964297,0,0
tensor(10263),"tensor(18245., dtype=torch.float64)",tensor(9),0,-4.2973733,0.013421655,0,0,0,-1.7868813,0.1434555,0,0,1,3.5047882,0.9708237,1,1,0,0.062958755,0.5157345,1,0,0,0.2859985,0.5710162,1,0
tensor(10273),"tensor(10471., dtype=torch.float64)",tensor(9),0,-4.5266204,0.010701414,0,0,1,1.1587545,0.7611063,1,1,1,0.18670863,0.54654205,1,0,1,3.9906833,0.9818485,1,1,0,-0.5671174,0.36190224,0,0
tensor(10277),"tensor(13646., dtype=torch.float64)",tensor(9),1,0.45384955,0.6115541,1,1,0,-3.8119674,0.0216266,0,0,0,1.0708948,0.74476707,1,1,0,-2.693659,0.06334856,0,0,0,-1.3878992,0.19974335,0,0
tensor(10279),"tensor(21447., dtype=torch.float64)",tensor(9),0,-4.5173855,0.010799626,0,0,0,-3.3793623,0.032946706,0,0,0,-6.460907,0.0015609368,0,0,1,8.137219,0.99970764,1,1,1,0.6879655,0.6655142,1,0
tensor(10297),"tensor(20406., dtype=torch.float64)",tensor(9),1,3.017443,0.95335597,1,1,0,-2.6461716,0.066225365,0,0,0,-4.112404,0.01610477,0,0,0,-3.3109071,0.0351989,0,0,0,-2.9044297,0.05193502,0,0
tensor(10301),"tensor(21606., dtype=torch.float64)",tensor(9),0,-6.9575944,0.00095047825,0,0,1,1.6371107,0.8371414,1,1,0,1.7375494,0.8503756,1,1,1,3.4048333,0.9678553,1,1,0,1.6009376,0.8321493,1,1
tensor(10305),"tensor(12632., dtype=torch.float64)",tensor(9),0,1.5958133,0.83143246,1,1,0,-2.7944326,0.057625767,0,0,0,-3.4579136,0.030533733,0,0,1,-0.44111505,0.39147532,0,0,0,-0.7918747,0.31176627,0,0
tensor(10313),"tensor(8207., dtype=torch.float64)",tensor(9),0,-3.3322787,0.034480285,0,0,1,2.1350198,0.8942606,1,1,0,-4.2255616,0.014406542,0,0,1,3.569636,0.9726055,1,1,0,-0.714661,0.32856974,0,0
tensor(10331),"tensor(3237., dtype=torch.float64)",tensor(9),0,-3.5519915,0.027868569,0,0,0,-0.19067153,0.452476,0,0,0,0.46313193,0.6137569,1,0,1,3.6291676,0.9741478,1,1,0,0.3349068,0.5829528,1,0
tensor(10347),"tensor(18563., dtype=torch.float64)",tensor(9),0,-4.5329313,0.010634806,0,0,1,3.444889,0.96907836,1,1,0,-0.46776545,0.3851453,0,0,1,1.1973509,0.76805323,1,1,0,-2.8039775,0.057109617,0,0
tensor(10349),"tensor(13867., dtype=torch.float64)",tensor(9),0,-3.5644886,0.027531987,0,0,0,-4.0469475,0.017175486,0,0,1,4.203025,0.98526996,1,1,0,-3.7813754,0.022283453,0,0,1,1.1085893,0.751866,1,0
tensor(10361),"tensor(9565., dtype=torch.float64)",tensor(9),0,-0.28047165,0.43033814,0,0,1,1.652722,0.8392586,1,1,0,-1.999869,0.11921667,0,0,0,-2.5427358,0.072916016,0,0,0,-3.1838598,0.039777648,0,0
tensor(10375),"tensor(6566., dtype=torch.float64)",tensor(9),1,-2.252281,0.0951529,0,0,0,-4.2365136,0.014251858,0,0,0,0.8583809,0.70232224,1,0,0,-2.2890496,0.09203393,0,0,0,3.424116,0.9684497,1,1
tensor(10395),"tensor(7375., dtype=torch.float64)",tensor(9),0,-4.920288,0.007244167,0,0,0,-1.9998304,0.11922074,0,0,0,-2.0857434,0.110490225,0,0,1,6.898525,0.9989918,1,1,0,0.20129424,0.5501543,1,0
tensor(10413),"tensor(889., dtype=torch.float64)",tensor(9),1,5.716919,0.99672097,1,1,0,-7.324859,0.0006585185,0,0,0,-4.8679185,0.007630679,0,0,0,-5.505284,0.0040487754,0,0,0,-6.5869217,0.0013763793,0,0
tensor(10439),"tensor(3789., dtype=torch.float64)",tensor(9),0,1.6567593,0.83980244,1,1,0,-3.9798374,0.01834582,0,0,0,-3.6298401,0.025835263,0,0,1,-1.1963139,0.23213162,0,0,0,-0.108164355,0.47298524,0,0
tensor(10453),"tensor(2058., dtype=torch.float64)",tensor(9),0,-5.0095835,0.00662944,0,0,1,4.0674477,0.9831671,1,1,1,-0.43677956,0.39250863,0,0,0,-5.6206746,0.0036091239,0,0,0,-6.106402,0.0022235997,0,0
tensor(10483),"tensor(17168., dtype=torch.float64)",tensor(9),1,4.411457,0.988008,1,1,0,-3.7629046,0.022689447,0,0,0,-6.090328,0.0022595483,0,0,0,-2.366034,0.08579972,0,0,0,-7.0089483,0.0009029425,0,0
tensor(10491),"tensor(17007., dtype=torch.float64)",tensor(9),1,2.1782067,0.8982753,1,1,0,-4.36716,0.012528273,0,0,0,-4.5991917,0.009959769,0,0,0,-1.986085,0.12067167,0,0,0,-0.19925904,0.45034942,0,0
tensor(10509),"tensor(5450., dtype=torch.float64)",tensor(9),1,3.0666869,0.9554975,1,1,0,-4.212781,0.014589145,0,0,0,-2.8773868,0.053282805,0,0,0,-3.5562088,0.027754541,0,0,0,-1.8779497,0.13262455,0,0
tensor(10529),"tensor(3175., dtype=torch.float64)",tensor(9),0,-10.190845,3.7510785e-05,0,0,1,1.1587708,0.7611093,1,1,1,3.106651,0.95716625,1,1,1,5.3288174,0.99517363,1,1,1,2.445673,0.92024446,1,1
tensor(10535),"tensor(5145., dtype=torch.float64)",tensor(9),1,0.5024204,0.623028,1,1,0,1.1650122,0.76224226,1,1,0,-2.9626958,0.04913989,0,0,0,-1.7454433,0.14862287,0,0,0,-2.2607765,0.09442395,0,0
tensor(10549),"tensor(1218., dtype=torch.float64)",tensor(9),1,1.551158,0.82508093,1,1,0,-1.8717314,0.13334152,0,0,0,-0.6580986,0.34116688,0,0,0,-4.862148,0.0076745027,0,0,0,-2.940422,0.05019115,0,0
tensor(10575),"tensor(19785., dtype=torch.float64)",tensor(9),0,-0.62407637,0.3488549,0,0,0,-1.058468,0.25760236,0,0,1,1.089724,0.74832976,1,1,0,-5.384686,0.004565343,0,0,0,-3.360931,0.033539034,0,0
tensor(10595),"tensor(16144., dtype=torch.float64)",tensor(9),1,4.1501207,0.98448205,1,1,0,-4.3265696,0.013040494,0,0,0,-4.8833084,0.007515019,0,0,0,-3.8338742,0.0211679,0,0,0,-4.4017572,0.012107399,0,0
tensor(10605),"tensor(11139., dtype=torch.float64)",tensor(9),0,-4.826049,0.007954361,0,0,0,2.1769059,0.89815634,1,1,0,-0.47723192,0.382906,0,0,0,3.322368,0.9651882,1,1,0,-1.9486148,0.124704465,0,0
tensor(10609),"tensor(2817., dtype=torch.float64)",tensor(9),0,-5.704253,0.0033207007,0,0,1,4.591397,0.9899631,1,1,1,0.41563037,0.60243714,1,0,0,-3.2819588,0.03619532,0,0,1,0.15592313,0.538902,1,0
tensor(10621),"tensor(524., dtype=torch.float64)",tensor(9),1,-1.5653906,0.1728745,0,0,0,-5.948308,0.0026034578,0,0,0,2.7340043,0.9390036,1,1,0,-3.8775854,0.020280918,0,0,0,1.678598,0.8427188,1,1
tensor(10627),"tensor(14290., dtype=torch.float64)",tensor(9),1,3.0585675,0.955151,1,1,0,-4.8480444,0.0077826567,0,0,0,-1.3058591,0.21318057,0,0,0,-6.226622,0.0019722185,0,0,0,-4.5163136,0.010811084,0,0
tensor(10641),"tensor(20211., dtype=torch.float64)",tensor(9),1,4.8592253,0.99230325,1,1,0,-5.4353857,0.00434063,0,0,0,-5.848345,0.0028763725,0,0,0,-2.266994,0.09389364,0,0,0,-7.2114706,0.00073752657,0,0
tensor(10643),"tensor(5972., dtype=torch.float64)",tensor(9),0,1.9898953,0.8797321,1,1,0,-3.8505282,0.020825572,0,0,1,-0.2460013,0.43880793,0,0,0,-5.8097,0.0029893664,0,0,0,-4.153489,0.015466536,0,0
tensor(10653),"tensor(924., dtype=torch.float64)",tensor(9),1,3.3397272,0.9657668,1,1,0,-3.7176657,0.023714563,0,0,0,-2.1196816,0.10719855,0,0,0,-5.3142548,0.0048968475,0,0,0,-4.3638997,0.01256867,0,0
tensor(10695),"tensor(17440., dtype=torch.float64)",tensor(9),0,0.7782339,0.68529934,1,1,0,-0.874112,0.29439938,0,0,0,-4.4435205,0.01161792,0,0,1,-1.1705847,0.23674932,0,0,1,0.17635845,0.5439757,1,0
tensor(10711),"tensor(6815., dtype=torch.float64)",tensor(9),1,0.42918044,0.60567796,1,1,0,-3.1492033,0.041122686,0,0,0,-1.101545,0.24945052,0,0,0,-3.2770908,0.036365528,0,0,0,1.2476635,0.77689517,1,1
tensor(10749),"tensor(1203., dtype=torch.float64)",tensor(9),1,3.458918,0.969496,1,1,0,-2.555696,0.07204475,0,0,0,-5.8668604,0.0028237535,0,0,0,-3.4058206,0.03211405,0,0,0,-3.8105633,0.021656327,0,0
tensor(10761),"tensor(20664., dtype=torch.float64)",tensor(9),0,-1.9516346,0.12437523,0,0,1,1.9824845,0.8789457,1,1,0,-0.080324076,0.47992977,0,0,0,-0.80879515,0.30814728,0,0,1,-0.27241978,0.43231317,0,0
tensor(10763),"tensor(6426., dtype=torch.float64)",tensor(9),0,-4.0452323,0.017204462,0,0,0,0.16986974,0.5423656,1,0,1,2.6858351,0.9361856,1,1,0,-1.8417511,0.13684434,0,0,1,1.1996768,0.76846725,1,1
tensor(10775),"tensor(344., dtype=torch.float64)",tensor(9),0,-0.14012602,0.4650257,0,1,0,-1.1712581,0.23662764,0,0,0,-4.4390817,0.0116690025,0,0,1,2.538647,0.9268071,1,1,0,-2.3101244,0.090287924,0,0
tensor(10783),"tensor(5960., dtype=torch.float64)",tensor(9),1,1.4991556,0.81744856,1,1,0,-5.0876546,0.0061346143,0,0,0,-0.19746968,0.45079237,0,0,0,-3.0805867,0.043915175,0,0,0,-0.7928919,0.31154805,0,0
tensor(10867),"tensor(19906., dtype=torch.float64)",tensor(9),0,-4.4651127,0.011372576,0,0,1,2.3656592,0.9141709,1,1,0,1.340817,0.79262424,1,1,0,-0.5755917,0.35994762,0,0,0,-0.86036325,0.29726344,0,0
tensor(10873),"tensor(21528., dtype=torch.float64)",tensor(9),0,-4.02481,0.017553201,0,0,1,-3.1374707,0.04158782,0,0,0,3.958543,0.98126674,1,1,0,-3.4907966,0.029575232,0,0,0,1.9578022,0.8762949,1,1
tensor(10881),"tensor(13043., dtype=torch.float64)",tensor(9),0,-5.946666,0.0026077256,0,0,1,1.910237,0.87104577,1,1,0,2.1879103,0.89915854,1,1,0,0.15045923,0.537544,1,0,0,1.711899,0.84708244,1,1
tensor(10919),"tensor(20855., dtype=torch.float64)",tensor(9),0,-0.98166573,0.2725614,0,0,1,2.0284534,0.8837522,1,1,0,-1.3325092,0.20874462,0,0,0,-2.236975,0.09647892,0,0,0,-2.9300556,0.050687645,0,0
tensor(10987),"tensor(2017., dtype=torch.float64)",tensor(9),1,1.1792946,0.76482093,1,1,0,0.40151054,0.5990506,1,1,0,-4.4707174,0.011309733,0,0,1,-2.0755057,0.11150044,0,0,0,-2.6052282,0.0688027,0,0
tensor(10995),"tensor(9936., dtype=torch.float64)",tensor(9),0,-6.648424,0.0012943854,0,0,1,2.2438712,0.90412056,1,1,0,-0.007161498,0.4982096,0,0,1,5.0875645,0.99386483,1,1,0,0.6399293,0.6547375,1,0
tensor(11023),"tensor(9936., dtype=torch.float64)",tensor(9),0,-6.76686,0.0011499801,0,0,1,1.3666179,0.7968332,1,1,1,1.4724637,0.81343156,1,1,1,4.5906725,0.9899559,1,1,0,0.0352489,0.5088113,1,0
tensor(11045),"tensor(9439., dtype=torch.float64)",tensor(9),0,-6.151412,0.0021259421,0,0,0,0.24832687,0.56176466,1,0,0,0.41705933,0.6027794,1,0,1,6.0942006,0.99774915,1,1,0,0.18334587,0.5457085,1,0
tensor(11049),"tensor(3685., dtype=torch.float64)",tensor(9),1,3.700421,0.9758828,1,1,0,-4.309871,0.013257166,0,0,0,-3.3107579,0.035203967,0,0,0,-3.286495,0.03603741,0,0,0,-4.7077136,0.00894466,0,0
tensor(11061),"tensor(15571., dtype=torch.float64)",tensor(9),0,-1.4849403,0.18468237,0,0,1,0.044775445,0.51119196,1,0,0,-1.960589,0.12340332,0,0,0,-2.384809,0.08433844,0,0,1,2.413207,0.91782886,1,1
tensor(11069),"tensor(9534., dtype=torch.float64)",tensor(9),1,0.6118014,0.6483516,1,1,0,-2.0002813,0.11917337,0,0,0,-0.62158304,0.3494215,0,0,0,-1.7343054,0.15003772,0,0,0,0.48679057,0.61935014,1,0
tensor(11079),"tensor(11908., dtype=torch.float64)",tensor(9),1,1.4497051,0.8099531,1,1,0,0.9262605,0.71631604,1,1,0,-4.8465586,0.0077941394,0,0,0,-4.60739,0.009879255,0,0,0,-4.8264055,0.007951546,0,0
tensor(11133),"tensor(12331., dtype=torch.float64)",tensor(9),0,-7.4464817,0.0005831506,0,0,0,-0.19955215,0.45027685,0,0,1,4.342164,0.9871587,1,1,0,-1.5095416,0.18100673,0,0,0,3.7832713,0.9777579,1,1
tensor(11179),"tensor(15488., dtype=torch.float64)",tensor(9),0,1.2103913,0.77036816,1,1,1,-1.9418327,0.12544666,0,0,0,-0.5923351,0.35609928,0,0,0,-2.6564972,0.06558969,0,0,0,-0.405009,0.40010947,0,0
tensor(11201),"tensor(20037., dtype=torch.float64)",tensor(9),0,-3.796303,0.021960534,0,0,0,-0.8234227,0.30503762,0,0,1,2.3490403,0.9128579,1,1,0,-0.105776004,0.4735806,0,0,0,-2.5372777,0.07328585,0,0
tensor(11225),"tensor(20691., dtype=torch.float64)",tensor(9),1,1.9647778,0.8770491,1,1,0,-1.5194331,0.179545,0,0,0,-1.9739562,0.121964574,0,0,0,-3.560394,0.02764183,0,0,0,-1.6717079,0.15819661,0,0
tensor(11235),"tensor(10078., dtype=torch.float64)",tensor(9),0,-0.85220265,0.298971,0,0,1,-2.2153468,0.09838078,0,0,0,0.28659332,0.5711619,1,0,1,1.0003868,0.7311346,1,1,1,0.7889321,0.687602,1,0
tensor(11245),"tensor(20464., dtype=torch.float64)",tensor(9),1,3.6151402,0.9737922,1,1,0,-3.2607536,0.03694239,0,0,0,-2.965505,0.049008805,0,0,0,-4.689554,0.009107081,0,0,0,-4.7518873,0.008561451,0,0
tensor(11293),"tensor(21175., dtype=torch.float64)",tensor(9),0,-6.4684963,0.0015491532,0,0,1,0.20440027,0.55092293,1,0,1,3.3497999,0.96609825,1,1,0,0.44221997,0.6087879,1,0,0,-2.1581168,0.10357516,0,0
tensor(11303),"tensor(14859., dtype=torch.float64)",tensor(9),0,-5.609579,0.0036492448,0,0,1,3.156511,0.9591645,1,1,0,-3.4313426,0.03133016,0,0,1,3.9130208,0.9804113,1,1,1,1.3393667,0.7923858,1,1
tensor(11331),"tensor(12114., dtype=torch.float64)",tensor(9),1,2.9096096,0.94831944,1,1,0,-3.7879903,0.02213979,0,0,0,-5.994713,0.0024856986,0,0,0,-3.8921738,0.019993074,0,0,0,-0.6762054,0.33710876,0,0
tensor(11333),"tensor(11908., dtype=torch.float64)",tensor(9),1,2.6789846,0.9357751,1,1,0,-1.0078768,0.2673956,0,0,0,-3.745018,0.02308948,0,0,0,-5.645633,0.0035204734,0,0,0,-3.4329562,0.031281225,0,0
tensor(11369),"tensor(15677., dtype=torch.float64)",tensor(9),1,3.8583283,0.97933286,1,1,0,-7.739564,0.00043507194,0,0,0,-4.572713,0.010224282,0,0,0,-2.102633,0.10884117,0,0,0,-2.3753855,0.08506904,0,0
tensor(11397),"tensor(14859., dtype=torch.float64)",tensor(9),0,-3.2651582,0.036786005,0,0,1,2.8114018,0.9432888,1,1,0,-2.0317976,0.115904585,0,0,1,1.2217343,0.7723686,1,1,1,-2.6821184,0.064036794,0,0
tensor(11405),"tensor(9162., dtype=torch.float64)",tensor(9),0,-1.1316952,0.24384841,0,0,0,-2.4903798,0.07653535,0,0,1,1.8889574,0.8686366,1,1,0,-3.8729966,0.0203723,0,0,0,-0.8440513,0.30068222,0,0
tensor(11433),"tensor(11719., dtype=torch.float64)",tensor(9),1,1.1953737,0.7677008,1,1,0,-4.489114,0.011105866,0,0,0,-5.388195,0.004549423,0,0,1,2.365091,0.9141263,1,1,0,-2.897665,0.05226911,0,0
tensor(11473),"tensor(20855., dtype=torch.float64)",tensor(9),1,1.7929344,0.85728663,1,1,0,-0.30417636,0.42453685,0,0,0,-4.2286983,0.014362072,0,0,0,-2.9012635,0.05209114,0,0,0,-3.5016809,0.029264443,0,0
tensor(11505),"tensor(8637., dtype=torch.float64)",tensor(9),0,-5.1126275,0.005984218,0,0,0,-4.37151,0.01247457,0,0,1,4.850298,0.9922347,1,1,0,-5.6513505,0.0035004728,0,0,1,2.9616482,0.9508111,1,1
tensor(11519),"tensor(16802., dtype=torch.float64)",tensor(9),1,-2.3389032,0.087951854,0,0,0,3.6703866,0.9751658,1,1,0,-1.872487,0.13325423,0,0,0,-4.0400243,0.017292742,0,0,0,-3.547256,0.02799715,0,0
tensor(11527),"tensor(20074., dtype=torch.float64)",tensor(9),0,-2.894368,0.05243268,0,0,1,1.6166335,0.8343303,1,1,0,-2.9109075,0.051616993,0,0,1,3.2823064,0.96381676,1,1,0,-2.5355978,0.07340002,0,0
tensor(11529),"tensor(15795., dtype=torch.float64)",tensor(9),0,-4.1796412,0.015073315,0,0,0,-1.5621694,0.17333557,0,0,0,-1.7000334,0.1544609,0,0,1,6.0747876,0.99770516,1,1,0,0.3755186,0.59279174,1,0
tensor(11541),"tensor(8637., dtype=torch.float64)",tensor(9),0,-3.780393,0.02230487,0,0,0,-3.6249561,0.025958465,0,0,1,4.447511,0.9884278,1,1,0,-4.4108887,0.011998665,0,0,0,-0.70516044,0.3306691,0,0
tensor(11671),"tensor(9821., dtype=torch.float64)",tensor(9),0,3.270622,0.9634071,1,1,1,-0.91742384,0.2854831,0,0,0,-4.223361,0.014437822,0,0,0,-7.9760113,0.00034348926,0,0,0,-6.1261234,0.0021802709,0,0
tensor(11685),"tensor(10021., dtype=torch.float64)",tensor(9),0,-0.011613041,0.4970968,0,1,0,-0.14091842,0.46482858,0,0,1,0.18509701,0.54614264,1,0,0,-2.2292812,0.09715167,0,0,0,-2.8612633,0.054102015,0,0
tensor(11693),"tensor(10172., dtype=torch.float64)",tensor(9),1,5.9526386,0.99740773,1,1,0,-5.180435,0.005594088,0,0,0,-5.681746,0.003396031,0,0,0,-6.646913,0.0012963401,0,0,0,-8.580905,0.00018761988,0,0
tensor(11773),"tensor(19270., dtype=torch.float64)",tensor(9),0,-2.1571915,0.10366111,0,0,1,3.176923,0.9599565,1,1,0,-3.6675127,0.024903877,0,0,0,-0.60068405,0.3541872,0,0,0,-3.3066328,0.035344347,0,0
tensor(11783),"tensor(18381., dtype=torch.float64)",tensor(9),1,4.6814957,0.9908199,1,1,0,-5.9426208,0.0026182674,0,0,0,-4.2270613,0.014385263,0,0,0,-4.799786,0.008164303,0,0,0,-4.9097166,0.0073205917,0,0
tensor(11791),"tensor(3007., dtype=torch.float64)",tensor(9),1,5.7174206,0.99672264,1,1,0,-4.246817,0.014107829,0,0,0,-5.882308,0.002780589,0,0,0,-7.900723,0.00037033838,0,0,0,-7.9495087,0.00035271104,0,0
tensor(11797),"tensor(13293., dtype=torch.float64)",tensor(9),1,3.715143,0.976227,1,1,0,-6.0619426,0.002324455,0,0,0,-3.8831203,0.020171234,0,0,0,-3.9473517,0.01894011,0,0,0,-2.012137,0.11793451,0,0
tensor(11823),"tensor(11996., dtype=torch.float64)",tensor(9),0,-3.2354448,0.037853446,0,0,1,0.12295641,0.53070045,1,0,1,1.68774,0.8439267,1,1,1,1.0695512,0.74451154,1,1,0,0.4623467,0.61357075,1,0
tensor(11825),"tensor(7918., dtype=torch.float64)",tensor(9),1,3.8191996,0.9785259,1,1,0,-1.998537,0.11935661,0,0,0,-4.260992,0.013912025,0,0,0,-6.499719,0.0015016033,0,0,0,-5.2434025,0.0052544978,0,0
tensor(11839),"tensor(15034., dtype=torch.float64)",tensor(9),0,1.3392147,0.7923608,1,1,1,1.4331311,0.8073887,1,1,0,-4.9742923,0.006865943,0,0,0,-5.7017922,0.0033288556,0,0,0,-5.485231,0.0041304454,0,0
tensor(11865),"tensor(20063., dtype=torch.float64)",tensor(9),0,-2.8685904,0.05372828,0,0,0,-1.8881812,0.13145198,0,0,0,-0.86278015,0.2967588,0,0,0,-1.0611514,0.2570895,0,0,0,-4.935565,0.007135124,0,0
tensor(11871),"tensor(18724., dtype=torch.float64)",tensor(9),0,0.74448013,0.67797476,1,1,1,0.109114125,0.5272515,1,0,0,-4.2857037,0.013577059,0,0,0,-2.5647323,0.07144297,0,0,0,0.08836895,0.52207786,1,0
tensor(11873),"tensor(15280., dtype=torch.float64)",tensor(9),0,2.6506937,0.9340538,1,1,0,-6.994324,0.0009162321,0,0,0,-4.7761536,0.008357913,0,0,0,-2.5498717,0.0724351,0,0,1,-0.12659457,0.46839353,0,0
tensor(11879),"tensor(15704., dtype=torch.float64)",tensor(9),0,-3.8593767,0.020645898,0,0,0,-3.3932161,0.032508153,0,0,0,-3.6835952,0.024516303,0,0,0,-3.7041483,0.024029542,0,0,0,-8.155328,0.00028711866,0,0
tensor(11883),"tensor(15317., dtype=torch.float64)",tensor(9),0,-6.896832,0.001009962,0,0,1,3.593518,0.9732346,1,1,1,0.97835094,0.7267809,1,1,0,2.2538502,0.90498215,1,1,0,-0.7260872,0.32605395,0,0
tensor(11889),"tensor(19458., dtype=torch.float64)",tensor(9),0,-6.1047254,0.0022273224,0,0,0,0.595991,0.64473855,1,1,0,2.103814,0.89127326,1,1,1,2.8491592,0.94527525,1,1,0,1.5750623,0.8285041,1,1
tensor(11891),"tensor(16321., dtype=torch.float64)",tensor(9),1,3.7320461,0.97661614,1,1,0,-3.295424,0.03572851,0,0,0,-3.8569558,0.020694906,0,0,0,-5.509905,0.0040301844,0,0,0,-3.6741714,0.024742685,0,0
tensor(11911),"tensor(12403., dtype=torch.float64)",tensor(9),0,-7.1086445,0.0008173345,0,0,0,0.45196784,0.611107,1,1,0,2.5317159,0.9263355,1,1,0,3.473163,0.9699145,1,1,0,1.9248565,0.87267905,1,1
tensor(11915),"tensor(12403., dtype=torch.float64)",tensor(9),0,-5.27691,0.0050822305,0,0,0,-0.73962617,0.3230859,0,0,0,0.92486215,0.7160318,1,1,0,4.597603,0.99002457,1,1,0,1.2759659,0.7817623,1,1
tensor(11921),"tensor(14359., dtype=torch.float64)",tensor(9),1,4.247432,0.9859007,1,1,0,-5.9730225,0.0025400647,0,0,0,-5.4008284,0.004492567,0,0,0,-1.4490125,0.19015358,0,0,0,-5.4693785,0.0041961684,0,0
tensor(11941),"tensor(11811., dtype=torch.float64)",tensor(9),1,1.4991326,0.81744504,1,1,0,-4.222936,0.014443867,0,0,0,-3.1879818,0.0396205,0,0,0,-3.443393,0.030966507,0,0,0,0.8010464,0.69019824,1,0
tensor(11947),"tensor(10077., dtype=torch.float64)",tensor(9),0,-6.477504,0.0015352834,0,0,0,-2.9342008,0.05048856,0,0,1,5.285333,0.9949602,1,1,0,-5.8241735,0.0029465382,0,0,1,3.585639,0.9730287,1,1
tensor(11949),"tensor(15545., dtype=torch.float64)",tensor(9),0,0.66813314,0.661085,1,1,0,0.28202203,0.5700419,1,1,1,-0.9018123,0.2886782,0,0,0,-3.633286,0.02574868,0,0,0,-3.1385355,0.0415454,0,0
tensor(11951),"tensor(16130., dtype=torch.float64)",tensor(9),1,2.959089,0.9506913,1,1,0,-4.001848,0.017953593,0,0,0,-4.5495367,0.010461502,0,0,0,-3.7425077,0.023146171,0,0,0,-1.289819,0.21588346,0,0
tensor(11959),"tensor(359., dtype=torch.float64)",tensor(9),1,-5.1842256,0.0055730427,0,0,0,-0.1826238,0.45447055,0,0,0,0.7708386,0.6837023,1,0,0,3.8221524,0.97858787,1,1,0,1.9574772,0.8762596,1,1
tensor(11963),"tensor(3204., dtype=torch.float64)",tensor(9),0,-6.34204,0.001757612,0,0,1,-0.23876673,0.44059026,0,0,0,-3.6577857,0.025141176,0,0,1,8.379583,0.9997706,1,1,0,0.14541991,0.536291,1,0
tensor(11969),"tensor(5051., dtype=torch.float64)",tensor(9),0,-1.3103988,0.21242012,0,0,1,0.3309979,0.58200216,1,1,0,1.0258902,0.7361184,1,1,0,-2.1366622,0.10558419,0,0,0,0.17351022,0.54326904,1,0
tensor(11989),"tensor(18210., dtype=torch.float64)",tensor(9),1,3.2295506,0.9619312,1,1,0,-4.391687,0.012228442,0,0,0,-1.891904,0.13102753,0,0,0,-3.0434916,0.045499295,0,0,0,-5.0451803,0.006399086,0,0
tensor(11997),"tensor(6971., dtype=torch.float64)",tensor(9),0,-5.465351,0.004213031,0,0,0,-1.5113623,0.18073699,0,0,1,3.4556699,0.9693998,1,1,0,2.0495589,0.88590306,1,1,0,0.32454672,0.58043194,1,0
tensor(12011),"tensor(2215., dtype=torch.float64)",tensor(9),0,-0.57477987,0.36013463,0,0,0,-3.2404075,0.03767312,0,0,0,-5.2488985,0.005225849,0,0,1,4.592097,0.98997,1,1,0,-3.3299549,0.034557737,0,0
tensor(12035),"tensor(5976., dtype=torch.float64)",tensor(9),0,-5.1066494,0.0060198833,0,0,1,2.0460217,0.8855451,1,1,1,2.1933167,0.8996478,1,1,0,-2.613794,0.068255916,0,0,0,-0.038429502,0.49039382,0,0
tensor(12073),"tensor(4161., dtype=torch.float64)",tensor(9),1,5.521076,0.9960145,1,1,0,-7.7819085,0.00041704113,0,0,0,-4.933753,0.0071479715,0,0,0,-3.8579824,0.02067411,0,0,0,-6.2568235,0.0019136574,0,0
tensor(12085),"tensor(658., dtype=torch.float64)",tensor(9),0,-2.2903535,0.09192503,0,0,0,-2.3947585,0.08357326,0,0,0,0.020610228,0.5051524,1,0,0,1.9543865,0.8759241,1,1,0,-0.9700315,0.27487424,0,0
tensor(12115),"tensor(17825., dtype=torch.float64)",tensor(9),1,3.1364386,0.958371,1,1,0,-3.4893718,0.029616153,0,0,0,-3.7723925,0.022480005,0,0,0,-3.2522585,0.037245814,0,0,0,-2.3805811,0.084665515,0,0
tensor(12123),"tensor(14146., dtype=torch.float64)",tensor(9),1,5.1126814,0.99401605,1,1,0,-5.20979,0.0054331394,0,0,0,-4.929021,0.0071816333,0,0,0,-5.163055,0.005691606,0,0,0,-6.9337025,0.00097343803,0,0
tensor(12131),"tensor(9054., dtype=torch.float64)",tensor(9),0,-2.0931933,0.10976015,0,0,0,-1.8394223,0.13711962,0,0,1,2.6489887,0.93394864,1,1,0,-4.2610383,0.01391139,0,0,1,-0.33341736,0.4174094,0,0
tensor(12145),"tensor(9895., dtype=torch.float64)",tensor(9),0,0.19287306,0.54806936,1,1,1,0.27515247,0.5683574,1,0,0,-0.5359865,0.36912173,0,0,0,-0.55597,0.36448047,0,0,0,-3.3768282,0.033027545,0,0
tensor(12151),"tensor(5289., dtype=torch.float64)",tensor(9),0,-6.1664414,0.0020942958,0,0,1,2.4811883,0.92281246,1,1,1,1.8034168,0.8585643,1,1,1,1.0411687,0.7390754,1,1,0,0.96772724,0.7246663,1,0
tensor(12167),"tensor(6286., dtype=torch.float64)",tensor(9),0,-4.9574823,0.006981522,0,0,1,0.38104048,0.594124,1,1,0,0.53720355,0.63116163,1,0,1,4.4854746,0.98885417,1,1,0,-1.4004469,0.1977452,0,0
tensor(12171),"tensor(9970., dtype=torch.float64)",tensor(9),1,2.8446019,0.945039,1,1,0,-2.2675455,0.09384674,0,0,0,-3.1523764,0.040997744,0,0,0,-2.5826566,0.07026298,0,0,0,-5.2846074,0.0050434563,0,0
tensor(12173),"tensor(13066., dtype=torch.float64)",tensor(9),0,-7.520321,0.00054166507,0,0,1,4.959964,0.9930356,1,1,0,0.34748867,0.5860085,1,0,0,1.6448028,0.8381874,1,1,0,-0.5404556,0.36808163,0,0
tensor(12191),"tensor(17566., dtype=torch.float64)",tensor(9),0,-0.014776349,0.49630603,0,1,1,-2.4926872,0.07637242,0,0,0,1.2375611,0.7751392,1,1,0,-5.4391446,0.0043244152,0,0,0,-4.219903,0.014487109,0,0
tensor(12209),"tensor(10632., dtype=torch.float64)",tensor(9),0,-4.159752,0.0153714605,0,0,1,0.5786316,0.64075243,1,1,0,2.2275286,0.90269446,1,1,0,-0.41315493,0.3981559,0,0,0,1.5251496,0.8212955,1,1
tensor(12253),"tensor(9743., dtype=torch.float64)",tensor(9),1,0.9895334,0.72899574,1,1,0,-6.9259157,0.0009810401,0,0,0,-5.238721,0.005279025,0,0,0,1.4373004,0.8080362,1,1,0,-0.14611903,0.46353513,0,0
tensor(12261),"tensor(19080., dtype=torch.float64)",tensor(9),1,4.347834,0.98723036,1,1,0,-5.749854,0.003173144,0,0,0,-4.5679493,0.010272601,0,0,0,-2.509356,0.07520489,0,0,0,-4.9871435,0.0067788656,0,0
tensor(12263),"tensor(8090., dtype=torch.float64)",tensor(9),1,4.371856,0.98752975,1,1,0,-6.2408204,0.001944468,0,0,0,-5.199923,0.0054867193,0,0,0,-2.1346848,0.10577106,0,0,0,-4.5153666,0.010821215,0,0
tensor(12269),"tensor(1234., dtype=torch.float64)",tensor(9),0,-3.9799082,0.018344542,0,0,0,-3.6317716,0.025786696,0,0,1,3.4873934,0.9703269,1,1,0,-3.3151786,0.03505413,0,0,1,3.440206,0.9689377,1,1
tensor(12271),"tensor(17468., dtype=torch.float64)",tensor(9),1,1.6014847,0.8322258,1,1,0,-6.2347374,0.0019563094,0,0,0,-0.40952957,0.3990249,0,0,0,-5.9965854,0.0024810596,0,0,0,-0.102642566,0.4743619,0,0
tensor(12305),"tensor(19763., dtype=torch.float64)",tensor(9),0,-1.8549492,0.13529284,0,0,0,0.9099843,0.71299696,1,1,1,0.75968033,0.6812843,1,0,0,-2.000883,0.119110234,0,0,0,0.7643852,0.6823051,1,0
tensor(12311),"tensor(2026., dtype=torch.float64)",tensor(9),0,2.5393934,0.9268577,1,1,0,-4.134423,0.015759565,0,0,0,-4.6361947,0.009601437,0,0,0,-3.471915,0.030121984,0,0,1,-0.3890206,0.4039531,0,0
tensor(12321),"tensor(3292., dtype=torch.float64)",tensor(9),1,3.876438,0.9796963,1,1,0,-3.6297152,0.025838405,0,0,0,-3.1585865,0.040754277,0,0,0,-4.3248453,0.013062706,0,0,0,-6.224725,0.0019759566,0,0
tensor(12357),"tensor(5461., dtype=torch.float64)",tensor(9),1,2.9005167,0.9478719,1,1,0,-1.9507252,0.1244743,0,0,0,-3.7904503,0.022086594,0,0,0,-5.921333,0.002674452,0,0,0,-2.3521333,0.08689637,0,0
tensor(12361),"tensor(2262., dtype=torch.float64)",tensor(9),1,0.8675077,0.70422685,1,1,0,1.2273775,0.7733593,1,1,0,-4.279909,0.013654882,0,0,0,-4.0518966,0.01709214,0,0,0,-3.4413226,0.031028694,0,0
tensor(12363),"tensor(2264., dtype=torch.float64)",tensor(9),0,1.8315382,0.8619449,1,1,0,-3.5443416,0.028076572,0,0,0,-5.729933,0.0032367846,0,0,0,-3.3085961,0.035277463,0,0,1,0.5838701,0.64195746,1,0
tensor(12441),"tensor(3680., dtype=torch.float64)",tensor(9),0,0.80881965,0.6918579,1,1,0,-5.3448095,0.0047501884,0,0,1,0.465371,0.61428756,1,0,0,-3.3882792,0.032663785,0,0,0,0.0148840435,0.50372094,1,0
tensor(12453),"tensor(4790., dtype=torch.float64)",tensor(9),1,1.9404274,0.87439907,1,1,0,-0.8616605,0.29699254,0,0,0,-3.886367,0.020107163,0,0,0,-3.6430058,0.02550597,0,0,0,-1.2950116,0.21500576,0,0
tensor(12455),"tensor(414., dtype=torch.float64)",tensor(9),1,3.5835936,0.972975,1,1,0,-5.570204,0.0037952452,0,0,0,-3.7719986,0.022488661,0,0,0,-2.8192708,0.05629165,0,0,0,-2.4581833,0.07884218,0,0
tensor(12459),"tensor(13741., dtype=torch.float64)",tensor(9),0,0.12453955,0.53109473,1,1,0,-1.1208693,0.24585007,0,0,0,-2.3862545,0.084226884,0,0,1,1.5765958,0.8287219,1,1,0,-3.9482589,0.018923258,0,0
tensor(12465),"tensor(21107., dtype=torch.float64)",tensor(9),1,1.9296625,0.8732121,1,1,0,-0.6225807,0.34919477,0,0,0,-4.763133,0.00846652,0,0,0,-3.4128308,0.031896867,0,0,0,-1.4470766,0.19045189,0,0
tensor(12469),"tensor(19728., dtype=torch.float64)",tensor(9),1,0.61184406,0.6483613,1,1,0,-0.92129236,0.28469464,0,0,0,-0.121180646,0.46974188,0,0,0,-4.2437344,0.014150769,0,0,0,-3.6444926,0.02546904,0,0
tensor(12493),"tensor(20738., dtype=torch.float64)",tensor(9),0,-1.6518502,0.16085903,0,0,1,1.5447093,0.8241483,1,1,0,-2.9484317,0.049810685,0,0,0,-0.6578277,0.34122774,0,0,1,1.3615129,0.7960055,1,1
tensor(12499),"tensor(6396., dtype=torch.float64)",tensor(9),1,5.1484694,0.9942253,1,1,0,-6.768361,0.0011482572,0,0,0,-5.219883,0.005378874,0,0,0,-4.1140122,0.016079305,0,0,0,-5.477809,0.004161088,0,0
tensor(12525),"tensor(359., dtype=torch.float64)",tensor(9),0,-2.4152176,0.08201961,0,0,0,-0.7607403,0.31848556,0,0,0,0.8487151,0.70029753,1,0,0,0.91940266,0.71492034,1,1,0,-2.3888118,0.08402984,0,0
tensor(12579),"tensor(4269., dtype=torch.float64)",tensor(9),1,1.0789208,0.7462897,1,1,0,-1.6981832,0.15470271,0,0,0,-2.7481644,0.060190402,0,0,0,-0.6161896,0.35064858,0,0,0,-0.34710443,0.41408476,0,0
tensor(12583),"tensor(5961., dtype=torch.float64)",tensor(9),0,-8.337874,0.00023922315,0,0,0,-0.74897677,0.3210443,0,0,1,4.9612885,0.9930448,1,1,0,-0.19544947,0.45129254,0,0,0,3.5614579,0.9723867,1,1
tensor(12615),"tensor(3872., dtype=torch.float64)",tensor(9),0,-6.5787773,0.0013876191,0,0,1,0.4803496,0.6178304,1,1,0,3.8223448,0.97859186,1,1,0,-5.1705623,0.0056492775,0,0,0,3.1106813,0.9573312,1,1
tensor(12645),"tensor(1961., dtype=torch.float64)",tensor(9),1,-0.10091224,0.47479334,0,1,0,-5.1540008,0.0057430756,0,0,0,1.9185477,0.8719764,1,1,0,-3.8509352,0.020817274,0,0,0,-0.84115535,0.3012915,0,0
tensor(12693),"tensor(5739., dtype=torch.float64)",tensor(9),0,-3.428438,0.031418435,0,0,0,-2.371532,0.08536944,0,0,1,3.596553,0.9733137,1,1,0,-1.6213255,0.16502215,0,0,0,0.6156886,0.6492374,1,0
tensor(12741),"tensor(15976., dtype=torch.float64)",tensor(9),0,-3.5277293,0.028533462,0,0,1,2.630752,0.9328147,1,1,1,0.28012154,0.569576,1,0,0,-3.2517412,0.03726437,0,0,0,-4.308737,0.0132720135,0,0
tensor(12753),"tensor(6261., dtype=torch.float64)",tensor(9),0,-5.5774817,0.0037678275,0,0,0,-0.70125824,0.3315333,0,0,1,3.9469934,0.9810532,1,1,0,-2.7795882,0.05843721,0,0,1,2.3732944,0.9147681,1,1
tensor(12789),"tensor(11149., dtype=torch.float64)",tensor(9),1,1.1403179,0.757738,1,1,0,0.9432974,0.71976525,1,1,0,-4.4184594,0.011909246,0,0,0,-4.189748,0.014924005,0,0,0,-2.9675016,0.048915822,0,0
tensor(12805),"tensor(21686., dtype=torch.float64)",tensor(9),1,2.0617359,0.8871281,1,1,0,-0.9297974,0.2829658,0,0,0,-2.3945217,0.0835914,0,0,0,-3.0630186,0.044658743,0,0,0,-3.3584065,0.033620954,0,0
tensor(12863),"tensor(10495., dtype=torch.float64)",tensor(9),0,3.4534051,0.9693326,1,1,0,-5.3439846,0.0047540898,0,0,1,-3.6676843,0.024899706,0,0,0,-4.2877545,0.013549619,0,0,0,-1.6613712,0.15957801,0,0
tensor(12869),"tensor(13894., dtype=torch.float64)",tensor(9),0,-1.8879476,0.13147867,0,0,0,-1.0505439,0.25912067,0,0,0,-1.2364391,0.22505644,0,0,0,-0.01662492,0.49584386,0,0,0,-3.5781114,0.02716959,0,0
tensor(12871),"tensor(14167., dtype=torch.float64)",tensor(9),0,-5.9452286,0.0026114662,0,0,1,1.8178431,0.86030716,1,1,1,1.7559094,0.8526966,1,1,0,1.8038806,0.85862064,1,1,1,1.1872107,0.76624185,1,1
tensor(12873),"tensor(8770., dtype=torch.float64)",tensor(9),0,-3.206515,0.038921285,0,0,1,3.5012112,0.97072226,1,1,0,-4.0806103,0.016616382,0,0,0,0.49142146,0.62044126,1,0,0,0.6443105,0.6557272,1,0
tensor(12903),"tensor(1242., dtype=torch.float64)",tensor(9),0,-5.918437,0.0026821871,0,0,0,-0.016436253,0.49589103,0,0,1,3.5182545,0.97120273,1,1,0,-0.6977007,0.3323222,0,0,0,2.1205425,0.89288384,1,1
tensor(12913),"tensor(17771., dtype=torch.float64)",tensor(9),1,3.8334024,0.9788223,1,1,0,-5.673786,0.003423078,0,0,0,-2.129348,0.10627691,0,0,0,-6.4003363,0.0016582442,0,0,0,-4.548729,0.010469867,0,0
tensor(12947),"tensor(4622., dtype=torch.float64)",tensor(9),1,4.635949,0.99039626,1,1,0,-6.0406322,0.0023744025,0,0,0,-4.8125486,0.008061602,0,0,0,-1.4562567,0.1890405,0,0,0,-8.278704,0.00025380164,0,0
tensor(12965),"tensor(15797., dtype=torch.float64)",tensor(9),1,4.99928,0.99330235,1,1,0,-6.0481744,0.002356604,0,0,0,-4.6512494,0.009459331,0,0,0,-4.136592,0.015725952,0,0,0,-6.40211,0.0016553103,0,0
tensor(12973),"tensor(15118., dtype=torch.float64)",tensor(9),0,0.40485024,0.59985244,1,1,1,1.7615339,0.85340166,1,1,0,-5.733712,0.0032246138,0,0,0,-3.1828547,0.03981606,0,0,0,-3.4569943,0.030560957,0,0
tensor(13013),"tensor(12125., dtype=torch.float64)",tensor(9),0,-8.059915,0.000315854,0,0,1,2.2916741,0.9081851,1,1,1,2.4777427,0.92256665,1,1,0,1.8617606,0.865502,1,1,0,2.3167872,0.9102579,1,1
tensor(13029),"tensor(2363., dtype=torch.float64)",tensor(9),1,-1.3495314,0.20594698,0,0,0,-4.3567605,0.012657583,0,0,0,-4.2803373,0.013649118,0,0,0,-2.4488266,0.07952441,0,0,0,3.8589883,0.9793463,1,1
tensor(13041),"tensor(702., dtype=torch.float64)",tensor(9),0,-5.7672763,0.0031185108,0,0,0,3.6188724,0.97388726,1,1,1,1.3436401,0.7930879,1,1,1,-2.1898282,0.10066765,0,0,0,0.15533702,0.5387564,1,0
tensor(13051),"tensor(18138., dtype=torch.float64)",tensor(9),1,2.4884257,0.92332643,1,1,0,-1.611246,0.16641569,0,0,0,-3.7589922,0.022776363,0,0,0,-4.9383283,0.0071155746,0,0,0,-1.7233722,0.15143731,0,0
tensor(13069),"tensor(12204., dtype=torch.float64)",tensor(9),0,-5.887809,0.0027653778,0,0,1,1.1468598,0.7589369,1,1,0,0.87391084,0.7055588,1,0,1,4.6379333,0.9904151,1,1,0,-0.32124308,0.42037278,0,0
tensor(13073),"tensor(7003., dtype=torch.float64)",tensor(9),1,2.1485777,0.89553577,1,1,0,-5.4500055,0.0042779017,0,0,0,-4.367777,0.012520643,0,0,0,-4.8502517,0.00776563,0,0,0,0.798896,0.6897383,1,0
tensor(13099),"tensor(10047., dtype=torch.float64)",tensor(9),0,-0.35973153,0.41102457,0,0,1,0.22982743,0.55720526,1,0,0,-2.5750153,0.07076381,0,0,0,0.2003662,0.5499247,1,0,0,0.43190244,0.6063279,1,0
tensor(13119),"tensor(2094., dtype=torch.float64)",tensor(9),1,4.35389,0.9873065,1,1,0,-6.187219,0.0020513183,0,0,0,-3.579387,0.027135897,0,0,0,-2.2112708,0.09874292,0,0,0,-6.540498,0.001441688,0,0
tensor(13137),"tensor(18138., dtype=torch.float64)",tensor(9),0,1.2855307,0.78338975,1,1,0,-2.0898468,0.11008759,0,0,1,-0.18467471,0.45396212,0,0,0,-3.3317056,0.034499373,0,0,0,-1.6759154,0.15763709,0,0
tensor(13159),"tensor(20691., dtype=torch.float64)",tensor(9),0,-0.89784837,0.28949285,0,0,1,1.6735418,0.84204745,1,1,0,-0.850895,0.29924515,0,0,0,-6.0022254,0.0024671406,0,0,0,-3.0186567,0.046590105,0,0
tensor(13201),"tensor(11587., dtype=torch.float64)",tensor(9),0,-8.877833,0.00013942651,0,0,0,-1.8713424,0.13338648,0,0,1,5.969837,0.99745184,1,1,1,-0.84288204,0.30092812,0,0,0,3.8742423,0.9796525,1,1
tensor(13229),"tensor(18388., dtype=torch.float64)",tensor(9),1,-1.7396913,0.14935216,0,0,0,2.2535992,0.9049606,1,1,0,-0.5210108,0.3726159,0,0,0,-3.6235406,0.025994278,0,0,0,-2.7533834,0.059895847,0,0
tensor(13281),"tensor(13547., dtype=torch.float64)",tensor(9),0,-5.36668,0.0046479045,0,0,0,-0.83586687,0.30240598,0,0,0,-0.8166074,0.30648428,0,0,1,6.531822,0.99854577,1,1,0,0.2694768,0.5669645,1,0
tensor(13321),"tensor(19906., dtype=torch.float64)",tensor(9),0,-5.1416745,0.00581389,0,0,0,-0.82541835,0.3046147,0,0,1,3.5489728,0.9720496,1,1,1,-0.71446604,0.32861277,0,0,0,2.005671,0.88139117,1,1
tensor(13329),"tensor(21176., dtype=torch.float64)",tensor(9),0,-3.4976366,0.029379554,0,0,1,4.926648,0.9928014,1,1,0,-2.921748,0.051088896,0,0,0,-3.4435308,0.030962374,0,0,0,-1.7503467,0.14800349,0,0
tensor(13345),"tensor(11725., dtype=torch.float64)",tensor(9),0,-1.6594256,0.15983911,0,0,1,0.9757328,0.7262608,1,1,0,0.7021647,0.66866755,1,0,0,-1.4272716,0.19352415,0,0,0,0.26411226,0.5656469,1,0
tensor(13417),"tensor(20901., dtype=torch.float64)",tensor(9),0,-7.094955,0.00082859106,0,0,1,6.068389,0.99769044,1,1,0,0.041269563,0.51031595,1,0,0,-2.4510572,0.079361275,0,0,0,-0.91040134,0.28691772,0,0
tensor(13427),"tensor(8047., dtype=torch.float64)",tensor(9),1,3.8068864,0.9782656,1,1,0,-6.0667033,0.0023134407,0,0,0,-3.2309215,0.03801853,0,0,0,-3.556,0.027760176,0,0,0,-3.2792742,0.03628909,0,0
tensor(13445),"tensor(11929., dtype=torch.float64)",tensor(9),0,-4.7809467,0.00831828,0,0,1,3.9568603,0.98123574,1,1,0,0.32023656,0.57938194,1,0,0,-2.676294,0.06438677,0,0,1,-0.0073801465,0.49815497,0,0
tensor(13487),"tensor(11859., dtype=torch.float64)",tensor(9),0,3.882511,0.97981673,1,1,0,-3.9014096,0.019812912,0,0,0,-5.907084,0.0027127285,0,0,1,-1.1314486,0.24389385,0,0,0,-8.794669,0.0001515158,0,0
tensor(13503),"tensor(13889., dtype=torch.float64)",tensor(9),0,-7.7683883,0.00042271556,0,0,1,4.3296328,0.98699886,1,1,0,0.53380394,0.6303699,1,0,0,3.6211343,0.97394466,1,1,0,-2.0553565,0.11351225,0,0
tensor(13505),"tensor(19172., dtype=torch.float64)",tensor(9),1,0.49120483,0.6203902,1,1,0,-0.5790306,0.35915568,0,0,0,-0.5559313,0.36448938,0,0,0,-7.410449,0.00060453336,0,0,0,-5.7308216,0.0032339185,0,0
tensor(13515),"tensor(9759., dtype=torch.float64)",tensor(9),0,-5.985322,0.002509092,0,0,1,3.711916,0.976152,1,1,0,-3.3015668,0.035517476,0,0,1,4.5116315,0.9891388,1,1,1,0.4454094,0.6095472,1,0
tensor(13563),"tensor(10023., dtype=torch.float64)",tensor(9),0,-4.4600782,0.011429319,0,0,1,1.0330893,0.7375144,1,1,0,-3.8578117,0.020677565,0,0,1,5.4078465,0.99553865,1,1,0,0.6338156,0.6533541,1,0
tensor(13581),"tensor(14982., dtype=torch.float64)",tensor(9),0,-7.013113,0.0008991932,0,0,1,3.1877177,0.9603694,1,1,0,0.90323544,0.7116139,1,1,0,3.3615453,0.96648085,1,1,0,-0.011691589,0.49707714,0,0
tensor(13585),"tensor(20709., dtype=torch.float64)",tensor(9),0,-3.4526536,0.030689823,0,0,1,2.9940124,0.95230293,1,1,0,-2.6003196,0.06911785,0,0,0,1.7403526,0.85073185,1,1,0,-0.50979406,0.37524182,0,0
tensor(13605),"tensor(13177., dtype=torch.float64)",tensor(9),1,2.932418,0.94942594,1,1,0,-6.4099183,0.0016424567,0,0,0,-2.0767872,0.11137353,0,0,0,-7.128089,0.00080160797,0,0,0,-0.88510436,0.29212114,0,0
tensor(13621),"tensor(17422., dtype=torch.float64)",tensor(9),1,4.0811257,0.983392,1,1,0,-5.0683384,0.006253515,0,0,0,-3.202318,0.039078593,0,0,0,-3.5022895,0.029247157,0,0,0,-5.9207354,0.0026760462,0,0
tensor(13641),"tensor(11537., dtype=torch.float64)",tensor(9),0,-0.22111154,0.44494623,0,1,0,-3.6635983,0.024999106,0,0,1,0.26384673,0.5655817,1,0,1,1.4965656,0.81706166,1,1,0,-3.0175214,0.046640567,0,0
tensor(13725),"tensor(2836., dtype=torch.float64)",tensor(9),0,-0.8334551,0.302915,0,0,0,-1.6194795,0.16527666,0,0,0,-2.909344,0.05169358,0,0,1,3.4454253,0.9690944,1,1,1,-1.4513355,0.1897961,0,0
tensor(13771),"tensor(15680., dtype=torch.float64)",tensor(9),0,-3.1812823,0.039876215,0,0,1,3.26969,0.9633742,1,1,0,-1.75471,0.14745413,0,0,0,-0.14734745,0.46322966,0,0,0,-0.39514473,0.4024794,0,0
tensor(13785),"tensor(13454., dtype=torch.float64)",tensor(9),1,-1.8617108,0.13450378,0,0,0,2.991353,0.952182,1,1,0,-1.448874,0.19017492,0,0,0,-4.2136335,0.014576891,0,0,0,-2.837822,0.05531424,0,0
tensor(13787),"tensor(15036., dtype=torch.float64)",tensor(9),0,-3.4941843,0.02947816,0,0,1,1.5889544,0.8304689,1,1,0,0.12153594,0.53034663,1,0,0,2.1635387,0.8969271,1,1,0,0.2318498,0.5577042,1,0
tensor(13789),"tensor(19137., dtype=torch.float64)",tensor(9),0,-1.0159013,0.26582655,0,0,0,-3.1098332,0.042703457,0,0,1,2.3844101,0.91563076,1,1,0,-6.94304,0.0009643996,0,0,0,-3.201429,0.039111987,0,0
tensor(13815),"tensor(1271., dtype=torch.float64)",tensor(9),0,-0.62997603,0.34751597,0,0,1,2.6583867,0.93452597,1,1,0,-3.4442503,0.030940792,0,0,0,-6.3584847,0.0017289944,0,0,0,-3.0341907,0.045904938,0,0
tensor(13829),"tensor(11216., dtype=torch.float64)",tensor(9),0,2.9905994,0.9521476,1,1,0,-3.227814,0.038132347,0,0,0,-2.7512004,0.060018886,0,0,1,-4.1369386,0.01572059,0,0,0,-2.7752037,0.05867892,0,0
tensor(13831),"tensor(1672., dtype=torch.float64)",tensor(9),0,-6.5347104,0.0014500436,0,0,1,1.0502576,0.74082434,1,1,0,-0.9222483,0.2845,0,0,1,6.90453,0.99899775,1,1,0,-0.14133316,0.46472543,0,0
tensor(13839),"tensor(8114., dtype=torch.float64)",tensor(9),0,-2.0377004,0.11530109,0,0,1,3.3785512,0.9670274,1,1,0,-2.1637387,0.10305435,0,0,0,-3.0420198,0.04556325,0,0,0,-2.496039,0.076136336,0,0
tensor(13883),"tensor(12521., dtype=torch.float64)",tensor(9),0,-4.124072,0.015920924,0,0,0,-3.7831492,0.022244837,0,0,1,4.200247,0.98522955,1,1,0,-1.7763731,0.14475156,0,0,0,1.576046,0.8286438,1,1
tensor(13909),"tensor(3380., dtype=torch.float64)",tensor(9),1,4.5907607,0.9899567,1,1,0,-4.952064,0.007019187,0,0,0,-3.1039026,0.042946562,0,0,0,-6.7688804,0.0011476617,0,0,0,-6.3466682,0.0017495103,0,0
tensor(13925),"tensor(18847., dtype=torch.float64)",tensor(9),1,2.4110463,0.91766584,1,1,0,-4.8480244,0.007782811,0,0,0,-2.813877,0.05657888,0,0,0,-4.301227,0.013370721,0,0,0,-0.1779954,0.45561823,0,0
tensor(13929),"tensor(11984., dtype=torch.float64)",tensor(9),1,3.2261145,0.9618053,1,1,0,-5.231987,0.005314504,0,0,0,-2.0102718,0.11812866,0,0,0,-6.1263824,0.0021797079,0,0,0,-2.2789443,0.092881866,0,0
tensor(13953),"tensor(610., dtype=torch.float64)",tensor(9),0,-6.83592,0.0010733252,0,0,1,2.4483016,0.9204371,1,1,0,1.2994348,0.78573984,1,1,1,3.1079075,0.9572177,1,1,0,1.2012306,0.76874363,1,1
tensor(13977),"tensor(19446., dtype=torch.float64)",tensor(9),1,3.6773326,0.97533345,1,1,0,-4.268083,0.013815081,0,0,0,-2.3773935,0.08491288,0,0,0,-4.6266303,0.009692815,0,0,0,-5.6952515,0.0033506274,0,0
tensor(13983),"tensor(2799., dtype=torch.float64)",tensor(9),0,-2.8305867,0.055693533,0,0,1,0.94331634,0.71976906,1,1,1,-2.475951,0.0775614,0,0,1,3.8091187,0.9783131,1,1,1,-0.92726254,0.2834804,0,0
tensor(13991),"tensor(5973., dtype=torch.float64)",tensor(9),1,2.2113054,0.9012602,1,1,0,-2.3297622,0.088687874,0,0,0,-5.065868,0.0062688864,0,0,0,-3.0255258,0.046285935,0,0,0,-0.5828433,0.35827863,0,0
tensor(14013),"tensor(13685., dtype=torch.float64)",tensor(9),1,3.6737282,0.9752466,1,1,0,-5.260312,0.005166848,0,0,0,-5.1238637,0.00591775,0,0,0,-3.06549,0.044553414,0,0,0,-2.275986,0.09313142,0,0
tensor(14019),"tensor(7628., dtype=torch.float64)",tensor(9),0,-4.9149666,0.0072825383,0,0,1,1.1505406,0.75960964,1,1,1,1.5839763,0.82976687,1,1,1,1.6152265,0.8341358,1,1,0,1.2912846,0.7843646,1,1
tensor(14033),"tensor(10493., dtype=torch.float64)",tensor(9),0,3.3027513,0.96452314,1,1,0,-1.4933989,0.1834121,0,0,0,-3.9038317,0.01976593,0,0,1,-4.201647,0.01475008,0,0,0,-5.791829,0.0030431051,0,0
tensor(14047),"tensor(15010., dtype=torch.float64)",tensor(9),0,-5.9714746,0.0025439889,0,0,0,-3.1414857,0.041428085,0,0,0,-5.6600466,0.00347027,0,0,1,9.1212225,0.9998907,1,1,0,0.54499024,0.6329725,1,0
tensor(14059),"tensor(10131., dtype=torch.float64)",tensor(9),0,-1.0517606,0.2588872,0,0,0,-0.96272624,0.27633268,0,0,0,-3.3931224,0.0325111,0,0,1,3.6103094,0.97366863,1,1,0,-1.9803545,0.12128104,0,0
tensor(14075),"tensor(7883., dtype=torch.float64)",tensor(9),1,0.14208458,0.5354615,1,1,0,-3.223589,0.038287614,0,0,0,-0.86528975,0.29623535,0,0,0,1.5053248,0.8183673,1,1,0,-1.2675405,0.2196786,0,0
tensor(14093),"tensor(2048., dtype=torch.float64)",tensor(9),0,-2.819277,0.056291323,0,0,1,-0.10725084,0.47321296,0,0,1,0.68286127,0.66437703,1,0,1,2.5996025,0.93083596,1,1,0,-1.8902297,0.13121828,0,0
tensor(14109),"tensor(3581., dtype=torch.float64)",tensor(9),0,-5.1892114,0.0055454797,0,0,1,0.6129746,0.648619,1,1,0,-1.6096767,0.16663349,0,0,1,6.3238244,0.9982102,1,1,0,-1.2195666,0.22801274,0,0
tensor(14113),"tensor(5562., dtype=torch.float64)",tensor(9),1,3.3951707,0.9675532,1,1,0,-3.0068913,0.047115516,0,0,0,-3.49357,0.029495737,0,0,0,-5.086168,0.0061436854,0,0,0,-3.364418,0.033426188,0,0
tensor(14129),"tensor(19019., dtype=torch.float64)",tensor(9),1,5.332174,0.99518967,1,1,0,-5.643777,0.003526991,0,0,0,-4.3474035,0.012775053,0,0,0,-8.627012,0.00017916715,0,0,0,-5.9873,0.002504147,0,0
tensor(14155),"tensor(16498., dtype=torch.float64)",tensor(9),0,-0.8069868,0.30853295,0,0,1,3.1201253,0.9577153,1,1,0,-5.027919,0.0065097786,0,0,0,-4.0374274,0.01733693,0,0,0,-4.401161,0.0121145295,0,0
tensor(14161),"tensor(15261., dtype=torch.float64)",tensor(9),0,-8.018327,0.00032926226,0,0,0,-2.1874247,0.10088546,0,0,1,5.641526,0.9964651,1,1,0,-1.9196378,0.12790197,0,0,1,4.2905035,0.9864871,1,1
tensor(14169),"tensor(17962., dtype=torch.float64)",tensor(9),1,5.620522,0.9963903,1,1,0,-6.7179947,0.0012075002,0,0,0,-5.7873154,0.0030568298,0,0,0,-4.897486,0.007410007,0,0,0,-5.772664,0.0031018064,0,0
tensor(14207),"tensor(18528., dtype=torch.float64)",tensor(9),1,2.639694,0.9333729,1,1,0,-1.4775428,0.18579885,0,0,0,-3.6512501,0.025301855,0,0,0,-3.6671417,0.024912886,0,0,0,-2.9798062,0.04834654,0,0
tensor(14219),"tensor(10518., dtype=torch.float64)",tensor(9),0,-6.119334,0.0021950912,0,0,0,-3.1712337,0.040262718,0,0,0,-2.4787118,0.0773641,0,0,1,8.42859,0.99978155,1,1,0,0.871094,0.7049733,1,0
tensor(14235),"tensor(8371., dtype=torch.float64)",tensor(9),1,-3.803659,0.0218031,0,0,0,-2.7931166,0.057697285,0,0,0,3.988343,0.98180676,1,1,0,-2.5477126,0.07258031,0,0,0,0.29985934,0.5744081,1,0
tensor(14297),"tensor(7800., dtype=torch.float64)",tensor(9),0,-1.3402237,0.20747328,0,0,0,-4.9780145,0.0068406085,0,0,1,3.043911,0.9545189,1,1,0,-4.4549613,0.011487278,0,0,0,-2.4796982,0.07729373,0,0
tensor(14339),"tensor(8081., dtype=torch.float64)",tensor(9),1,3.349493,0.96608824,1,1,0,-4.244796,0.014135971,0,0,0,-1.9381663,0.12584946,0,0,0,-6.292617,0.0018464967,0,0,0,-3.84826,0.020871876,0,0
tensor(14349),"tensor(529., dtype=torch.float64)",tensor(9),0,-3.4998982,0.029315125,0,0,1,0.29523298,0.5732768,1,1,1,0.72999,0.6748031,1,0,0,0.59241605,0.6439193,1,0,0,-3.8728142,0.02037594,0,0
tensor(14385),"tensor(3687., dtype=torch.float64)",tensor(9),1,2.0112529,0.8819735,1,1,0,-6.0256686,0.002410113,0,0,0,0.30205944,0.5749459,1,0,0,-7.0082564,0.00090356695,0,0,0,-4.965308,0.0069274753,0,0
tensor(14403),"tensor(488., dtype=torch.float64)",tensor(9),1,-0.1847446,0.45394477,0,1,0,-0.23040605,0.44265196,0,0,0,-0.24534374,0.43896988,0,0,0,0.4861492,0.61919886,1,0,0,-0.016117547,0.49597067,0,0
tensor(14407),"tensor(9815., dtype=torch.float64)",tensor(9),1,2.7876465,0.9420047,1,1,0,-2.9975474,0.047536798,0,0,0,-6.4109797,0.0016407171,0,0,0,0.061657228,0.5154094,1,0,0,-6.917237,0.000989583,0,0
tensor(14435),"tensor(20180., dtype=torch.float64)",tensor(9),1,2.834822,0.9445288,1,1,0,-3.9736257,0.018458022,0,0,0,-3.7019496,0.024081161,0,0,0,-3.8267353,0.021316327,0,0,0,-1.1308796,0.24399878,0,0
tensor(14449),"tensor(488., dtype=torch.float64)",tensor(9),1,1.4154572,0.8046253,1,1,0,-2.0933626,0.10974362,0,0,0,-1.0004536,0.26885226,0,0,0,-1.6172514,0.16558428,0,0,0,-0.9330566,0.282305,0,0
tensor(14461),"tensor(3403., dtype=torch.float64)",tensor(9),1,-1.2127203,0.22922009,0,0,0,2.6726723,0.93539476,1,1,0,-3.372783,0.03315698,0,0,0,-3.7157443,0.023759088,0,0,0,-0.6621083,0.34026617,0,0
tensor(14467),"tensor(1716., dtype=torch.float64)",tensor(9),0,-5.065748,0.006269632,0,0,0,-2.991169,0.047826424,0,0,0,-2.2023568,0.09953904,0,0,1,7.2303634,0.9992762,1,1,1,0.67564106,0.66276515,1,0
tensor(14487),"tensor(15893., dtype=torch.float64)",tensor(9),0,-5.011068,0.006619672,0,0,1,1.5978297,0.83171487,1,1,0,0.9138905,0.7137956,1,1,1,3.007551,0.9529141,1,1,0,-1.4738462,0.18635873,0,0
tensor(14493),"tensor(3716., dtype=torch.float64)",tensor(9),0,-5.6408157,0.0035374137,0,0,0,-2.2117527,0.09870005,0,0,0,-2.5491421,0.072484136,0,0,1,7.643199,0.9995209,1,1,1,0.95038533,0.72119266,1,0
tensor(14495),"tensor(17466., dtype=torch.float64)",tensor(9),0,0.83660686,0.69775003,1,1,1,1.6984437,0.8453314,1,1,0,-5.43113,0.0043590614,0,0,0,-4.3593616,0.012625116,0,0,0,-6.578294,0.0013882892,0,0
tensor(14509),"tensor(5555., dtype=torch.float64)",tensor(9),1,-0.5636802,0.36269635,0,0,0,-0.5383798,0.36856458,0,0,0,0.82137436,0.69452804,1,0,0,-1.6256932,0.1644212,0,0,0,0.1961773,0.5488876,1,0
tensor(14519),"tensor(19301., dtype=torch.float64)",tensor(9),1,4.0559525,0.9829759,1,1,0,-4.7524734,0.008556478,0,0,0,-3.0860784,0.04368517,0,0,0,-4.4627295,0.011399403,0,0,0,-5.350717,0.0047223414,0,0
tensor(14549),"tensor(4932., dtype=torch.float64)",tensor(9),1,-0.5787699,0.3592157,0,0,0,-1.6440083,0.1619204,0,0,0,1.275461,0.7816762,1,1,0,-7.046682,0.0008695352,0,0,0,-3.0116997,0.04690011,0,0
tensor(14589),"tensor(4395., dtype=torch.float64)",tensor(9),0,-5.7468214,0.0031827516,0,0,1,3.641407,0.9744543,1,1,1,1.1670117,0.7626045,1,1,0,-0.63228816,0.3469919,0,0,1,-0.23479304,0.44156992,0,0
tensor(14601),"tensor(6780., dtype=torch.float64)",tensor(9),0,-3.1723287,0.04022043,0,0,0,-1.8533236,0.13548316,0,0,1,3.1080527,0.9572237,1,1,0,-1.5511808,0.17491579,0,0,0,0.9780911,0.7267293,1,0
tensor(14615),"tensor(11573., dtype=torch.float64)",tensor(9),0,-3.419981,0.031676814,0,0,0,-0.6509201,0.34278223,0,0,1,2.5978684,0.9307243,1,1,0,-1.0248139,0.26409078,0,0,0,1.2519791,0.77764225,1,1
tensor(14671),"tensor(14147., dtype=torch.float64)",tensor(9),0,-4.679282,0.009200246,0,0,0,-0.45807356,0.38744295,0,0,1,2.4498222,0.92054844,1,1,1,2.0848756,0.8894244,1,1,0,-0.66575354,0.33944836,0,0
tensor(14741),"tensor(6796., dtype=torch.float64)",tensor(9),0,-9.905917,4.9876176e-05,0,0,0,0.420772,0.6036679,1,1,0,2.8749833,0.9465958,1,1,1,4.6449695,0.9904817,1,1,1,3.8542213,0.97924966,1,1
tensor(14777),"tensor(12067., dtype=torch.float64)",tensor(9),0,-6.717011,0.0012086873,0,0,1,4.8852606,0.99249953,1,1,0,0.84382963,0.69927114,1,0,0,-2.1061673,0.10849884,0,0,0,-0.28448847,0.4293537,0,0
tensor(14791),"tensor(16256., dtype=torch.float64)",tensor(9),1,3.5804284,0.9728916,1,1,0,-1.5369531,0.17697865,0,0,0,-5.005663,0.0066553084,0,0,0,-5.6845136,0.0033866775,0,0,0,-5.620061,0.0036113313,0,0
tensor(14809),"tensor(21216., dtype=torch.float64)",tensor(9),1,3.9293554,0.9807226,1,1,0,-3.9078817,0.01968761,0,0,0,-4.63628,0.009600624,0,0,0,-5.4717946,0.0041860845,0,0,0,-3.0754635,0.044130787,0,0
tensor(14835),"tensor(10164., dtype=torch.float64)",tensor(9),1,0.98080194,0.7272673,1,1,0,1.0330684,0.7375104,1,1,0,-4.0048656,0.01790047,0,0,0,-3.2614982,0.03691591,0,0,0,-5.699709,0.003335775,0,0
tensor(14887),"tensor(1841., dtype=torch.float64)",tensor(9),0,-5.2382364,0.00528157,0,0,0,0.10263619,0.5256365,1,0,0,1.0387509,0.73860896,1,1,1,4.5860763,0.98991007,1,1,0,0.06641391,0.5165974,1,0
tensor(14901),"tensor(1075., dtype=torch.float64)",tensor(9),1,1.2343743,0.7745832,1,1,0,0.41750833,0.60288686,1,1,0,-3.686688,0.024442447,0,0,0,-3.8789892,0.020253045,0,0,0,-1.593065,0.1689531,0,0
tensor(14921),"tensor(6074., dtype=torch.float64)",tensor(9),1,1.2419742,0.77590746,1,1,0,-1.7039051,0.15395592,0,0,0,-3.642248,0.025524814,0,0,0,-1.8511047,0.13574325,0,0,0,0.09242535,0.5230899,1,0
tensor(14969),"tensor(6531., dtype=torch.float64)",tensor(9),0,0.6187529,0.6499349,1,1,0,-3.8309932,0.021227678,0,0,1,0.6389571,0.65451765,1,0,0,-5.947845,0.0026046603,0,0,0,-1.1271738,0.24468306,0,0
tensor(14979),"tensor(475., dtype=torch.float64)",tensor(9),1,1.0000917,0.73107666,1,1,0,-0.7636944,0.3178447,0,0,0,-0.827452,0.3041841,0,0,0,-4.120353,0.015979292,0,0,0,-3.7524004,0.022923544,0,0
tensor(15005),"tensor(2055., dtype=torch.float64)",tensor(9),1,-1.5888951,0.1695394,0,0,0,-3.634965,0.025706595,0,0,1,2.740853,0.93939465,1,1,0,-4.4513164,0.0115287425,0,0,0,-0.27221647,0.43236303,0,0
tensor(15009),"tensor(9561., dtype=torch.float64)",tensor(9),1,0.9285338,0.71677774,1,1,0,-1.5745114,0.17157422,0,0,0,-3.09611,0.043267995,0,0,0,0.837246,0.69788486,1,1,0,-3.3162546,0.03501775,0,0
tensor(15071),"tensor(19222., dtype=torch.float64)",tensor(9),0,-1.7123256,0.15286233,0,0,0,-2.670852,0.064715385,0,0,1,2.7779472,0.9414725,1,1,0,-4.97212,0.0068807723,0,0,0,-2.0215025,0.11696372,0,0
tensor(15079),"tensor(6194., dtype=torch.float64)",tensor(9),0,-1.4980645,0.18271439,0,0,0,-2.505161,0.07549716,0,0,1,2.262256,0.9057025,1,1,0,-0.94469804,0.27995232,0,0,0,-0.17811233,0.45558923,0,0
tensor(15093),"tensor(3321., dtype=torch.float64)",tensor(9),0,-0.64908504,0.34319574,0,0,1,-0.91761655,0.28544378,0,0,0,1.3138064,0.78814936,1,1,0,-1.7185993,0.15205166,0,0,0,-1.2419682,0.22409359,0,0
tensor(15119),"tensor(7803., dtype=torch.float64)",tensor(9),0,3.9024441,0.98020715,1,1,0,-5.8894606,0.0027608261,0,0,0,-6.056532,0.0023370364,0,0,0,-1.4932691,0.18343157,0,0,1,-3.162173,0.0406143,0,0
tensor(15125),"tensor(960., dtype=torch.float64)",tensor(9),0,-4.2103705,0.0146238385,0,0,1,0.5819895,0.6415251,1,1,1,2.13895,0.8946317,1,1,0,-1.519234,0.17957436,0,0,1,2.1693761,0.8974656,1,1
tensor(15137),"tensor(14274., dtype=torch.float64)",tensor(9),1,4.649546,0.9905247,1,1,0,-5.0256085,0.006524737,0,0,0,-5.5169888,0.0040018493,0,0,0,-2.9092555,0.05169792,0,0,0,-5.9375343,0.002631584,0,0
tensor(15153),"tensor(21608., dtype=torch.float64)",tensor(9),1,2.526757,0.9259964,1,1,0,0.2707379,0.56727403,1,0,0,-4.640052,0.009564827,0,0,0,-5.9295936,0.002652508,0,0,0,-5.799175,0.0030209008,0,0
tensor(15171),"tensor(9442., dtype=torch.float64)",tensor(9),1,4.486286,0.988863,1,1,0,-2.9864278,0.0480428,0,0,0,-5.8264294,0.0029399178,0,0,0,-3.0945344,0.043333273,0,0,0,-8.053131,0.00031800318,0,0
tensor(15211),"tensor(20875., dtype=torch.float64)",tensor(9),1,1.9540741,0.8758902,1,1,0,-1.914322,0.12849607,0,0,0,-3.7814317,0.022282228,0,0,0,-3.3389537,0.034258753,0,0,0,-0.54315996,0.3674528,0,0
tensor(15251),"tensor(11092., dtype=torch.float64)",tensor(9),0,-5.7353997,0.0032191945,0,0,0,0.99181926,0.72944707,1,1,1,1.8211249,0.8607011,1,1,1,2.954913,0.9504951,1,1,1,0.18961823,0.547263,1,0
tensor(15301),"tensor(15228., dtype=torch.float64)",tensor(9),0,-4.1566167,0.015418984,0,0,0,-2.0372753,0.115344465,0,0,1,3.739729,0.9767909,1,1,0,-1.6972941,0.154819,0,0,0,0.42562947,0.6048295,1,0
tensor(15341),"tensor(13753., dtype=torch.float64)",tensor(9),0,-8.232059,0.00026591748,0,0,0,1.297269,0.78537506,1,1,1,3.4980052,0.97063094,1,1,0,1.0875878,0.7479272,1,1,1,2.506155,0.92457217,1,1
tensor(15343),"tensor(13897., dtype=torch.float64)",tensor(9),1,1.0227039,0.7354989,1,1,0,-1.0754532,0.25436744,0,0,0,-0.50638103,0.37604228,0,0,0,-1.0549428,0.2582771,0,0,0,-1.6258737,0.1643964,0,0
tensor(15361),"tensor(9500., dtype=torch.float64)",tensor(9),1,2.1271815,0.89351714,1,1,0,-3.3440313,0.03409116,0,0,0,-2.2533395,0.09506179,0,0,0,-2.0875342,0.11031434,0,0,0,-1.2417753,0.22412713,0,0
tensor(15363),"tensor(15507., dtype=torch.float64)",tensor(9),1,2.79814,0.9425753,1,1,0,-5.6278143,0.0035835395,0,0,0,-6.8247952,0.0010853191,0,0,0,-3.5431306,0.028109632,0,0,0,0.07169607,0.5179164,1,0
tensor(15403),"tensor(16292., dtype=torch.float64)",tensor(9),1,1.1771365,0.7644326,1,1,0,-1.0012931,0.26868725,0,0,0,-1.4279578,0.19341709,0,0,0,-2.2787313,0.09289981,0,0,0,-0.7179259,0.32784986,0,0
tensor(15413),"tensor(14145., dtype=torch.float64)",tensor(9),1,3.2864826,0.9639622,1,1,0,-2.7316508,0.061131347,0,0,0,-3.7794912,0.022324543,0,0,0,-6.8475294,0.0010609496,0,0,0,-2.5743132,0.07080998,0,0
tensor(15417),"tensor(13133., dtype=torch.float64)",tensor(9),0,0.8195622,0.6941434,1,1,0,0.011172231,0.502793,1,0,1,-1.0651803,0.25632074,0,0,0,-1.7704138,0.1454909,0,0,0,-1.7383158,0.149527,0,0
tensor(15465),"tensor(18102., dtype=torch.float64)",tensor(9),1,3.8682253,0.9795323,1,1,0,-5.4647274,0.004215648,0,0,0,-4.177454,0.015105823,0,0,0,-1.670521,0.15835473,0,0,0,-4.9380455,0.0071175722,0,0
tensor(15471),"tensor(13133., dtype=torch.float64)",tensor(9),0,-1.9483645,0.1247318,0,0,0,-1.4532822,0.18949693,0,0,1,1.8479928,0.86389124,1,1,0,-2.519615,0.07449449,0,0,0,-2.8987703,0.05221438,0,0
tensor(15479),"tensor(17997., dtype=torch.float64)",tensor(9),0,-6.125413,0.0021818173,0,0,1,3.9314237,0.9807616,1,1,1,1.1158139,0.7532114,1,1,0,-0.5177997,0.3733669,0,0,0,-2.072451,0.11180341,0,0
tensor(15485),"tensor(12579., dtype=torch.float64)",tensor(9),0,-6.570943,0.0013985176,0,0,0,-0.21900702,0.445466,0,0,0,1.3353819,0.79172945,1,1,1,5.9073505,0.997288,1,1,1,0.5324307,0.6300499,1,0
tensor(15515),"tensor(17393., dtype=torch.float64)",tensor(9),0,-3.4742618,0.0300535,0,0,1,3.9286814,0.9807099,1,1,0,-1.0140758,0.266183,0,0,0,-2.7682712,0.059063017,0,0,0,-2.5618773,0.0716326,0,0
tensor(15525),"tensor(8004., dtype=torch.float64)",tensor(9),1,1.1947913,0.7675969,1,1,0,-2.6101017,0.068491116,0,0,0,-1.3825148,0.2006054,0,0,0,0.100317635,0.5250584,1,0,0,-2.1495037,0.10437761,0,0
tensor(15537),"tensor(14188., dtype=torch.float64)",tensor(9),0,-6.2415166,0.0019431178,0,0,1,3.9131277,0.9804134,1,1,0,-0.27553713,0.43154827,0,0,0,2.9807804,0.95169824,1,1,0,-0.06913638,0.4827228,0,0
tensor(15553),"tensor(17012., dtype=torch.float64)",tensor(9),1,3.6089318,0.9736332,1,1,0,-7.0603085,0.0008577768,0,0,0,-3.464487,0.030339751,0,0,0,-3.730013,0.023430374,0,0,0,-1.6350877,0.16313459,0,0
tensor(15563),"tensor(14188., dtype=torch.float64)",tensor(9),0,-6.396772,0.0016641556,0,0,1,3.7034187,0.97595334,1,1,0,-0.3114391,0.4227635,0,0,0,3.5453494,0.9719509,1,1,0,-0.7411941,0.32274306,0,0
tensor(15597),"tensor(14188., dtype=torch.float64)",tensor(9),0,-8.979032,0.00012600896,0,0,1,3.172048,0.9597687,1,1,1,1.4949988,0.81682736,1,1,1,4.1741405,0.98484486,1,1,0,1.7677323,0.8541754,1,1
tensor(15609),"tensor(12619., dtype=torch.float64)",tensor(9),1,4.991215,0.99324846,1,1,0,-3.327327,0.034645516,0,0,0,-5.323393,0.00485252,0,0,0,-5.9369526,0.0026331113,0,0,0,-7.603411,0.0004984986,0,0
tensor(15679),"tensor(18575., dtype=torch.float64)",tensor(9),1,4.371083,0.9875202,1,1,0,-4.725216,0.008790835,0,0,0,-3.5227783,0.028671023,0,0,0,-4.239975,0.014203311,0,0,0,-6.7301145,0.0011929715,0,0
tensor(15687),"tensor(16502., dtype=torch.float64)",tensor(9),0,-1.9156792,0.12834416,0,0,0,-2.5367947,0.07331865,0,0,1,2.7343366,0.9390226,1,1,0,-2.7336473,0.06101686,0,0,0,-2.5771024,0.07062669,0,0
tensor(15697),"tensor(8547., dtype=torch.float64)",tensor(9),1,4.4389806,0.9883299,1,1,0,-4.470819,0.011308598,0,0,0,-3.8490622,0.020855486,0,0,0,-7.106256,0.00081928744,0,0,0,-4.659706,0.00938042,0,0
tensor(15699),"tensor(16502., dtype=torch.float64)",tensor(9),1,3.7582705,0.9772076,1,1,0,-4.3368683,0.012908608,0,0,0,-2.4880702,0.07669874,0,0,0,-5.7223506,0.0032613394,0,0,0,-4.9775395,0.006843836,0,0
tensor(15731),"tensor(14804., dtype=torch.float64)",tensor(9),0,-5.5534163,0.0038592482,0,0,1,2.0252554,0.8834233,1,1,0,1.1180063,0.7536187,1,1,1,2.9009738,0.9478946,1,1,0,-1.3483651,0.2061378,0,0
tensor(15763),"tensor(8258., dtype=torch.float64)",tensor(9),0,-7.767355,0.00042315238,0,0,0,-1.7468854,0.14844047,0,0,1,4.7389674,0.9913282,1,1,1,1.29406,0.78483355,1,1,0,3.0187066,0.9534121,1,1
tensor(15775),"tensor(7056., dtype=torch.float64)",tensor(9),1,2.5102842,0.9248596,1,1,0,-4.035185,0.017375177,0,0,0,-0.98628634,0.2716462,0,0,0,-5.290743,0.0050127623,0,0,1,-2.5962863,0.06937781,0,0
tensor(15783),"tensor(15287., dtype=torch.float64)",tensor(9),0,-2.476906,0.077493094,0,0,1,4.08753,0.9834963,1,1,0,-3.3042898,0.035424314,0,0,0,-3.0804236,0.043922026,0,0,0,-3.1033816,0.042967983,0,0
tensor(15785),"tensor(16502., dtype=torch.float64)",tensor(9),1,2.593091,0.93041563,1,1,0,-3.580295,0.027111933,0,0,0,-1.1260726,0.24488662,0,0,0,-5.82227,0.0029521356,0,0,0,-5.3071337,0.0049316706,0,0
tensor(15799),"tensor(17354., dtype=torch.float64)",tensor(9),0,-1.8751018,0.13295251,0,0,0,-1.9820014,0.12110564,0,0,1,-0.26541603,0.43403283,0,0,1,3.0334525,0.9540627,1,1,0,-0.47456995,0.38353518,0,0
tensor(15805),"tensor(8258., dtype=torch.float64)",tensor(9),0,-10.486386,2.7913105e-05,0,0,0,-2.3003602,0.09109314,0,0,1,6.120082,0.9978066,1,1,1,1.7411592,0.85083425,1,1,0,4.7121496,0.9910946,1,1
tensor(15811),"tensor(20799., dtype=torch.float64)",tensor(9),0,-4.0631323,0.016904403,0,0,1,4.866085,0.99235547,1,1,0,-2.1540802,0.10395056,0,0,0,-4.3921447,0.012222914,0,0,0,-3.7138722,0.023802547,0,0
tensor(15813),"tensor(7937., dtype=torch.float64)",tensor(9),1,4.136452,0.98427194,1,1,0,-5.876354,0.002797147,0,0,0,-2.7063277,0.06260101,0,0,0,-4.4857497,0.011142873,0,0,0,-4.9804325,0.0068242,0,0
tensor(15819),"tensor(8682., dtype=torch.float64)",tensor(9),1,1.4806124,0.8146651,1,1,0,-3.8574002,0.0206859,0,0,0,-7.235039,0.0007203597,0,0,0,2.6862466,0.93621016,1,1,0,-7.4037256,0.0006086091,0,0
tensor(15831),"tensor(13204., dtype=torch.float64)",tensor(9),0,0.5739231,0.6396679,1,1,0,-4.871313,0.007605016,0,0,1,1.0742638,0.7454069,1,1,0,-4.9353333,0.007136765,0,0,0,-1.1532226,0.23990098,0,0
tensor(15853),"tensor(21223., dtype=torch.float64)",tensor(9),0,-7.647222,0.00047714065,0,0,0,-0.81378037,0.3070855,0,0,1,2.2115052,0.9012779,1,1,1,5.7465386,0.99681634,1,1,1,2.0588217,0.886836,1,1
tensor(15855),"tensor(9629., dtype=torch.float64)",tensor(9),0,-2.202057,0.09956593,0,0,0,0.9387572,0.7188485,1,1,1,1.2317559,0.77412575,1,1,0,-1.7519702,0.14779888,0,0,0,-0.7964835,0.31077823,0,0
tensor(15859),"tensor(12268., dtype=torch.float64)",tensor(9),0,-8.0496025,0.0003191269,0,0,0,-4.8639593,0.0076607177,0,0,1,6.4933777,0.9984888,1,1,0,-4.626954,0.009689708,0,0,1,4.9976435,0.9932915,1,1
tensor(15867),"tensor(16720., dtype=torch.float64)",tensor(9),0,-4.9625306,0.0069466108,0,0,0,-4.6362505,0.009600908,0,0,0,-7.129652,0.000800357,0,0,0,-6.204486,0.0020162736,0,0,0,-12.967241,2.3355956e-06,0,0
tensor(15875),"tensor(11128., dtype=torch.float64)",tensor(9),1,0.6560098,0.65836346,1,1,0,-1.2067798,0.23027134,0,0,0,-3.5430198,0.028112665,0,0,0,-1.462153,0.18813826,0,0,0,0.5616795,0.63684106,1,0
tensor(15889),"tensor(17166., dtype=torch.float64)",tensor(9),0,-1.7168889,0.15227233,0,0,0,-2.590156,0.06977465,0,0,1,2.8693345,0.9463095,1,1,0,-4.364939,0.012555775,0,0,0,-1.7368126,0.14971825,0,0
tensor(15895),"tensor(13953., dtype=torch.float64)",tensor(9),1,4.0152545,0.9822812,1,1,0,-2.9936042,0.047715653,0,0,0,-6.000496,0.0024714004,0,0,0,-2.9966033,0.047579557,0,0,0,-5.431177,0.004358857,0,0
tensor(15905),"tensor(7434., dtype=torch.float64)",tensor(9),0,-4.9121513,0.007302919,0,0,0,1.0691311,0.7444317,1,1,1,2.7809122,0.9416356,1,1,0,-2.9179318,0.051274218,0,0,0,0.3575618,0.5884501,1,0
tensor(15909),"tensor(17166., dtype=torch.float64)",tensor(9),1,-1.9513695,0.124404095,0,0,0,-1.1677775,0.23725693,0,0,0,1.4141691,0.8044227,1,1,0,-2.6385305,0.06669945,0,0,0,-4.2597423,0.013929181,0,0
tensor(15921),"tensor(16502., dtype=torch.float64)",tensor(9),1,3.2742202,0.96353376,1,1,0,-3.5123296,0.028963445,0,0,0,-2.2100449,0.09885207,0,0,0,-5.982871,0.0025152338,0,0,0,-4.5870953,0.010079757,0,0
tensor(15945),"tensor(8665., dtype=torch.float64)",tensor(9),0,1.9461254,0.8750235,1,1,0,-3.2470298,0.037433766,0,0,1,-0.4289418,0.39437905,0,0,0,-5.5105453,0.004027614,0,0,0,-4.5044365,0.01093884,0,0
tensor(15967),"tensor(3717., dtype=torch.float64)",tensor(9),1,3.902993,0.9802178,1,1,0,-7.144391,0.00078865624,0,0,0,-3.1782825,0.03999122,0,0,0,-2.6039908,0.06888202,0,0,0,-3.569805,0.027390009,0,0
tensor(15989),"tensor(15877., dtype=torch.float64)",tensor(9),0,-1.3422384,0.2071422,0,0,0,-3.3618548,0.0335091,0,0,0,-3.0795982,0.043956697,0,0,1,4.861506,0.9923206,1,1,0,-3.9062352,0.019719416,0,0
tensor(15995),"tensor(3757., dtype=torch.float64)",tensor(9),0,3.3804634,0.9670884,1,1,0,-4.920441,0.007243067,0,0,0,-4.5254283,0.010714042,0,0,1,-0.49246848,0.37931222,0,0,1,-7.5174813,0.00054320454,0,0
tensor(16011),"tensor(10532., dtype=torch.float64)",tensor(9),0,-0.53781533,0.3686959,0,0,0,-5.7169957,0.0032787928,0,0,0,-4.362256,0.012589085,0,0,1,4.723948,0.9911981,1,1,0,-1.8980367,0.13033085,0,0
tensor(16057),"tensor(16563., dtype=torch.float64)",tensor(9),1,4.0015326,0.9820409,1,1,0,-4.473751,0.0112758605,0,0,0,-5.731467,0.0032318393,0,0,0,-2.6757565,0.06441916,0,0,0,-3.9612944,0.018682763,0,0
tensor(16067),"tensor(2847., dtype=torch.float64)",tensor(9),1,-1.0061772,0.26772863,0,0,0,1.2899104,0.784132,1,1,0,-1.1469737,0.24104229,0,0,0,0.47340232,0.6161887,1,0,0,-0.024823703,0.49379435,0,0
tensor(16069),"tensor(2393., dtype=torch.float64)",tensor(9),0,-2.5224464,0.074299514,0,0,0,-1.4646202,0.1877617,0,0,0,1.2767345,0.7818934,1,1,1,1.6992159,0.84543234,1,1,0,0.98154366,0.7274144,1,0
tensor(16085),"tensor(2718., dtype=torch.float64)",tensor(9),0,-2.9472535,0.049866475,0,0,0,-1.4754338,0.18611808,0,0,0,-1.5489198,0.17524233,0,0,1,5.3359942,0.99520797,1,1,0,-1.4279547,0.19341756,0,0
tensor(16109),"tensor(11473., dtype=torch.float64)",tensor(9),1,3.519324,0.9712326,1,1,0,-5.8891363,0.0027617193,0,0,0,-5.883364,0.002777662,0,0,0,-2.8376968,0.05532078,0,0,0,-1.5238947,0.17888872,0,0
tensor(16115),"tensor(8867., dtype=torch.float64)",tensor(9),0,-3.462827,0.030388623,0,0,0,-1.0866272,0.25225392,0,0,1,2.997022,0.95243937,1,1,0,-4.5154037,0.010820816,0,0,0,-2.9599586,0.049267948,0,0
tensor(16145),"tensor(16656., dtype=torch.float64)",tensor(9),1,4.2128525,0.9854118,1,1,0,-5.169903,0.0056529837,0,0,0,-4.7428894,0.008638166,0,0,0,-5.1941953,0.0055180616,0,0,0,-2.8720412,0.0535531,0,0
tensor(16153),"tensor(21398., dtype=torch.float64)",tensor(9),0,-1.34472,0.20673491,0,0,0,-0.5224711,0.3722746,0,0,1,1.2341335,0.7745412,1,1,0,-1.9780772,0.121523954,0,0,0,-1.7175448,0.15218768,0,0
tensor(16171),"tensor(13559., dtype=torch.float64)",tensor(9),0,-6.8755417,0.0010316726,0,0,1,2.1426947,0.8949842,1,1,0,1.6088172,0.8332471,1,1,1,2.6792915,0.9357936,1,1,0,1.8059785,0.85887516,1,1
tensor(16209),"tensor(12826., dtype=torch.float64)",tensor(9),0,-0.76584697,0.31737816,0,0,0,0.42642897,0.60502064,1,1,1,0.3763812,0.59300005,1,0,1,-3.0403059,0.045637846,0,0,0,-0.027390886,0.49315268,0,0
tensor(16253),"tensor(7307., dtype=torch.float64)",tensor(9),1,2.0516114,0.8861103,1,1,0,-0.28991336,0.42802507,0,0,0,-3.6582134,0.025130695,0,0,0,-3.166277,0.040454697,0,0,0,-4.5087934,0.010891802,0,0
tensor(16267),"tensor(1284., dtype=torch.float64)",tensor(9),1,0.8470813,0.69995457,1,1,0,-3.9947748,0.018078735,0,0,0,-3.1279833,0.041967615,0,0,0,1.20245,0.7689603,1,1,0,-0.60966694,0.35213518,0,0
tensor(16287),"tensor(9957., dtype=torch.float64)",tensor(9),1,3.0818214,0.9561366,1,1,0,-2.9585838,0.04933238,0,0,0,-2.423391,0.08140631,0,0,0,-3.4781492,0.02994039,0,0,0,-4.6537056,0.009436344,0,0
tensor(16303),"tensor(8239., dtype=torch.float64)",tensor(9),0,4.122622,0.98405635,1,1,0,-3.717794,0.023711594,0,0,0,-4.2217712,0.014460459,0,0,0,-3.694404,0.024259133,0,0,1,-5.7078133,0.003308939,0,0
tensor(16359),"tensor(5070., dtype=torch.float64)",tensor(9),0,-7.0632286,0.0008552778,0,0,0,0.389775,0.59622854,1,1,1,2.1649802,0.8970604,1,1,1,4.57089,0.9897572,1,1,0,1.3949237,0.8013771,1,1
tensor(16373),"tensor(6942., dtype=torch.float64)",tensor(9),0,-8.009106,0.0003323114,0,0,1,3.0312533,0.95396626,1,1,0,0.92392987,0.7158422,1,1,0,4.0484037,0.98284906,1,1,0,1.7259161,0.84888935,1,1
tensor(16437),"tensor(3878., dtype=torch.float64)",tensor(9),1,0.8254262,0.69538695,1,1,0,1.1908531,0.76689357,1,1,0,-3.7994704,0.02189261,0,0,0,-4.0765758,0.016682435,0,0,0,-4.7525287,0.008556009,0,0
tensor(16441),"tensor(20525., dtype=torch.float64)",tensor(9),0,3.0971887,0.9567766,1,1,0,-5.6173267,0.003621183,0,0,0,-6.0993958,0.0022391982,0,0,0,-3.1876938,0.039631464,0,0,1,-0.5361304,0.36908817,0,0
tensor(16445),"tensor(19238., dtype=torch.float64)",tensor(9),0,-4.955939,0.006992231,0,0,0,-4.4242125,0.011841738,0,0,0,-5.145563,0.005791457,0,0,0,-4.292916,0.013480807,0,0,0,-10.496692,2.7626937e-05,0,0
tensor(16455),"tensor(1513., dtype=torch.float64)",tensor(9),0,-4.1914444,0.0148990825,0,0,0,0.5413865,0.63213485,1,1,0,-1.0264581,0.26377136,0,0,1,4.841702,0.99216825,1,1,0,-0.7507458,0.32065883,0,0
tensor(16521),"tensor(20762., dtype=torch.float64)",tensor(9),0,-2.840164,0.055191994,0,0,1,-0.8633263,0.29664487,0,0,0,2.5590036,0.92817605,1,1,0,-1.9115667,0.12880494,0,0,0,0.26968804,0.5670163,1,0
tensor(16527),"tensor(19167., dtype=torch.float64)",tensor(9),0,0.0045387745,0.5011347,1,1,0,-1.2879163,0.2162057,0,0,1,0.8539746,0.7014002,1,0,0,-2.6587946,0.06544902,0,0,0,-1.6549435,0.16044194,0,0
tensor(16545),"tensor(6830., dtype=torch.float64)",tensor(9),1,2.524502,0.9258418,1,1,0,-4.379585,0.012375489,0,0,0,-1.1167728,0.24661039,0,0,0,-2.7893584,0.057901945,0,0,0,-2.869979,0.05365772,0,0
tensor(16551),"tensor(4952., dtype=torch.float64)",tensor(9),1,6.2536,0.99808013,1,1,0,-9.158707,0.0001052879,0,0,0,-5.343094,0.0047583063,0,0,0,-3.6386166,0.025615294,0,0,0,-9.4484625,7.8804434e-05,0,0
tensor(16593),"tensor(3811., dtype=torch.float64)",tensor(9),0,-4.3841643,0.012319641,0,0,1,-0.4028282,0.400633,0,0,0,-1.8518523,0.13565557,0,0,1,5.895143,0.9972548,1,1,0,-0.82196915,0.30534583,0,0
tensor(16623),"tensor(19247., dtype=torch.float64)",tensor(9),1,3.8436797,0.97903436,1,1,0,-5.9409904,0.0026225285,0,0,0,-4.6758275,0.009231792,0,0,0,-2.3941748,0.08361797,0,0,0,-3.079802,0.04394813,0,0
tensor(16661),"tensor(19239., dtype=torch.float64)",tensor(9),0,-4.93785,0.007118954,0,0,1,-0.7993285,0.3101692,0,0,1,-0.65496963,0.34187052,0,0,1,5.96499,0.9974395,1,1,1,0.26117107,0.5649241,1,0
tensor(16687),"tensor(10556., dtype=torch.float64)",tensor(9),0,-1.7249002,0.15124105,0,0,0,0.73022234,0.67485404,1,1,1,-1.2951607,0.21498059,0,0,0,-3.45599,0.030590724,0,0,0,2.2806573,0.9072624,1,1
tensor(16711),"tensor(8826., dtype=torch.float64)",tensor(9),0,-3.9779866,0.01837918,0,0,1,3.3932862,0.9674941,1,1,0,-1.8966192,0.13049158,0,0,0,2.0429287,0.88523114,1,1,0,-1.1435177,0.2416751,0,0
tensor(16715),"tensor(10556., dtype=torch.float64)",tensor(9),0,-2.848296,0.054769468,0,0,0,2.0545404,0.88640565,1,1,1,0.5622584,0.63697493,1,0,0,-0.49364796,0.37903458,0,0,0,-0.33320865,0.4174601,0,0
tensor(16719),"tensor(10556., dtype=torch.float64)",tensor(9),0,-3.2317033,0.037989948,0,0,0,1.0521556,0.7411886,1,1,0,1.1048797,0.7511733,1,1,0,1.1352375,0.75680417,1,1,1,0.55823636,0.6360443,1,0
tensor(16741),"tensor(20893., dtype=torch.float64)",tensor(9),1,-0.93810105,0.2812841,0,0,0,1.3898537,0.8005689,1,1,0,-2.071564,0.11189152,0,0,0,0.5736362,0.63960177,1,0,0,-1.4195659,0.19472964,0,0
tensor(16763),"tensor(4470., dtype=torch.float64)",tensor(9),1,2.2923965,0.9082454,1,1,0,0.24349535,0.5605748,1,0,0,-4.888813,0.0074740723,0,0,0,-5.249718,0.0052215895,0,0,0,-4.575736,0.010193734,0,0
tensor(16773),"tensor(6550., dtype=torch.float64)",tensor(9),0,-2.714156,0.0621432,0,0,1,-0.5054947,0.37625027,0,0,1,2.3045783,0.90925556,1,1,0,-3.7284424,0.023466334,0,0,1,0.47700083,0.61703944,1,0
tensor(16797),"tensor(6828., dtype=torch.float64)",tensor(9),0,-6.9019246,0.0010048371,0,0,1,3.8254628,0.97865707,1,1,1,0.85109204,0.7007962,1,0,0,1.2551628,0.7781923,1,1,1,1.6396253,0.837484,1,1
tensor(16877),"tensor(10045., dtype=torch.float64)",tensor(9),0,0.47148347,0.6157348,1,1,1,1.8217776,0.8607792,1,1,0,-4.3454285,0.012799988,0,0,0,-4.331973,0.01297113,0,0,0,-5.251837,0.0052105966,0,0
tensor(16879),"tensor(8330., dtype=torch.float64)",tensor(9),0,-5.591323,0.0037162283,0,0,0,-4.4735775,0.011277796,0,0,0,-5.8135357,0.002977956,0,0,0,-5.6926208,0.0033594237,0,0,0,-12.266601,4.706315e-06,0,0
tensor(16925),"tensor(12478., dtype=torch.float64)",tensor(9),1,1.8775136,0.8673253,1,1,0,-3.6773276,0.024666639,0,0,0,-6.2414,0.0019433441,0,0,0,1.4354432,0.80774796,1,1,0,-4.3076825,0.013285827,0,0
tensor(16951),"tensor(6580., dtype=torch.float64)",tensor(9),0,-0.41781893,0.3970388,0,0,1,1.679096,0.8427848,1,1,0,-2.4679887,0.07813299,0,0,0,-1.5961566,0.16851947,0,0,0,-1.4467745,0.19049847,0,0
tensor(16973),"tensor(15492., dtype=torch.float64)",tensor(9),1,-0.19509122,0.4513813,0,1,0,-1.4768308,0.18590659,0,0,0,-2.793981,0.057650298,0,0,1,2.4289029,0.9190049,1,1,0,-2.410954,0.0823412,0,0
tensor(16989),"tensor(2324., dtype=torch.float64)",tensor(9),0,-3.987673,0.018205237,0,0,1,2.0375626,0.8846848,1,1,0,-0.37468028,0.4074106,0,0,1,2.5613937,0.92833525,1,1,0,0.6094093,0.64780605,1,0
tensor(16995),"tensor(7426., dtype=torch.float64)",tensor(9),0,-2.21329,0.09856338,0,0,0,-1.4998043,0.18245472,0,0,0,-1.0204457,0.2649406,0,0,0,1.4934127,0.81658995,1,1,0,-3.6692553,0.024861591,0,0
tensor(17039),"tensor(10329., dtype=torch.float64)",tensor(9),1,2.6181905,0.9320231,1,1,0,-2.15247,0.10410062,0,0,0,-4.9326296,0.0071559492,0,0,0,-1.0547979,0.25830483,0,0,0,-3.5308862,0.028446086,0,0
tensor(17055),"tensor(21249., dtype=torch.float64)",tensor(9),1,2.752752,0.9400686,1,1,0,-2.7961268,0.057533834,0,0,0,-1.8853173,0.1317793,0,0,0,-3.667679,0.024899833,0,0,0,-3.5717542,0.027338125,0,0
tensor(17059),"tensor(15201., dtype=torch.float64)",tensor(9),1,4.0608935,0.98305833,1,1,0,-2.3524761,0.08686916,0,0,0,-5.1748433,0.0056252806,0,0,0,-3.445629,0.030899486,0,0,0,-8.099096,0.00030372132,0,0
tensor(17165),"tensor(11161., dtype=torch.float64)",tensor(9),0,-5.3932657,0.004526517,0,0,1,-0.5932137,0.35589784,0,0,0,-1.2983905,0.21443601,0,0,1,6.443091,0.99841106,1,1,0,0.7916993,0.6881961,1,0
tensor(17181),"tensor(19598., dtype=torch.float64)",tensor(9),1,-0.029704541,0.4925744,0,1,0,-5.0560217,0.006330523,0,0,0,0.9187147,0.7147801,1,1,0,-2.8181121,0.05635324,0,0,0,1.2878985,0.7837913,1,1
tensor(17185),"tensor(20147., dtype=torch.float64)",tensor(9),1,0.95735514,0.72259194,1,1,0,-4.0423646,0.017253019,0,0,0,0.5724858,0.6393366,1,0,0,-5.7485843,0.0031771634,0,0,0,-1.7247444,0.15126106,0,0
tensor(17207),"tensor(15916., dtype=torch.float64)",tensor(9),0,-2.332925,0.08843258,0,0,1,-0.51449627,0.37414008,0,0,0,-1.1952248,0.23232579,0,0,0,-1.0372776,0.26167563,0,0,0,2.6664171,0.9350157,1,1
tensor(17227),"tensor(17322., dtype=torch.float64)",tensor(9),0,-4.2127767,0.014589206,0,0,0,-1.16433,0.2378814,0,0,1,2.4581938,0.92115855,1,1,1,1.664552,0.84084815,1,1,0,-2.2050529,0.09929766,0,0
tensor(17303),"tensor(11735., dtype=torch.float64)",tensor(9),0,-4.39346,0.012207046,0,0,1,1.2609977,0.77919775,1,1,0,0.82180065,0.6946184,1,0,1,2.8012688,0.9427444,1,1,0,-0.0909221,0.47728515,0,0
tensor(17317),"tensor(20439., dtype=torch.float64)",tensor(9),1,2.0559673,0.8865492,1,1,0,-6.703934,0.0012245773,0,0,0,-4.774353,0.008372849,0,0,0,-2.2005668,0.0996996,0,0,0,0.44174975,0.6086759,1,0
tensor(17335),"tensor(20273., dtype=torch.float64)",tensor(9),1,2.2262564,0.9025827,1,1,0,-1.9929742,0.11994256,0,0,0,-1.5686492,0.17240904,0,0,0,-2.9996493,0.04744172,0,0,0,-2.935763,0.050413728,0,0
tensor(17349),"tensor(18040., dtype=torch.float64)",tensor(9),1,1.8084252,0.85917145,1,1,0,-2.9710312,0.048751876,0,0,0,-3.5647242,0.027525682,0,0,0,0.3250778,0.5805613,1,0,0,-3.3175797,0.034973,0,0
tensor(17373),"tensor(17736., dtype=torch.float64)",tensor(9),1,2.0366364,0.8845903,1,1,0,-1.57375,0.17168245,0,0,0,-1.7141324,0.15262848,0,0,0,-3.51308,0.02894235,0,0,0,-2.0619853,0.112846926,0,0
tensor(17411),"tensor(21463., dtype=torch.float64)",tensor(9),1,2.309559,0.90966564,1,1,0,-2.9873443,0.048000906,0,0,0,-4.6489673,0.009480737,0,0,0,-2.2064698,0.099171,0,0,0,-0.93916595,0.28106886,0,0
tensor(17433),"tensor(21107., dtype=torch.float64)",tensor(9),1,2.1402335,0.8947526,1,1,0,-2.6509726,0.06592909,0,0,0,-1.4870924,0.18435854,0,0,0,-2.9726288,0.048677843,0,0,0,-1.7178067,0.1521539,0,0
tensor(17523),"tensor(10229., dtype=torch.float64)",tensor(9),1,-2.26891,0.09373076,0,0,0,1.4774534,0.81418765,1,1,0,-3.1055703,0.04287807,0,0,1,-1.2481712,0.22301686,0,0,0,2.19078,0.8994185,1,1
tensor(17609),"tensor(19851., dtype=torch.float64)",tensor(9),1,1.456727,0.8110315,1,1,0,-4.5037303,0.0109464815,0,0,0,-3.7543254,0.022880469,0,0,0,-1.2084043,0.22998351,0,0,0,0.28637895,0.5711094,1,0
tensor(17613),"tensor(424., dtype=torch.float64)",tensor(9),1,0.44206533,0.60875106,1,1,0,-4.0689306,0.01680831,0,0,0,1.3540347,0.7947885,1,1,0,-5.1982884,0.0054956456,0,0,0,-3.7126565,0.023830814,0,0
tensor(17633),"tensor(21365., dtype=torch.float64)",tensor(9),0,0.18961972,0.54726344,1,1,0,-2.6114378,0.06840592,0,0,0,0.93266207,0.717615,1,1,1,-1.1555867,0.23947012,0,0,0,-2.2862203,0.09227064,0,0
tensor(17639),"tensor(1728., dtype=torch.float64)",tensor(9),0,-7.5772047,0.0005117284,0,0,1,0.4207242,0.60365653,1,1,1,3.2423563,0.9623975,1,1,1,2.8268723,0.9441109,1,1,1,1.467383,0.81265926,1,1
tensor(17653),"tensor(2695., dtype=torch.float64)",tensor(9),0,-8.973229,0.00012674212,0,0,0,0.33785316,0.58366895,1,1,1,4.4890146,0.9888931,1,1,0,0.7863574,0.6870487,1,1,0,3.2274718,0.9618551,1,1
tensor(17677),"tensor(11797., dtype=torch.float64)",tensor(9),1,4.3166413,0.98683107,1,1,0,-6.473628,0.0015412362,0,0,0,-4.670539,0.00928029,0,0,0,-2.986297,0.048048787,0,0,0,-3.8768497,0.020295544,0,0
tensor(17681),"tensor(18040., dtype=torch.float64)",tensor(9),0,1.1830981,0.76550436,1,1,1,-2.9233537,0.051011104,0,0,0,-4.7820163,0.008309462,0,0,0,1.8763849,0.86719537,1,1,0,-4.5590076,0.01036391,0,0
tensor(17717),"tensor(4218., dtype=torch.float64)",tensor(9),1,4.9218464,0.992767,1,1,0,-4.8203726,0.007999278,0,0,0,-4.6894307,0.009108196,0,0,0,-5.298496,0.004974241,0,0,0,-6.229807,0.0019659596,0,0
tensor(17723),"tensor(5619., dtype=torch.float64)",tensor(9),1,2.9711502,0.9512536,1,1,0,-2.2276006,0.09729919,0,0,0,-4.8801847,0.007538353,0,0,0,-4.7121234,0.008905654,0,0,0,-1.8801425,0.13237251,0,0
tensor(17753),"tensor(2443., dtype=torch.float64)",tensor(9),1,2.663345,0.9348287,1,1,0,-0.67577374,0.3372052,0,0,0,-5.795672,0.003031469,0,0,0,-2.3271635,0.088898145,0,0,0,-5.104022,0.006035625,0,0
tensor(17777),"tensor(8213., dtype=torch.float64)",tensor(9),1,3.7387,0.9767676,1,1,0,-6.541688,0.0014399758,0,0,0,-2.5640118,0.07149078,0,0,0,-1.8950012,0.13067529,0,0,0,-5.327694,0.004831794,0,0
tensor(17787),"tensor(2976., dtype=torch.float64)",tensor(9),0,-2.174325,0.10207992,0,0,1,3.440388,0.9689432,1,1,0,-3.3658202,0.033380914,0,0,0,-1.1477249,0.24090491,0,0,0,-1.5804116,0.1707372,0,0
tensor(17807),"tensor(5403., dtype=torch.float64)",tensor(9),1,0.23290606,0.55796474,1,1,0,1.0937653,0.7490901,1,1,0,-2.4909093,0.07649793,0,0,0,-2.548515,0.072526306,0,0,0,-1.05717,0.25785065,0,0
tensor(17819),"tensor(4076., dtype=torch.float64)",tensor(9),0,0.08610454,0.5215128,1,1,0,-3.246696,0.037445795,0,0,1,1.031834,0.7372713,1,1,0,-0.36051887,0.41083398,0,0,0,-2.3386605,0.08797133,0,0
tensor(17821),"tensor(2477., dtype=torch.float64)",tensor(9),1,3.7383788,0.9767603,1,1,0,-3.18841,0.039604213,0,0,0,-4.862253,0.007673699,0,0,0,-6.0218353,0.002419347,0,0,0,-2.8626094,0.054033168,0,0
tensor(17823),"tensor(5136., dtype=torch.float64)",tensor(9),0,-4.784335,0.008290376,0,0,1,-1.0813462,0.25325137,0,0,1,0.7587676,0.6810861,1,0,1,4.2618217,0.98609936,1,1,1,1.257386,0.7785758,1,1
tensor(17863),"tensor(1519., dtype=torch.float64)",tensor(9),1,1.5982296,0.8317708,1,1,0,-1.0729322,0.25484586,0,0,0,-1.3116595,0.2122093,0,0,0,-5.2100363,0.00543181,0,0,0,-2.2314463,0.09696193,0,0
tensor(17871),"tensor(4093., dtype=torch.float64)",tensor(9),1,3.1695063,0.9596704,1,1,0,-2.1374772,0.10550725,0,0,0,-4.4457874,0.01159192,0,0,0,-3.4277785,0.031438507,0,0,0,-3.6868193,0.024439314,0,0
tensor(17873),"tensor(2042., dtype=torch.float64)",tensor(9),0,-2.4102929,0.08239117,0,0,0,-3.2975733,0.03565453,0,0,0,-3.085468,0.043710683,0,0,1,5.622865,0.9963987,1,1,0,-0.12528336,0.46872008,0,0
tensor(17883),"tensor(830., dtype=torch.float64)",tensor(9),1,4.514966,0.9891745,1,1,0,-5.46768,0.0042032716,0,0,0,-3.788706,0.022124298,0,0,0,-5.423577,0.004391965,0,0,0,-4.562579,0.010327345,0,0
tensor(17905),"tensor(19051., dtype=torch.float64)",tensor(9),0,-1.1272076,0.24467677,0,0,0,-2.3632305,0.086019866,0,0,1,1.0992266,0.7501152,1,1,0,0.7325352,0.67536134,1,1,0,0.61225975,0.6484561,1,0
tensor(17939),"tensor(12781., dtype=torch.float64)",tensor(9),0,-8.752031,0.00015811477,0,0,1,2.9461071,0.95007914,1,1,0,-4.686303,0.009136465,0,0,1,8.341796,0.99976176,1,1,0,1.525887,0.82140374,1,1
tensor(17949),"tensor(9108., dtype=torch.float64)",tensor(9),0,-3.7360823,0.023291895,0,0,0,-1.1568373,0.23924243,0,0,1,2.9931204,0.9522624,1,1,0,-1.6939158,0.15526156,0,0,0,1.8681202,0.86624056,1,1
tensor(17953),"tensor(3485., dtype=torch.float64)",tensor(9),0,-2.955088,0.04949659,0,0,0,-2.822035,0.056144994,0,0,0,-1.1300116,0.24415897,0,0,1,5.510039,0.99597037,1,1,0,-1.6073973,0.16695029,0,0
tensor(17957),"tensor(16563., dtype=torch.float64)",tensor(9),1,4.661329,0.9906346,1,1,0,-3.9354718,0.019162122,0,0,0,-4.742527,0.00864127,0,0,0,-5.7552156,0.0031562303,0,0,0,-5.7551346,0.0031564853,0,0
tensor(17961),"tensor(7758., dtype=torch.float64)",tensor(9),0,-5.6070213,0.0036585564,0,0,1,0.75826097,0.68097603,1,1,0,1.5997921,0.8319893,1,1,1,2.038879,0.8848191,1,1,0,2.3971047,0.91660625,1,1
tensor(17979),"tensor(19775., dtype=torch.float64)",tensor(9),1,4.2427654,0.9858357,1,1,0,-5.3133183,0.004901413,0,0,0,-5.8720493,0.0028091804,0,0,0,-3.8228972,0.021396542,0,0,0,-3.261828,0.036904186,0,0
tensor(18003),"tensor(16391., dtype=torch.float64)",tensor(9),0,0.9144025,0.7139002,1,1,0,-2.438,0.08032054,0,0,0,-5.912347,0.0026985276,0,0,1,2.1409056,0.89481586,1,1,0,-6.929631,0.0009774053,0,0
tensor(18029),"tensor(7206., dtype=torch.float64)",tensor(9),0,-5.669365,0.0034381936,0,0,0,-2.105781,0.1085362,0,0,1,4.4776764,0.9887678,1,1,0,-2.3273995,0.08887903,0,0,1,2.8193178,0.94371086,1,1
tensor(18037),"tensor(500., dtype=torch.float64)",tensor(9),0,-5.2556095,0.005191077,0,0,0,-1.0527565,0.25869614,0,0,0,-0.7212903,0.32710892,0,0,1,6.4172,0.9983695,1,1,1,0.34868598,0.5862989,1,0
tensor(18059),"tensor(993., dtype=torch.float64)",tensor(9),0,2.0690706,0.8878605,1,1,0,-4.5557995,0.010396867,0,0,1,-0.45195436,0.38889623,0,0,0,-3.4491937,0.030792916,0,0,0,-2.2528017,0.09510807,0,0
tensor(18073),"tensor(19957., dtype=torch.float64)",tensor(9),1,3.065245,0.95543617,1,1,0,-5.182542,0.005582381,0,0,0,-3.1292603,0.041916307,0,0,0,-2.2887318,0.0920605,0,0,0,-2.0483508,0.114219114,0,0
tensor(18119),"tensor(17223., dtype=torch.float64)",tensor(9),0,-2.2980723,0.09128273,0,0,0,-1.0640615,0.25653404,0,0,1,2.5156112,0.92522895,1,1,0,-5.1435504,0.0058030575,0,0,0,-1.122331,0.24557914,0,0
tensor(18137),"tensor(4638., dtype=torch.float64)",tensor(9),0,-1.324396,0.21008784,0,0,1,1.8160464,0.86009103,1,1,0,-1.0667115,0.25602898,0,0,1,-1.1370519,0.24286203,0,0,0,-2.6492481,0.06603536,0,0
tensor(18141),"tensor(3766., dtype=torch.float64)",tensor(9),0,3.7488012,0.9769957,1,1,0,-5.6103163,0.0036465658,0,0,0,-2.405894,0.08272435,0,0,0,-3.7321503,0.023381516,0,0,1,-5.5709496,0.0037924263,0,0
tensor(18171),"tensor(5229., dtype=torch.float64)",tensor(9),1,1.1824977,0.76539665,1,1,0,-1.9991661,0.11929051,0,0,0,-1.1425887,0.24184537,0,0,0,-2.2060976,0.09920426,0,0,0,-0.13099036,0.46729913,0,0
tensor(18183),"tensor(4388., dtype=torch.float64)",tensor(9),1,2.4047537,0.9171891,1,1,0,-3.7919195,0.022054885,0,0,0,-0.87410516,0.2944008,0,0,0,-3.2824435,0.036178418,0,0,0,-3.6033084,0.026511474,0,0
tensor(18201),"tensor(7590., dtype=torch.float64)",tensor(9),1,3.4971063,0.9706053,1,1,0,-5.365205,0.0046547344,0,0,0,-4.1446686,0.0156014245,0,0,0,-0.6408893,0.34504554,0,0,0,-5.9965487,0.0024811507,0,0
tensor(18203),"tensor(14335., dtype=torch.float64)",tensor(9),0,-4.3210163,0.01311216,0,0,1,2.385819,0.91573954,1,1,0,0.28308168,0.5703016,1,0,0,2.2979548,0.9087075,1,1,0,-1.2032862,0.23089115,0,0
tensor(18235),"tensor(5366., dtype=torch.float64)",tensor(9),0,-0.58822656,0.3570419,0,0,0,-4.634146,0.009620937,0,0,1,2.2719917,0.9065307,1,1,0,-4.2800765,0.013652629,0,0,0,-1.0316117,0.2627718,0,0
tensor(18261),"tensor(2721., dtype=torch.float64)",tensor(9),0,-4.0089874,0.017828153,0,0,0,-1.016081,0.26579148,0,0,1,3.589193,0.9731218,1,1,0,-3.5589929,0.027679512,0,0,0,0.0050023757,0.50125057,1,0
tensor(18273),"tensor(5833., dtype=torch.float64)",tensor(9),0,-7.5718603,0.00051446917,0,0,0,-4.6378856,0.009585371,0,0,1,6.106949,0.99777764,1,1,0,-3.9029257,0.019783491,0,0,0,4.591763,0.98996675,1,1
tensor(18277),"tensor(3802., dtype=torch.float64)",tensor(9),0,-4.839116,0.007851905,0,0,1,2.6805964,0.93587196,1,1,0,-0.15441856,0.4614719,0,0,0,2.4533937,0.9208092,1,1,0,0.8620912,0.70309734,1,0
tensor(18289),"tensor(7597., dtype=torch.float64)",tensor(9),1,3.4897537,0.9703948,1,1,0,-6.0349836,0.0023878205,0,0,0,-3.4176524,0.031748317,0,0,0,-5.9629903,0.0025656095,0,0,0,-1.1973612,0.23194496,0,0
tensor(18293),"tensor(500., dtype=torch.float64)",tensor(9),0,-4.538327,0.010578182,0,0,0,-2.5371015,0.073297806,0,0,0,-0.7338849,0.3243428,0,0,1,5.8261013,0.9970591,1,1,1,0.34297174,0.58491224,1,0
tensor(18297),"tensor(21759., dtype=torch.float64)",tensor(9),0,-3.8060694,0.021751747,0,0,0,-2.2627404,0.094256155,0,0,1,3.8981686,0.980124,1,1,0,-3.2474859,0.037417334,0,0,0,0.7025016,0.6687422,1,0
tensor(18343),"tensor(4659., dtype=torch.float64)",tensor(9),0,-6.327532,0.0017832518,0,0,1,-0.49953422,0.37765014,0,0,1,3.7453303,0.9769175,1,1,0,0.25535133,0.5634932,1,0,1,2.4658976,0.9217163,1,1
tensor(18377),"tensor(7295., dtype=torch.float64)",tensor(9),1,0.4626015,0.6136312,1,1,0,-1.9278022,0.12699404,0,0,0,0.59184545,0.64378846,1,0,0,-2.9169445,0.051322263,0,0,0,-1.2800794,0.21753673,0,0
tensor(18383),"tensor(15090., dtype=torch.float64)",tensor(9),0,-2.8702967,0.053641587,0,0,1,0.86571795,0.7038539,1,1,0,1.6605041,0.8403056,1,1,0,-2.2530968,0.09508266,0,0,0,0.14901683,0.53718543,1,0
tensor(18393),"tensor(12178., dtype=torch.float64)",tensor(9),1,0.47079456,0.61557186,1,1,0,-0.60405153,0.35341734,0,0,0,-1.5907027,0.16928507,0,0,0,0.5519025,0.6345769,1,0,0,-2.111566,0.10797773,0,0
tensor(18397),"tensor(1495., dtype=torch.float64)",tensor(9),0,-6.807808,0.0011038928,0,0,0,-0.17869696,0.4554443,0,0,1,2.4992974,0.92409253,1,1,1,4.5967755,0.9900164,1,1,1,-0.72007614,0.32737622,0,0
tensor(18401),"tensor(451., dtype=torch.float64)",tensor(9),0,-2.3169758,0.08972675,0,0,1,0.26140255,0.56498104,1,0,0,1.2448,0.77639836,1,1,0,0.019976914,0.5049941,1,0,0,1.0215397,0.7352724,1,0
tensor(18405),"tensor(5452., dtype=torch.float64)",tensor(9),0,2.332955,0.9115698,1,1,0,-5.555932,0.0038495883,0,0,0,-3.323209,0.03478351,0,0,1,0.3977104,0.59813744,1,0,0,-3.472265,0.030111762,0,0
tensor(18417),"tensor(9143., dtype=torch.float64)",tensor(9),0,-5.7853007,0.0030629758,0,0,0,-2.0032628,0.11886078,0,0,0,-4.245206,0.014130257,0,0,1,8.434501,0.99978286,1,1,1,1.0042315,0.7318897,1,0
tensor(18431),"tensor(16258., dtype=torch.float64)",tensor(9),0,-2.0623686,0.11280855,0,0,1,2.3864477,0.915788,1,1,0,-0.40905803,0.39913803,0,0,0,-5.068727,0.0062511005,0,0,0,-3.8277073,0.021296056,0,0
tensor(18463),"tensor(11061., dtype=torch.float64)",tensor(9),0,-1.6155987,0.16581276,0,0,1,2.9721394,0.9512994,1,1,0,-1.9499594,0.124557786,0,0,0,-2.661565,0.065279774,0,0,0,-1.9101596,0.12896292,0,0
tensor(18477),"tensor(14969., dtype=torch.float64)",tensor(9),0,1.8614888,0.86547035,1,1,0,-0.9298418,0.2829568,0,0,0,-3.311841,0.0351672,0,0,1,-1.3757498,0.20169246,0,0,0,-4.2331505,0.014299183,0,0
tensor(18521),"tensor(18988., dtype=torch.float64)",tensor(9),0,-4.577793,0.0101729985,0,0,0,-0.8095044,0.30799612,0,0,1,3.3822744,0.9671459,1,1,0,-1.0201995,0.2649885,0,0,0,-0.70486623,0.33073422,0,0
tensor(18523),"tensor(8513., dtype=torch.float64)",tensor(9),0,2.7388437,0.9392802,1,1,0,-4.8191795,0.008008751,0,0,0,-2.591533,0.06968533,0,0,1,-0.95935744,0.27700686,0,0,0,-4.654616,0.009427838,0,0
tensor(18525),"tensor(9251., dtype=torch.float64)",tensor(9),0,-8.342992,0.00023800238,0,0,1,0.8961524,0.71015817,1,1,1,2.8780518,0.9467507,1,1,1,3.4439144,0.96904916,1,1,0,2.5530777,0.92778,1,1
tensor(18537),"tensor(21486., dtype=torch.float64)",tensor(9),0,1.1909769,0.76691574,1,1,0,-1.463782,0.18788958,0,0,1,-0.29580885,0.42658237,0,0,0,-3.8108447,0.021650368,0,0,0,-3.0401773,0.045643445,0,0
tensor(18549),"tensor(16527., dtype=torch.float64)",tensor(9),0,3.499821,0.97068274,1,1,0,-2.4287782,0.08100438,0,0,0,-3.5433402,0.02810391,0,0,1,-4.9067473,0.0073422007,0,0,0,-4.7645454,0.008454672,0,0
tensor(18597),"tensor(15210., dtype=torch.float64)",tensor(9),1,2.372134,0.9146775,1,1,0,-3.9388971,0.019097848,0,0,0,-0.9087817,0.2872492,0,0,0,-3.5163538,0.028850479,0,0,0,-6.237829,0.0019502819,0,0
tensor(18605),"tensor(9096., dtype=torch.float64)",tensor(9),1,2.5836718,0.92980325,1,1,0,-4.459414,0.0114368275,0,0,0,-4.2923822,0.013487904,0,0,0,-2.148692,0.10445352,0,0,0,-0.8686422,0.2955369,0,0
tensor(18609),"tensor(2919., dtype=torch.float64)",tensor(9),1,5.560133,0.99616647,1,1,0,-6.683091,0.0012503369,0,0,0,-4.4669533,0.0113519,0,0,0,-5.6808715,0.0033989924,0,0,0,-7.1605253,0.0007760438,0,0
tensor(18611),"tensor(21792., dtype=torch.float64)",tensor(9),0,-2.8134496,0.0566017,0,0,0,-3.5538106,0.027819328,0,0,0,-3.5180197,0.028803838,0,0,1,5.9985023,0.9975237,1,1,0,0.14423656,0.5359968,1,0
tensor(18613),"tensor(3431., dtype=torch.float64)",tensor(9),1,4.189628,0.98507416,1,1,0,-8.826811,0.00014672395,0,0,0,-5.735256,0.003219655,0,0,0,-1.7278633,0.15086108,0,0,0,-2.5073626,0.07534364,0,0
tensor(18625),"tensor(16153., dtype=torch.float64)",tensor(9),0,2.1750045,0.89798236,1,1,1,-2.4049072,0.082799256,0,0,0,-2.799192,0.057367858,0,0,0,-4.675519,0.009234613,0,0,0,-0.7670717,0.3171129,0,0
tensor(18641),"tensor(3341., dtype=torch.float64)",tensor(9),1,2.3759413,0.9149742,1,1,0,-3.3102903,0.035219852,0,0,0,-5.9527235,0.0025920172,0,0,0,0.3722711,0.59200764,1,0,0,-4.0909004,0.01644907,0,0
tensor(18709),"tensor(20133., dtype=torch.float64)",tensor(9),0,-1.7557392,0.14732479,0,0,0,-2.1408968,0.10518496,0,0,1,2.4556968,0.92097706,1,1,0,-1.6395137,0.16253123,0,0,0,-1.3106157,0.21238385,0,0
tensor(18711),"tensor(8638., dtype=torch.float64)",tensor(9),0,-9.036494,0.0001189731,0,0,1,3.1386337,0.9584585,1,1,1,2.8608391,0.9458763,1,1,1,0.09681285,0.52418435,1,0,1,3.0371616,0.954225,1,1
tensor(18753),"tensor(13340., dtype=torch.float64)",tensor(9),1,5.683957,0.9966114,1,1,0,-5.8474703,0.0028788815,0,0,0,-4.8724775,0.007596233,0,0,0,-6.0174356,0.0024299892,0,0,0,-7.935444,0.0003577051,0,0
tensor(18811),"tensor(10036., dtype=torch.float64)",tensor(9),0,-3.123771,0.04213731,0,0,0,1.3872086,0.8001462,1,1,1,1.2147088,0.77113104,1,1,0,-0.6393652,0.34539002,0,0,0,-1.0821216,0.25310475,0,0
tensor(18851),"tensor(15223., dtype=torch.float64)",tensor(9),0,-1.5172594,0.17986545,0,0,0,2.1806808,0.89850116,1,1,1,-2.074271,0.11162281,0,0,0,-1.46725,0.18736096,0,0,0,0.7124839,0.67094976,1,0
tensor(18855),"tensor(15223., dtype=torch.float64)",tensor(9),1,-0.5427487,0.3675484,0,0,0,-1.1000743,0.249726,0,0,0,-3.014089,0.046793416,0,0,0,-1.2125313,0.22925347,0,0,0,1.7940493,0.857423,1,1
tensor(18871),"tensor(20111., dtype=torch.float64)",tensor(9),0,-1.4294958,0.19317725,0,0,1,-3.6714854,0.024807582,0,0,0,-4.261182,0.013909422,0,0,1,5.0559464,0.993669,1,1,0,-1.1426215,0.24183938,0,0
tensor(18895),"tensor(21740., dtype=torch.float64)",tensor(9),0,-4.8844023,0.0075068646,0,0,1,4.902643,0.9926278,1,1,0,-0.98375803,0.27214673,0,0,0,-2.3708055,0.08542618,0,0,0,-1.9515105,0.12438875,0,0
tensor(18913),"tensor(18566., dtype=torch.float64)",tensor(9),1,1.915571,0.8716438,1,1,0,-1.0734464,0.25474823,0,0,0,-2.1928961,0.10039023,0,0,0,-3.814174,0.02157996,0,0,0,-1.9897833,0.120279774,0,0
tensor(18927),"tensor(15223., dtype=torch.float64)",tensor(9),1,0.6897721,0.6659162,1,1,0,0.43971112,0.6081902,1,1,0,-1.894559,0.13072553,0,0,0,-2.5372007,0.07329108,0,0,0,-1.0548364,0.25829747,0,0
tensor(18945),"tensor(19995., dtype=torch.float64)",tensor(9),0,1.5334072,0.82250434,1,1,0,-3.0473151,0.045333527,0,0,1,-0.4667225,0.38539225,0,0,0,-1.4098339,0.19626026,0,0,0,-1.6628696,0.15937717,0,0
tensor(18969),"tensor(9626., dtype=torch.float64)",tensor(9),1,4.2868643,0.9864385,1,1,0,-3.341651,0.034169633,0,0,0,-4.1875744,0.014955991,0,0,0,-5.9172397,0.0026853918,0,0,0,-5.360894,0.0046747485,0,0
tensor(18975),"tensor(20676., dtype=torch.float64)",tensor(9),1,1.488776,0.8158945,1,1,0,-0.88702524,0.2917241,0,0,0,-1.5944077,0.16876467,0,0,0,-2.1532962,0.1040236,0,0,0,-1.5514791,0.17487276,0,0
tensor(19013),"tensor(18558., dtype=torch.float64)",tensor(9),0,-3.5799773,0.027120316,0,0,0,2.4991891,0.924085,1,1,1,0.65107936,0.6572537,1,0,0,-1.2185569,0.22819051,0,0,0,0.6471087,0.6563586,1,0
tensor(19025),"tensor(16024., dtype=torch.float64)",tensor(9),1,2.9186463,0.94876057,1,1,0,-4.5171313,0.010802342,0,0,0,-2.5701997,0.071081124,0,0,0,-2.4289515,0.080991484,0,0,0,-2.3634448,0.08600303,0,0
tensor(19073),"tensor(10036., dtype=torch.float64)",tensor(9),0,-2.8803003,0.053136025,0,0,0,0.4540951,0.61161244,1,1,1,1.5787781,0.8290314,1,1,0,-3.5583131,0.027697815,0,0,0,-3.750852,0.022958247,0,0
tensor(19113),"tensor(8820., dtype=torch.float64)",tensor(9),0,-5.545619,0.0038893395,0,0,1,2.2445207,0.90417683,1,1,0,0.46650657,0.61455655,1,0,1,3.3864706,0.96727896,1,1,0,-1.5278405,0.17830987,0,0
tensor(19161),"tensor(10396., dtype=torch.float64)",tensor(9),0,-5.253172,0.0052036806,0,0,0,-1.2816246,0.2172738,0,0,0,-1.5547911,0.17439537,0,0,1,6.908892,0.99900216,1,1,0,0.38014266,0.59390754,1,0
tensor(19165),"tensor(17718., dtype=torch.float64)",tensor(9),1,5.6249485,0.99640614,1,1,0,-6.207655,0.0020099068,0,0,0,-4.9340315,0.0071459957,0,0,0,-4.990314,0.0067575523,0,0,0,-8.163011,0.00028492187,0,0
tensor(19169),"tensor(13137., dtype=torch.float64)",tensor(9),1,3.8935313,0.9800336,1,1,0,-4.788132,0.008259215,0,0,0,-5.2617073,0.005159682,0,0,0,-5.21964,0.005380175,0,0,0,-2.0352201,0.11555435,0,0
tensor(19195),"tensor(17840., dtype=torch.float64)",tensor(9),1,0.5592822,0.63628644,1,1,0,1.1628722,0.76185423,1,1,0,-4.7043653,0.008974391,0,0,0,-3.3460705,0.03402408,0,0,0,-1.5731384,0.17176946,0,0
tensor(19201),"tensor(14414., dtype=torch.float64)",tensor(9),0,-3.1192667,0.04231948,0,0,1,0.43908188,0.6080402,1,1,1,2.2092276,0.90107507,1,1,0,-3.3030822,0.0354656,0,0,0,-0.80553955,0.3088418,0,0
tensor(19205),"tensor(12709., dtype=torch.float64)",tensor(9),1,0.45493758,0.61181253,1,1,0,-0.7050639,0.33069047,0,0,0,-0.92249125,0.28445056,0,0,0,0.26642102,0.5662141,1,0,0,-2.202098,0.099562265,0,0
tensor(19283),"tensor(10147., dtype=torch.float64)",tensor(9),1,1.3844128,0.79969877,1,1,0,-2.6816711,0.0640636,0,0,0,-0.55064756,0.36571416,0,0,0,-1.0453027,0.26012814,0,0,0,-3.2430272,0.037578255,0,0
tensor(19289),"tensor(21104., dtype=torch.float64)",tensor(9),1,1.9593084,0.87645805,1,1,0,-0.13896926,0.46531346,0,0,0,-3.1928775,0.039434638,0,0,0,-4.4192224,0.011900272,0,0,0,-2.8194795,0.056280576,0,0
tensor(19309),"tensor(10780., dtype=torch.float64)",tensor(9),0,-6.18363,0.002058679,0,0,1,-0.17869851,0.4554439,0,0,0,4.2448726,0.9858651,1,1,0,-3.4847286,0.029749889,0,0,0,1.7892487,0.8568351,1,1
tensor(19313),"tensor(12980., dtype=torch.float64)",tensor(9),1,2.8166351,0.94356817,1,1,0,-3.1097825,0.04270554,0,0,0,-3.4448388,0.030923152,0,0,0,-3.6849015,0.02448508,0,0,0,-1.7104992,0.15309897,0,0
tensor(19319),"tensor(21060., dtype=torch.float64)",tensor(9),0,1.3776411,0.7986119,1,1,0,-3.126176,0.042040337,0,0,0,-2.6181533,0.0679792,0,0,0,-2.8103797,0.056765847,0,0,1,0.42473552,0.60461587,1,0
tensor(19321),"tensor(9434., dtype=torch.float64)",tensor(9),0,-4.4768324,0.011241561,0,0,1,3.9404635,0.98093146,1,1,0,0.18222243,0.54543,1,0,0,-1.9425011,0.12537335,0,0,0,-1.5488201,0.17525674,0,0
tensor(19343),"tensor(20644., dtype=torch.float64)",tensor(9),0,-0.4732245,0.38385335,0,0,1,2.4815352,0.92283726,1,1,0,-3.7631404,0.022684218,0,0,0,-4.7934327,0.008215912,0,0,0,-3.0086005,0.047038842,0,0
tensor(19355),"tensor(20536., dtype=torch.float64)",tensor(9),0,3.5340214,0.9716404,1,1,0,-5.237137,0.0052873497,0,0,0,-4.5552187,0.010402845,0,0,0,-1.3723047,0.20224775,0,0,1,-3.3968506,0.032394037,0,0
tensor(19357),"tensor(17064., dtype=torch.float64)",tensor(9),1,2.846182,0.94512105,1,1,0,-5.271947,0.005107387,0,0,0,-1.5646482,0.17298068,0,0,0,-3.6231859,0.026003264,0,0,0,-2.3525524,0.08686311,0,0
tensor(19361),"tensor(16357., dtype=torch.float64)",tensor(9),1,4.0891914,0.9835233,1,1,0,-5.850797,0.0028693476,0,0,0,-5.609455,0.003649696,0,0,0,-3.0904143,0.04350439,0,0,0,-2.9352741,0.05043713,0,0
tensor(19367),"tensor(11221., dtype=torch.float64)",tensor(9),1,3.4668353,0.96972924,1,1,0,-5.2595353,0.0051708426,0,0,0,-2.779781,0.058426592,0,0,0,-4.7840815,0.008292461,0,0,0,-2.1665044,0.102799,0,0
tensor(19399),"tensor(14833., dtype=torch.float64)",tensor(9),0,1.6786243,0.8427223,1,1,0,-5.49041,0.0041091978,0,0,0,0.4675218,0.61479706,1,0,0,-9.098712,0.00011179723,0,0,1,-5.183407,0.005577582,0,0
tensor(19545),"tensor(21457., dtype=torch.float64)",tensor(9),0,-4.4241395,0.011842593,0,0,1,2.9155273,0.94860864,1,1,0,-2.160906,0.10331648,0,0,0,3.385201,0.96723884,1,1,0,-2.53365,0.0735326,0,0
tensor(19553),"tensor(13739., dtype=torch.float64)",tensor(9),1,4.91189,0.9926952,1,1,0,-8.235648,0.0002649649,0,0,0,-5.674485,0.0034206943,0,0,0,-3.2368958,0.037800636,0,0,0,-3.800098,0.021879176,0,0
tensor(19599),"tensor(11586., dtype=torch.float64)",tensor(9),0,-3.5681465,0.027434222,0,0,0,0.2349172,0.5584607,1,0,1,2.642471,0.9335455,1,1,0,-4.7879734,0.0082605155,0,0,0,-2.064496,0.11259581,0,0
tensor(19649),"tensor(16633., dtype=torch.float64)",tensor(9),1,4.6130176,0.99017566,1,1,0,-3.688708,0.024394322,0,0,0,-6.5914083,0.0013702263,0,0,0,-3.555477,0.027774299,0,0,0,-5.882972,0.0027787492,0,0
tensor(19663),"tensor(8070., dtype=torch.float64)",tensor(9),0,-4.08053,0.01661769,0,0,1,4.0080543,0.9821555,1,1,0,-0.47006994,0.38459966,0,0,0,-1.0675782,0.2558639,0,0,0,-2.1621552,0.10320082,0,0
tensor(19665),"tensor(20455., dtype=torch.float64)",tensor(9),0,-3.2846522,0.03610148,0,0,0,0.01346102,0.50336516,1,0,1,2.3762863,0.91500103,1,1,0,-2.990373,0.04786269,0,0,0,1.0569766,0.74211234,1,0
tensor(19711),"tensor(9513., dtype=torch.float64)",tensor(9),0,-6.348424,0.0017464467,0,0,0,-1.3074483,0.21291415,0,0,0,0.99660426,0.7303904,1,1,1,5.946606,0.99739206,1,1,0,1.5588169,0.8261835,1,1
tensor(19719),"tensor(17715., dtype=torch.float64)",tensor(9),0,-5.4286103,0.0043700105,0,0,0,4.0179405,0.98232794,1,1,1,0.82331014,0.69493854,1,0,0,-3.0596604,0.044802234,0,0,0,-1.0839739,0.25275472,0,0
tensor(19737),"tensor(14414., dtype=torch.float64)",tensor(9),0,-1.8210645,0.1393062,0,0,1,-0.688217,0.33442983,0,0,0,1.9633332,0.8768932,1,1,0,-5.6432967,0.0035286793,0,0,1,-2.6852503,0.06384933,0,0
tensor(19785),"tensor(17428., dtype=torch.float64)",tensor(9),0,-0.10796353,0.47303534,0,1,1,-0.01230805,0.496923,0,0,0,0.41458085,0.6021858,1,0,0,-1.0836453,0.2528168,0,0,0,-0.696768,0.33252922,0,0
tensor(19795),"tensor(17621., dtype=torch.float64)",tensor(9),1,4.9046464,0.99264246,1,1,0,-6.028218,0.002403992,0,0,0,-3.8522792,0.020789897,0,0,0,-4.619611,0.009760426,0,0,0,-7.0467215,0.0008695007,0,0
tensor(19811),"tensor(8036., dtype=torch.float64)",tensor(9),0,-4.029681,0.017469391,0,0,1,0.8976804,0.7104726,1,1,0,2.0169203,0.8825622,1,1,0,-3.1107137,0.04266748,0,0,0,-3.526912,0.028556129,0,0
tensor(19855),"tensor(10599., dtype=torch.float64)",tensor(9),1,3.9219275,0.98058164,1,1,0,-3.4080367,0.032045238,0,0,0,-5.617956,0.0036189128,0,0,0,-2.2110302,0.09876434,0,0,0,-5.538541,0.003916858,0,0
tensor(19859),"tensor(15817., dtype=torch.float64)",tensor(9),0,-6.6130943,0.0013408707,0,0,1,3.0714555,0.95569986,1,1,0,1.03978,0.73880756,1,1,1,0.6091298,0.6477423,1,0,0,2.4721022,0.92216283,1,1
tensor(19953),"tensor(18220., dtype=torch.float64)",tensor(9),0,2.4068267,0.9173464,1,1,0,-4.6566095,0.009409237,0,0,0,-4.3101053,0.013254104,0,0,1,-3.174427,0.040139504,0,0,0,-0.18742609,0.45328018,0,0
tensor(20089),"tensor(20671., dtype=torch.float64)",tensor(9),1,5.484066,0.99586475,1,1,0,-5.7005544,0.0033329655,0,0,0,-6.9144793,0.0009923129,0,0,0,-3.1497881,0.041099627,0,0,0,-7.232255,0.00072236673,0,0
tensor(20105),"tensor(15413., dtype=torch.float64)",tensor(9),0,0.25383583,0.5631204,1,1,0,-0.8058591,0.3087736,0,0,0,-3.2174237,0.03851528,0,0,1,1.5204673,0.8206073,1,1,0,-1.8497096,0.13590701,0,0
tensor(20111),"tensor(19251., dtype=torch.float64)",tensor(9),1,2.5670717,0.928712,1,1,0,-2.6711712,0.064696066,0,0,0,-3.9333284,0.019202448,0,0,0,-2.7986853,0.057395265,0,0,0,-1.6503029,0.16106802,0,0
tensor(20131),"tensor(8941., dtype=torch.float64)",tensor(9),1,0.6983094,0.6678128,1,1,0,-1.1934496,0.23264255,0,0,0,-0.19604549,0.451145,0,0,0,-3.0013483,0.047365,0,0,0,-0.6241628,0.3488353,0,0
tensor(20137),"tensor(10061., dtype=torch.float64)",tensor(9),0,-9.247037,9.6387565e-05,0,0,1,1.1399715,0.7576744,1,1,1,3.1284633,0.95805174,1,1,1,2.9359827,0.9495968,1,1,1,3.2499301,0.9626706,1,1
tensor(20143),"tensor(21455., dtype=torch.float64)",tensor(9),1,3.6638877,0.975008,1,1,0,-4.545857,0.010499664,0,0,0,-5.8293095,0.0029314877,0,0,0,-0.3262139,0.41916212,0,0,0,-7.4076777,0.00060621003,0,0
tensor(20151),"tensor(12750., dtype=torch.float64)",tensor(9),1,3.7488892,0.97699773,1,1,0,-5.4414473,0.004314512,0,0,0,-4.5523305,0.0104326205,0,0,0,-3.0607126,0.04475723,0,0,0,-2.7216437,0.061708223,0,0
tensor(20199),"tensor(9113., dtype=torch.float64)",tensor(9),1,1.6988919,0.8453899,1,1,0,-0.38278067,0.40545642,0,0,0,-3.5883408,0.026900519,0,0,0,-2.3397915,0.08788063,0,0,0,-2.1787527,0.1016748,0,0
tensor(20243),"tensor(16587., dtype=torch.float64)",tensor(9),0,-3.8066094,0.021740261,0,0,0,-4.268933,0.013803508,0,0,0,-3.1773841,0.040025726,0,0,1,5.8699813,0.99718505,1,1,0,1.2560691,0.7783487,1,1
tensor(20245),"tensor(12917., dtype=torch.float64)",tensor(9),0,-5.936842,0.0026334017,0,0,0,-0.7630899,0.3179758,0,0,0,-0.56880814,0.3615119,0,0,1,6.6365395,0.9986902,1,1,0,0.89710224,0.7103536,1,0
tensor(20247),"tensor(19945., dtype=torch.float64)",tensor(9),0,-0.110556394,0.47238898,0,1,1,-1.2094364,0.2298008,0,0,0,0.655956,0.65835136,1,0,0,-2.3700895,0.08548214,0,0,0,-2.1341841,0.10581844,0,0
tensor(20259),"tensor(18034., dtype=torch.float64)",tensor(9),1,2.5145152,0.9251532,1,1,0,-6.5725727,0.0013962433,0,0,0,-1.0915029,0.25133538,0,0,0,-3.6136546,0.026245756,0,0,0,-1.7087162,0.15333031,0,0
tensor(20267),"tensor(9897., dtype=torch.float64)",tensor(9),1,1.3409669,0.7926489,1,1,0,-2.272995,0.09338434,0,0,0,-3.0290012,0.04613276,0,0,0,0.30206394,0.574947,1,0,0,-1.6936746,0.15529323,0,0
tensor(20279),"tensor(21605., dtype=torch.float64)",tensor(9),0,-1.8077676,0.14090815,0,0,0,0.55905414,0.6362336,1,1,1,1.220323,0.7721204,1,1,0,-1.8482335,0.13608044,0,0,0,0.038724814,0.50968,1,0
tensor(20295),"tensor(17972., dtype=torch.float64)",tensor(9),0,-10.82989,1.9798388e-05,0,0,0,-0.0205026,0.4948745,0,0,1,3.8925931,0.9800151,1,1,1,5.273807,0.994902,1,1,1,3.624029,0.9740181,1,1
tensor(20351),"tensor(8402., dtype=torch.float64)",tensor(9),1,0.68078315,0.6639135,1,1,0,1.0173802,0.734462,1,1,0,-3.1407425,0.04145761,0,0,0,-2.6127374,0.06832315,0,0,0,-3.3225217,0.034806594,0,0
tensor(20355),"tensor(11738., dtype=torch.float64)",tensor(9),1,3.7825563,0.97774225,1,1,0,-2.474091,0.077694565,0,0,0,-6.270789,0.0018871678,0,0,0,-3.6795578,0.024613043,0,0,0,-4.4659786,0.011362845,0,0
tensor(20393),"tensor(8850., dtype=torch.float64)",tensor(9),1,0.31087774,0.5770995,1,1,0,1.2467959,0.77674466,1,1,0,-2.0189896,0.11722351,0,0,0,-2.9239895,0.050980337,0,0,0,-2.6046343,0.068840764,0,0
tensor(20403),"tensor(21545., dtype=torch.float64)",tensor(9),0,0.69035316,0.6660454,1,1,0,-1.8975412,0.13038702,0,0,1,-0.20526117,0.44886413,0,0,0,-4.5819902,0.010130823,0,0,0,-0.22344062,0.44437107,0,0
tensor(20451),"tensor(14069., dtype=torch.float64)",tensor(9),0,-9.432345,8.008473e-05,0,0,1,5.0102153,0.99337465,1,1,1,1.659963,0.8402331,1,1,0,0.7270252,0.67415214,1,1,0,1.9204116,0.87218434,1,1
tensor(20499),"tensor(8174., dtype=torch.float64)",tensor(9),0,-3.7072644,0.02395657,0,0,0,2.0476518,0.88571006,1,1,1,1.3100898,0.78752816,1,1,0,-3.671981,0.024795596,0,0,0,-1.9457041,0.12502255,0,0
tensor(20551),"tensor(18497., dtype=torch.float64)",tensor(9),0,-4.2720695,0.013760875,0,0,1,-0.08714923,0.47822648,0,0,1,3.2613266,0.963078,1,1,0,-3.1536527,0.040947597,0,0,0,-0.08947274,0.4776467,0,0
tensor(20561),"tensor(20449., dtype=torch.float64)",tensor(9),0,-8.9721,0.00012688528,0,0,1,2.745257,0.93964493,1,1,0,1.7515236,0.8521449,1,1,1,4.6787896,0.9907953,1,1,0,1.2022308,0.7689214,1,1
tensor(20585),"tensor(13287., dtype=torch.float64)",tensor(9),0,-9.802983,5.5283363e-05,0,0,1,0.8487796,0.7003111,1,1,0,3.8581033,0.97932833,1,1,1,2.8244998,0.94398546,1,1,0,3.2556617,0.9628761,1,1
tensor(20587),"tensor(10766., dtype=torch.float64)",tensor(9),0,-7.326156,0.00065766554,0,0,0,-0.1444872,0.4639409,0,0,0,3.1583312,0.9592358,1,1,1,3.6625006,0.9749741,1,1,0,-0.4558482,0.38797122,0,0
tensor(20645),"tensor(11255., dtype=torch.float64)",tensor(9),0,-3.9972785,0.018034343,0,0,0,-1.7655929,0.14609125,0,0,1,3.55273,0.9721514,1,1,0,-2.4032252,0.082927085,0,0,0,1.3700857,0.797394,1,1
tensor(20661),"tensor(13641., dtype=torch.float64)",tensor(9),0,-4.5263143,0.010704655,0,0,1,0.63647133,0.6539554,1,1,1,2.77588,0.94135845,1,1,0,-2.8918126,0.052559786,0,0,0,-0.5681814,0.36165655,0,0
tensor(20737),"tensor(19353., dtype=torch.float64)",tensor(9),0,-0.40259883,0.40068814,0,0,0,-2.1526537,0.10408351,0,0,1,1.5308633,0.82213265,1,1,0,-3.7432473,0.023129454,0,0,0,-2.0496097,0.11409183,0,0
tensor(20787),"tensor(18283., dtype=torch.float64)",tensor(9),0,-2.7868755,0.058037534,0,0,1,2.919335,0.94879395,1,1,0,-0.3002252,0.42550245,0,0,0,-0.9427875,0.2803376,0,0,0,-0.16882056,0.4578948,0,0
tensor(20791),"tensor(17359., dtype=torch.float64)",tensor(9),0,-0.4712021,0.38433176,0,0,0,2.3316226,0.9114623,1,1,1,-3.4373925,0.031147076,0,0,0,-5.4497066,0.0042791753,0,0,0,-2.4595313,0.07874434,0,0
tensor(20809),"tensor(18589., dtype=torch.float64)",tensor(9),0,-2.971174,0.048745256,0,0,0,-4.6784096,0.009208204,0,0,0,-0.7407481,0.32284057,0,0,0,-4.0719504,0.01675848,0,0,1,5.053738,0.9936551,1,1
tensor(20833),"tensor(21219., dtype=torch.float64)",tensor(9),0,2.0163236,0.88250035,1,1,0,-6.591167,0.0013705564,0,0,0,-7.425432,0.00059554836,0,0,0,-2.9783475,0.048413698,0,0,1,1.1052691,0.75124604,1,0
tensor(20835),"tensor(14966., dtype=torch.float64)",tensor(9),0,-4.874445,0.0075814165,0,0,1,1.0918866,0.74873686,1,1,1,2.2612135,0.90561336,1,1,0,-0.2809787,0.43021387,0,0,1,1.4955403,0.81690836,1,1
tensor(20837),"tensor(11968., dtype=torch.float64)",tensor(9),0,-5.3912,0.0045358343,0,0,1,2.8946574,0.9475817,1,1,0,-2.869897,0.05366189,0,0,1,4.569578,0.9897439,1,1,0,0.47996956,0.61774063,1,0
tensor(20843),"tensor(13165., dtype=torch.float64)",tensor(9),0,1.5407507,0.8235739,1,1,1,-0.04798918,0.488005,0,0,0,-4.0795684,0.016633414,0,0,0,-3.5635173,0.027558006,0,0,0,-1.4301536,0.19307475,0,0
tensor(20859),"tensor(19334., dtype=torch.float64)",tensor(9),0,2.0305834,0.8839709,1,1,1,-1.7749931,0.1449225,0,0,0,-4.176566,0.015119036,0,0,0,-1.8116932,0.14043361,0,0,0,-1.3683305,0.20288971,0,0
tensor(21023),"tensor(11080., dtype=torch.float64)",tensor(9),0,-3.8894727,0.020046065,0,0,1,-0.12495935,0.46880075,0,0,0,2.3699787,0.9145092,1,1,0,-1.3969551,0.19829972,0,0,0,-3.1908102,0.03951302,0,0
tensor(21061),"tensor(19627., dtype=torch.float64)",tensor(9),1,0.5642836,0.63744307,1,1,0,1.9248573,0.8726791,1,1,0,-4.027725,0.017502995,0,0,0,-6.1559014,0.0021164394,0,0,0,-6.0441904,0.002365989,0,0
tensor(21103),"tensor(12376., dtype=torch.float64)",tensor(9),1,3.6838346,0.9754894,1,1,0,-5.1497073,0.005767644,0,0,0,-3.6869726,0.02443566,0,0,0,-2.6695032,0.06479707,0,0,0,-3.1892672,0.039571628,0,0
tensor(21117),"tensor(9918., dtype=torch.float64)",tensor(9),0,-4.163106,0.015320778,0,0,0,0.37787557,0.5933606,1,1,1,2.6905735,0.9364681,1,1,0,-4.1332583,0.015777636,0,0,0,1.0525064,0.74125594,1,0
tensor(21161),"tensor(19024., dtype=torch.float64)",tensor(9),1,2.312732,0.909926,1,1,0,-0.4072592,0.3995695,0,0,0,-4.110343,0.016137458,0,0,0,-4.54005,0.010560166,0,0,0,-3.3810859,0.032891836,0,0
tensor(21165),"tensor(8897., dtype=torch.float64)",tensor(9),0,-8.669179,0.00017177059,0,0,1,2.6632667,0.93482393,1,1,1,3.4120557,0.96807927,1,1,0,-3.1552696,0.04088415,0,0,1,3.904448,0.980246,1,1
tensor(21267),"tensor(15383., dtype=torch.float64)",tensor(9),1,-0.44351634,0.39090344,0,0,0,-3.191908,0.039471388,0,0,0,1.3996102,0.802122,1,1,0,-8.35288,0.00023566125,0,0,0,-1.3462071,0.20649116,0,0
tensor(21341),"tensor(17428., dtype=torch.float64)",tensor(9),1,2.2465146,0.90434945,1,1,0,-1.370952,0.20246609,0,0,0,-2.2660449,0.09397442,0,0,0,-2.4445372,0.079838954,0,0,0,-4.5508165,0.010448261,0,0
tensor(21349),"tensor(16124., dtype=torch.float64)",tensor(9),0,0.6935812,0.6667631,1,1,0,-4.792967,0.008219709,0,0,1,0.94357157,0.71982056,1,1,0,-4.490815,0.011087197,0,0,0,-0.6606386,0.34059614,0,0
tensor(21489),"tensor(16419., dtype=torch.float64)",tensor(9),0,-7.0113416,0.00090078596,0,0,1,1.7509137,0.852068,1,1,1,3.2471304,0.9625699,1,1,0,-2.3709028,0.08541858,0,0,0,2.5709343,0.92896736,1,1
tensor(21597),"tensor(11363., dtype=torch.float64)",tensor(9),1,3.0245643,0.95367163,1,1,0,-3.5995436,0.026608812,0,0,0,-5.6404586,0.0035386728,0,0,0,-1.466629,0.18745553,0,0,0,-2.6057353,0.068770215,0,0
tensor(21633),"tensor(8530., dtype=torch.float64)",tensor(9),0,-1.4672282,0.18736427,0,0,0,2.3730707,0.91475064,1,1,1,-1.2295263,0.22626436,0,0,1,-2.677817,0.064295076,0,0,0,-1.6429375,0.16206574,0,0
tensor(21657),"tensor(7941., dtype=torch.float64)",tensor(9),0,-0.857936,0.29777074,0,0,1,-3.5774426,0.027187273,0,0,0,-2.7474144,0.060232844,0,0,1,3.2447002,0.9624822,1,1,0,-4.356946,0.012655263,0,0
tensor(21699),"tensor(9612., dtype=torch.float64)",tensor(9),0,-4.940591,0.0070996075,0,0,1,-0.079665035,0.48009425,0,0,0,-0.53344184,0.36971453,0,0,1,5.645421,0.99647886,1,1,0,-0.022694502,0.49432662,0,0
tensor(21765),"tensor(15902., dtype=torch.float64)",tensor(9),0,-6.146292,0.002136831,0,0,1,3.3150353,0.9649411,1,1,0,1.3547553,0.794906,1,1,0,-0.69370264,0.33320993,0,0,0,1.8281851,0.8615454,1,1
tensor(21777),"tensor(8572., dtype=torch.float64)",tensor(9),1,5.8017216,0.9969868,1,1,0,-6.8345203,0.0010748268,0,0,0,-7.047327,0.0008689748,0,0,0,-3.7325647,0.023372054,0,0,0,-6.3760853,0.0016988808,0,0
tensor(21817),"tensor(18354., dtype=torch.float64)",tensor(9),0,-3.9466193,0.018953724,0,0,0,0.10375258,0.5259149,1,0,0,2.840218,0.94481087,1,1,0,-4.4540896,0.011497181,0,0,0,-0.349722,0.41344985,0,0
tensor(21831),"tensor(11905., dtype=torch.float64)",tensor(9),1,5.1420903,0.99418855,1,1,0,-3.7791176,0.022332696,0,0,0,-6.6518545,0.0012899585,0,0,0,-3.7501867,0.022973178,0,0,0,-7.8228483,0.00040031906,0,0
tensor(21837),"tensor(11744., dtype=torch.float64)",tensor(9),1,3.6659012,0.97505695,1,1,0,-3.3105617,0.035210636,0,0,0,-4.2029953,0.014730496,0,0,0,-6.0043287,0.0024619694,0,0,0,-3.2737007,0.03648451,0,0
