ecg_id,patient_id,strat_fold,true_NORM,logit_NORM,prob_NORM,pred05_NORM,predopt_NORM,true_MI,logit_MI,prob_MI,pred05_MI,predopt_MI,true_STTC,logit_STTC,prob_STTC,pred05_STTC,predopt_STTC,true_CD,logit_CD,prob_CD,pred05_CD,predopt_CD,true_HYP,logit_HYP,prob_HYP,pred05_HYP,predopt_HYP
tensor(17),"tensor(13619., dtype=torch.float64)",tensor(9),0,-4.6581926,0.009394494,0,0,0,-0.8832243,0.29251006,0,0,0,-0.946653,0.27955842,0,0,0,-2.1989312,0.099846505,0,0,0,-4.2972965,0.013422672,0,0
tensor(23),"tensor(13619., dtype=torch.float64)",tensor(9),0,-5.4696975,0.0041948357,0,0,0,-2.2157283,0.098346956,0,0,0,-0.026640728,0.49334022,0,0,0,-3.8479679,0.020877847,0,0,0,-5.4226665,0.004395948,0,0
tensor(39),"tensor(13619., dtype=torch.float64)",tensor(9),0,-3.9592097,0.018721024,0,0,1,1.3708801,0.79752237,1,1,1,1.7354096,0.8501031,1,1,0,-0.39927545,0.40148646,0,0,0,0.35552517,0.5879568,1,0
tensor(41),"tensor(8420., dtype=torch.float64)",tensor(9),0,-4.459504,0.011435809,0,0,0,-2.221365,0.09784825,0,0,0,-3.9793415,0.018354751,0,0,1,7.3310237,0.9993455,1,1,0,0.026456062,0.5066136,1,0
tensor(47),"tensor(8295., dtype=torch.float64)",tensor(9),1,2.6529105,0.93419015,1,1,0,-2.7038586,0.062746055,0,0,0,-4.9033365,0.007367102,0,0,0,-2.8153229,0.05650175,0,0,0,-1.5876738,0.16971143,0,0
tensor(49),"tensor(13958., dtype=torch.float64)",tensor(9),0,3.3360136,0.9656438,1,1,0,-3.0208411,0.04649317,0,0,0,-4.621562,0.009741587,0,0,1,-2.1609774,0.10330987,0,0,0,-4.7465143,0.008607179,0,0
tensor(51),"tensor(16750., dtype=torch.float64)",tensor(9),1,2.8939645,0.9475473,1,1,0,-5.2635045,0.0051504653,0,0,0,-7.365203,0.0006324967,0,0,0,-2.7673428,0.059114635,0,0,0,-0.31252363,0.42249885,0,0
tensor(69),"tensor(8339., dtype=torch.float64)",tensor(9),1,-0.010849714,0.49728757,0,1,0,-1.9218807,0.12765199,0,0,0,0.6321729,0.652982,1,1,0,-0.37275237,0.40787613,0,0,0,-0.5204003,0.37275863,0,0
tensor(91),"tensor(8305., dtype=torch.float64)",tensor(9),1,4.8516865,0.9922454,1,1,0,-5.094037,0.0060958224,0,0,0,-5.4284577,0.004370674,0,0,0,-4.312952,0.013216924,0,0,0,-5.5998573,0.0036847638,0,0
tensor(127),"tensor(11926., dtype=torch.float64)",tensor(9),0,0.10355346,0.52586526,1,1,0,-1.1299934,0.2441623,0,0,1,0.6043428,0.64664924,1,1,0,-1.9213152,0.12771498,0,0,0,-0.89846075,0.28936693,0,0
tensor(151),"tensor(12152., dtype=torch.float64)",tensor(9),1,3.3005073,0.9644461,1,1,0,-3.141748,0.04141767,0,0,0,-6.2683134,0.0018918366,0,0,0,-3.175162,0.04011119,0,0,0,-2.2960985,0.0914466,0,0
tensor(153),"tensor(20254., dtype=torch.float64)",tensor(9),0,2.1889136,0.89924955,1,1,1,-1.735312,0.1499094,0,0,0,-4.4193525,0.011898742,0,0,0,-2.1444738,0.104848765,0,0,0,-1.9798831,0.12133131,0,0
tensor(155),"tensor(12640., dtype=torch.float64)",tensor(9),0,-0.20418012,0.44913155,0,1,1,1.5292978,0.8219035,1,1,0,-4.5462847,0.01049522,0,0,0,-2.2659664,0.0939811,0,0,0,-4.2895613,0.0135254925,0,0
tensor(165),"tensor(9277., dtype=torch.float64)",tensor(9),1,5.1234818,0.99408,1,1,0,-6.125987,0.002180568,0,0,0,-6.0130672,0.0024406011,0,0,0,-4.296399,0.013434561,0,0,0,-4.486911,0.011130087,0,0
tensor(171),"tensor(15591., dtype=torch.float64)",tensor(9),0,-3.9593608,0.018718246,0,0,0,-3.4108822,0.031957094,0,0,1,3.6119726,0.97371125,1,1,0,-2.539342,0.07314577,0,0,0,2.3267624,0.91106933,1,1
tensor(173),"tensor(10676., dtype=torch.float64)",tensor(9),0,-1.9163041,0.12827428,0,0,0,-1.241107,0.22424334,0,0,1,2.00382,0.8811976,1,1,0,-1.938049,0.12586236,0,0,1,0.63541174,0.65371555,1,0
tensor(189),"tensor(13112., dtype=torch.float64)",tensor(9),0,-7.111437,0.00081505725,0,0,1,5.3445554,0.9952486,1,1,0,-2.9715157,0.04872942,0,0,0,2.673426,0.93544024,1,1,0,-2.7375188,0.060795423,0,0
tensor(193),"tensor(17536., dtype=torch.float64)",tensor(9),1,2.7465508,0.93971825,1,1,0,-2.5096133,0.07518699,0,0,0,-6.0313854,0.002396407,0,0,0,-2.4327397,0.080709964,0,0,0,-2.1546812,0.10389459,0,0
tensor(195),"tensor(14472., dtype=torch.float64)",tensor(9),0,-3.0753777,0.044134405,0,0,0,-0.23287761,0.4420423,0,0,0,-6.658334,0.0012816382,0,0,1,6.3378515,0.998235,1,1,0,-0.6071553,0.35270834,0,0
tensor(205),"tensor(21222., dtype=torch.float64)",tensor(9),1,1.9209185,0.87224084,1,1,0,-3.9108484,0.019630436,0,0,0,-0.8308933,0.30345622,0,0,0,-3.2962887,0.035698727,0,0,0,-2.9118607,0.05157035,0,0
tensor(217),"tensor(21519., dtype=torch.float64)",tensor(9),0,-3.163023,0.04058119,0,0,0,2.2277877,0.90271723,1,1,1,0.6374385,0.6541742,1,1,0,-0.6292727,0.34767547,0,0,0,-0.8889618,0.2913241,0,0
tensor(219),"tensor(21519., dtype=torch.float64)",tensor(9),1,-1.0180774,0.26540208,0,0,0,2.1395836,0.89469135,1,1,0,-1.8698229,0.13356222,0,0,0,-0.8349396,0.30260164,0,0,0,-2.3384595,0.08798746,0,0
tensor(223),"tensor(16039., dtype=torch.float64)",tensor(9),0,-8.345961,0.00023729702,0,0,1,-1.3822167,0.20065323,0,0,1,4.8358493,0.9921226,1,1,0,1.5326976,0.8224006,1,1,1,4.7917323,0.99177027,1,1
tensor(233),"tensor(20772., dtype=torch.float64)",tensor(9),1,2.1842096,0.8988225,1,1,0,-2.824511,0.056013927,0,0,0,-4.383026,0.012333497,0,0,0,-1.1893713,0.23337138,0,0,0,-1.7172433,0.15222658,0,0
tensor(281),"tensor(641., dtype=torch.float64)",tensor(9),0,-5.869739,0.0028156596,0,0,1,3.571582,0.9726573,1,1,0,-1.6459295,0.16165985,0,0,1,2.8981633,0.9477555,1,1,0,-2.3134236,0.09001731,0,0
tensor(287),"tensor(6437., dtype=torch.float64)",tensor(9),0,-6.8093443,0.0011022,0,0,1,0.22208494,0.55529416,1,1,0,-4.171911,0.015188514,0,0,1,7.439929,0.999413,1,1,0,1.9605356,0.87659097,1,1
tensor(293),"tensor(1689., dtype=torch.float64)",tensor(9),1,2.5964427,0.9306323,1,1,0,-3.3672674,0.033334248,0,0,0,-6.356224,0.001732901,0,0,0,-2.3831778,0.0844645,0,0,0,-1.0110319,0.26677796,0,0
tensor(295),"tensor(603., dtype=torch.float64)",tensor(9),0,-1.0009952,0.2687458,0,0,0,-0.60882074,0.35232827,0,0,1,1.0164381,0.7342782,1,1,0,-0.7548734,0.31976032,0,0,0,0.0987059,0.5246565,1,0
tensor(303),"tensor(3327., dtype=torch.float64)",tensor(9),1,6.4916563,0.9984863,1,1,0,-7.3442135,0.00064590405,0,0,0,-10.587738,2.5222773e-05,0,0,0,-4.1091805,0.016155927,0,0,0,-5.76075,0.0031388663,0,0
tensor(343),"tensor(4004., dtype=torch.float64)",tensor(9),1,0.8351048,0.6974332,1,1,0,-2.5800164,0.070435666,0,0,0,-6.889117,0.0010177763,0,0,0,2.216845,0.90175205,1,1,0,-3.312807,0.035134435,0,0
tensor(365),"tensor(9158., dtype=torch.float64)",tensor(9),1,2.4284608,0.918972,1,1,0,-3.929299,0.01927848,0,0,0,-8.526244,0.0001981587,0,0,0,0.2953645,0.57330894,1,0,0,-2.341475,0.08774577,0,0
tensor(383),"tensor(15446., dtype=torch.float64)",tensor(9),0,-4.9770913,0.006846883,0,0,1,0.50812846,0.62436765,1,1,1,2.8207364,0.94378614,1,1,0,-0.62866175,0.34781402,0,0,1,1.4372128,0.8080226,1,1
tensor(387),"tensor(14950., dtype=torch.float64)",tensor(9),1,4.078017,0.98334116,1,1,0,-6.1106424,0.002214211,0,0,0,-8.262672,0.00025790217,0,0,0,-2.9592023,0.04930338,0,0,0,-1.7283918,0.1507934,0,0
tensor(419),"tensor(1909., dtype=torch.float64)",tensor(9),1,2.9810865,0.95171237,1,1,0,-3.4865315,0.029697891,0,0,0,-5.191636,0.005532123,0,0,0,-3.1246915,0.042100172,0,0,0,-1.4431093,0.19106433,0,0
tensor(425),"tensor(2440., dtype=torch.float64)",tensor(9),0,-4.802924,0.008138931,0,0,1,1.5433078,0.8239451,1,1,1,1.6031487,0.832458,1,1,0,0.2541606,0.5632003,1,0,1,1.5511514,0.82508,1,1
tensor(437),"tensor(2990., dtype=torch.float64)",tensor(9),1,3.842545,0.979011,1,1,0,-6.1196165,0.0021944728,0,0,0,-5.1296673,0.0058837063,0,0,0,-3.39823,0.032350823,0,0,0,-1.8346871,0.13768086,0,0
tensor(441),"tensor(6036., dtype=torch.float64)",tensor(9),1,2.811321,0.9432846,1,1,0,-3.1212826,0.04223786,0,0,0,-3.5606723,0.027634349,0,0,0,-3.3877516,0.03268046,0,0,0,-1.9568259,0.123810984,0,0
tensor(445),"tensor(3996., dtype=torch.float64)",tensor(9),1,1.9118943,0.87123185,1,1,0,-3.543739,0.028093016,0,0,0,-3.1677494,0.04039757,0,0,0,-1.5200385,0.17945586,0,0,0,-0.5069434,0.37591034,0,0
tensor(483),"tensor(19895., dtype=torch.float64)",tensor(9),0,-5.242542,0.005258999,0,0,1,1.1273715,0.7553535,1,1,0,0.17052983,0.5425294,1,0,1,4.735469,0.9912981,1,1,0,-0.08946828,0.47764784,0,0
tensor(491),"tensor(3731., dtype=torch.float64)",tensor(9),1,4.5931454,0.9899804,1,1,0,-6.250938,0.0019249319,0,0,0,-8.059262,0.00031606006,0,0,0,-2.6603878,0.06535164,0,0,0,-3.1855283,0.039713968,0,0
tensor(515),"tensor(12266., dtype=torch.float64)",tensor(9),0,-0.17608231,0.45609277,0,1,1,0.027057,0.5067639,1,0,0,0.33242792,0.5823501,1,0,0,-2.1239052,0.106794976,0,0,0,-1.3117542,0.21219343,0,0
tensor(529),"tensor(13474., dtype=torch.float64)",tensor(9),0,-3.8672888,0.020486522,0,0,0,1.4147894,0.80452025,1,1,1,1.7116805,0.8470541,1,1,0,-1.7310529,0.15045294,0,0,0,0.92870766,0.716813,1,0
tensor(537),"tensor(21127., dtype=torch.float64)",tensor(9),0,-8.598209,0.00018440174,0,0,1,1.6391889,0.8374245,1,1,1,3.1229384,0.9578291,1,1,0,3.1225116,0.95781183,1,1,1,3.123822,0.95786476,1,1
tensor(545),"tensor(15734., dtype=torch.float64)",tensor(9),0,-5.3376,0.004784393,0,0,1,0.15167163,0.5378454,1,1,1,-0.46349204,0.38615778,0,0,1,5.358426,0.99531376,1,1,1,0.8525871,0.7011096,1,0
tensor(553),"tensor(10977., dtype=torch.float64)",tensor(9),1,3.868077,0.9795293,1,1,0,-4.4170876,0.0119254,0,0,0,-5.294441,0.0049943496,0,0,0,-2.5074875,0.07533494,0,0,0,-4.091273,0.016443048,0,0
tensor(563),"tensor(12015., dtype=torch.float64)",tensor(9),0,-8.094037,0.00030526132,0,0,1,2.0216715,0.8830538,1,1,0,2.1469946,0.8953876,1,1,1,4.3143916,0.98680186,1,1,0,2.0919945,0.8901226,1,1
tensor(587),"tensor(11694., dtype=torch.float64)",tensor(9),1,4.6182876,0.99022675,1,1,0,-5.573259,0.0037837122,0,0,0,-5.5786324,0.003763511,0,0,0,-4.289197,0.013530355,0,0,0,-3.3795767,0.032939877,0,0
tensor(601),"tensor(4261., dtype=torch.float64)",tensor(9),0,-3.4811122,0.029854449,0,0,1,2.2160504,0.9016816,1,1,0,0.739142,0.67680824,1,1,0,-1.4395165,0.19162022,0,0,0,-2.3800113,0.08470969,0,0
tensor(615),"tensor(7655., dtype=torch.float64)",tensor(9),1,1.8204818,0.8606239,1,1,0,-2.9469588,0.04988045,0,0,0,-1.1531667,0.23991117,0,0,0,-3.2629137,0.036865614,0,0,0,-1.58667,0.16985291,0,0
tensor(627),"tensor(2819., dtype=torch.float64)",tensor(9),0,-8.160978,0.00028550133,0,0,1,7.602224,0.9995009,1,1,1,-2.1897378,0.10067583,0,0,0,-2.0841634,0.11064561,0,0,0,-3.4089813,0.032015953,0,0
tensor(633),"tensor(709., dtype=torch.float64)",tensor(9),0,-0.10611087,0.47349715,0,1,0,-1.191813,0.23293485,0,0,0,-5.327035,0.004834964,0,0,1,2.4855995,0.92312616,1,1,0,-1.4712383,0.18675448,0,0
tensor(673),"tensor(2745., dtype=torch.float64)",tensor(9),1,6.0734596,0.99770206,1,1,0,-8.811692,0.00014895874,0,0,0,-7.6280813,0.00048635696,0,0,0,-4.382058,0.0123452945,0,0,0,-4.541781,0.010542096,0,0
tensor(705),"tensor(4874., dtype=torch.float64)",tensor(9),0,-5.0243874,0.0065326574,0,0,1,0.35765696,0.58847314,1,1,0,1.1083107,0.75181407,1,1,1,4.3719177,0.98753047,1,1,0,-1.3305316,0.20907144,0,0
tensor(717),"tensor(3795., dtype=torch.float64)",tensor(9),0,-3.4030292,0.03220093,0,0,1,-0.21947941,0.44534937,0,0,1,2.5012941,0.92423254,1,1,0,-0.5546465,0.36478704,0,0,0,-2.0557327,0.11347439,0,0
tensor(771),"tensor(3063., dtype=torch.float64)",tensor(9),1,0.36551625,0.5903751,1,1,0,-0.7881507,0.31256586,0,0,0,-0.9657904,0.27572036,0,0,0,0.26173264,0.56506217,1,0,0,-2.459195,0.07876874,0,0
tensor(787),"tensor(18804., dtype=torch.float64)",tensor(9),1,3.5980675,0.97335297,1,1,0,-3.0201864,0.0465222,0,0,0,-5.8683023,0.0028196964,0,0,0,-2.9306889,0.050657187,0,0,0,-4.0158234,0.017708847,0,0
tensor(823),"tensor(1791., dtype=torch.float64)",tensor(9),0,-3.3925383,0.032529477,0,0,0,0.7003228,0.6682593,1,1,1,0.49522775,0.6213372,1,1,1,2.2725036,0.9065741,1,1,0,0.60482657,0.6467598,1,0
tensor(839),"tensor(1551., dtype=torch.float64)",tensor(9),1,1.2059009,0.76957285,1,1,0,-1.9717169,0.12220459,0,0,0,-0.882854,0.2925867,0,0,0,-1.8477738,0.13613449,0,0,0,-0.9246007,0.28402138,0,0
tensor(843),"tensor(1756., dtype=torch.float64)",tensor(9),1,3.272072,0.9634582,1,1,0,-5.0112867,0.0066182325,0,0,0,-2.4451184,0.07979626,0,0,0,-4.37257,0.012461519,0,0,0,-3.267708,0.03669576,0,0
tensor(849),"tensor(7475., dtype=torch.float64)",tensor(9),0,-2.4008543,0.08310757,0,0,0,-1.0165541,0.26569915,0,0,1,2.5222476,0.9256868,1,1,0,-3.0350018,0.045869425,0,0,0,-1.4966912,0.18291953,0,0
tensor(881),"tensor(2682., dtype=torch.float64)",tensor(9),1,0.82351637,0.69498223,1,1,0,-4.2812195,0.0136372475,0,0,0,-0.8680022,0.29567018,0,0,0,-1.7151508,0.15249681,0,0,0,0.46936414,0.61523324,1,0
tensor(885),"tensor(2841., dtype=torch.float64)",tensor(9),0,-0.8363337,0.30230752,0,0,0,-0.58148485,0.358591,0,0,1,-2.5433357,0.07287548,0,0,0,2.4445753,0.9201638,1,1,1,-0.3574304,0.41158178,0,0
tensor(889),"tensor(11105., dtype=torch.float64)",tensor(9),1,-4.19341,0.014870261,0,0,0,4.9460306,0.9929387,1,1,0,-4.406392,0.012052088,0,0,0,-1.3695731,0.20268883,0,0,0,-2.769219,0.059010368,0,0
tensor(901),"tensor(5843., dtype=torch.float64)",tensor(9),1,3.248607,0.962623,1,1,0,-2.2016828,0.09959947,0,0,0,-6.7276397,0.0011959239,0,0,0,-3.050646,0.04518959,0,0,0,-3.2540066,0.03718318,0,0
tensor(913),"tensor(6560., dtype=torch.float64)",tensor(9),1,4.101526,0.9837219,1,1,0,-3.0946934,0.04332668,0,0,0,-5.4799466,0.0041522393,0,0,0,-3.672948,0.024772229,0,0,0,-6.11261,0.0022098687,0,0
tensor(925),"tensor(5897., dtype=torch.float64)",tensor(9),1,1.5726104,0.8281554,1,1,0,-3.0072496,0.04709943,0,0,0,-4.3558636,0.012668796,0,0,0,-0.61064553,0.35191196,0,0,0,-0.4976357,0.37809643,0,0
tensor(927),"tensor(2826., dtype=torch.float64)",tensor(9),1,1.4633563,0.81204545,1,1,0,-2.2297223,0.09711299,0,0,0,-3.392998,0.032515015,0,0,0,-1.2092167,0.22983968,0,0,0,-0.35542595,0.41206726,0,0
tensor(985),"tensor(7407., dtype=torch.float64)",tensor(9),1,2.7229607,0.93836796,1,1,0,-4.3340244,0.012944893,0,0,0,-5.666091,0.0034494298,0,0,0,-2.8968396,0.05231001,0,0,0,-0.5238197,0.3719595,0,0
tensor(987),"tensor(7818., dtype=torch.float64)",tensor(9),0,-3.391505,0.032562014,0,0,0,-1.1588535,0.23887566,0,0,1,2.6754913,0.9355649,1,1,0,-1.1009736,0.24955751,0,0,0,0.5184103,0.626776,1,0
tensor(999),"tensor(1497., dtype=torch.float64)",tensor(9),1,3.0352886,0.95414317,1,1,0,-4.600325,0.009948599,0,0,0,-7.3618793,0.00063460105,0,0,0,-2.272396,0.09343505,0,0,0,-1.0474026,0.25972417,0,0
tensor(1007),"tensor(10526., dtype=torch.float64)",tensor(9),1,2.1804106,0.89847654,1,1,0,-3.4388192,0.03110405,0,0,0,-1.4478599,0.19033115,0,0,0,-2.0387,0.11519917,0,0,0,-3.5009155,0.029286195,0,0
tensor(1015),"tensor(5995., dtype=torch.float64)",tensor(9),0,-4.0575867,0.01699681,0,0,0,1.0797491,0.74644655,1,1,1,2.340003,0.9121364,1,1,0,-3.4051228,0.032135747,0,0,1,-0.3085551,0.4234675,0,0
tensor(1103),"tensor(4833., dtype=torch.float64)",tensor(9),0,1.7233934,0.8485654,1,1,0,-3.4788458,0.02992016,0,0,0,-4.2950687,0.013452205,0,0,0,-1.9839798,0.12089524,0,0,1,0.1697503,0.542336,1,0
tensor(1109),"tensor(4267., dtype=torch.float64)",tensor(9),0,-4.7757773,0.00836103,0,0,1,2.3427825,0.91235876,1,1,0,0.97406256,0.72592854,1,1,1,0.52044487,0.62725174,1,0,0,-1.7032852,0.15403667,0,0
tensor(1119),"tensor(16469., dtype=torch.float64)",tensor(9),1,2.4573236,0.9210954,1,1,0,-0.50853705,0.37553656,0,0,0,-8.633972,0.00017792471,0,0,0,-4.5267735,0.010699794,0,0,0,-3.4417377,0.03101622,0,0
tensor(1123),"tensor(7009., dtype=torch.float64)",tensor(9),0,-4.8464518,0.0077949655,0,0,0,-1.7472503,0.14839436,0,0,0,-4.6241803,0.00971636,0,0,1,7.09036,0.99916756,1,1,0,1.3773997,0.798573,1,1
tensor(1139),"tensor(4705., dtype=torch.float64)",tensor(9),1,3.926942,0.9806769,1,1,0,-5.2643156,0.005146311,0,0,0,-6.8997574,0.0010070149,0,0,0,-3.426434,0.03147947,0,0,0,-1.900695,0.13002984,0,0
tensor(1159),"tensor(649., dtype=torch.float64)",tensor(9),0,-4.025436,0.017542407,0,0,1,3.6535957,0.9747559,1,1,0,-1.8277928,0.13850144,0,0,0,1.0087907,0.73278344,1,1,0,-2.0235617,0.11675121,0,0
tensor(1205),"tensor(18791., dtype=torch.float64)",tensor(9),0,-4.39692,0.012165391,0,0,0,-1.213377,0.22910407,0,0,1,3.6296434,0.97415984,1,1,1,-3.0369816,0.045782857,0,0,0,1.0923494,0.7488239,1,1
tensor(1249),"tensor(19947., dtype=torch.float64)",tensor(9),1,2.4982622,0.92401993,1,1,0,-3.665643,0.024949318,0,0,0,-4.886074,0.0074944193,0,0,0,-0.73573506,0.32393748,0,0,0,-2.2782793,0.0929379,0,0
tensor(1261),"tensor(8420., dtype=torch.float64)",tensor(9),0,-5.48718,0.0041224356,0,0,1,1.5091183,0.8189305,1,1,0,-3.7710023,0.022510575,0,0,1,6.294111,0.99815625,1,1,0,0.62218213,0.6507147,1,0
tensor(1295),"tensor(20870., dtype=torch.float64)",tensor(9),0,1.664192,0.8407999,1,1,0,-2.845565,0.05491102,0,0,1,-1.0158323,0.26584,0,0,0,-1.6683044,0.15865037,0,0,0,-2.5170684,0.07467025,0,0
tensor(1321),"tensor(5894., dtype=torch.float64)",tensor(9),1,0.5620892,0.63693583,1,1,0,-1.4684262,0.18718193,0,0,0,-2.7886925,0.057938285,0,0,0,0.845189,0.6995569,1,1,0,-0.8176948,0.3062532,0,0
tensor(1367),"tensor(21233., dtype=torch.float64)",tensor(9),0,-6.0576496,0.002334432,0,0,0,-2.1415713,0.105121486,0,0,0,-3.903421,0.01977389,0,0,1,6.9406643,0.99903333,1,1,1,0.31349686,0.5777386,1,0
tensor(1379),"tensor(7123., dtype=torch.float64)",tensor(9),1,0.10101443,0.5252322,1,1,0,0.91676444,0.7143824,1,1,0,-3.9889798,0.018181894,0,0,0,-0.96519494,0.27583927,0,0,0,-0.59530747,0.355418,0,0
tensor(1399),"tensor(12213., dtype=torch.float64)",tensor(9),0,-11.973348,6.3101315e-06,0,0,0,-6.526273,0.0014623125,0,0,0,-11.763755,7.781491e-06,0,0,0,-2.5513976,0.07233265,0,0,0,-7.7440543,0.00043312355,0,0
tensor(1421),"tensor(4879., dtype=torch.float64)",tensor(9),1,-1.5234792,0.17894976,0,0,0,-1.8058037,0.14114606,0,0,0,1.6286613,0.8359862,1,1,0,-1.4138281,0.19563097,0,0,0,1.161939,0.76168483,1,1
tensor(1427),"tensor(20044., dtype=torch.float64)",tensor(9),0,-5.8124275,0.002981248,0,0,1,2.4128103,0.91779894,1,1,1,2.140602,0.8947873,1,1,0,-0.51072025,0.3750247,0,0,0,1.0306665,0.7370451,1,1
tensor(1433),"tensor(16989., dtype=torch.float64)",tensor(9),0,-7.2003384,0.00074577663,0,0,1,5.055747,0.9936678,1,1,0,-0.9577044,0.27733803,0,0,0,1.9973202,0.88051546,1,1,0,-0.2365542,0.44113567,0,0
tensor(1439),"tensor(16142., dtype=torch.float64)",tensor(9),0,-6.410292,0.0016418438,0,0,1,-0.44508472,0.39053005,0,0,1,4.1591787,0.9846199,1,1,0,-0.2549647,0.43660188,0,0,1,2.3755505,0.91494375,1,1
tensor(1449),"tensor(18349., dtype=torch.float64)",tensor(9),0,-5.2780957,0.0050762375,0,0,0,-1.1561377,0.23936981,0,0,1,3.9034917,0.9802274,1,1,0,0.2920775,0.57250464,1,0,0,0.6891683,0.66578186,1,0
tensor(1451),"tensor(16916., dtype=torch.float64)",tensor(9),0,-8.866081,0.00014107452,0,0,0,-0.13915554,0.46526718,0,0,0,4.797631,0.9918182,1,1,0,1.6110404,0.8335558,1,1,1,4.143133,0.98437494,1,1
tensor(1453),"tensor(17864., dtype=torch.float64)",tensor(9),1,4.065906,0.98314166,1,1,0,-5.618189,0.0036180736,0,0,0,-4.8753514,0.0075745992,0,0,0,-2.2726831,0.09341074,0,0,0,-3.8854039,0.020126149,0,0
tensor(1455),"tensor(20051., dtype=torch.float64)",tensor(9),1,2.4671533,0.9218068,1,1,0,-6.075662,0.0022928547,0,0,0,-4.284346,0.013595252,0,0,0,-1.0723782,0.2549511,0,0,0,-0.9192958,0.2851014,0,0
tensor(1469),"tensor(4058., dtype=torch.float64)",tensor(9),0,-7.608036,0.0004961996,0,0,0,0.21756345,0.55417734,1,1,1,3.3191876,0.9650813,1,1,1,3.3730757,0.9668524,1,1,1,3.0507038,0.9548129,1,1
tensor(1473),"tensor(17115., dtype=torch.float64)",tensor(9),0,-5.074524,0.006215193,0,0,1,4.2335525,0.9857065,1,1,1,-0.9338645,0.28214133,0,0,0,-0.21339417,0.44685295,0,0,0,-2.4262445,0.081193194,0,0
tensor(1497),"tensor(18668., dtype=torch.float64)",tensor(9),1,4.15746,0.98459375,1,1,0,-4.37195,0.01246915,0,0,0,-5.1208496,0.0059355074,0,0,0,-3.5190668,0.028774565,0,0,0,-4.1326203,0.015787546,0,0
tensor(1515),"tensor(668., dtype=torch.float64)",tensor(9),0,-3.87834,0.02026593,0,0,1,3.291615,0.96414,1,1,1,-0.8138928,0.30706158,0,0,0,0.020417605,0.5051042,1,0,0,-1.2238901,0.2272526,0,0
tensor(1541),"tensor(20956., dtype=torch.float64)",tensor(9),0,-0.92768186,0.28339523,0,0,1,1.5033424,0.81807244,1,1,0,-3.020287,0.04651774,0,0,0,0.5396906,0.63174045,1,0,0,-0.45624062,0.38787803,0,0
tensor(1577),"tensor(7809., dtype=torch.float64)",tensor(9),0,-5.079855,0.006182352,0,0,1,3.0599892,0.9552118,1,1,0,-0.18402617,0.45412284,0,0,0,2.4279294,0.91893244,1,1,0,-0.47742876,0.3828595,0,0
tensor(1595),"tensor(3742., dtype=torch.float64)",tensor(9),1,-0.18092844,0.45489088,0,1,0,-4.1169543,0.016032826,0,0,1,1.5791641,0.8290861,1,1,0,-5.143895,0.005801069,0,0,0,-0.98536015,0.2718295,0,0
tensor(1611),"tensor(12706., dtype=torch.float64)",tensor(9),0,-3.9322674,0.019222438,0,0,0,1.6817874,0.8431411,1,1,0,-0.38292903,0.4054207,0,0,0,2.873579,0.9465248,1,1,1,-1.2139012,0.22901152,0,0
tensor(1619),"tensor(2638., dtype=torch.float64)",tensor(9),1,2.6421285,0.9335242,1,1,0,-3.7645538,0.022652904,0,0,0,-3.1690965,0.040345382,0,0,0,-2.6835246,0.06395256,0,0,0,-1.4347932,0.19235294,0,0
tensor(1627),"tensor(6034., dtype=torch.float64)",tensor(9),0,-5.9352946,0.0026374687,0,0,1,3.4848373,0.9702533,1,1,1,-0.8607526,0.2971821,0,0,0,2.9692519,0.95116556,1,1,0,-2.1075947,0.10836084,0,0
tensor(1645),"tensor(7424., dtype=torch.float64)",tensor(9),1,0.8162436,0.69343835,1,1,0,-3.7940521,0.022008933,0,0,0,-6.637391,0.0013087265,0,0,0,1.8803229,0.86764824,1,1,0,-0.686574,0.33479562,0,0
tensor(1699),"tensor(20837., dtype=torch.float64)",tensor(9),1,-1.0457587,0.26004037,0,0,0,2.5992465,0.930813,1,1,0,-5.9140215,0.0026940242,0,0,0,-2.2508621,0.09527513,0,0,0,-3.7878685,0.022142427,0,0
tensor(1701),"tensor(20919., dtype=torch.float64)",tensor(9),1,3.1626625,0.9594047,1,1,0,-1.7207716,0.1517718,0,0,0,-5.7825394,0.0030714192,0,0,0,-2.7611222,0.059461575,0,0,0,-4.601513,0.009936907,0,0
tensor(1713),"tensor(7961., dtype=torch.float64)",tensor(9),0,-2.562068,0.07161991,0,0,0,-0.570892,0.36103103,0,0,1,2.24286,0.9040329,1,1,1,-0.8181317,0.3061604,0,0,0,-1.3624938,0.20383528,0,0
tensor(1763),"tensor(21187., dtype=torch.float64)",tensor(9),0,-4.502824,0.0109563,0,0,0,0.8504428,0.70066005,1,1,1,2.3537147,0.91322905,1,1,0,-0.06551229,0.48362777,0,0,1,0.8478542,0.7001168,1,0
tensor(1809),"tensor(361., dtype=torch.float64)",tensor(9),0,-5.6351547,0.0035574245,0,0,1,3.9552853,0.9812067,1,1,0,0.45374054,0.6115282,1,1,1,-0.14425388,0.46399894,0,0,0,-2.2924845,0.09174731,0,0
tensor(1817),"tensor(11885., dtype=torch.float64)",tensor(9),0,-5.245732,0.005242337,0,0,0,0.8095744,0.6920188,1,1,1,1.2308236,0.77396274,1,1,1,3.972507,0.9815217,1,1,0,-0.02058154,0.49485478,0,0
tensor(1841),"tensor(7070., dtype=torch.float64)",tensor(9),1,-2.836205,0.055398796,0,0,0,-1.3219088,0.21050087,0,0,0,2.5206182,0.92557466,1,1,0,-1.061115,0.25709644,0,0,0,1.0490344,0.74058944,1,1
tensor(1871),"tensor(1585., dtype=torch.float64)",tensor(9),1,1.7560954,0.85271996,1,1,0,-4.681719,0.009178061,0,0,0,-2.5930605,0.069586374,0,0,0,-2.501686,0.07574007,0,0,0,0.25322816,0.5629709,1,0
tensor(1889),"tensor(2348., dtype=torch.float64)",tensor(9),0,-0.63086766,0.34731382,0,0,0,-0.84982044,0.29947054,0,0,1,0.513407,0.6256048,1,1,0,-1.0042608,0.26810452,0,0,0,0.76432675,0.6822924,1,0
tensor(1907),"tensor(7931., dtype=torch.float64)",tensor(9),0,-6.7384396,0.0011830928,0,0,1,2.362211,0.91389996,1,1,0,-2.8376043,0.055325616,0,0,1,6.421982,0.9983772,1,1,0,0.35089305,0.5868341,1,0
tensor(1977),"tensor(847., dtype=torch.float64)",tensor(9),0,-6.0989,0.0022403065,0,0,1,0.6005345,0.64577854,1,1,0,1.7244407,0.8486999,1,1,1,4.507703,0.98909646,1,1,0,0.048583183,0.51214343,1,0
tensor(1981),"tensor(459., dtype=torch.float64)",tensor(9),0,-4.5304627,0.010660811,0,0,0,0.8835349,0.70755416,1,1,1,2.3660622,0.9142025,1,1,0,-2.0301135,0.11607728,0,0,0,1.4573909,0.8111333,1,1
tensor(1995),"tensor(389., dtype=torch.float64)",tensor(9),0,-1.8475192,0.13616444,0,0,0,-1.6817114,0.156869,0,0,0,-5.8256626,0.0029421663,0,0,1,4.4673777,0.9886529,1,1,0,1.1765672,0.76432997,1,1
tensor(2033),"tensor(5507., dtype=torch.float64)",tensor(9),0,-7.145738,0.00078759546,0,0,1,1.7572184,0.8528609,1,1,1,1.0646305,0.7435745,1,1,1,5.452544,0.99573296,1,1,0,0.7520387,0.67962277,1,0
tensor(2051),"tensor(389., dtype=torch.float64)",tensor(9),0,-4.7956705,0.008197698,0,0,0,1.5779177,0.8289094,1,1,0,1.7023052,0.84583557,1,1,0,-1.7140028,0.15264523,0,0,0,-4.554812,0.010407032,0,0
tensor(2089),"tensor(1651., dtype=torch.float64)",tensor(9),1,3.505191,0.97083515,1,1,0,-2.189676,0.10068142,0,0,0,-6.247644,0.0019312706,0,0,0,-4.522476,0.010745377,0,0,0,-3.6381283,0.025627485,0,0
tensor(2099),"tensor(13882., dtype=torch.float64)",tensor(9),0,-3.9528787,0.018837683,0,0,1,2.4797814,0.92271215,1,1,0,0.6789959,0.6635146,1,1,0,-0.33299983,0.41751093,0,0,0,-1.7793419,0.14438441,0,0
tensor(2107),"tensor(2719., dtype=torch.float64)",tensor(9),1,-3.085591,0.043705534,0,0,0,0.30643937,0.57601595,1,1,0,0.5287538,0.62919235,1,1,0,2.4746153,0.922343,1,1,0,0.9983343,0.73073095,1,1
tensor(2111),"tensor(4920., dtype=torch.float64)",tensor(9),0,-5.2210846,0.005372449,0,0,1,1.9937575,0.88014007,1,1,1,-0.44117403,0.39146128,0,0,1,3.5741112,0.9727245,1,1,1,1.0203726,0.7350452,1,1
tensor(2115),"tensor(20329., dtype=torch.float64)",tensor(9),1,3.9765332,0.98159456,1,1,0,-4.057426,0.016999494,0,0,0,-7.180543,0.0007606753,0,0,0,-2.9731228,0.048654966,0,0,0,-3.2518177,0.037261624,0,0
tensor(2123),"tensor(4949., dtype=torch.float64)",tensor(9),0,1.0355651,0.7379934,1,1,0,-0.97096074,0.27468905,0,0,0,-2.1164026,0.107512765,0,0,1,-0.94123614,0.28065073,0,0,1,-0.6988746,0.3320618,0,0
tensor(2135),"tensor(8046., dtype=torch.float64)",tensor(9),0,-5.393079,0.0045273593,0,0,0,0.2464889,0.56131214,1,1,0,-4.9756627,0.0068566045,0,0,1,7.2968864,0.9993228,1,1,0,0.30468228,0.57558674,1,0
tensor(2139),"tensor(20870., dtype=torch.float64)",tensor(9),1,-1.0571473,0.257855,0,0,0,-1.9561441,0.12388494,0,0,0,2.022158,0.88310397,1,1,0,-2.4311657,0.08082682,0,0,0,-0.96822184,0.2752351,0,0
tensor(2149),"tensor(7231., dtype=torch.float64)",tensor(9),1,5.0036,0.993331,1,1,0,-5.1548896,0.0057380027,0,0,0,-8.088186,0.00030705202,0,0,0,-3.0903306,0.043507874,0,0,0,-5.086871,0.006139393,0,0
tensor(2161),"tensor(20411., dtype=torch.float64)",tensor(9),1,3.846435,0.9790908,1,1,0,-6.4748044,0.001539427,0,0,0,-7.2107925,0.00073802646,0,0,0,-3.8977559,0.019883994,0,0,0,-0.82174265,0.30539387,0,0
tensor(2169),"tensor(6021., dtype=torch.float64)",tensor(9),0,-0.7080092,0.3300389,0,0,0,-0.6674158,0.3390757,0,0,1,1.1888419,0.7665339,1,1,0,-2.1707945,0.10240398,0,0,0,-0.4457233,0.3903781,0,0
tensor(2181),"tensor(2652., dtype=torch.float64)",tensor(9),1,1.6906137,0.84430486,1,1,0,-3.597876,0.026652036,0,0,0,-3.5300593,0.028468944,0,0,0,-1.546674,0.17556717,0,0,0,-0.02436338,0.49390948,0,0
tensor(2205),"tensor(4376., dtype=torch.float64)",tensor(9),0,-6.3388643,0.0017631928,0,0,0,2.9142973,0.9485487,1,1,0,0.82214314,0.69469106,1,1,0,3.185076,0.96026874,1,1,0,0.44726714,0.6099893,1,0
tensor(2233),"tensor(5310., dtype=torch.float64)",tensor(9),0,-2.3256505,0.08902077,0,0,0,-0.5704561,0.36113158,0,0,0,0.15243025,0.53803396,1,0,1,2.8829386,0.9469965,1,1,0,-1.2366447,0.22502056,0,0
tensor(2237),"tensor(2202., dtype=torch.float64)",tensor(9),1,1.9310362,0.8733641,1,1,0,-0.8869046,0.29174903,0,0,0,-4.6148562,0.009806488,0,0,0,-3.5856295,0.026971584,0,0,0,-2.142023,0.10507899,0,0
tensor(2261),"tensor(3857., dtype=torch.float64)",tensor(9),1,3.1706293,0.95971394,1,1,0,-4.23817,0.014228605,0,0,0,-5.33768,0.004784014,0,0,0,-1.7610664,0.14665683,0,0,0,-2.5378425,0.0732475,0,0
tensor(2273),"tensor(16350., dtype=torch.float64)",tensor(9),0,-3.386646,0.032715425,0,0,1,1.2796247,0.7823858,1,1,0,1.0397224,0.7387964,1,1,0,-0.45682216,0.38773996,0,0,0,-2.2802129,0.09277503,0,0
tensor(2283),"tensor(3200., dtype=torch.float64)",tensor(9),1,1.9987772,0.8806686,1,1,0,-1.6296191,0.16388254,0,0,0,-1.7412406,0.14915542,0,0,0,-4.9932084,0.0067381533,0,0,0,-3.204979,0.038978785,0,0
tensor(2297),"tensor(4963., dtype=torch.float64)",tensor(9),0,-1.740107,0.14929934,0,0,0,-0.15280178,0.46187368,0,0,0,-0.17158903,0.45720765,0,0,1,1.9351717,0.8738208,1,1,1,-1.4694096,0.18703239,0,0
tensor(2301),"tensor(2793., dtype=torch.float64)",tensor(9),1,-0.3889866,0.4039613,0,0,0,-3.1602304,0.04069006,0,0,0,1.6465769,0.83842784,1,1,0,-2.3893821,0.083985955,0,0,0,-2.2557824,0.09485186,0,0
tensor(2309),"tensor(1134., dtype=torch.float64)",tensor(9),1,1.102802,0.75078475,1,1,0,-0.89538306,0.2900002,0,0,0,-0.6574276,0.3413177,0,0,0,-1.9980633,0.11940641,0,0,0,-2.6854079,0.06383991,0,0
tensor(2311),"tensor(4897., dtype=torch.float64)",tensor(9),0,-9.948898,4.7777958e-05,0,0,1,5.011719,0.99338466,1,1,0,0.05201517,0.51300085,1,0,1,5.728627,0.996759,1,1,0,0.39560065,0.5976302,1,0
tensor(2319),"tensor(2577., dtype=torch.float64)",tensor(9),1,0.3568053,0.58826685,1,1,0,-4.353566,0.0126975635,0,0,0,0.9425527,0.719615,1,1,0,-2.838122,0.05529857,0,0,0,-0.8682556,0.29561737,0,0
tensor(2335),"tensor(11190., dtype=torch.float64)",tensor(9),0,-5.415289,0.0044283555,0,0,0,0.51024735,0.62486446,1,1,0,1.3091193,0.78736573,1,1,1,4.6070027,0.990117,1,1,0,-0.11787905,0.4705643,0,0
tensor(2357),"tensor(18869., dtype=torch.float64)",tensor(9),1,4.476944,0.98875964,1,1,0,-5.789487,0.0030502197,0,0,0,-7.8633432,0.0003844381,0,0,0,-3.278501,0.03631614,0,0,0,-2.7099895,0.062386457,0,0
tensor(2359),"tensor(13668., dtype=torch.float64)",tensor(9),0,-1.8209498,0.13931994,0,0,1,-0.9511208,0.2786595,0,0,0,0.16395387,0.5408969,1,0,1,0.99286664,0.72965384,1,1,0,1.4278378,0.8065642,1,1
tensor(2361),"tensor(13039., dtype=torch.float64)",tensor(9),1,2.8789227,0.9467946,1,1,0,-3.4307353,0.031348597,0,0,0,-2.0920565,0.10987129,0,0,0,-3.0291896,0.046124466,0,0,0,-4.8004184,0.008159184,0,0
tensor(2377),"tensor(20400., dtype=torch.float64)",tensor(9),1,0.9926575,0.72961247,1,1,0,0.23503762,0.5584904,1,1,0,-5.9001474,0.002731559,0,0,0,-2.9862504,0.048050914,0,0,0,-1.5864323,0.16988643,0,0
tensor(2389),"tensor(19437., dtype=torch.float64)",tensor(9),1,2.7253103,0.9385037,1,1,0,-2.2238357,0.09763037,0,0,0,-5.811409,0.0029842772,0,0,0,-3.483923,0.02977315,0,0,0,-1.6989661,0.15460034,0,0
tensor(2395),"tensor(17170., dtype=torch.float64)",tensor(9),1,1.2875831,0.78373784,1,1,0,-3.3678372,0.033315893,0,0,0,-6.514103,0.0014801908,0,0,0,0.72313726,0.67329746,1,1,0,-0.73662424,0.32374275,0,0
tensor(2397),"tensor(9357., dtype=torch.float64)",tensor(9),0,1.7154956,0.84754777,1,1,1,-0.17460555,0.4564592,0,0,0,-4.9115553,0.0073072417,0,0,0,-2.8743422,0.053436592,0,0,0,-4.3349824,0.012932659,0,0
tensor(2421),"tensor(17173., dtype=torch.float64)",tensor(9),1,0.37029684,0.5915307,1,1,0,-2.6217625,0.067750886,0,0,0,-3.9902673,0.018158926,0,0,1,2.4112263,0.91767937,1,1,0,-2.6333315,0.06702382,0,0
tensor(2429),"tensor(8456., dtype=torch.float64)",tensor(9),1,3.9336984,0.9808045,1,1,0,-3.806671,0.02173895,0,0,0,-6.550804,0.001426927,0,0,0,-3.4111667,0.0319483,0,0,0,-3.4393156,0.031089095,0,0
tensor(2443),"tensor(21046., dtype=torch.float64)",tensor(9),0,-1.3383739,0.20777759,0,0,0,-2.0721655,0.11183176,0,0,1,1.1532184,0.7600983,1,1,0,-1.3551803,0.20502475,0,0,0,1.2837669,0.7830903,1,1
tensor(2465),"tensor(1298., dtype=torch.float64)",tensor(9),1,4.7969847,0.99181294,1,1,0,-5.1716046,0.005643426,0,0,0,-5.723483,0.0032576602,0,0,0,-4.149742,0.015523696,0,0,0,-5.0660167,0.0062679597,0,0
tensor(2467),"tensor(7513., dtype=torch.float64)",tensor(9),1,2.651208,0.93408537,1,1,0,-4.2900047,0.013519577,0,0,0,-1.8506732,0.13579388,0,0,0,-5.1983514,0.005495301,0,0,0,-1.6925985,0.15543441,0,0
tensor(2505),"tensor(20101., dtype=torch.float64)",tensor(9),0,-3.4323266,0.03130031,0,0,0,-2.377288,0.08492107,0,0,1,3.392265,0.96746194,1,1,0,-2.3892472,0.08399634,0,0,1,0.92822886,0.7167158,1,0
tensor(2543),"tensor(13440., dtype=torch.float64)",tensor(9),0,-4.760298,0.008490356,0,0,0,-0.21138011,0.44735086,0,0,1,2.7287655,0.9387028,1,1,0,1.8256989,0.86124855,1,1,0,-0.20885058,0.44797635,0,0
tensor(2577),"tensor(8053., dtype=torch.float64)",tensor(9),1,3.1830444,0.96019125,1,1,0,-5.575914,0.003773717,0,0,0,-7.390997,0.00061640056,0,0,0,-2.566634,0.07131692,0,0,0,-0.66952574,0.33860305,0,0
tensor(2591),"tensor(17271., dtype=torch.float64)",tensor(9),0,-7.4038777,0.00060851657,0,0,1,6.496539,0.9984937,1,1,0,-0.85012776,0.29940605,0,0,0,-1.455409,0.18917051,0,0,0,-2.9032393,0.05199367,0,0
tensor(2613),"tensor(21108., dtype=torch.float64)",tensor(9),1,1.0531607,0.7413814,1,1,0,-3.268755,0.03665877,0,0,0,-0.70006883,0.33179694,0,0,0,-1.617163,0.1655965,0,0,0,-0.42988408,0.394154,0,0
tensor(2623),"tensor(7433., dtype=torch.float64)",tensor(9),0,-6.259479,0.0019085922,0,0,1,0.6705584,0.6616282,1,1,0,-0.8886169,0.2913953,0,0,1,6.435719,0.9983993,1,1,0,0.86564755,0.70383924,1,0
tensor(2629),"tensor(17864., dtype=torch.float64)",tensor(9),1,2.687512,0.93628573,1,1,0,-3.91642,0.019523498,0,0,0,-3.2379608,0.037761915,0,0,0,-1.9873747,0.1205349,0,0,0,-1.8912272,0.13110462,0,0
tensor(2669),"tensor(585., dtype=torch.float64)",tensor(9),0,-6.4158306,0.0016327905,0,0,1,2.1000345,0.8909065,1,1,0,0.6571574,0.6586215,1,1,1,4.747277,0.9913993,1,1,0,-0.7469144,0.321494,0,0
tensor(2697),"tensor(5609., dtype=torch.float64)",tensor(9),1,3.937506,0.980876,1,1,0,-4.723434,0.008806375,0,0,0,-5.455865,0.0042530154,0,0,0,-5.0405955,0.006428303,0,0,0,-2.018843,0.117238685,0,0
tensor(2707),"tensor(20920., dtype=torch.float64)",tensor(9),0,3.3472834,0.9660157,1,1,1,-2.3863733,0.08421771,0,0,0,-6.3828044,0.0016875233,0,0,0,-2.4339826,0.08061779,0,0,0,-4.232335,0.014310679,0,0
tensor(2721),"tensor(12807., dtype=torch.float64)",tensor(9),1,2.9804296,0.95168215,1,1,0,-4.0894947,0.01647183,0,0,0,-2.3121142,0.09012462,0,0,0,-2.8571575,0.054312516,0,0,0,-4.115618,0.016053917,0,0
tensor(2727),"tensor(4424., dtype=torch.float64)",tensor(9),0,-2.0105896,0.118095554,0,0,1,1.140884,0.7578419,1,1,0,0.33926678,0.5840124,1,0,0,-1.9268624,0.12709828,0,0,0,-2.3534846,0.0867892,0,0
tensor(2745),"tensor(2158., dtype=torch.float64)",tensor(9),0,-3.877701,0.020278621,0,0,0,-0.3784718,0.40649554,0,0,1,2.7803986,0.9416074,1,1,0,-2.179912,0.10156895,0,0,0,1.3094796,0.78742605,1,1
tensor(2801),"tensor(9053., dtype=torch.float64)",tensor(9),1,4.648244,0.99051243,1,1,0,-5.064575,0.006276944,0,0,0,-5.4541097,0.0042604553,0,0,0,-3.831694,0.021213124,0,0,0,-5.1167383,0.005959814,0,0
tensor(2825),"tensor(7860., dtype=torch.float64)",tensor(9),0,-4.5677366,0.010274764,0,0,0,1.631376,0.8363581,1,1,1,2.1580672,0.89642024,1,1,0,-2.20555,0.09925321,0,0,0,-0.62582177,0.34845853,0,0
tensor(2841),"tensor(5273., dtype=torch.float64)",tensor(9),1,1.9452741,0.87493044,1,1,0,-1.3926065,0.19899198,0,0,0,-2.0096757,0.11819077,0,0,0,-5.0035744,0.00666913,0,0,0,-3.3824127,0.03284966,0,0
tensor(2849),"tensor(7390., dtype=torch.float64)",tensor(9),1,3.0777178,0.9559642,1,1,0,-4.5297728,0.0106680915,0,0,0,-5.7671585,0.0031188773,0,0,0,-3.033564,0.04593239,0,0,0,-0.9158134,0.28581172,0,0
tensor(2851),"tensor(14209., dtype=torch.float64)",tensor(9),1,0.26468495,0.5657876,1,1,0,0.66489774,0.66035974,1,1,0,-4.771202,0.008399051,0,0,0,-0.3239557,0.41971204,0,0,0,-3.4066346,0.03208876,0,0
tensor(2895),"tensor(15808., dtype=torch.float64)",tensor(9),0,-5.849927,0.0028718384,0,0,0,2.0060847,0.88143444,1,1,0,1.2241887,0.77279985,1,1,1,3.1343627,0.95828813,1,1,0,-1.5655959,0.17284516,0,0
tensor(2899),"tensor(20652., dtype=torch.float64)",tensor(9),0,-6.212054,0.0020011025,0,0,1,2.5669696,0.92870533,1,1,1,2.364908,0.914112,1,1,0,-1.3027751,0.21369833,0,0,0,1.20072,0.7686528,1,1
tensor(2907),"tensor(21195., dtype=torch.float64)",tensor(9),1,3.4999497,0.9706863,1,1,0,-4.089671,0.016468972,0,0,0,-4.8161306,0.008033008,0,0,0,-2.600057,0.06913476,0,0,0,-3.0541677,0.04503788,0,0
tensor(2911),"tensor(13978., dtype=torch.float64)",tensor(9),0,-0.6233689,0.34901565,0,0,0,-4.317289,0.013160483,0,0,0,-1.9645463,0.122975886,0,0,0,-1.8813407,0.13223496,0,0,1,2.9153795,0.9486015,1,1
tensor(2933),"tensor(13267., dtype=torch.float64)",tensor(9),1,-0.16530436,0.4587677,0,1,0,-0.09352378,0.47663608,0,0,0,-0.536544,0.36899188,0,0,0,-0.40132004,0.40099525,0,0,0,0.3198756,0.5792939,1,0
tensor(2949),"tensor(1627., dtype=torch.float64)",tensor(9),0,2.153064,0.8959547,1,1,0,-3.232264,0.03796946,0,0,1,-1.8026035,0.14153443,0,0,0,-2.7245064,0.06154268,0,0,0,-1.676309,0.15758485,0,0
tensor(2967),"tensor(7635., dtype=torch.float64)",tensor(9),0,-3.2203486,0.03840711,0,0,1,0.32027283,0.57939076,1,1,1,2.1450639,0.89520663,1,1,0,-1.2611417,0.22077744,0,0,0,-0.20774435,0.4482499,0,0
tensor(2971),"tensor(13926., dtype=torch.float64)",tensor(9),0,-5.956644,0.0025819011,0,0,1,3.6450074,0.9745437,1,1,0,1.3792009,0.79886264,1,1,0,-0.94534624,0.2798217,0,0,0,0.37403074,0.59243256,1,0
tensor(3003),"tensor(20949., dtype=torch.float64)",tensor(9),1,3.5261598,0.97142303,1,1,0,-2.751241,0.060016602,0,0,0,-3.8874762,0.020085324,0,0,0,-3.5537748,0.027820297,0,0,0,-5.36059,0.0046761646,0,0
tensor(3029),"tensor(3385., dtype=torch.float64)",tensor(9),0,-5.644516,0.0035243942,0,0,0,1.1367364,0.75707996,1,1,0,-4.1874685,0.014957549,0,0,1,6.6969085,0.9987668,1,1,0,0.91840637,0.71471727,1,0
tensor(3041),"tensor(3851., dtype=torch.float64)",tensor(9),0,-5.733412,0.0032255796,0,0,0,1.5131526,0.819528,1,1,0,0.062229887,0.5155524,1,0,1,5.072442,0.993772,1,1,0,-0.5142577,0.37419593,0,0
tensor(3053),"tensor(21329., dtype=torch.float64)",tensor(9),1,4.2371144,0.9857566,1,1,0,-4.3975935,0.012157301,0,0,0,-4.5596113,0.010357722,0,0,0,-4.1802135,0.0150648225,0,0,0,-4.539693,0.010563898,0,0
tensor(3083),"tensor(10698., dtype=torch.float64)",tensor(9),1,3.1356964,0.9583414,1,1,0,-3.2573292,0.037064414,0,0,0,-5.4007854,0.004492759,0,0,0,-3.2890446,0.035948943,0,0,0,-1.9479719,0.12477467,0,0
tensor(3089),"tensor(2095., dtype=torch.float64)",tensor(9),1,1.5550747,0.82564545,1,1,0,-3.388965,0.032642126,0,0,0,-2.25929,0.09455114,0,0,0,-4.5319977,0.010644635,0,0,0,0.5254989,0.62843275,1,0
tensor(3111),"tensor(5711., dtype=torch.float64)",tensor(9),1,1.499543,0.8175063,1,1,0,-3.4688342,0.03021212,0,0,0,-1.1300343,0.24415474,0,0,0,-1.543743,0.1759918,0,0,0,-1.2012829,0.23124708,0,0
tensor(3127),"tensor(17465., dtype=torch.float64)",tensor(9),0,-3.9773257,0.018391108,0,0,1,3.0288424,0.9538603,1,1,0,0.6747459,0.66256505,1,1,0,-2.4158225,0.08197408,0,0,0,-1.8247715,0.13886233,0,0
tensor(3155),"tensor(732., dtype=torch.float64)",tensor(9),0,-7.119829,0.0008082511,0,0,0,0.18388,0.5458409,1,1,0,-0.6547747,0.3419144,0,0,1,6.5467863,0.99856734,1,1,0,2.182609,0.89867693,1,1
tensor(3169),"tensor(8852., dtype=torch.float64)",tensor(9),1,0.90486765,0.7119488,1,1,0,-3.533529,0.028373135,0,0,0,0.4800623,0.61776257,1,1,0,-4.457122,0.0114627695,0,0,0,-4.20208,0.01474379,0,0
tensor(3189),"tensor(21285., dtype=torch.float64)",tensor(9),1,3.0814807,0.95612234,1,1,0,-3.145776,0.041258037,0,0,0,-4.6433134,0.00953398,0,0,0,-1.870204,0.13351811,0,0,0,-3.7793453,0.022327727,0,0
tensor(3203),"tensor(10042., dtype=torch.float64)",tensor(9),1,-0.33882287,0.41609544,0,0,0,-4.087756,0.016500019,0,0,0,1.7026155,0.845876,1,1,0,-3.5916524,0.026813965,0,0,0,-0.3350204,0.4170196,0,0
tensor(3233),"tensor(14392., dtype=torch.float64)",tensor(9),1,-0.71521056,0.32844853,0,0,0,-1.6529361,0.16071253,0,0,0,-7.6700463,0.0004663786,0,0,1,3.930053,0.9807358,1,1,0,-0.6344255,0.34650773,0,0
tensor(3265),"tensor(1353., dtype=torch.float64)",tensor(9),0,-1.4878736,0.1842411,0,0,1,-0.015240669,0.4961899,0,0,0,0.84991205,0.70054865,1,1,0,-2.6257484,0.06749957,0,0,1,0.70180464,0.6685878,1,0
tensor(3271),"tensor(10309., dtype=torch.float64)",tensor(9),1,2.9001024,0.9478515,1,1,0,-4.1640286,0.015306866,0,0,0,-2.1299024,0.10622426,0,0,0,-2.638196,0.066720285,0,0,0,-4.177599,0.015103666,0,0
tensor(3273),"tensor(1040., dtype=torch.float64)",tensor(9),1,4.5459776,0.98950166,1,1,0,-5.3708706,0.004628558,0,0,0,-8.114082,0.00029920498,0,0,0,-3.4385488,0.031112202,0,0,0,-3.112013,0.042614438,0,0
tensor(3283),"tensor(1792., dtype=torch.float64)",tensor(9),1,2.5841768,0.9298363,1,1,0,-3.0684931,0.044425752,0,0,0,-5.6759577,0.0034156782,0,0,0,-1.8992404,0.13019447,0,0,0,-1.5687193,0.17239906,0,0
tensor(3337),"tensor(746., dtype=torch.float64)",tensor(9),0,-4.11943,0.015993815,0,0,0,-2.6704834,0.0647377,0,0,1,2.2921357,0.9082236,1,1,1,2.2473795,0.90442425,1,1,0,-0.77578497,0.31522906,0,0
tensor(3345),"tensor(7784., dtype=torch.float64)",tensor(9),1,2.5835872,0.9297978,1,1,0,-2.003223,0.11886495,0,0,0,-6.609725,0.0013453902,0,0,0,-1.3370814,0.20799042,0,0,0,-3.269752,0.03662358,0,0
tensor(3349),"tensor(4835., dtype=torch.float64)",tensor(9),0,2.0844994,0.8893874,1,1,0,-1.3872803,0.19984229,0,0,0,-2.9056299,0.051875956,0,0,1,-2.1476223,0.10455361,0,0,0,-3.2127218,0.038689777,0,0
tensor(3389),"tensor(10644., dtype=torch.float64)",tensor(9),0,-5.291099,0.005010986,0,0,1,2.7927196,0.9422811,1,1,0,0.1430572,0.5357034,1,0,0,2.7393663,0.93930995,1,1,0,0.24441186,0.5608006,1,0
tensor(3401),"tensor(7511., dtype=torch.float64)",tensor(9),0,-5.545554,0.0038895905,0,0,0,3.3737562,0.9668742,1,1,1,1.24148,0.7758215,1,1,0,-0.96585274,0.2757079,0,0,0,1.035152,0.7379135,1,1
tensor(3409),"tensor(7108., dtype=torch.float64)",tensor(9),0,-2.774233,0.058732554,0,0,0,-0.99201316,0.2705146,0,0,0,-0.22025307,0.44515824,0,0,1,3.571881,0.9726652,1,1,0,-0.5232391,0.37209514,0,0
tensor(3411),"tensor(4377., dtype=torch.float64)",tensor(9),0,-6.199115,0.0020271102,0,0,1,2.059862,0.8869403,1,1,0,-0.33404326,0.41725716,0,0,1,5.351653,0.995282,1,1,0,-1.101494,0.24946007,0,0
tensor(3417),"tensor(1044., dtype=torch.float64)",tensor(9),1,2.1359491,0.8943485,1,1,0,-2.209821,0.09887201,0,0,0,-3.5670757,0.027462805,0,0,1,-1.1588929,0.23886853,0,0,0,-4.1887603,0.01493853,0,0
tensor(3433),"tensor(2663., dtype=torch.float64)",tensor(9),0,-5.1936164,0.0055212397,0,0,0,-1.6039528,0.1674299,0,0,1,3.980825,0.981672,1,1,0,-0.6328895,0.34685564,0,0,0,2.401878,0.91697043,1,1
tensor(3443),"tensor(4536., dtype=torch.float64)",tensor(9),0,-3.5615447,0.027610922,0,0,1,2.0044086,0.88125914,1,1,0,-3.193917,0.039395276,0,0,1,3.349102,0.9660755,1,1,0,-0.30833337,0.4235216,0,0
tensor(3447),"tensor(21065., dtype=torch.float64)",tensor(9),1,1.5658274,0.82718796,1,1,0,-3.7012727,0.024097072,0,0,0,-5.6611924,0.0034663097,0,0,0,0.7429271,0.67763555,1,1,0,-1.3593241,0.20435017,0,0
tensor(3457),"tensor(6881., dtype=torch.float64)",tensor(9),0,-4.6410584,0.009555297,0,0,0,-2.5658088,0.07137159,0,0,1,3.722983,0.9764082,1,1,0,-1.767009,0.14591469,0,0,1,0.804603,0.6909582,1,0
tensor(3475),"tensor(10208., dtype=torch.float64)",tensor(9),1,2.7715695,0.94111997,1,1,0,-3.1234772,0.042149164,0,0,0,-2.0587342,0.113172814,0,0,0,-4.4304028,0.011769521,0,0,0,-4.3072457,0.013291555,0,0
tensor(3495),"tensor(17675., dtype=torch.float64)",tensor(9),0,1.6798995,0.8428913,1,1,1,-1.7568514,0.14718512,0,0,0,-1.5325625,0.17761908,0,0,1,-1.5537642,0.17454325,0,0,0,-2.1872392,0.10090228,0,0
tensor(3531),"tensor(5612., dtype=torch.float64)",tensor(9),0,-5.811735,0.0029833068,0,0,0,-0.6585908,0.34105623,0,0,1,4.0324674,0.9825784,1,1,0,-0.8911133,0.29088014,0,0,0,1.9556199,0.87605816,1,1
tensor(3587),"tensor(13541., dtype=torch.float64)",tensor(9),1,4.5480433,0.989523,1,1,0,-5.5636096,0.0038202584,0,0,0,-4.8558645,0.0077225007,0,0,0,-4.124678,0.01591143,0,0,0,-4.0878954,0.01649776,0,0
tensor(3595),"tensor(19798., dtype=torch.float64)",tensor(9),1,4.5620813,0.98966753,1,1,0,-5.5851903,0.0037390029,0,0,0,-6.422817,0.001621441,0,0,0,-4.2270527,0.0143853845,0,0,0,-3.083232,0.043804243,0,0
tensor(3597),"tensor(14329., dtype=torch.float64)",tensor(9),0,-5.4612904,0.004230101,0,0,0,-0.52042425,0.37275302,0,0,0,0.65521336,0.65818435,1,1,1,5.234156,0.994697,1,1,1,1.1639355,0.76204705,1,1
tensor(3607),"tensor(12194., dtype=torch.float64)",tensor(9),1,-2.2665622,0.093930386,0,0,0,-0.053470425,0.48663554,0,0,0,1.2644918,0.7797984,1,1,0,1.1864741,0.7661099,1,1,0,-1.7145506,0.15257442,0,0
tensor(3611),"tensor(14707., dtype=torch.float64)",tensor(9),1,3.3121605,0.96484363,1,1,0,-3.3725336,0.033164974,0,0,0,-3.1177275,0.042381905,0,0,0,-3.9850588,0.01825202,0,0,0,-4.332921,0.012959,0,0
tensor(3637),"tensor(14504., dtype=torch.float64)",tensor(9),0,1.9441962,0.8748124,1,1,0,-3.3888152,0.032646853,0,0,0,-2.5945778,0.0694882,0,0,0,-1.1874443,0.23371632,0,0,1,-1.4940264,0.18331815,0,0
tensor(3651),"tensor(9624., dtype=torch.float64)",tensor(9),0,-5.0153985,0.0065912544,0,0,1,3.2778656,0.9636616,1,1,0,1.2243941,0.7728359,1,1,0,-2.3029966,0.09087509,0,0,0,-0.9639537,0.27608728,0,0
tensor(3663),"tensor(14521., dtype=torch.float64)",tensor(9),0,-3.7133348,0.02381504,0,0,0,-0.73786813,0.3234705,0,0,1,2.6212049,0.9322139,1,1,0,1.3042679,0.78655237,1,1,0,0.17013952,0.54243255,1,0
tensor(3687),"tensor(20965., dtype=torch.float64)",tensor(9),0,-3.596685,0.026682952,0,0,0,-1.9011863,0.12997426,0,0,1,3.0732403,0.9557754,1,1,0,-2.2491653,0.095421486,0,0,0,1.3597146,0.7957133,1,1
tensor(3715),"tensor(11558., dtype=torch.float64)",tensor(9),0,-1.7171948,0.15223284,0,0,1,1.6654153,0.8409636,1,1,0,-0.024766922,0.4938086,0,0,0,-3.3302183,0.03454895,0,0,0,-3.1585493,0.04075573,0,0
tensor(3727),"tensor(15447., dtype=torch.float64)",tensor(9),1,3.4574404,0.9694522,1,1,0,-3.2676756,0.036696907,0,0,0,-5.4025025,0.004485085,0,0,0,-1.933671,0.12634481,0,0,0,-5.9323435,0.0026452434,0,0
tensor(3739),"tensor(19781., dtype=torch.float64)",tensor(9),0,-4.198994,0.014788681,0,0,0,2.4012828,0.9169251,1,1,1,0.946244,0.7203592,1,1,0,-3.023777,0.046363197,0,0,0,-4.38435,0.012317385,0,0
tensor(3741),"tensor(4989., dtype=torch.float64)",tensor(9),1,-1.1356506,0.24311982,0,0,0,-1.9911176,0.120138675,0,0,0,-7.6196375,0.000490479,0,0,1,4.989087,0.9932342,1,1,0,-1.094632,0.25074705,0,0
tensor(3747),"tensor(16811., dtype=torch.float64)",tensor(9),1,-0.48798162,0.38036916,0,0,0,-2.181053,0.10146489,0,0,0,-4.6943226,0.009064151,0,0,1,3.483677,0.97021973,1,1,0,-0.9206709,0.28482118,0,0
tensor(3757),"tensor(1187., dtype=torch.float64)",tensor(9),1,2.648698,0.93393075,1,1,0,-5.283264,0.0050502014,0,0,0,-6.1278896,0.0021764322,0,0,0,-3.0174742,0.046642665,0,0,0,0.018349174,0.5045872,1,0
tensor(3771),"tensor(8569., dtype=torch.float64)",tensor(9),1,5.118166,0.9940486,1,1,0,-5.6651583,0.0034526377,0,0,0,-7.4623737,0.00057396176,0,0,0,-3.4565501,0.030574122,0,0,0,-4.646167,0.009507071,0,0
tensor(3783),"tensor(14136., dtype=torch.float64)",tensor(9),0,-1.1632569,0.238076,0,0,1,0.90224373,0.71141034,1,1,0,0.046683624,0.5116688,1,0,0,-1.678752,0.1572608,0,0,0,-1.0230281,0.26443797,0,0
tensor(3789),"tensor(12138., dtype=torch.float64)",tensor(9),0,-3.614732,0.026218235,0,0,1,-0.6720392,0.33804035,0,0,0,2.6769173,0.93565077,1,1,0,-1.998926,0.11931573,0,0,0,1.0265634,0.7362491,1,1
tensor(3799),"tensor(17602., dtype=torch.float64)",tensor(9),0,-5.311358,0.0049109836,0,0,0,3.4323215,0.9686996,1,1,1,1.0855464,0.74754214,1,1,0,-0.77940035,0.31444913,0,0,0,-1.0634552,0.25664973,0,0
tensor(3807),"tensor(1717., dtype=torch.float64)",tensor(9),1,3.214533,0.9613775,1,1,0,-4.852719,0.0077466434,0,0,0,-7.6794233,0.00046202776,0,0,0,-3.2327445,0.037951916,0,0,0,-0.80890095,0.30812475,0,0
tensor(3821),"tensor(15040., dtype=torch.float64)",tensor(9),0,-7.1455355,0.0007877549,0,0,1,4.839735,0.99215287,1,1,0,-1.3033262,0.21360575,0,0,1,3.2964697,0.9643075,1,1,0,-0.768313,0.31684417,0,0
tensor(3833),"tensor(2162., dtype=torch.float64)",tensor(9),1,2.1732817,0.8978244,1,1,0,-3.9584677,0.018734658,0,0,0,-5.591173,0.0037167827,0,0,0,-2.0663884,0.112406865,0,0,0,-0.19242868,0.4520407,0,0
tensor(3835),"tensor(3490., dtype=torch.float64)",tensor(9),0,-5.172696,0.0056373035,0,0,0,0.061476223,0.5153642,1,1,0,-1.2087183,0.22992791,0,0,1,5.3256936,0.9951586,1,1,0,1.0198735,0.734948,1,1
tensor(3857),"tensor(12069., dtype=torch.float64)",tensor(9),1,2.137037,0.8944512,1,1,0,-2.137439,0.105510846,0,0,0,-7.103863,0.00082124886,0,0,1,-2.0204992,0.117067374,0,0,0,-1.2131783,0.2291392,0,0
tensor(3877),"tensor(13533., dtype=torch.float64)",tensor(9),0,-4.1832566,0.015019735,0,0,1,-2.2337852,0.09675733,0,0,0,3.640933,0.9744425,1,1,0,-1.9290867,0.1268517,0,0,0,2.151894,0.89584565,1,1
tensor(3883),"tensor(17269., dtype=torch.float64)",tensor(9),0,-4.0423374,0.01725348,0,0,1,1.8847089,0.86815107,1,1,1,1.2967905,0.7852943,1,1,0,0.017639123,0.5044097,1,0,0,0.35452276,0.5877139,1,0
tensor(3889),"tensor(10581., dtype=torch.float64)",tensor(9),1,-0.79135454,0.3118779,0,0,0,0.59545124,0.64461493,1,1,0,-5.464039,0.0042185397,0,0,1,2.0498147,0.88592887,1,1,0,-3.2021146,0.039086226,0,0
tensor(3891),"tensor(19879., dtype=torch.float64)",tensor(9),0,-3.7973363,0.021938352,0,0,1,3.1422808,0.9586035,1,1,0,-0.028887197,0.49277875,0,0,1,0.0115575865,0.5028894,1,0,0,-0.78284836,0.3137063,0,0
tensor(3893),"tensor(17201., dtype=torch.float64)",tensor(9),0,-11.375422,1.14739305e-05,0,0,0,-5.6840506,0.0033882402,0,0,0,-10.559185,2.595332e-05,0,0,0,-4.7242303,0.008799427,0,0,0,-8.542246,0.00019501366,0,0
tensor(3899),"tensor(18692., dtype=torch.float64)",tensor(9),0,-7.1680613,0.000770222,0,0,1,4.9558334,0.99300706,1,1,0,0.62250173,0.6507873,1,1,0,0.43739113,0.6076372,1,0,0,0.3994155,0.5985472,1,0
tensor(3903),"tensor(21345., dtype=torch.float64)",tensor(9),1,1.9629703,0.876854,1,1,0,-1.8325272,0.13793749,0,0,0,-2.367793,0.085661836,0,0,0,-2.37212,0.08532355,0,0,0,-1.8716091,0.13335565,0,0
tensor(3905),"tensor(16933., dtype=torch.float64)",tensor(9),0,-4.6730065,0.0092576295,0,0,0,-3.0394232,0.045676306,0,0,1,3.888904,0.97994274,1,1,0,-2.5980458,0.06926429,0,0,1,2.4545298,0.920892,1,1
tensor(3917),"tensor(14457., dtype=torch.float64)",tensor(9),1,-0.6379062,0.34572,0,0,0,-2.0687234,0.11217411,0,0,0,1.3139048,0.7881658,1,1,0,-2.9412656,0.050150953,0,0,0,-2.0099187,0.11816546,0,0
tensor(3919),"tensor(12865., dtype=torch.float64)",tensor(9),0,1.036351,0.7381453,1,1,1,0.4913919,0.6204343,1,1,0,-5.1299257,0.0058821947,0,0,0,-2.9121299,0.051557183,0,0,0,-3.4229388,0.03158621,0,0
tensor(3939),"tensor(12807., dtype=torch.float64)",tensor(9),0,1.8428013,0.8632797,1,1,0,-2.7534826,0.05989027,0,0,1,-2.015591,0.11757567,0,0,0,-1.1666995,0.23745207,0,0,0,-2.1883883,0.10079808,0,0
tensor(3979),"tensor(3495., dtype=torch.float64)",tensor(9),0,-2.1650288,0.102935165,0,0,0,-0.28594187,0.42899764,0,0,1,1.3258066,0.7901462,1,1,1,0.5867814,0.6426263,1,0,1,0.29037574,0.5720881,1,0
tensor(4005),"tensor(1030., dtype=torch.float64)",tensor(9),1,-2.1718075,0.10231091,0,0,0,0.61197406,0.648391,1,1,0,1.4244126,0.8060292,1,1,0,-2.0506577,0.11398593,0,0,0,-0.94227576,0.28044087,0,0
tensor(4057),"tensor(21263., dtype=torch.float64)",tensor(9),1,1.3490384,0.7939724,1,1,0,-0.9499418,0.27889654,0,0,0,-6.550271,0.0014276869,0,0,0,-1.689576,0.1558316,0,0,0,-0.642369,0.3447112,0,0
tensor(4105),"tensor(5419., dtype=torch.float64)",tensor(9),0,-6.5271225,0.0014610724,0,0,1,2.1767113,0.8981386,1,1,0,2.4509149,0.92062837,1,1,1,0.54078794,0.63199574,1,0,0,1.8784981,0.8674385,1,1
tensor(4117),"tensor(19574., dtype=torch.float64)",tensor(9),0,0.58920956,0.6431837,1,1,0,-2.7764866,0.058608096,0,0,0,0.027924791,0.5069808,1,0,0,-2.268186,0.093792275,0,0,0,-2.0623012,0.11281531,0,0
tensor(4145),"tensor(1022., dtype=torch.float64)",tensor(9),0,-5.1126947,0.005983818,0,0,0,1.8536196,0.86455154,1,1,1,1.7001492,0.84555423,1,1,0,1.2074544,0.7698482,1,1,0,0.7107793,0.6705733,1,0
tensor(4161),"tensor(18532., dtype=torch.float64)",tensor(9),0,-4.092163,0.016428657,0,0,1,-1.3199242,0.2108309,0,0,0,3.0323946,0.95401627,1,1,0,-2.7361631,0.06087288,0,0,0,-4.237537,0.014237489,0,0
tensor(4185),"tensor(8611., dtype=torch.float64)",tensor(9),1,3.8518562,0.97920156,1,1,0,-5.172953,0.005635863,0,0,0,-8.374365,0.00023065315,0,0,0,-1.8206611,0.13935457,0,0,0,-2.528742,0.073867664,0,0
tensor(4195),"tensor(17410., dtype=torch.float64)",tensor(9),0,-6.261614,0.0019045296,0,0,1,3.3271134,0.96534735,1,1,1,1.9200302,0.87214184,1,1,0,-1.290632,0.21574585,0,0,0,0.46538648,0.6142912,1,0
tensor(4209),"tensor(17668., dtype=torch.float64)",tensor(9),0,-6.284455,0.0018616014,0,0,1,5.6339297,0.99643826,1,1,0,-1.3687094,0.20282844,0,0,0,-2.1153054,0.10761809,0,0,0,-4.2196445,0.014490799,0,0
tensor(4223),"tensor(17367., dtype=torch.float64)",tensor(9),0,-1.3029261,0.21367298,0,0,0,-1.7003448,0.15442023,0,0,0,-4.4997563,0.0109895915,0,0,1,4.24193,0.985824,1,1,0,-0.09609933,0.47599363,0,0
tensor(4233),"tensor(14717., dtype=torch.float64)",tensor(9),0,-3.7604716,0.02274346,0,0,1,3.638367,0.9743784,1,1,0,-0.7283906,0.32554802,0,0,0,-1.4711154,0.18677315,0,0,1,-1.6450558,0.1617783,0,0
tensor(4243),"tensor(12033., dtype=torch.float64)",tensor(9),1,1.3050463,0.7866831,1,1,0,0.22920033,0.5570506,1,1,0,-5.256824,0.005184809,0,0,0,-1.8074902,0.14094174,0,0,0,-3.1713443,0.040258445,0,0
tensor(4279),"tensor(3040., dtype=torch.float64)",tensor(9),0,-1.0685825,0.25567275,0,0,0,0.4539694,0.6115826,1,1,0,0.5317689,0.62989557,1,1,1,-1.3778033,0.20136201,0,0,0,0.1835365,0.5457558,1,0
tensor(4281),"tensor(10812., dtype=torch.float64)",tensor(9),0,0.33918923,0.58399355,1,1,0,-1.7021084,0.15419011,0,0,0,-0.9975914,0.26941526,0,0,1,0.4718872,0.61583036,1,0,0,-1.676423,0.1575697,0,0
tensor(4307),"tensor(13866., dtype=torch.float64)",tensor(9),0,-7.3784065,0.00062420557,0,0,1,4.6046433,0.9900939,1,1,1,1.8648864,0.8658655,1,1,0,-3.222734,0.03831911,0,0,0,-0.082185656,0.47946513,0,0
tensor(4333),"tensor(4365., dtype=torch.float64)",tensor(9),0,-2.9906828,0.047848567,0,0,1,0.04206483,0.5105146,1,1,1,1.04711,0.7402196,1,1,0,1.9820938,0.8789042,1,1,0,-1.5929731,0.16896601,0,0
tensor(4367),"tensor(14477., dtype=torch.float64)",tensor(9),0,-0.81228405,0.30740398,0,0,0,-1.5490918,0.17521748,0,0,1,1.5851775,0.8299365,1,1,0,-1.7711895,0.14539449,0,0,0,-2.1404467,0.10522733,0,0
tensor(4395),"tensor(7589., dtype=torch.float64)",tensor(9),0,-3.1755664,0.040095627,0,0,0,-0.47467944,0.3835093,0,0,1,2.0744076,0.8883907,1,1,0,1.5697443,0.8277471,1,1,0,-0.7513956,0.3205173,0,0
tensor(4415),"tensor(2405., dtype=torch.float64)",tensor(9),0,-9.251445,9.5963675e-05,0,0,0,2.0401192,0.8849454,1,1,0,1.8542858,0.8646295,1,1,1,6.008809,0.997549,1,1,0,2.2480226,0.9044798,1,1
tensor(4439),"tensor(9118., dtype=torch.float64)",tensor(9),1,2.1377017,0.89451396,1,1,0,-4.197794,0.014806177,0,0,0,-6.131324,0.0021689867,0,0,0,-3.8798225,0.020236518,0,0,0,0.7652299,0.68248814,1,0
tensor(4447),"tensor(18578., dtype=torch.float64)",tensor(9),1,1.319464,0.7890925,1,1,0,-3.7948709,0.021991318,0,0,0,-7.3550563,0.0006389429,0,0,0,2.1978602,0.9000572,1,1,0,-2.724826,0.06152422,0,0
tensor(4483),"tensor(9206., dtype=torch.float64)",tensor(9),1,2.7283094,0.9386766,1,1,0,-1.9852017,0.120765425,0,0,0,-5.516051,0.00400559,0,0,0,-3.644503,0.025468782,0,0,0,-2.1014898,0.108952105,0,0
tensor(4485),"tensor(5786., dtype=torch.float64)",tensor(9),1,3.768165,0.9774269,1,1,0,-4.4262075,0.0118184155,0,0,0,-4.4154415,0.011944812,0,0,0,-3.095398,0.043297485,0,0,0,-3.3760886,0.03305117,0,0
tensor(4507),"tensor(15898., dtype=torch.float64)",tensor(9),1,3.0864475,0.9563303,1,1,0,-3.83544,0.021135485,0,0,0,-6.329795,0.001779228,0,0,0,-2.2346797,0.09667919,0,0,0,-1.7491041,0.14816025,0,0
tensor(4543),"tensor(7514., dtype=torch.float64)",tensor(9),1,0.60348207,0.64645255,1,1,0,-2.477085,0.077480294,0,0,0,-5.9545326,0.0025873443,0,0,0,1.6406024,0.83761686,1,1,0,-0.8305135,0.3035365,0,0
tensor(4571),"tensor(1606., dtype=torch.float64)",tensor(9),0,-6.7406425,0.0011804923,0,0,1,2.7340987,0.939009,1,1,0,-0.9136005,0.28626364,0,0,1,5.0861683,0.99385625,1,1,1,0.64334357,0.6555089,1,0
tensor(4587),"tensor(761., dtype=torch.float64)",tensor(9),1,5.087946,0.9938672,1,1,0,-4.5554943,0.010400008,0,0,0,-6.7349334,0.0011872431,0,0,0,-4.212435,0.014594122,0,0,0,-6.0121293,0.002442886,0,0
tensor(4647),"tensor(531., dtype=torch.float64)",tensor(9),1,2.2800686,0.90721285,1,1,0,-3.6452358,0.025450604,0,0,0,-2.2748206,0.09322989,0,0,0,-1.4953065,0.1831266,0,0,0,-2.415739,0.08198036,0,0
tensor(4651),"tensor(6944., dtype=torch.float64)",tensor(9),0,-4.808838,0.0080913305,0,0,0,-1.2071395,0.23020759,0,0,1,3.4434814,0.96903616,1,1,1,1.4084073,0.8035146,1,1,0,-1.8985039,0.13027789,0,0
tensor(4661),"tensor(15993., dtype=torch.float64)",tensor(9),0,-8.769239,0.0001554176,0,0,1,5.2297373,0.99467367,1,1,0,1.426808,0.80640346,1,1,0,1.1628795,0.7618555,1,1,1,0.9277244,0.7166134,1,0
tensor(4663),"tensor(5941., dtype=torch.float64)",tensor(9),0,3.9277627,0.98069245,1,1,0,-5.298504,0.0049742013,0,0,0,-6.5731664,0.001395416,0,0,0,-3.7910895,0.022072792,0,0,1,-1.7477223,0.14833473,0,0
tensor(4677),"tensor(4670., dtype=torch.float64)",tensor(9),1,0.92903453,0.71687937,1,1,0,-3.8674505,0.020483278,0,0,0,-3.268509,0.036667462,0,0,0,-0.4561334,0.38790348,0,0,0,0.375672,0.5928288,1,0
tensor(4681),"tensor(5632., dtype=torch.float64)",tensor(9),0,0.6974698,0.66762656,1,1,0,-2.6473382,0.06615326,0,0,0,0.44172847,0.60867083,1,1,1,-1.5429654,0.1761046,0,0,0,-3.2524662,0.037238367,0,0
tensor(4695),"tensor(4798., dtype=torch.float64)",tensor(9),0,-4.4809513,0.01119587,0,0,0,-1.0600793,0.2572943,0,0,1,3.8254044,0.97865593,1,1,0,-3.2731583,0.036503587,0,0,0,-2.8894691,0.0526766,0,0
tensor(4733),"tensor(21541., dtype=torch.float64)",tensor(9),0,-7.297838,0.0006765427,0,0,0,2.7593145,0.94043726,1,1,0,-1.06075,0.25716618,0,0,1,4.905186,0.99264646,1,1,0,1.7282048,0.8491826,1,1
tensor(4751),"tensor(3264., dtype=torch.float64)",tensor(9),0,-2.170104,0.10246746,0,0,0,2.050416,0.8859896,1,1,1,0.020717204,0.5051791,1,0,0,-2.4354339,0.080510296,0,0,0,-2.6755254,0.06443309,0,0
tensor(4761),"tensor(9303., dtype=torch.float64)",tensor(9),0,-4.117358,0.016026456,0,0,0,1.3827704,0.7994356,1,1,1,1.591257,0.8307929,1,1,0,0.44970682,0.61056954,1,0,0,-0.9105093,0.28689563,0,0
tensor(4861),"tensor(8484., dtype=torch.float64)",tensor(9),0,-3.446771,0.0308653,0,0,1,1.9124422,0.8712933,1,1,0,-1.1620473,0.23829551,0,0,0,2.682901,0.9360101,1,1,0,-0.25305456,0.4370718,0,0
tensor(4863),"tensor(16346., dtype=torch.float64)",tensor(9),0,-2.5209596,0.07440183,0,0,0,0.63883215,0.6544894,1,1,0,1.3371474,0.7920204,1,1,0,-1.2791622,0.21769287,0,0,1,-1.5965296,0.16846721,0,0
tensor(4925),"tensor(13415., dtype=torch.float64)",tensor(9),0,-5.390723,0.004537988,0,0,1,3.2691176,0.9633541,1,1,0,0.76279604,0.6819605,1,1,0,1.1529107,0.76004213,1,1,0,-0.30894014,0.42337346,0,0
tensor(4953),"tensor(16348., dtype=torch.float64)",tensor(9),0,-2.5876522,0.06993735,0,0,1,-0.5379371,0.3686676,0,0,0,1.9322612,0.8734995,1,1,0,-0.9593321,0.27701193,0,0,0,0.7625787,0.6819133,1,0
tensor(4961),"tensor(6777., dtype=torch.float64)",tensor(9),1,-1.1249678,0.24509099,0,0,0,1.3316666,0.7911162,1,1,0,-1.3110042,0.21231887,0,0,0,-6.541956,0.0014395906,0,0,0,-5.9588103,0.0025763283,0,0
tensor(4989),"tensor(21679., dtype=torch.float64)",tensor(9),0,-4.203978,0.01471624,0,0,0,-0.09413378,0.4764839,0,0,1,2.8510296,0.94537187,1,1,0,-0.10318317,0.47422704,0,0,0,0.061918978,0.5154748,1,0
tensor(5109),"tensor(17295., dtype=torch.float64)",tensor(9),0,0.8685864,0.70445144,1,1,1,-0.511523,0.37483653,0,0,0,-1.4043571,0.19712563,0,0,0,-2.2916334,0.09181826,0,0,0,-1.2366499,0.22501963,0,0
tensor(5139),"tensor(21190., dtype=torch.float64)",tensor(9),0,-5.974197,0.0025370906,0,0,1,3.2924564,0.96416914,1,1,0,0.4445318,0.60933834,1,1,0,2.4154367,0.9179969,1,1,0,0.7220133,0.67305017,1,0
tensor(5161),"tensor(16546., dtype=torch.float64)",tensor(9),1,5.6658583,0.9965497,1,1,0,-6.865345,0.0010422351,0,0,0,-6.6311045,0.0013169692,0,0,0,-4.1933513,0.014871121,0,0,0,-5.502241,0.0040610633,0,0
tensor(5199),"tensor(13233., dtype=torch.float64)",tensor(9),1,0.37686,0.5931155,1,1,0,-1.4576997,0.18881941,0,0,0,-4.2653623,0.013852199,0,0,0,1.608881,0.833256,1,1,0,-2.0542629,0.11362236,0,0
tensor(5211),"tensor(12626., dtype=torch.float64)",tensor(9),0,-6.3466635,0.0017495188,0,0,1,0.6236364,0.6510451,1,1,1,3.3152118,0.9649469,1,1,0,0.634773,0.65357095,1,0,1,2.4370685,0.9196106,1,1
tensor(5253),"tensor(8175., dtype=torch.float64)",tensor(9),1,0.33574677,0.583157,1,1,0,-2.0938313,0.10969784,0,0,0,-5.57374,0.0037818986,0,0,0,1.6958127,0.84498703,1,1,0,-0.43471065,0.39300203,0,0
tensor(5263),"tensor(15753., dtype=torch.float64)",tensor(9),1,2.8383958,0.94471574,1,1,0,-3.2319953,0.037979275,0,0,0,-4.12852,0.015851384,0,0,0,-1.3956809,0.19850239,0,0,0,-4.49687,0.011021005,0,0
tensor(5293),"tensor(14465., dtype=torch.float64)",tensor(9),0,-6.111793,0.0022116704,0,0,1,1.2570283,0.77851415,1,1,1,2.712103,0.937737,1,1,0,0.40777075,0.6005532,1,0,1,2.387473,0.9158671,1,1
tensor(5335),"tensor(19037., dtype=torch.float64)",tensor(9),0,0.32749817,0.58115053,1,1,0,0.78635085,0.68704724,1,1,1,-1.3899579,0.19941449,0,0,1,-1.9024316,0.1298335,0,0,0,-2.7313526,0.06114847,0,0
tensor(5345),"tensor(20329., dtype=torch.float64)",tensor(9),1,3.4248703,0.9684728,1,1,0,-4.026725,0.017520208,0,0,0,-4.79088,0.008236736,0,0,0,-3.8404212,0.021032674,0,0,0,-1.949296,0.124630146,0,0
tensor(5347),"tensor(17734., dtype=torch.float64)",tensor(9),0,-4.692766,0.009078141,0,0,1,2.4164035,0.91806966,1,1,0,0.27225298,0.5676459,1,0,0,1.2214756,0.77232313,1,1,0,-2.7830365,0.058247764,0,0
tensor(5371),"tensor(8992., dtype=torch.float64)",tensor(9),1,3.156584,0.95916736,1,1,0,-5.228687,0.0053319777,0,0,0,-6.760625,0.0011571643,0,0,0,-4.73538,0.008702708,0,0,0,0.029148225,0.50728655,1,0
tensor(5377),"tensor(12289., dtype=torch.float64)",tensor(9),1,2.415346,0.9179901,1,1,0,-0.93014294,0.2828957,0,0,0,-5.878639,0.0027907805,0,0,0,-2.5370948,0.07329826,0,0,0,-4.910078,0.007317966,0,0
tensor(5403),"tensor(19194., dtype=torch.float64)",tensor(9),1,4.048854,0.9828567,1,1,0,-4.123967,0.015922569,0,0,0,-5.6095243,0.0036494443,0,0,0,-4.6355367,0.009607697,0,0,0,-3.1298087,0.041894287,0,0
tensor(5405),"tensor(19508., dtype=torch.float64)",tensor(9),1,2.2037244,0.90058345,1,1,0,-2.2319968,0.09691373,0,0,0,-3.301776,0.035510316,0,0,0,-1.9157748,0.12833348,0,0,0,-1.994351,0.119797304,0,0
tensor(5427),"tensor(14119., dtype=torch.float64)",tensor(9),1,4.632907,0.9903673,1,1,0,-5.356775,0.004693955,0,0,0,-5.3024096,0.004954907,0,0,0,-3.8700185,0.020431818,0,0,0,-4.724684,0.008795472,0,0
tensor(5437),"tensor(14197., dtype=torch.float64)",tensor(9),0,-1.4969401,0.18288234,0,0,0,-1.2933822,0.2152809,0,0,1,2.1568234,0.8963047,1,1,0,-3.616047,0.026184686,0,0,0,-1.2010834,0.23128253,0,0
tensor(5487),"tensor(10480., dtype=torch.float64)",tensor(9),1,-0.2103095,0.4476156,0,1,0,2.0828435,0.8892244,1,1,0,-7.2010317,0.00074526016,0,0,0,-3.6298153,0.025835887,0,0,0,-3.1433177,0.041355394,0,0
tensor(5579),"tensor(12253., dtype=torch.float64)",tensor(9),1,4.0198913,0.98236173,1,1,0,-6.3134704,0.0018084586,0,0,0,-6.8126187,0.0010986008,0,0,0,-3.270439,0.03659935,0,0,0,-1.5307199,0.17788838,0,0
tensor(5589),"tensor(17964., dtype=torch.float64)",tensor(9),1,-0.11067508,0.47235942,0,1,0,-1.1237743,0.24531187,0,0,0,-4.0869184,0.01651362,0,0,0,2.1223867,0.8930601,1,1,0,-0.6318426,0.34709284,0,0
tensor(5621),"tensor(16080., dtype=torch.float64)",tensor(9),1,6.432225,0.9983937,1,1,0,-9.024379,0.0001204231,0,0,0,-10.586406,2.5256399e-05,0,0,0,-4.002251,0.017946493,0,0,0,-4.646716,0.009501901,0,0
tensor(5625),"tensor(20009., dtype=torch.float64)",tensor(9),0,-2.8522813,0.05456351,0,0,0,-0.4365149,0.39257172,0,0,1,2.361588,0.91385096,1,1,0,-1.0196115,0.2651031,0,0,1,-0.60745263,0.3526405,0,0
tensor(5655),"tensor(10654., dtype=torch.float64)",tensor(9),1,1.3640909,0.79642373,1,1,0,-4.9723682,0.006879075,0,0,0,-6.9369006,0.0009703328,0,0,0,-0.0967204,0.4758387,0,0,0,0.36387193,0.5899774,1,0
tensor(5665),"tensor(17295., dtype=torch.float64)",tensor(9),0,-2.5369523,0.07330795,0,0,1,-0.37807885,0.40659037,0,0,0,2.001571,0.8809619,1,1,0,-1.859243,0.13479131,0,0,0,-0.58200264,0.35847193,0,0
tensor(5687),"tensor(16438., dtype=torch.float64)",tensor(9),0,-6.8162074,0.0010946696,0,0,0,-0.3896338,0.40380546,0,0,1,3.3794382,0.96705574,1,1,1,2.8098946,0.9432082,1,1,1,2.911403,0.94840723,1,1
tensor(5731),"tensor(7028., dtype=torch.float64)",tensor(9),1,3.2615213,0.9630849,1,1,0,-3.6095395,0.026351131,0,0,0,-6.412894,0.001637585,0,0,0,-2.800397,0.05730273,0,0,0,-2.08044,0.11101253,0,0
tensor(5733),"tensor(11021., dtype=torch.float64)",tensor(9),1,3.8645601,0.9794587,1,1,0,-4.2852106,0.013583663,0,0,0,-4.6714964,0.00927149,0,0,0,-2.9358582,0.05040916,0,0,0,-4.121993,0.01595353,0,0
tensor(5755),"tensor(6338., dtype=torch.float64)",tensor(9),0,-0.6380053,0.34569758,0,0,1,-0.68281883,0.33563244,0,0,0,1.1545101,0.7603338,1,1,0,-1.7041832,0.15391971,0,0,0,-1.4023505,0.19744337,0,0
tensor(5769),"tensor(8484., dtype=torch.float64)",tensor(9),0,-4.315633,0.013182008,0,0,1,1.7613176,0.85337454,1,1,1,0.6421012,0.6552283,1,1,0,2.727213,0.9386135,1,1,1,-0.20475754,0.44898868,0,0
tensor(5825),"tensor(823., dtype=torch.float64)",tensor(9),1,3.1953375,0.96065843,1,1,0,-4.817042,0.008025751,0,0,0,-6.37066,0.0017081072,0,0,0,-3.985525,0.018243672,0,0,0,-0.45141438,0.38902456,0,0
tensor(5857),"tensor(14338., dtype=torch.float64)",tensor(9),0,-2.5732224,0.07088179,0,0,1,-2.3076878,0.090488255,0,0,0,-4.9445505,0.0070717493,0,0,1,4.343756,0.9871789,1,1,0,2.3390298,0.9120583,1,1
tensor(5861),"tensor(19492., dtype=torch.float64)",tensor(9),0,-2.707971,0.062504634,0,0,0,2.0331275,0.8842316,1,1,1,0.24259351,0.5603526,1,0,0,-0.47780237,0.38277122,0,0,0,0.08325122,0.52080077,1,0
tensor(5863),"tensor(9194., dtype=torch.float64)",tensor(9),0,-8.386554,0.00022785942,0,0,1,4.0644636,0.9831177,1,1,0,-2.5700808,0.07108897,0,0,0,6.2337914,0.99804187,1,1,0,-1.0057589,0.26781064,0,0
tensor(5889),"tensor(17657., dtype=torch.float64)",tensor(9),0,-5.8357043,0.0029128552,0,0,1,4.7147064,0.9911171,1,1,0,-2.1069503,0.10842313,0,0,0,1.2053078,0.76946765,1,1,0,-1.0551382,0.25823966,0,0
tensor(5923),"tensor(20812., dtype=torch.float64)",tensor(9),1,0.4194393,0.60334903,1,1,0,-2.8636525,0.05397988,0,0,0,-6.6385584,0.0013072019,0,0,1,2.3012302,0.9089789,1,1,0,-0.87256706,0.29472044,0,0
tensor(5925),"tensor(16910., dtype=torch.float64)",tensor(9),0,-6.875395,0.0010318239,0,0,0,-3.6079423,0.026392141,0,0,0,-5.3179307,0.004878968,0,0,1,7.502304,0.9994485,1,1,0,0.3123077,0.5774484,1,0
tensor(5927),"tensor(13482., dtype=torch.float64)",tensor(9),0,-7.2988915,0.000675831,0,0,1,5.6925206,0.9966402,1,1,0,-0.24912979,0.43803772,0,0,0,0.5319681,0.62994206,1,0,0,-1.0020068,0.26854706,0,0
tensor(5943),"tensor(7252., dtype=torch.float64)",tensor(9),0,-3.1659238,0.040468402,0,0,0,-0.6765866,0.33702356,0,0,0,-4.2968874,0.013428091,0,0,1,5.971122,0.99745506,1,1,0,0.7572904,0.6807652,1,0
tensor(5945),"tensor(3122., dtype=torch.float64)",tensor(9),1,2.15119,0.8957799,1,1,0,-4.7371078,0.0086878175,0,0,0,-5.2090683,0.005437042,0,0,0,0.07939905,0.51983935,1,0,0,-1.5790533,0.1709296,0,0
tensor(5949),"tensor(3483., dtype=torch.float64)",tensor(9),0,-3.429818,0.031376466,0,0,0,-0.24857919,0.43817326,0,0,1,2.933675,0.9494862,1,1,0,-4.2380543,0.01423023,0,0,0,-2.8508365,0.054638095,0,0
tensor(5955),"tensor(20843., dtype=torch.float64)",tensor(9),0,-1.536602,0.1770298,0,0,0,-1.5064323,0.18146813,0,0,0,1.3808781,0.79913193,1,1,0,-1.1820321,0.23468703,0,0,1,1.4015702,0.8024329,1,1
tensor(5961),"tensor(9038., dtype=torch.float64)",tensor(9),1,0.7123121,0.67091185,1,1,0,-1.3145195,0.21173157,0,0,0,-3.634159,0.025726784,0,0,1,0.90626836,0.7122359,1,1,0,-1.3233416,0.2102629,0,0
tensor(6011),"tensor(7745., dtype=torch.float64)",tensor(9),0,-7.0686445,0.00085066207,0,0,1,3.3273423,0.96535504,1,1,0,0.9981531,0.7306953,1,1,0,3.3662593,0.96663326,1,1,0,0.31417274,0.57790345,1,0
tensor(6031),"tensor(14402., dtype=torch.float64)",tensor(9),1,0.3158772,0.5783192,1,1,0,-2.849418,0.054711416,0,0,0,0.37447286,0.59253937,1,0,0,-1.773559,0.1451003,0,0,0,-2.85077,0.05464153,0,0
tensor(6057),"tensor(7969., dtype=torch.float64)",tensor(9),0,-0.24817625,0.43827245,0,0,0,0.31317008,0.57765883,1,1,0,-4.9287586,0.0071835034,0,0,1,1.5413702,0.8236638,1,1,0,-2.5101163,0.07515202,0,0
tensor(6067),"tensor(3191., dtype=torch.float64)",tensor(9),0,0.29479185,0.5731688,1,1,1,0.86678916,0.7040772,1,1,0,-2.412848,0.0821982,0,0,0,-2.2296686,0.0971177,0,0,0,-2.950604,0.049707975,0,0
tensor(6073),"tensor(1107., dtype=torch.float64)",tensor(9),0,-6.436431,0.0015995519,0,0,0,1.2219574,0.7724078,1,1,1,-4.9221263,0.0072309594,0,0,1,2.2599382,0.9055044,1,1,0,-3.400555,0.032278124,0,0
tensor(6097),"tensor(4982., dtype=torch.float64)",tensor(9),1,1.8476601,0.86385214,1,1,0,-3.7694952,0.022543758,0,0,0,-7.016993,0.00089571415,0,0,0,-1.9578993,0.12369456,0,0,0,0.3081254,0.57642764,1,0
tensor(6109),"tensor(7594., dtype=torch.float64)",tensor(9),1,0.91786605,0.7146071,1,1,0,-1.7696478,0.14558613,0,0,0,-3.7324572,0.023374509,0,0,1,-0.26020283,0.43531388,0,0,0,-0.18702179,0.45338035,0,0
tensor(6111),"tensor(2090., dtype=torch.float64)",tensor(9),1,0.8305492,0.69647104,1,1,0,-5.632471,0.00356695,0,0,0,-4.485885,0.011141381,0,0,0,-0.90119755,0.28880447,0,0,0,1.3237708,0.78980833,1,1
tensor(6115),"tensor(4861., dtype=torch.float64)",tensor(9),0,-4.982767,0.006808396,0,0,1,3.039809,0.95434046,1,1,0,-3.369277,0.033269554,0,0,1,3.8483696,0.9791303,1,1,0,0.39594105,0.5977121,1,0
tensor(6135),"tensor(5382., dtype=torch.float64)",tensor(9),0,-5.822253,0.0029521848,0,0,0,-0.3083841,0.4235092,0,0,1,3.4659443,0.96970314,1,1,0,0.44334024,0.6090546,1,0,1,2.730803,0.93881994,1,1
tensor(6153),"tensor(3064., dtype=torch.float64)",tensor(9),0,-5.9578853,0.0025787067,0,0,0,-2.2526104,0.095124535,0,0,0,-3.7651498,0.022639712,0,0,1,6.4960194,0.99849284,1,1,0,0.0013106354,0.50032765,1,0
tensor(6187),"tensor(13784., dtype=torch.float64)",tensor(9),1,2.8883834,0.9472692,1,1,0,-2.1408262,0.105191596,0,0,0,-5.0376506,0.00644714,0,0,0,-2.158096,0.1035771,0,0,0,-4.418211,0.011912171,0,0
tensor(6191),"tensor(7156., dtype=torch.float64)",tensor(9),1,1.0048392,0.73200893,1,1,0,-2.5612733,0.071672775,0,0,0,-1.9887856,0.120385386,0,0,0,-0.034796298,0.4913018,0,0,0,-0.6883247,0.33440584,0,0
tensor(6221),"tensor(11885., dtype=torch.float64)",tensor(9),0,-4.800537,0.008158224,0,0,1,1.03445,0.7377777,1,1,1,1.0797144,0.7464399,1,1,0,3.2954838,0.9642735,1,1,0,0.6284257,0.6521324,1,0
tensor(6233),"tensor(18411., dtype=torch.float64)",tensor(9),0,0.28787503,0.5714758,1,1,0,-1.7647288,0.14619909,0,0,1,0.19177178,0.54779655,1,0,0,-1.2508705,0.2225495,0,0,0,-0.06677692,0.48331195,0,0
tensor(6241),"tensor(14331., dtype=torch.float64)",tensor(9),0,-5.580098,0.0037580193,0,0,1,4.8826313,0.9924799,1,1,0,-0.17013833,0.45756772,0,0,0,-1.221655,0.22764534,0,0,1,-1.2096716,0.22975916,0,0
tensor(6255),"tensor(8492., dtype=torch.float64)",tensor(9),0,1.1595192,0.7612453,1,1,1,-0.14612047,0.46353477,0,0,0,-3.5514657,0.027882816,0,0,0,-3.1013646,0.043051,0,0,0,-1.02125,0.26478398,0,0
tensor(6263),"tensor(13296., dtype=torch.float64)",tensor(9),1,1.5307016,0.8221089,1,1,0,-2.5106761,0.075113125,0,0,0,-4.4595633,0.01143514,0,0,1,0.61012816,0.6479701,1,0,0,-3.1842582,0.039762434,0,0
tensor(6281),"tensor(16104., dtype=torch.float64)",tensor(9),1,1.9901123,0.87975496,1,1,0,-2.279343,0.092848286,0,0,0,-7.1616907,0.0007751406,0,0,0,-2.7477858,0.060211822,0,0,0,-0.3892819,0.4038902,0,0
tensor(6285),"tensor(13634., dtype=torch.float64)",tensor(9),0,-5.1578445,0.0057211686,0,0,1,2.8069623,0.94305086,1,1,0,-0.3050179,0.42433125,0,0,0,1.1445237,0.7585093,1,1,1,1.4140121,0.804398,1,1
tensor(6289),"tensor(10880., dtype=torch.float64)",tensor(9),1,-0.8024384,0.30950415,0,0,0,-0.026311632,0.49342245,0,0,0,-0.33267534,0.41758984,0,0,0,0.69740725,0.6676127,1,1,0,-1.2924391,0.21544027,0,0
tensor(6319),"tensor(10181., dtype=torch.float64)",tensor(9),0,3.7977793,0.97807115,1,1,0,-6.107934,0.0022202027,0,0,0,-5.3050656,0.0049418295,0,0,0,-2.6729202,0.06459031,0,0,1,-1.978852,0.12144127,0,0
tensor(6323),"tensor(2713., dtype=torch.float64)",tensor(9),1,2.5205722,0.9255715,1,1,0,-2.6404712,0.066578746,0,0,0,-6.345272,0.0017519506,0,0,0,-1.0278032,0.26351023,0,0,0,-3.3332248,0.034448806,0,0
tensor(6329),"tensor(6421., dtype=torch.float64)",tensor(9),1,-4.976222,0.006852797,0,0,0,2.112074,0.8920711,1,1,1,1.8155491,0.8600311,1,1,0,-0.13513267,0.46626815,0,0,0,-0.3195163,0.4207936,0,0
tensor(6335),"tensor(6787., dtype=torch.float64)",tensor(9),0,-3.446013,0.030887984,0,0,0,0.035895914,0.508973,1,0,1,2.5315058,0.92632115,1,1,0,-1.6247686,0.16454828,0,0,0,-0.37730438,0.40677723,0,0
tensor(6359),"tensor(2267., dtype=torch.float64)",tensor(9),0,-0.848381,0.2997726,0,0,0,-0.8269883,0.30428228,0,0,1,1.4255096,0.80620074,1,1,0,-2.5684528,0.07119655,0,0,0,-1.8328068,0.13790424,0,0
tensor(6365),"tensor(13919., dtype=torch.float64)",tensor(9),1,4.1305904,0.9841809,1,1,0,-4.3242826,0.013069961,0,0,0,-7.23283,0.0007219517,0,0,0,-3.2990494,0.035603814,0,0,0,-3.3769188,0.033024646,0,0
tensor(6377),"tensor(629., dtype=torch.float64)",tensor(9),0,-1.6957171,0.15502545,0,0,0,0.9889175,0.7288741,1,1,1,-0.067914724,0.48302788,0,0,0,0.57168365,0.6391516,1,0,0,-1.1413678,0.24206933,0,0
tensor(6431),"tensor(19907., dtype=torch.float64)",tensor(9),1,4.0995483,0.9836903,1,1,0,-4.817163,0.008024787,0,0,0,-5.6857033,0.0033826642,0,0,0,-4.3397264,0.0128722405,0,0,0,-2.5516825,0.07231353,0,0
tensor(6439),"tensor(19985., dtype=torch.float64)",tensor(9),0,-0.8469575,0.30007148,0,0,0,-2.2100432,0.09885222,0,0,0,-6.204067,0.0020171164,0,0,1,4.424505,0.9881616,1,1,0,-1.4927884,0.18350357,0,0
tensor(6445),"tensor(18186., dtype=torch.float64)",tensor(9),0,-6.536564,0.0014473626,0,0,1,3.9909725,0.98185366,1,1,1,1.4362701,0.8078764,1,1,1,-0.35109589,0.4131167,0,0,0,0.53870076,0.63151014,1,0
tensor(6469),"tensor(4330., dtype=torch.float64)",tensor(9),0,-5.2582097,0.0051776664,0,0,1,4.095422,0.98362386,1,1,0,-1.5207146,0.1793563,0,0,1,1.6993458,0.8454493,1,1,0,-1.2329968,0.22565734,0,0
tensor(6481),"tensor(2133., dtype=torch.float64)",tensor(9),1,-1.120568,0.2459059,0,0,0,-2.074684,0.111581884,0,0,0,-0.47402072,0.38366503,0,0,0,-0.7980175,0.31044975,0,0,0,2.0855312,0.88948894,1,1
tensor(6487),"tensor(7131., dtype=torch.float64)",tensor(9),0,-5.7965016,0.003028962,0,0,1,1.8792536,0.8675254,1,1,1,1.8849925,0.86818355,1,1,0,2.0972843,0.890639,1,1,1,1.0419965,0.73923504,1,1
tensor(6493),"tensor(15171., dtype=torch.float64)",tensor(9),1,3.208604,0.9611567,1,1,0,-4.5060987,0.010920869,0,0,0,-3.0410047,0.04560742,0,0,0,-2.522272,0.0743115,0,0,0,-3.7765028,0.022389859,0,0
tensor(6505),"tensor(11903., dtype=torch.float64)",tensor(9),0,-5.236573,0.005290314,0,0,0,-1.6978401,0.15474756,0,0,0,-0.67729795,0.33686468,0,0,1,4.5042057,0.9890587,1,1,0,-2.1347113,0.10576856,0,0
tensor(6515),"tensor(12961., dtype=torch.float64)",tensor(9),0,-0.94010586,0.28087893,0,0,0,0.2683725,0.5666933,1,1,1,-0.8818136,0.2928021,0,0,0,1.1353109,0.7568177,1,1,0,-1.2716843,0.21896908,0,0
tensor(6517),"tensor(1033., dtype=torch.float64)",tensor(9),0,-7.644994,0.0004782045,0,0,0,1.9070323,0.8706854,1,1,0,0.9501231,0.7211399,1,1,1,5.8238754,0.99705255,1,1,0,1.1466142,0.75889194,1,1
tensor(6547),"tensor(5383., dtype=torch.float64)",tensor(9),0,-7.903674,0.00036924746,0,0,1,4.7008286,0.99099404,1,1,0,1.1490818,0.75934315,1,1,0,1.9324077,0.8735157,1,1,0,0.11865057,0.5296279,1,0
tensor(6563),"tensor(6070., dtype=torch.float64)",tensor(9),0,-3.9960358,0.018056363,0,0,0,0.5931271,0.6440823,1,1,0,-2.7946608,0.057613384,0,0,1,4.7460876,0.9913892,1,1,0,-1.3811852,0.20081873,0,0
tensor(6581),"tensor(20675., dtype=torch.float64)",tensor(9),0,1.8900223,0.8687581,1,1,0,-2.785268,0.058125474,0,0,0,-5.37456,0.004611592,0,0,0,-1.8247836,0.13886088,0,0,1,-0.42345268,0.39569086,0,0
tensor(6585),"tensor(14204., dtype=torch.float64)",tensor(9),0,-7.9998198,0.00033541056,0,0,1,2.3012004,0.90897644,1,1,0,2.5289195,0.9261444,1,1,0,3.0646644,0.95541143,1,1,0,1.938446,0.87418133,1,1
tensor(6589),"tensor(853., dtype=torch.float64)",tensor(9),0,-6.1526856,0.002123242,0,0,0,-3.8650231,0.020532038,0,0,0,-4.5571637,0.01038284,0,0,1,6.80218,0.99888986,1,1,0,0.22022375,0.5548345,1,0
tensor(6615),"tensor(15212., dtype=torch.float64)",tensor(9),0,-2.593728,0.06954316,0,0,0,-0.49653044,0.3783564,0,0,1,2.4483123,0.92043793,1,1,0,-2.5974443,0.06930308,0,0,0,-1.1525853,0.2400172,0,0
tensor(6667),"tensor(3794., dtype=torch.float64)",tensor(9),1,1.3601053,0.7957768,1,1,0,-1.9837012,0.12092484,0,0,0,-0.6975189,0.33236253,0,0,0,-2.8137074,0.056587934,0,0,0,-1.7163363,0.15234368,0,0
tensor(6697),"tensor(4314., dtype=torch.float64)",tensor(9),0,-4.1278477,0.015861878,0,0,0,0.6817337,0.6641255,1,1,1,2.2480996,0.9044864,1,1,0,-1.6725924,0.15807883,0,0,0,1.5898975,0.8306017,1,1
tensor(6731),"tensor(6579., dtype=torch.float64)",tensor(9),0,-2.822842,0.056102253,0,0,0,-2.728224,0.061328325,0,0,1,3.04489,0.95456135,1,1,0,-1.3906169,0.19930929,0,0,0,-1.087088,0.25216702,0,0
tensor(6753),"tensor(14774., dtype=torch.float64)",tensor(9),1,1.7943225,0.8574564,1,1,0,-3.044814,0.045441892,0,0,0,-3.6042988,0.026485924,0,0,0,-1.3859358,0.20005739,0,0,0,-0.4954675,0.3786064,0,0
tensor(6771),"tensor(13065., dtype=torch.float64)",tensor(9),1,3.1151931,0.9575151,1,1,0,-3.3889847,0.0326415,0,0,0,-6.640934,0.0013041042,0,0,0,-1.5254421,0.17866154,0,0,0,-2.9679012,0.048897237,0,0
tensor(6781),"tensor(3051., dtype=torch.float64)",tensor(9),0,0.6403051,0.6548224,1,1,0,-1.5722332,0.17189828,0,0,0,-1.3796104,0.20107158,0,0,1,-1.7895315,0.1431302,0,0,0,0.45105264,0.6108895,1,0
tensor(6803),"tensor(10368., dtype=torch.float64)",tensor(9),0,-0.62720865,0.34814373,0,0,1,1.2793965,0.782347,1,1,0,-4.194911,0.014848288,0,0,1,0.78546643,0.68685704,1,1,0,-1.6630203,0.15935698,0,0
tensor(6837),"tensor(12779., dtype=torch.float64)",tensor(9),1,-2.2725265,0.09342401,0,0,0,1.4504969,0.81007487,1,1,0,-4.3980656,0.012151633,0,0,1,2.8084211,0.9431292,1,1,0,-1.9272039,0.1270604,0,0
tensor(6865),"tensor(18726., dtype=torch.float64)",tensor(9),1,3.784631,0.9777874,1,1,0,-4.2397447,0.014206537,0,0,0,-4.445823,0.011591509,0,0,0,-3.1433723,0.041353226,0,0,0,-3.6323483,0.025772214,0,0
tensor(6953),"tensor(18245., dtype=torch.float64)",tensor(9),0,-3.9301293,0.01926279,0,0,0,-0.884239,0.2923001,0,0,1,2.7389693,0.93928736,1,1,0,0.9235076,0.7157563,1,1,0,-1.7768508,0.14469244,0,0
tensor(6985),"tensor(14958., dtype=torch.float64)",tensor(9),1,-0.48812592,0.38033515,0,0,0,-3.0901904,0.043513708,0,0,0,1.1214517,0.75425786,1,1,0,-1.9597692,0.123492025,0,0,0,0.657049,0.65859723,1,0
tensor(6987),"tensor(13822., dtype=torch.float64)",tensor(9),0,-3.166494,0.04044627,0,0,1,0.34540996,0.58550406,1,1,1,1.8588104,0.86515826,1,1,0,-1.0539141,0.2584742,0,0,0,0.7952696,0.6889617,1,0
tensor(6999),"tensor(18284., dtype=torch.float64)",tensor(9),1,0.16245203,0.54052395,1,1,0,-1.4497794,0.19003552,0,0,0,0.31078523,0.5770769,1,0,0,-3.8049467,0.021775652,0,0,0,-0.68281966,0.3356323,0,0
tensor(7023),"tensor(13908., dtype=torch.float64)",tensor(9),0,-6.708006,0.0012196075,0,0,1,2.9026701,0.9479783,1,1,1,2.3539028,0.91324395,1,1,0,-1.9906583,0.120187245,0,0,0,1.497716,0.8172335,1,1
tensor(7027),"tensor(13822., dtype=torch.float64)",tensor(9),0,-4.1832523,0.015019797,0,0,0,0.17464417,0.54355043,1,1,1,1.2374516,0.77512014,1,1,0,2.6863446,0.93621606,1,1,0,0.9585744,0.7228363,1,1
tensor(7045),"tensor(19599., dtype=torch.float64)",tensor(9),1,3.0632257,0.9553501,1,1,0,-3.5269191,0.028555926,0,0,0,-6.073481,0.0022978494,0,0,0,-1.5480655,0.17536584,0,0,0,-2.437224,0.080377884,0,0
tensor(7091),"tensor(1866., dtype=torch.float64)",tensor(9),1,1.9148474,0.8715627,1,1,0,-2.0775406,0.11129899,0,0,0,-3.7022557,0.02407397,0,0,0,-0.73870325,0.32328779,0,0,0,-2.7277422,0.061356064,0,0
tensor(7093),"tensor(2001., dtype=torch.float64)",tensor(9),0,-4.485711,0.011143299,0,0,1,0.22029147,0.55485123,1,1,0,0.44319594,0.6090203,1,1,1,4.129243,0.9841599,1,1,0,0.62772447,0.6519733,1,0
tensor(7123),"tensor(11142., dtype=torch.float64)",tensor(9),0,-1.2675686,0.21967375,0,0,1,1.535708,0.8228399,1,1,0,-1.0568765,0.25790682,0,0,0,-1.0771669,0.2540425,0,0,0,-0.11282717,0.4718231,0,0
tensor(7129),"tensor(19643., dtype=torch.float64)",tensor(9),1,0.037514642,0.50937754,1,1,0,-1.142674,0.24182975,0,0,0,-5.7826185,0.003071177,0,0,0,2.6514099,0.9340979,1,1,0,-2.6058934,0.0687601,0,0
tensor(7153),"tensor(8651., dtype=torch.float64)",tensor(9),0,0.089002766,0.522236,1,1,1,-1.9094784,0.12903947,0,0,0,-0.5725312,0.36065298,0,0,0,-1.8865852,0.13163431,0,0,0,-1.9544691,0.124066874,0,0
tensor(7183),"tensor(8651., dtype=torch.float64)",tensor(9),0,1.8580911,0.8650743,1,1,1,-1.716605,0.15230899,0,0,0,-2.5603945,0.07173127,0,0,0,-1.681171,0.15694048,0,0,0,-2.3779671,0.08486831,0,0
tensor(7191),"tensor(17069., dtype=torch.float64)",tensor(9),0,-3.662532,0.025025107,0,0,0,-0.50938374,0.37533802,0,0,1,2.2994678,0.90883297,1,1,0,-2.7985675,0.057401635,0,0,0,-4.600076,0.009951051,0,0
tensor(7205),"tensor(21697., dtype=torch.float64)",tensor(9),1,3.98226,0.98169774,1,1,0,-3.4295857,0.03138352,0,0,0,-4.990136,0.0067587467,0,0,0,-4.078338,0.016653549,0,0,0,-4.8156967,0.008036467,0,0
tensor(7245),"tensor(10190., dtype=torch.float64)",tensor(9),1,3.7641842,0.97733885,1,1,0,-4.4817915,0.011186573,0,0,0,-4.816913,0.008026776,0,0,0,-2.9999344,0.047428835,0,0,0,-3.0245106,0.04633077,0,0
tensor(7263),"tensor(19612., dtype=torch.float64)",tensor(9),1,4.330828,0.9870142,1,1,0,-4.5044465,0.010938731,0,0,0,-5.803274,0.0030085794,0,0,0,-4.4081173,0.012031563,0,0,0,-3.862173,0.020589432,0,0
tensor(7279),"tensor(9621., dtype=torch.float64)",tensor(9),1,2.2845786,0.9075917,1,1,0,-2.5818324,0.07031685,0,0,0,-3.095923,0.043275744,0,0,0,-1.2846469,0.21676025,0,0,0,-3.475794,0.030008866,0,0
tensor(7281),"tensor(11903., dtype=torch.float64)",tensor(9),0,-1.2903588,0.21579207,0,0,0,-1.3721533,0.20227218,0,0,1,-3.4449484,0.030919865,0,0,0,3.9546428,0.9811949,1,1,0,-0.27132884,0.4325809,0,0
tensor(7347),"tensor(14255., dtype=torch.float64)",tensor(9),1,5.0757732,0.9937926,1,1,0,-5.304467,0.004944773,0,0,0,-7.0322785,0.00088213896,0,0,0,-4.326757,0.013038083,0,0,0,-4.4843426,0.011158388,0,0
tensor(7411),"tensor(9068., dtype=torch.float64)",tensor(9),0,-4.024453,0.017559353,0,0,0,-1.8029144,0.14149667,0,0,1,2.345071,0.9125416,1,1,1,2.705139,0.9373292,1,1,0,-0.27261612,0.43226495,0,0
tensor(7419),"tensor(17395., dtype=torch.float64)",tensor(9),0,1.9786661,0.87853885,1,1,0,-1.4171424,0.19510996,0,0,0,-4.731573,0.008735614,0,0,1,-1.6421573,0.16217174,0,0,0,-2.5744123,0.07080346,0,0
tensor(7421),"tensor(9659., dtype=torch.float64)",tensor(9),1,1.1621985,0.761732,1,1,0,-1.987355,0.120536976,0,0,0,-5.0915794,0.006110731,0,0,0,0.6674807,0.66093886,1,1,0,-1.916278,0.1282772,0,0
tensor(7435),"tensor(13885., dtype=torch.float64)",tensor(9),1,1.8002722,0.8581821,1,1,0,-4.6839,0.009158248,0,0,0,-6.3053317,0.00182321,0,0,0,-3.345523,0.03404207,0,0,0,1.2857445,0.78342605,1,1
tensor(7437),"tensor(8219., dtype=torch.float64)",tensor(9),0,-3.769757,0.022537991,0,0,0,1.363133,0.7962684,1,1,1,1.9163922,0.87173563,1,1,0,-2.5784175,0.07054042,0,0,0,-0.38246328,0.40553296,0,0
tensor(7441),"tensor(8219., dtype=torch.float64)",tensor(9),0,-0.78462607,0.31332374,0,0,1,-0.8568125,0.29800576,0,0,0,1.326701,0.79029447,1,1,0,-3.859424,0.02064494,0,0,1,-1.5450652,0.17580014,0,0
tensor(7493),"tensor(8748., dtype=torch.float64)",tensor(9),0,0.8811,0.7070501,1,1,0,-1.8617353,0.1345009,0,0,0,-6.7980747,0.0011146776,0,0,1,0.94512343,0.7201334,1,1,0,-2.6608286,0.06532472,0,0
tensor(7505),"tensor(12474., dtype=torch.float64)",tensor(9),0,-3.308415,0.035283636,0,0,0,2.1291597,0.8937052,1,1,0,-0.7595808,0.31873727,0,0,0,0.877722,0.70634997,1,1,0,-2.2829206,0.09254738,0,0
tensor(7601),"tensor(15914., dtype=torch.float64)",tensor(9),0,-7.5930896,0.0005036679,0,0,1,2.7473004,0.93976074,1,1,1,0.45334983,0.6114354,1,1,1,4.175541,0.98486567,1,1,0,1.8941978,0.86923337,1,1
tensor(7649),"tensor(15009., dtype=torch.float64)",tensor(9),1,3.4207397,0.9683464,1,1,0,-2.327438,0.0888759,0,0,0,-6.9945354,0.00091603876,0,0,0,-3.0537395,0.045056302,0,0,0,-4.2527018,0.014026214,0,0
tensor(7653),"tensor(14935., dtype=torch.float64)",tensor(9),0,-8.663357,0.00017277342,0,0,1,3.927027,0.9806785,1,1,0,2.3009195,0.9089532,1,1,0,1.3475401,0.79372716,1,1,0,1.829589,0.86171275,1,1
tensor(7671),"tensor(13622., dtype=torch.float64)",tensor(9),1,4.695052,0.9909424,1,1,0,-4.3863134,0.012293517,0,0,0,-7.0954714,0.0008281635,0,0,0,-3.3522835,0.03382047,0,0,0,-5.16285,0.005692766,0,0
tensor(7675),"tensor(10206., dtype=torch.float64)",tensor(9),1,0.35783786,0.58851695,1,1,0,0.7470395,0.6785333,1,1,0,-5.5438747,0.0038961028,0,0,0,-1.7585415,0.14697312,0,0,0,-1.3543104,0.20516655,0,0
tensor(7701),"tensor(1299., dtype=torch.float64)",tensor(9),1,2.0810397,0.8890466,1,1,0,-3.8374808,0.021093303,0,0,0,-0.8852136,0.29209855,0,0,0,-4.211515,0.014607355,0,0,0,-2.4454448,0.07977231,0,0
tensor(7725),"tensor(16393., dtype=torch.float64)",tensor(9),0,-2.3833086,0.08445438,0,0,0,-1.7280585,0.1508361,0,0,0,-4.2538857,0.01400985,0,0,1,5.841565,0.9971041,1,1,0,0.29752758,0.573838,1,0
tensor(7753),"tensor(16513., dtype=torch.float64)",tensor(9),0,0.05549315,0.5138697,1,1,1,0.28166625,0.5699547,1,1,0,-0.8744616,0.29432678,0,0,0,-0.6677221,0.33900708,0,0,0,-1.3719352,0.20230736,0,0
tensor(7767),"tensor(17183., dtype=torch.float64)",tensor(9),0,-6.1305027,0.0021707646,0,0,0,2.3705711,0.91455555,1,1,1,1.0086977,0.7327652,1,1,1,3.162109,0.95938325,1,1,1,1.3065094,0.7869285,1,1
tensor(7771),"tensor(14938., dtype=torch.float64)",tensor(9),1,3.485809,0.9702813,1,1,0,-4.1207995,0.015972277,0,0,0,-3.1216788,0.042221833,0,0,0,-3.7373888,0.023262193,0,0,0,-4.0159426,0.017706774,0,0
tensor(7821),"tensor(18347., dtype=torch.float64)",tensor(9),0,-5.49411,0.004094083,0,0,0,-2.779073,0.058465563,0,0,1,4.0235295,0.9824247,1,1,0,0.74072504,0.67715436,1,1,1,2.3766427,0.9150288,1,1
tensor(7829),"tensor(11445., dtype=torch.float64)",tensor(9),0,-5.1698065,0.005653525,0,0,1,-0.89929605,0.28919518,0,0,0,1.5535946,0.82543236,1,1,1,3.2044363,0.96100086,1,1,0,-1.5285026,0.17821288,0,0
tensor(7839),"tensor(10550., dtype=torch.float64)",tensor(9),1,2.0073514,0.8815668,1,1,0,-3.7317195,0.023391355,0,0,0,-2.8063982,0.05697941,0,0,0,-2.642612,0.06644583,0,0,0,-0.45384032,0.3884481,0,0
tensor(7855),"tensor(16859., dtype=torch.float64)",tensor(9),1,2.7689445,0.9409744,1,1,0,-2.6571705,0.065548435,0,0,0,-5.3462725,0.0047432776,0,0,0,-4.6905875,0.009097761,0,0,0,-0.83859813,0.3018301,0,0
tensor(7871),"tensor(10463., dtype=torch.float64)",tensor(9),1,4.2118816,0.98539793,1,1,0,-5.2394476,0.0052752104,0,0,0,-3.6348832,0.025708642,0,0,0,-4.0407166,0.017280981,0,0,0,-5.1354904,0.005849744,0,0
tensor(7879),"tensor(20610., dtype=torch.float64)",tensor(9),1,2.4817412,0.92285186,1,1,0,-4.5336227,0.010627535,0,0,0,-6.7647457,0.0011524113,0,0,0,-3.991116,0.0181438,0,0,0,0.5178878,0.62665373,1,0
tensor(7937),"tensor(2359., dtype=torch.float64)",tensor(9),1,-3.5361881,0.028299924,0,0,0,2.1598268,0.8965835,1,1,0,0.44421732,0.6092635,1,1,0,-0.11288649,0.47180828,0,0,0,-2.5365481,0.07333541,0,0
tensor(7941),"tensor(7244., dtype=torch.float64)",tensor(9),1,7.4708414,0.99943084,1,1,0,-9.256624,9.546798e-05,0,0,0,-10.068053,4.2411306e-05,0,0,0,-4.7506123,0.00857228,0,0,0,-7.0187654,0.0008941295,0,0
tensor(7945),"tensor(6212., dtype=torch.float64)",tensor(9),0,-3.796931,0.02194705,0,0,0,-0.9378458,0.28133568,0,0,1,3.3578942,0.96636236,1,1,1,-2.752149,0.059965394,0,0,1,-0.19018203,0.45259726,0,0
tensor(7953),"tensor(4939., dtype=torch.float64)",tensor(9),0,-6.9244537,0.0009824741,0,0,1,4.8308535,0.99208343,1,1,1,-1.6867006,0.15621024,0,0,0,2.515085,0.92519253,1,1,0,0.06526472,0.5163104,1,0
tensor(8007),"tensor(632., dtype=torch.float64)",tensor(9),0,-6.044276,0.0023657866,0,0,0,2.451193,0.92064863,1,1,1,-0.54851186,0.36620972,0,0,1,2.9035332,0.9480209,1,1,0,1.8354924,0.8624147,1,1
tensor(8017),"tensor(1683., dtype=torch.float64)",tensor(9),0,1.5967112,0.8315582,1,1,0,-3.1385477,0.041544914,0,0,0,-3.7578268,0.022802318,0,0,0,-4.0741534,0.016722219,0,0,1,0.72195673,0.67303777,1,0
tensor(8063),"tensor(9540., dtype=torch.float64)",tensor(9),0,-3.0455577,0.04540965,0,0,0,1.0878662,0.7479797,1,1,0,-4.0200253,0.017635904,0,0,1,4.104777,0.98377395,1,1,0,-0.17449656,0.45648623,0,0
tensor(8081),"tensor(512., dtype=torch.float64)",tensor(9),0,-5.468259,0.004200849,0,0,1,2.0721138,0.8881631,1,1,1,2.125072,0.89331627,1,1,1,-0.041160055,0.48971143,0,0,1,0.3635536,0.58990043,1,0
tensor(8111),"tensor(9221., dtype=torch.float64)",tensor(9),1,-0.24288636,0.43957517,0,0,0,-2.4660804,0.07827055,0,0,0,-5.4788246,0.0041568815,0,0,1,3.0378413,0.95425475,1,1,0,-0.24882357,0.43811306,0,0
tensor(8159),"tensor(14818., dtype=torch.float64)",tensor(9),0,3.8504813,0.97917354,1,1,0,-3.9402747,0.019072058,0,0,0,-4.1335473,0.015773151,0,0,0,-4.359945,0.012617848,0,0,1,-3.8981655,0.01987601,0,0
tensor(8171),"tensor(19447., dtype=torch.float64)",tensor(9),0,-0.84931064,0.2995775,0,0,0,-1.7960303,0.142335,0,0,1,1.3742102,0.7980595,1,1,0,-1.3600061,0.2042393,0,0,0,0.645466,0.655988,1,0
tensor(8177),"tensor(10035., dtype=torch.float64)",tensor(9),0,-2.3489492,0.08714934,0,0,0,0.49547318,0.62139493,1,1,0,1.7065979,0.8463945,1,1,0,-2.5680676,0.07122203,0,0,1,-1.6069638,0.16701058,0,0
tensor(8181),"tensor(16043., dtype=torch.float64)",tensor(9),1,4.3950543,0.9878122,1,1,0,-4.4813986,0.011190919,0,0,0,-7.436923,0.0005887482,0,0,1,-2.0766606,0.11138607,0,0,0,-6.0756288,0.0022929313,0,0
tensor(8225),"tensor(13741., dtype=torch.float64)",tensor(9),0,-3.0066068,0.047128286,0,0,1,1.4874269,0.8156917,1,1,0,-3.2960944,0.035705417,0,0,1,3.6952019,0.9757598,1,1,0,-1.1121494,0.2474704,0,0
tensor(8233),"tensor(14717., dtype=torch.float64)",tensor(9),0,-3.0158064,0.046716876,0,0,0,2.8986092,0.9477776,1,1,0,-0.9525535,0.27837157,0,0,1,0.0053012967,0.5013253,1,0,0,-0.32000577,0.42067432,0,0
tensor(8235),"tensor(3500., dtype=torch.float64)",tensor(9),1,3.0410185,0.95439315,1,1,0,-2.4201152,0.081651606,0,0,0,-5.5119486,0.004021989,0,0,0,-2.045,0.11455857,0,0,0,-3.3687382,0.033286892,0,0
tensor(8243),"tensor(16762., dtype=torch.float64)",tensor(9),1,-3.157733,0.040787663,0,0,0,-1.5875504,0.16972882,0,0,0,2.9740944,0.95138997,1,1,0,-0.9455483,0.27978098,0,0,0,-0.84229624,0.30105138,0,0
tensor(8251),"tensor(12459., dtype=torch.float64)",tensor(9),0,2.4249518,0.91871035,1,1,0,-4.4491615,0.011553324,0,0,0,-6.1324315,0.002166591,0,0,1,0.58812356,0.6429345,1,0,1,-3.3597782,0.033576418,0,0
tensor(8255),"tensor(11256., dtype=torch.float64)",tensor(9),1,2.9340177,0.94950265,1,1,0,-3.606229,0.0264362,0,0,0,-2.726678,0.06141739,0,0,0,-2.7788658,0.058476966,0,0,0,-3.3814979,0.032878734,0,0
tensor(8257),"tensor(8500., dtype=torch.float64)",tensor(9),0,-2.698518,0.063060865,0,0,1,-2.14199,0.10508211,0,0,0,3.1794147,0.96005225,1,1,0,-4.781335,0.008315079,0,0,0,-2.6160207,0.06811445,0,0
tensor(8323),"tensor(3061., dtype=torch.float64)",tensor(9),0,-6.3955708,0.0016661524,0,0,0,0.12933058,0.53228766,1,1,1,1.9861076,0.87933075,1,1,1,5.145529,0.99420834,1,1,0,-1.2795521,0.21762648,0,0
tensor(8337),"tensor(7254., dtype=torch.float64)",tensor(9),0,-5.6303444,0.0035745164,0,0,0,-0.95487255,0.27790597,0,0,0,-3.6663976,0.024930969,0,0,1,6.646179,0.99870265,1,1,1,1.7580118,0.85296047,1,1
tensor(8357),"tensor(384., dtype=torch.float64)",tensor(9),0,-2.698252,0.06307658,0,0,0,-1.9040308,0.12965295,0,0,1,2.5556674,0.9279533,1,1,0,-1.3310478,0.20898609,0,0,0,1.3990842,0.8020385,1,1
tensor(8393),"tensor(21692., dtype=torch.float64)",tensor(9),0,0.5896374,0.64328194,1,1,0,-2.937769,0.05031778,0,0,0,-0.33014363,0.41820565,0,0,0,-0.96960366,0.2749595,0,0,1,-0.415297,0.39764267,0,0
tensor(8425),"tensor(12891., dtype=torch.float64)",tensor(9),0,-2.2652617,0.09404114,0,0,1,2.6411645,0.93346435,1,1,0,-0.75825524,0.3190252,0,0,0,-1.3824861,0.20061,0,0,0,-2.0897436,0.1100977,0,0
tensor(8427),"tensor(2515., dtype=torch.float64)",tensor(9),1,1.5358286,0.82285756,1,1,0,-2.9073594,0.051790956,0,0,0,-0.7837535,0.3135115,0,0,0,-2.9488738,0.04978977,0,0,0,-1.4241592,0.19401039,0,0
tensor(8439),"tensor(5534., dtype=torch.float64)",tensor(9),1,0.7700251,0.6835263,1,1,0,-1.7420921,0.14904739,0,0,0,-2.9652388,0.049021203,0,0,1,-0.63756394,0.34579742,0,0,0,0.20741642,0.551669,1,0
tensor(8441),"tensor(9819., dtype=torch.float64)",tensor(9),1,6.0155096,0.9975654,1,1,0,-6.8019233,0.0011104009,0,0,0,-7.820222,0.0004013714,0,0,0,-3.866414,0.020504083,0,0,0,-6.563736,0.0014086188,0,0
tensor(8467),"tensor(5966., dtype=torch.float64)",tensor(9),1,3.5684164,0.9725729,1,1,0,-4.94126,0.0070948927,0,0,0,-7.8406057,0.0003932759,0,0,0,-0.97757065,0.27337408,0,0,0,-3.3561568,0.033694126,0,0
tensor(8483),"tensor(4970., dtype=torch.float64)",tensor(9),1,-1.3826206,0.20058846,0,0,0,-1.3651788,0.20339991,0,0,0,-4.971756,0.0068832594,0,0,1,4.405159,0.9879332,1,1,0,-0.74759465,0.32134563,0,0
tensor(8525),"tensor(2407., dtype=torch.float64)",tensor(9),0,-3.4661186,0.030291786,0,0,0,0.4734112,0.61619085,1,1,1,2.1946635,0.89976925,1,1,0,-1.197808,0.23186539,0,0,0,-0.82817835,0.3040304,0,0
tensor(8543),"tensor(2284., dtype=torch.float64)",tensor(9),0,-15.620495,1.6447702e-07,0,0,0,-8.037777,0.00032292193,0,0,0,-13.484515,1.3923514e-06,0,0,0,-7.5745773,0.000513074,0,0,0,-11.693265,8.349797e-06,0,0
tensor(8551),"tensor(4265., dtype=torch.float64)",tensor(9),0,-4.467897,0.011341316,0,0,1,0.43251917,0.60647506,1,1,0,-1.6553556,0.16038646,0,0,1,4.6951733,0.9909435,1,1,1,1.0191557,0.73480815,1,1
tensor(8563),"tensor(7919., dtype=torch.float64)",tensor(9),1,0.1393702,0.5347863,1,1,0,1.3246937,0.7899616,1,1,0,-3.7044544,0.024022365,0,0,0,-3.78123,0.022286622,0,0,0,-3.2033064,0.03904149,0,0
tensor(8565),"tensor(6422., dtype=torch.float64)",tensor(9),1,1.2916572,0.7844276,1,1,0,-1.374784,0.20184802,0,0,0,-7.2642245,0.00069965416,0,0,0,-0.023441255,0.49413997,0,0,0,-2.1518326,0.1041601,0,0
tensor(8581),"tensor(385., dtype=torch.float64)",tensor(9),0,-4.7644625,0.008455368,0,0,0,0.98203105,0.72751105,1,1,0,-0.092685595,0.47684518,0,0,1,4.399283,0.98786294,1,1,0,0.24858952,0.56182927,1,0
tensor(8583),"tensor(5915., dtype=torch.float64)",tensor(9),1,3.7734575,0.9775434,1,1,0,-3.7995548,0.0218908,0,0,0,-6.1584544,0.0021110545,0,0,0,-3.0312994,0.046031732,0,0,0,-3.3286648,0.0346008,0,0
tensor(8603),"tensor(11296., dtype=torch.float64)",tensor(9),1,3.346509,0.96599036,1,1,0,-3.725961,0.023523265,0,0,0,-6.2660184,0.0018961753,0,0,0,-2.983819,0.04816225,0,0,0,-2.001754,0.1190189,0,0
tensor(8627),"tensor(5404., dtype=torch.float64)",tensor(9),1,1.5697732,0.8277513,1,1,0,-0.67971885,0.33632407,0,0,0,-3.9850717,0.01825179,0,0,0,-1.9999659,0.119206496,0,0,0,-1.8826287,0.13208725,0,0
tensor(8683),"tensor(3922., dtype=torch.float64)",tensor(9),0,-5.360116,0.0046783704,0,0,1,2.708781,0.9375428,1,1,0,1.3873142,0.80016315,1,1,0,0.16516416,0.5411974,1,0,0,-1.408195,0.1965189,0,0
tensor(8689),"tensor(8609., dtype=torch.float64)",tensor(9),1,5.4009247,0.99550784,1,1,0,-6.810602,0.001100816,0,0,0,-7.0904465,0.000832332,0,0,0,-4.054806,0.017043328,0,0,0,-4.334469,0.012939217,0,0
tensor(8739),"tensor(2030., dtype=torch.float64)",tensor(9),1,3.7127173,0.9761706,1,1,0,-4.712167,0.008905271,0,0,0,-3.4529598,0.030680714,0,0,0,-3.250382,0.037313167,0,0,0,-4.6920185,0.009084869,0,0
tensor(8757),"tensor(18426., dtype=torch.float64)",tensor(9),1,-1.2528267,0.2222112,0,0,0,-2.1173513,0.10742177,0,0,0,0.7077838,0.66991127,1,1,0,-1.6286952,0.16400918,0,0,0,1.9911789,0.87986785,1,1
tensor(8761),"tensor(18223., dtype=torch.float64)",tensor(9),0,-3.5580807,0.027704075,0,0,1,3.5951412,0.973277,1,1,0,-3.8301167,0.021245897,0,0,0,0.8020766,0.6904185,1,1,0,-1.1706592,0.23673585,0,0
tensor(8763),"tensor(18245., dtype=torch.float64)",tensor(9),0,-2.6929882,0.06338838,0,0,0,-0.9109731,0.28680077,0,0,1,0.03549473,0.5088728,1,0,0,3.8227239,0.97859985,1,1,0,-0.004127126,0.49896824,0,0
tensor(8767),"tensor(6690., dtype=torch.float64)",tensor(9),1,-0.73252195,0.32464153,0,0,0,1.0452892,0.73986924,1,1,0,-1.9609076,0.12336887,0,0,0,-0.7465037,0.3215836,0,0,0,0.41701746,0.6027693,1,0
tensor(8779),"tensor(17952., dtype=torch.float64)",tensor(9),0,-3.2283578,0.038112406,0,0,0,-0.7641835,0.31773868,0,0,1,2.980215,0.9516722,1,1,0,-3.1568232,0.040823266,0,0,0,-1.8819449,0.13216564,0,0
tensor(8789),"tensor(20786., dtype=torch.float64)",tensor(9),1,2.2106292,0.90119994,1,1,0,-3.31238,0.035148915,0,0,0,-4.943286,0.007080634,0,0,0,-3.091401,0.04346335,0,0,0,-0.20437993,0.44908214,0,0
tensor(8809),"tensor(14680., dtype=torch.float64)",tensor(9),1,3.710132,0.9761104,1,1,0,-3.2276337,0.03813896,0,0,0,-7.367302,0.0006311712,0,0,0,-2.975058,0.04856547,0,0,0,-3.3640094,0.03343939,0,0
tensor(8863),"tensor(9899., dtype=torch.float64)",tensor(9),0,-6.1209707,0.0021915096,0,0,0,0.3930719,0.597022,1,1,0,-2.1025443,0.10884977,0,0,1,6.4998856,0.9984987,1,1,0,1.3431662,0.7930101,1,1
tensor(8887),"tensor(18703., dtype=torch.float64)",tensor(9),0,-3.8115566,0.021635294,0,0,1,1.9043299,0.87038076,1,1,0,1.189743,0.7666951,1,1,0,-0.3767224,0.4069177,0,0,0,-0.86461383,0.2963763,0,0
tensor(8907),"tensor(11141., dtype=torch.float64)",tensor(9),0,-5.9896574,0.002498265,0,0,0,1.6969826,0.8451403,1,1,0,-1.7305571,0.15051633,0,0,1,5.65981,0.9965289,1,1,1,0.77295744,0.68416023,1,0
tensor(8931),"tensor(7018., dtype=torch.float64)",tensor(9),1,-3.2053306,0.038965616,0,0,0,-0.13722171,0.46574834,0,0,0,1.8877643,0.86850035,1,1,0,1.4573216,0.81112266,1,1,0,-0.67425156,0.3375455,0,0
tensor(8935),"tensor(12835., dtype=torch.float64)",tensor(9),1,-0.029831737,0.49254265,0,1,0,-0.36031732,0.4108828,0,0,0,-5.436245,0.004336918,0,0,0,1.2952851,0.7850404,1,1,0,-0.5363917,0.36902738,0,0
tensor(8967),"tensor(21654., dtype=torch.float64)",tensor(9),0,-13.1458845,1.9535028e-06,0,0,0,-7.0913672,0.00083156663,0,0,0,-12.438781,3.961908e-06,0,0,0,-5.1129494,0.005982303,0,0,0,-9.88425,5.0968607e-05,0,0
tensor(8977),"tensor(7062., dtype=torch.float64)",tensor(9),0,2.7117598,0.93771696,1,1,1,-0.56565136,0.36224085,0,0,0,-5.9310617,0.0026486272,0,0,0,-6.6560764,0.0012845307,0,0,0,-6.196354,0.0020327033,0,0
tensor(9007),"tensor(11412., dtype=torch.float64)",tensor(9),1,2.518791,0.92544866,1,1,0,-3.7201068,0.02365811,0,0,0,-5.0442305,0.006405129,0,0,0,-0.38497555,0.40492743,0,0,0,-2.9678512,0.048899565,0,0
tensor(9011),"tensor(1688., dtype=torch.float64)",tensor(9),1,0.7192387,0.67243934,1,1,0,-0.27053693,0.4327753,0,0,0,-2.674876,0.06447225,0,0,0,-0.14581022,0.46361187,0,0,0,-1.9622117,0.12322788,0,0
tensor(9043),"tensor(21546., dtype=torch.float64)",tensor(9),1,3.692053,0.9756851,1,1,0,-3.7756827,0.022407819,0,0,0,-2.7806234,0.058380272,0,0,0,-4.8529406,0.007744939,0,0,0,-6.4344006,0.0016027975,0,0
tensor(9073),"tensor(15003., dtype=torch.float64)",tensor(9),1,-0.53565913,0.369198,0,0,0,0.13697407,0.53419006,1,1,0,-2.025465,0.116555065,0,0,0,-0.030190282,0.492453,0,0,0,0.95127213,0.721371,1,1
tensor(9081),"tensor(19253., dtype=torch.float64)",tensor(9),0,-5.81833,0.0029637557,0,0,0,-1.5815849,0.17057113,0,0,0,-1.557104,0.1740626,0,0,1,6.5338893,0.9985487,1,1,0,1.5729983,0.8282106,1,1
tensor(9085),"tensor(6911., dtype=torch.float64)",tensor(9),1,-2.9732025,0.04865128,0,0,0,-0.4996306,0.3776275,0,0,1,0.33387583,0.58270216,1,0,1,3.522425,0.9713191,1,1,0,0.3897288,0.5962174,1,0
tensor(9127),"tensor(6277., dtype=torch.float64)",tensor(9),1,3.7231011,0.9764109,1,1,0,-4.162972,0.015322799,0,0,0,-4.644187,0.009525733,0,0,0,-4.7383127,0.008677446,0,0,0,-2.2182207,0.09812616,0,0
tensor(9155),"tensor(15982., dtype=torch.float64)",tensor(9),1,2.9082386,0.9482522,1,1,0,-3.3145747,0.03507456,0,0,0,-6.680189,0.0012539662,0,0,0,-2.6859155,0.06380958,0,0,0,-1.503595,0.18188995,0,0
tensor(9197),"tensor(19232., dtype=torch.float64)",tensor(9),1,4.688404,0.9908825,1,1,0,-5.2560406,0.0051888516,0,0,0,-5.8564262,0.002853287,0,0,0,-3.5131793,0.028939556,0,0,0,-4.8989735,0.007399076,0,0
tensor(9225),"tensor(21500., dtype=torch.float64)",tensor(9),1,2.200846,0.9003255,1,1,0,-1.7354035,0.14989772,0,0,0,-3.2080832,0.03886267,0,0,0,-2.4540167,0.07914531,0,0,0,-2.3442428,0.08752448,0,0
tensor(9417),"tensor(10093., dtype=torch.float64)",tensor(9),1,1.8247135,0.8611308,1,1,0,-1.5969384,0.16840996,0,0,0,-4.189193,0.014932166,0,0,0,-1.4969962,0.18287396,0,0,0,-1.3295017,0.2092418,0,0
tensor(9431),"tensor(20520., dtype=torch.float64)",tensor(9),1,-0.7627205,0.3180559,0,0,0,-3.4103444,0.03197374,0,0,0,1.7217916,0.84835947,1,1,0,-3.8219218,0.021416975,0,0,0,-1.0524489,0.25875512,0,0
tensor(9459),"tensor(9206., dtype=torch.float64)",tensor(9),1,1.1745696,0.76396996,1,1,0,-0.32837138,0.41863695,0,0,0,-6.665455,0.0012725556,0,0,0,-2.668617,0.06485079,0,0,0,-0.70514274,0.330673,0,0
tensor(9479),"tensor(16595., dtype=torch.float64)",tensor(9),1,-1.8144801,0.14009754,0,0,0,-0.98862374,0.271184,0,0,0,0.40913874,0.60088134,1,1,0,1.9573753,0.8762486,1,1,0,0.29144028,0.5723487,1,0
tensor(9521),"tensor(19367., dtype=torch.float64)",tensor(9),1,4.847867,0.99221605,1,1,0,-5.2348447,0.0052994182,0,0,0,-6.352267,0.0017397602,0,0,0,-3.8384366,0.021073576,0,0,0,-4.660384,0.00937412,0,0
tensor(9555),"tensor(19999., dtype=torch.float64)",tensor(9),1,3.6210535,0.97394264,1,1,0,-4.631923,0.009642141,0,0,0,-5.8060412,0.0030002908,0,0,0,-2.7263198,0.061438035,0,0,0,-2.2761984,0.093113475,0,0
tensor(9615),"tensor(18393., dtype=torch.float64)",tensor(9),0,-2.3528087,0.086842775,0,0,0,-2.470437,0.07795682,0,0,0,2.1212888,0.8929551,1,1,0,-2.4371777,0.080381304,0,0,1,1.7287275,0.8492496,1,1
tensor(9645),"tensor(14816., dtype=torch.float64)",tensor(9),1,-4.6122704,0.00983163,0,0,0,3.0950181,0.95668685,1,1,0,0.52872515,0.6291857,1,1,0,-2.550569,0.07238826,0,0,0,-3.8088837,0.021691944,0,0
tensor(9667),"tensor(15687., dtype=torch.float64)",tensor(9),1,4.5791683,0.9898408,1,1,0,-5.4271445,0.0043763923,0,0,0,-9.239741,9.709328e-05,0,0,0,-2.376087,0.085014455,0,0,0,-3.4971476,0.029393502,0,0
tensor(9671),"tensor(20833., dtype=torch.float64)",tensor(9),1,1.4895837,0.8160158,1,1,0,-0.79110724,0.31193098,0,0,0,-5.1214204,0.0059321406,0,0,0,-1.7786033,0.14447568,0,0,0,-1.0007823,0.26878765,0,0
tensor(9673),"tensor(9402., dtype=torch.float64)",tensor(9),0,-6.2603054,0.0019070184,0,0,0,-0.6769859,0.33693433,0,0,1,2.4068234,0.9173462,1,1,0,4.952958,0.9929871,1,1,0,0.55705106,0.63576996,1,0
tensor(9677),"tensor(17012., dtype=torch.float64)",tensor(9),1,1.6140926,0.83397883,1,1,0,-3.4507816,0.03074556,0,0,0,-3.3544097,0.03375106,0,0,0,-2.2684283,0.09377169,0,0,0,0.16620448,0.54145575,1,0
tensor(9699),"tensor(10577., dtype=torch.float64)",tensor(9),0,-4.215547,0.014549431,0,0,0,-0.7900549,0.3121569,0,0,0,-1.4829944,0.18497555,0,0,1,4.452497,0.9884847,1,1,0,1.8676083,0.86618125,1,1
tensor(9759),"tensor(17113., dtype=torch.float64)",tensor(9),1,3.7310674,0.97659373,1,1,0,-4.3618193,0.012594516,0,0,0,-8.0796,0.0003096989,0,0,0,-1.6764791,0.15756227,0,0,0,-3.1155143,0.042471826,0,0
tensor(9771),"tensor(10614., dtype=torch.float64)",tensor(9),1,4.4174194,0.98807853,1,1,0,-5.4756927,0.0041698664,0,0,0,-7.180151,0.0007609734,0,0,0,-2.0876236,0.11030557,0,0,0,-3.9194942,0.019464737,0,0
tensor(9789),"tensor(14683., dtype=torch.float64)",tensor(9),0,0.55038404,0.63422465,1,1,0,-2.584412,0.07014839,0,0,1,-0.45824856,0.38740137,0,0,0,0.09299773,0.5232327,1,0,0,-1.6010994,0.16782802,0,0
tensor(9813),"tensor(13317., dtype=torch.float64)",tensor(9),0,-4.3023334,0.013356134,0,0,0,-0.14183566,0.46460044,0,0,0,-0.18529747,0.45380768,0,0,1,3.6591392,0.97489196,1,1,1,-0.9950548,0.2699148,0,0
tensor(9841),"tensor(7877., dtype=torch.float64)",tensor(9),1,0.07999127,0.51998717,1,1,0,-4.2236032,0.014434374,0,0,0,-1.8310655,0.1381114,0,0,0,-0.78545666,0.31314504,0,0,0,1.4962847,0.81701976,1,1
tensor(9845),"tensor(1152., dtype=torch.float64)",tensor(9),0,0.96512485,0.7241467,1,1,0,-3.5945532,0.026738374,0,0,1,-0.55788875,0.3640361,0,0,0,-1.8663843,0.13396065,0,0,0,-0.05400629,0.48650172,0,0
tensor(9847),"tensor(4660., dtype=torch.float64)",tensor(9),0,-1.6773818,0.15744247,0,0,0,-1.5489453,0.17523865,0,0,1,2.0259993,0.8834999,1,1,0,-2.5689936,0.0711608,0,0,0,0.14441599,0.5360414,1,0
tensor(9879),"tensor(13111., dtype=torch.float64)",tensor(9),0,-5.737404,0.0032127702,0,0,1,4.1806884,0.9849422,1,1,0,-0.38811487,0.4041712,0,0,0,1.302442,0.7862457,1,1,0,-0.16653769,0.45846152,0,0
tensor(9895),"tensor(8141., dtype=torch.float64)",tensor(9),0,-5.198634,0.0054937564,0,0,1,-0.15938231,0.46023855,0,0,0,-2.1571646,0.103663616,0,0,1,5.9645348,0.9974383,1,1,1,1.1769419,0.7643975,1,1
tensor(9899),"tensor(19456., dtype=torch.float64)",tensor(9),0,-3.5272138,0.028547756,0,0,0,-1.342035,0.2071756,0,0,1,2.7318242,0.9388786,1,1,1,0.7543769,0.6801317,1,1,0,-1.3849416,0.20021653,0,0
tensor(9913),"tensor(12994., dtype=torch.float64)",tensor(9),0,-8.067404,0.00031349808,0,0,1,3.510055,0.9709725,1,1,1,2.3883293,0.915933,1,1,0,1.5264628,0.8214882,1,1,1,1.2648455,0.77985907,1,1
tensor(9915),"tensor(9979., dtype=torch.float64)",tensor(9),0,-6.090868,0.0022583317,0,0,1,5.2242975,0.99464476,1,1,1,-0.102245435,0.4744609,0,0,0,-2.8357449,0.055422876,0,0,0,-1.0305574,0.26297605,0,0
tensor(9955),"tensor(16214., dtype=torch.float64)",tensor(9),1,3.4410183,0.9689622,1,1,0,-3.3678203,0.03331644,0,0,0,-4.8439054,0.007814684,0,0,0,-3.4523697,0.03069827,0,0,0,-3.0087476,0.047032245,0,0
tensor(9965),"tensor(10897., dtype=torch.float64)",tensor(9),0,-2.5158932,0.0747515,0,0,1,2.12347,0.89316356,1,1,0,-2.6219816,0.06773705,0,0,0,2.0412703,0.8850626,1,1,0,-1.2309608,0.22601329,0,0
tensor(9989),"tensor(3936., dtype=torch.float64)",tensor(9),0,-3.5258193,0.028586453,0,0,0,3.5002515,0.97069496,1,1,0,-3.156098,0.040851675,0,0,1,0.93751407,0.71859723,1,1,0,-1.7518317,0.14781633,0,0
tensor(10003),"tensor(5760., dtype=torch.float64)",tensor(9),0,-6.9874763,0.0009225221,0,0,0,1.4724276,0.8134261,1,1,0,-1.8638955,0.13424964,0,0,1,6.9297323,0.9990227,1,1,0,0.5621847,0.6369579,1,0
tensor(10005),"tensor(4499., dtype=torch.float64)",tensor(9),1,6.36032,0.9982742,1,1,0,-7.726711,0.00044069765,0,0,0,-8.139427,0.00029171916,0,0,0,-4.3128033,0.013218865,0,0,0,-5.984196,0.0025119116,0,0
tensor(10013),"tensor(17483., dtype=torch.float64)",tensor(9),1,3.0579717,0.95512545,1,1,0,-2.625714,0.06750173,0,0,0,-6.764194,0.0011530464,0,0,0,-2.850349,0.05466329,0,0,0,-2.3198988,0.0894883,0,0
tensor(10025),"tensor(7110., dtype=torch.float64)",tensor(9),0,0.6307469,0.6526588,1,1,1,-2.4354775,0.08050706,0,0,0,-2.4043164,0.08284413,0,0,0,-2.1016145,0.108940005,0,0,0,1.1166407,0.75336504,1,1
tensor(10035),"tensor(6230., dtype=torch.float64)",tensor(9),1,1.5280514,0.821721,1,1,0,-3.9629135,0.018653104,0,0,0,-1.4865867,0.18443461,0,0,0,-1.6753109,0.15771739,0,0,0,-0.6866971,0.3347682,0,0
tensor(10039),"tensor(21412., dtype=torch.float64)",tensor(9),1,3.6274014,0.9741033,1,1,0,-4.864367,0.0076576197,0,0,0,-7.2606683,0.0007021449,0,0,0,-1.7355661,0.149877,0,0,0,-2.3855186,0.084283665,0,0
tensor(10045),"tensor(11479., dtype=torch.float64)",tensor(9),0,3.4509864,0.9692606,1,1,0,-3.6745117,0.024734477,0,0,0,-4.1355677,0.015741814,0,0,1,-3.7968967,0.021947788,0,0,1,-3.032423,0.045982417,0,0
tensor(10057),"tensor(4158., dtype=torch.float64)",tensor(9),0,-2.2380922,0.09638157,0,0,0,-0.5521455,0.3653668,0,0,1,2.0795646,0.88890105,1,1,0,-1.9510804,0.1244356,0,0,0,-1.2004136,0.23140165,0,0
tensor(10103),"tensor(18832., dtype=torch.float64)",tensor(9),1,3.4844818,0.970243,1,1,0,-3.496937,0.029399507,0,0,0,-6.5880747,0.0013747952,0,0,0,-2.4947743,0.07622533,0,0,0,-2.9485915,0.049803123,0,0
tensor(10111),"tensor(495., dtype=torch.float64)",tensor(9),0,-2.835595,0.05543073,0,0,0,-1.6932007,0.1553554,0,0,1,2.4782712,0.9226044,1,1,0,-0.8980315,0.2894552,0,0,0,1.3410715,0.79266614,1,1
tensor(10125),"tensor(12855., dtype=torch.float64)",tensor(9),1,3.6204264,0.9739267,1,1,0,-3.5713868,0.0273479,0,0,0,-3.324766,0.034731276,0,0,0,-3.4871092,0.02968125,0,0,0,-5.133622,0.005860619,0,0
tensor(10145),"tensor(1347., dtype=torch.float64)",tensor(9),1,3.10667,0.957167,1,1,0,-6.8636203,0.0010440323,0,0,0,-7.4882536,0.00055930647,0,0,0,-3.1863408,0.039682988,0,0,0,0.2005313,0.5499655,1,0
tensor(10155),"tensor(4993., dtype=torch.float64)",tensor(9),1,-0.063458785,0.48414063,0,1,0,-1.7748837,0.14493604,0,0,0,0.04882139,0.5122029,1,0,0,-1.1700355,0.23684858,0,0,0,0.6631086,0.65995836,1,0
tensor(10191),"tensor(11124., dtype=torch.float64)",tensor(9),1,5.2979035,0.9950229,1,1,0,-5.855465,0.0028560234,0,0,0,-7.06594,0.000852964,0,0,0,-4.1971645,0.01481536,0,0,0,-4.7038574,0.00897891,0,0
tensor(10203),"tensor(17437., dtype=torch.float64)",tensor(9),1,0.012056544,0.50301415,1,1,0,-0.5175336,0.37342915,0,0,0,-2.7808762,0.058366384,0,0,1,-0.09945397,0.475157,0,0,0,0.6314752,0.65282387,1,0
tensor(10209),"tensor(12421., dtype=torch.float64)",tensor(9),1,-5.3110647,0.0049124174,0,0,0,4.6227283,0.99026966,1,1,0,-2.7802758,0.05839939,0,0,0,1.271801,0.78105086,1,1,0,-1.1141526,0.24709755,0,0
tensor(10217),"tensor(9238., dtype=torch.float64)",tensor(9),1,3.655564,0.9748043,1,1,0,-4.038167,0.017324336,0,0,0,-4.776714,0.00835327,0,0,0,-2.840979,0.055149496,0,0,0,-3.609097,0.026362486,0,0
tensor(10235),"tensor(17371., dtype=torch.float64)",tensor(9),1,1.9713166,0.8777524,1,1,0,-2.4710681,0.07791147,0,0,0,-5.8469067,0.0028805002,0,0,0,-2.2480164,0.0955207,0,0,0,-0.4509514,0.38913465,0,0
tensor(10263),"tensor(18245., dtype=torch.float64)",tensor(9),0,-3.1958134,0.039323576,0,0,0,-1.3685226,0.20285866,0,0,1,2.6727495,0.93539935,1,1,0,0.79393435,0.68867546,1,1,0,-1.5199872,0.1794634,0,0
tensor(10273),"tensor(10471., dtype=torch.float64)",tensor(9),0,-5.8547654,0.0028580164,0,0,1,1.1518271,0.7598445,1,1,1,-0.7856644,0.3131004,0,0,1,5.322479,0.99514306,1,1,0,1.2840582,0.78313977,1,1
tensor(10277),"tensor(13646., dtype=torch.float64)",tensor(9),1,1.0575292,0.7422181,1,1,0,-3.143945,0.041330528,0,0,0,0.13973878,0.53487796,1,0,0,-2.3915696,0.08381782,0,0,0,-2.7750204,0.058689043,0,0
tensor(10279),"tensor(21447., dtype=torch.float64)",tensor(9),0,-4.99844,0.006703231,0,0,0,-2.0507777,0.11397382,0,0,0,-5.1625338,0.005694556,0,0,1,7.159058,0.99922276,1,1,1,2.0646179,0.8874163,1,1
tensor(10297),"tensor(20406., dtype=torch.float64)",tensor(9),1,2.4460456,0.9202718,1,1,0,-1.7381,0.14955445,0,0,0,-4.440009,0.011658311,0,0,0,-3.6362326,0.025674863,0,0,0,-2.7168863,0.061984256,0,0
tensor(10301),"tensor(21606., dtype=torch.float64)",tensor(9),0,-5.70266,0.0033259776,0,0,1,1.1060236,0.751387,1,1,0,1.275473,0.7816782,1,1,1,3.9270163,0.9806784,1,1,0,1.1850845,0.7658608,1,1
tensor(10305),"tensor(12632., dtype=torch.float64)",tensor(9),0,0.9056407,0.7121073,1,1,0,-0.6410612,0.3450067,0,0,0,-5.604459,0.0036679097,0,0,1,-0.08212593,0.47948006,0,0,0,-2.6436288,0.06638278,0,0
tensor(10313),"tensor(8207., dtype=torch.float64)",tensor(9),0,-2.0640185,0.11264355,0,0,1,1.5884495,0.8303979,1,1,0,-4.0510054,0.01710712,0,0,1,2.7708797,0.94108176,1,1,0,-0.45898744,0.38722605,0,0
tensor(10331),"tensor(3237., dtype=torch.float64)",tensor(9),0,-3.9344728,0.019180905,0,0,0,0.7382707,0.6766176,1,1,0,-0.29499203,0.42678216,0,0,1,3.847512,0.97911286,1,1,0,0.3481129,0.5861599,1,0
tensor(10347),"tensor(18563., dtype=torch.float64)",tensor(9),0,-4.0252295,0.017545968,0,0,1,2.692794,0.9366001,1,1,0,-1.4705826,0.18685406,0,0,1,1.6723919,0.8418945,1,1,0,-2.0267127,0.11642666,0,0
tensor(10349),"tensor(13867., dtype=torch.float64)",tensor(9),0,-1.9206321,0.12779109,0,0,0,-2.2636547,0.09417813,0,0,1,2.0105884,0.88190436,1,1,0,-1.425966,0.19372799,0,0,1,0.7621685,0.6818244,1,0
tensor(10361),"tensor(9565., dtype=torch.float64)",tensor(9),0,-1.4736485,0.18638869,0,0,1,1.973473,0.8779837,1,1,0,-1.2470491,0.2232114,0,0,0,-0.6346477,0.34645742,0,0,0,-1.6092399,0.16669416,0,0
tensor(10375),"tensor(6566., dtype=torch.float64)",tensor(9),1,0.12141899,0.5303175,1,1,0,-2.9624484,0.049151454,0,0,0,-0.5564404,0.36437148,0,0,0,-2.4939795,0.076281324,0,0,0,1.2675426,0.7803218,1,1
tensor(10395),"tensor(7375., dtype=torch.float64)",tensor(9),0,-5.7213163,0.0032647033,0,0,0,-3.2370431,0.03779528,0,0,0,-5.107391,0.006015448,0,0,1,6.5402184,0.99855787,1,1,0,-0.15452275,0.461446,0,0
tensor(10413),"tensor(889., dtype=torch.float64)",tensor(9),1,4.9606514,0.99304044,1,1,0,-6.4109697,0.0016407336,0,0,0,-6.742128,0.0011787422,0,0,0,-3.5811887,0.02708837,0,0,0,-3.8781056,0.020270584,0,0
tensor(10439),"tensor(3789., dtype=torch.float64)",tensor(9),0,1.0059838,0.7322334,1,1,0,-2.5515363,0.072323345,0,0,0,-4.679309,0.009200003,0,0,1,-0.19776878,0.4507183,0,0,0,0.044536952,0.5111324,1,0
tensor(10453),"tensor(2058., dtype=torch.float64)",tensor(9),0,-4.633176,0.0096301865,0,0,1,3.0332897,0.95405555,1,1,1,1.170736,0.76327795,1,1,0,-1.5329133,0.17756782,0,0,0,-0.65410423,0.34206527,0,0
tensor(10483),"tensor(17168., dtype=torch.float64)",tensor(9),1,3.1372383,0.9584029,1,1,0,-3.5315368,0.028428108,0,0,0,-6.0677505,0.0023110248,0,0,0,-1.2258627,0.22690637,0,0,0,-4.139144,0.015686499,0,0
tensor(10491),"tensor(17007., dtype=torch.float64)",tensor(9),1,2.12726,0.8935246,1,1,0,-3.679672,0.024610301,0,0,0,-6.351468,0.0017411477,0,0,0,-2.448409,0.079554975,0,0,0,0.028497491,0.5071239,1,0
tensor(10509),"tensor(5450., dtype=torch.float64)",tensor(9),1,2.8874252,0.9472213,1,1,0,-3.5882137,0.026903844,0,0,0,-4.371093,0.012479711,0,0,0,-2.6351824,0.06690818,0,0,0,-1.7151779,0.15249331,0,0
tensor(10529),"tensor(3175., dtype=torch.float64)",tensor(9),0,-6.3749704,0.0017007726,0,0,1,0.32171464,0.5797421,1,1,1,2.5746217,0.92921036,1,1,1,3.9644008,0.9813741,1,1,1,1.3306202,0.79094326,1,1
tensor(10535),"tensor(5145., dtype=torch.float64)",tensor(9),1,-0.12710491,0.4682665,0,1,0,1.1440575,0.7584238,1,1,0,-3.7292125,0.023448693,0,0,0,-0.9172721,0.28551403,0,0,0,-1.4291402,0.19323269,0,0
tensor(10549),"tensor(1218., dtype=torch.float64)",tensor(9),1,-0.10526611,0.47370774,0,1,0,-0.71052605,0.32948264,0,0,0,0.50341135,0.62326074,1,1,0,-3.0570602,0.04491364,0,0,0,-1.6427605,0.1620898,0,0
tensor(10575),"tensor(19785., dtype=torch.float64)",tensor(9),0,0.44158253,0.6086361,1,1,0,-3.2938063,0.03578428,0,0,1,1.0500572,0.74078584,1,1,0,-4.7470827,0.00860233,0,0,0,-3.4346738,0.031229218,0,0
tensor(10595),"tensor(16144., dtype=torch.float64)",tensor(9),1,3.7284677,0.97653425,1,1,0,-4.5263634,0.010704135,0,0,0,-5.876678,0.002796244,0,0,0,-2.7078733,0.06251036,0,0,0,-2.8274314,0.055859707,0,0
tensor(10605),"tensor(11139., dtype=torch.float64)",tensor(9),0,-5.992306,0.0024916728,0,0,0,2.7841923,0.94181556,1,1,0,-3.0288854,0.046137854,0,0,0,1.9316332,0.87343013,1,1,0,-2.595089,0.06945516,0,0
tensor(10609),"tensor(2817., dtype=torch.float64)",tensor(9),0,-6.2377386,0.001950458,0,0,1,3.3582594,0.9663743,1,1,1,1.7721299,0.8547224,1,1,0,-1.3918626,0.19911057,0,0,1,0.9759735,0.7263085,1,1
tensor(10621),"tensor(524., dtype=torch.float64)",tensor(9),1,-0.90742785,0.28752646,0,0,0,-3.0763085,0.04409515,0,0,0,1.945677,0.8749745,1,1,0,-2.1348271,0.105757594,0,0,0,-0.50182194,0.37711263,0,0
tensor(10627),"tensor(14290., dtype=torch.float64)",tensor(9),1,3.5824134,0.97294384,1,1,0,-4.783509,0.008297171,0,0,0,-3.7132652,0.023816658,0,0,0,-2.387681,0.08411691,0,0,0,-4.2783723,0.0136755975,0,0
tensor(10641),"tensor(20211., dtype=torch.float64)",tensor(9),1,3.3260024,0.96531016,1,1,0,-3.4917977,0.029546514,0,0,0,-6.383081,0.0016870573,0,0,0,-2.5151944,0.074799836,0,0,0,-2.3961444,0.08346718,0,0
tensor(10643),"tensor(5972., dtype=torch.float64)",tensor(9),0,0.5371394,0.6311467,1,1,0,-2.6682506,0.06487302,0,0,1,0.5546794,0.6352205,1,1,0,-1.917467,0.1281443,0,0,0,-3.4071279,0.032073442,0,0
tensor(10653),"tensor(924., dtype=torch.float64)",tensor(9),1,2.808466,0.9431316,1,1,0,-3.301984,0.035503183,0,0,0,-3.2869503,0.03602159,0,0,0,-3.4986148,0.029351668,0,0,0,-1.7035983,0.1539959,0,0
tensor(10695),"tensor(17440., dtype=torch.float64)",tensor(9),0,0.294625,0.57312804,1,1,0,0.32729062,0.58110005,1,1,0,-4.1324496,0.0157902,0,0,1,-0.33007547,0.41822225,0,0,1,-0.7644311,0.31768498,0,0
tensor(10711),"tensor(6815., dtype=torch.float64)",tensor(9),1,0.17523159,0.54369617,1,1,0,-1.7589612,0.1469205,0,0,0,-0.73542374,0.32400566,0,0,0,-1.8489481,0.13599646,0,0,0,0.9710605,0.7253308,1,1
tensor(10749),"tensor(1203., dtype=torch.float64)",tensor(9),1,2.5725477,0.92907375,1,1,0,-1.8396424,0.1370936,0,0,0,-5.9676414,0.002553735,0,0,0,-2.5235314,0.07422492,0,0,0,-2.1294565,0.1062666,0,0
tensor(10761),"tensor(20664., dtype=torch.float64)",tensor(9),0,-2.4047453,0.08281156,0,0,1,2.5472755,0.92739034,1,1,0,-1.4414934,0.1913142,0,0,0,-0.2876595,0.42857692,0,0,1,-0.11880173,0.47033447,0,0
tensor(10763),"tensor(6426., dtype=torch.float64)",tensor(9),0,-4.61385,0.009816262,0,0,0,0.12047132,0.53008145,1,1,1,2.77979,0.9415739,1,1,0,-0.29807022,0.42602926,0,0,1,1.9129511,0.8713503,1,1
tensor(10775),"tensor(344., dtype=torch.float64)",tensor(9),0,-1.1786263,0.23529929,0,0,0,1.3320838,0.7911851,1,1,0,-6.2854724,0.0018597116,0,0,1,1.8960366,0.8694423,1,1,0,-2.9055896,0.05187794,0,0
tensor(10783),"tensor(5960., dtype=torch.float64)",tensor(9),1,1.2531424,0.77784336,1,1,0,-3.0761898,0.044100158,0,0,0,-0.7560482,0.31950486,0,0,0,-2.0244482,0.11665983,0,0,0,-0.7530226,0.320163,0,0
tensor(10867),"tensor(19906., dtype=torch.float64)",tensor(9),0,-4.422359,0.011863446,0,0,1,1.7447232,0.851286,1,1,0,1.9258513,0.87278956,1,1,0,-1.5779344,0.17108822,0,0,0,-0.5006596,0.3773857,0,0
tensor(10873),"tensor(21528., dtype=torch.float64)",tensor(9),0,-2.9872696,0.04800431,0,0,1,-0.2506688,0.4376589,0,0,0,2.4850497,0.92308706,1,1,0,-2.6938643,0.06333637,0,0,0,-0.8148562,0.30685663,0,0
tensor(10881),"tensor(13043., dtype=torch.float64)",tensor(9),0,-5.74559,0.00318666,0,0,1,2.7384725,0.93925905,1,1,0,1.4574894,0.8111484,1,1,0,1.4612201,0.8117192,1,1,0,0.61413836,0.64888424,1,0
tensor(10919),"tensor(20855., dtype=torch.float64)",tensor(9),0,-0.76114213,0.31839836,0,0,1,0.4299929,0.605872,1,1,0,0.027219865,0.5068046,1,0,0,-0.6729126,0.33784497,0,0,0,-0.7239877,0.32651547,0,0
tensor(10987),"tensor(2017., dtype=torch.float64)",tensor(9),1,1.4106328,0.80386573,1,1,0,-0.6040247,0.35342348,0,0,0,-4.886698,0.0074897814,0,0,1,-1.5852765,0.1700495,0,0,0,-1.4624165,0.188098,0,0
tensor(10995),"tensor(9936., dtype=torch.float64)",tensor(9),0,-8.064181,0.0003145096,0,0,1,2.8231542,0.9439143,1,1,0,0.15821822,0.5394723,1,0,1,5.3427696,0.9952402,1,1,0,1.4937001,0.81663305,1,1
tensor(11023),"tensor(9936., dtype=torch.float64)",tensor(9),0,-6.5105715,0.0014854196,0,0,1,2.5386715,0.9268087,1,1,1,0.45915747,0.6128143,1,1,1,4.3800535,0.9876302,1,1,0,0.27707988,0.5688302,1,0
tensor(11045),"tensor(9439., dtype=torch.float64)",tensor(9),0,-5.010116,0.006625933,0,0,0,1.2930477,0.7846626,1,1,0,-1.3840026,0.20036694,0,0,1,4.9625273,0.9930534,1,1,0,0.49604967,0.6215306,1,0
tensor(11049),"tensor(3685., dtype=torch.float64)",tensor(9),1,3.0185142,0.95340353,1,1,0,-2.823005,0.056093622,0,0,0,-4.2228947,0.014444457,0,0,0,-2.7927957,0.05771473,0,0,0,-3.51466,0.028897978,0,0
tensor(11061),"tensor(15571., dtype=torch.float64)",tensor(9),0,-3.7925403,0.022041498,0,0,1,2.9914312,0.9521856,1,1,0,-1.5619048,0.17337348,0,0,0,-1.2209115,0.2277761,0,0,1,1.463669,0.81209326,1,1
tensor(11069),"tensor(9534., dtype=torch.float64)",tensor(9),1,1.1209068,0.7541569,1,1,0,-2.2501032,0.09534055,0,0,0,-2.037196,0.11535257,0,0,0,-1.5785316,0.17100354,0,0,0,0.14582571,0.536392,1,0
tensor(11079),"tensor(11908., dtype=torch.float64)",tensor(9),1,2.1944637,0.8997513,1,1,0,-0.22872025,0.4430679,0,0,0,-5.9928274,0.0024903778,0,0,0,-4.215068,0.014556305,0,0,0,-5.7773466,0.0030873604,0,0
tensor(11133),"tensor(12331., dtype=torch.float64)",tensor(9),0,-5.3361373,0.004791364,0,0,0,0.049392186,0.51234555,1,1,1,3.2884617,0.96403086,1,1,0,-0.44289654,0.391051,0,0,0,2.1466775,0.8953579,1,1
tensor(11179),"tensor(15488., dtype=torch.float64)",tensor(9),0,0.08922424,0.5222913,1,1,1,-0.47519845,0.3833866,0,0,0,0.16706859,0.54167026,1,0,0,-1.0273906,0.2635903,0,0,0,-0.44466522,0.3906299,0,0
tensor(11201),"tensor(20037., dtype=torch.float64)",tensor(9),0,-4.5853825,0.010096862,0,0,0,-0.4989398,0.37778988,0,0,1,3.6283984,0.9741285,1,1,0,-3.0214548,0.04646597,0,0,0,-3.066677,0.04450291,0,0
tensor(11225),"tensor(20691., dtype=torch.float64)",tensor(9),1,2.4393742,0.9197809,1,1,0,-3.1760204,0.040078163,0,0,0,-2.7045708,0.06270418,0,0,0,-2.2916121,0.09182003,0,0,0,-2.1319823,0.10602695,0,0
tensor(11235),"tensor(10078., dtype=torch.float64)",tensor(9),0,-2.4557276,0.07902071,0,0,1,-0.4793798,0.3823986,0,0,0,-0.12961237,0.46764216,0,0,1,2.4274747,0.9188985,1,1,1,1.3055868,0.7867737,1,1
tensor(11245),"tensor(20464., dtype=torch.float64)",tensor(9),1,2.7354317,0.93908536,1,1,0,-2.955874,0.04945963,0,0,0,-2.4438586,0.07988882,0,0,0,-2.345016,0.08746274,0,0,0,-4.005426,0.017890625,0,0
tensor(11293),"tensor(21175., dtype=torch.float64)",tensor(9),0,-5.496681,0.004083613,0,0,1,0.26566505,0.56602836,1,1,1,3.5676072,0.9725514,1,1,0,-0.88939726,0.29123423,0,0,0,-1.909587,0.12902725,0,0
tensor(11303),"tensor(14859., dtype=torch.float64)",tensor(9),0,-7.682749,0.0004604946,0,0,1,3.4193017,0.9683024,1,1,0,-2.4949198,0.07621509,0,0,1,5.625207,0.9964071,1,1,1,0.72006345,0.67262095,1,0
tensor(11331),"tensor(12114., dtype=torch.float64)",tensor(9),1,1.6806185,0.8429864,1,1,0,-3.329285,0.034580097,0,0,0,-5.1835914,0.005576558,0,0,0,-0.7996465,0.31010115,0,0,0,-0.45712882,0.3876672,0,0
tensor(11333),"tensor(11908., dtype=torch.float64)",tensor(9),1,3.1221435,0.957797,1,1,0,-2.3797405,0.08473069,0,0,0,-4.7475643,0.008598223,0,0,0,-2.8575158,0.054294113,0,0,0,-4.281731,0.013630365,0,0
tensor(11369),"tensor(15677., dtype=torch.float64)",tensor(9),1,3.8083265,0.97829616,1,1,0,-5.7941546,0.0030360578,0,0,0,-7.35092,0.0006415894,0,0,0,-1.1587945,0.23888639,0,0,0,-2.9198072,0.05118306,0,0
tensor(11397),"tensor(14859., dtype=torch.float64)",tensor(9),0,-6.8736205,0.0010336546,0,0,1,3.9558637,0.9812174,1,1,0,-2.1181345,0.1073467,0,0,1,3.7527487,0.9770842,1,1,1,-2.910184,0.051652428,0,0
tensor(11405),"tensor(9162., dtype=torch.float64)",tensor(9),0,-1.0249896,0.26405662,0,0,0,-1.6699926,0.15842517,0,0,1,1.5476352,0.82457197,1,1,0,-3.543309,0.028104763,0,0,0,-0.8848381,0.29217622,0,0
tensor(11433),"tensor(11719., dtype=torch.float64)",tensor(9),1,-1.4973116,0.18282682,0,0,0,-2.20353,0.09943393,0,0,0,-5.580323,0.003757177,0,0,1,4.8373723,0.99213445,1,1,0,0.019624446,0.504906,1,0
tensor(11473),"tensor(20855., dtype=torch.float64)",tensor(9),1,0.9574675,0.72261447,1,1,0,0.49125856,0.6204029,1,1,0,-5.749704,0.0031736193,0,0,0,-4.178298,0.015093269,0,0,0,-6.0894294,0.0022615755,0,0
tensor(11505),"tensor(8637., dtype=torch.float64)",tensor(9),0,-4.461512,0.01141313,0,0,0,-1.374253,0.20193356,0,0,1,3.7639222,0.97733307,1,1,0,-3.7854567,0.02219471,0,0,1,0.7171666,0.67198277,1,0
tensor(11519),"tensor(16802., dtype=torch.float64)",tensor(9),1,-0.50604373,0.37612143,0,0,0,0.2915407,0.5723733,1,1,0,-0.032194763,0.491952,0,0,0,-2.6615996,0.065277666,0,0,0,-0.635729,0.34621263,0,0
tensor(11527),"tensor(20074., dtype=torch.float64)",tensor(9),0,-6.557995,0.0014167177,0,0,1,3.5343182,0.97164863,1,1,0,-5.712537,0.0032933971,0,0,1,6.052312,0.99765307,1,1,0,-1.2192764,0.22806382,0,0
tensor(11529),"tensor(15795., dtype=torch.float64)",tensor(9),0,-5.3118563,0.004908549,0,0,0,-0.12782139,0.46808806,0,0,0,-2.6066697,0.0687104,0,0,1,6.287388,0.9981438,1,1,0,0.98240745,0.7275857,1,1
tensor(11541),"tensor(8637., dtype=torch.float64)",tensor(9),0,-4.4473133,0.011574449,0,0,0,0.08417728,0.52103186,1,1,1,3.250556,0.9626931,1,1,0,-4.0045476,0.017906064,0,0,0,-1.7158264,0.15240954,0,0
tensor(11671),"tensor(9821., dtype=torch.float64)",tensor(9),0,4.192009,0.9851092,1,1,1,-4.539524,0.010565663,0,0,0,-3.907147,0.019701798,0,0,0,-4.7511845,0.008567419,0,0,0,-4.540998,0.010550265,0,0
tensor(11685),"tensor(10021., dtype=torch.float64)",tensor(9),0,0.34185255,0.5846405,1,1,0,-0.4250808,0.3953016,0,0,1,-0.09839277,0.47542167,0,0,0,-1.9045094,0.12959895,0,0,0,-2.365965,0.08580513,0,0
tensor(11693),"tensor(10172., dtype=torch.float64)",tensor(9),1,4.230155,0.9856586,1,1,0,-5.349801,0.0047266483,0,0,0,-8.495397,0.0002043654,0,0,0,-1.4693173,0.1870464,0,0,0,-3.703835,0.024036892,0,0
tensor(11773),"tensor(19270., dtype=torch.float64)",tensor(9),0,-2.459573,0.07874131,0,0,1,2.5994952,0.93082905,1,1,0,-4.9324083,0.007157521,0,0,0,-0.49481264,0.37876046,0,0,0,-4.0405226,0.017284278,0,0
tensor(11783),"tensor(18381., dtype=torch.float64)",tensor(9),1,4.6111417,0.99015737,1,1,0,-5.553879,0.00385747,0,0,0,-5.184615,0.005570884,0,0,0,-3.8450072,0.020938456,0,0,0,-4.4640164,0.011384907,0,0
tensor(11791),"tensor(3007., dtype=torch.float64)",tensor(9),1,6.5884333,0.99862576,1,1,0,-6.930232,0.0009768188,0,0,0,-9.332423,8.849967e-05,0,0,0,-4.5949535,0.010001646,0,0,0,-6.9627166,0.0009456267,0,0
tensor(11797),"tensor(13293., dtype=torch.float64)",tensor(9),1,3.8375385,0.9789079,1,1,0,-4.619383,0.00976263,0,0,0,-3.8003564,0.021873645,0,0,0,-3.9358745,0.019154554,0,0,0,-3.804895,0.021776753,0,0
tensor(11823),"tensor(11996., dtype=torch.float64)",tensor(9),0,-4.0134907,0.017749472,0,0,1,1.3072805,0.78705776,1,1,1,1.2381722,0.77524567,1,1,1,1.6607444,0.84033793,1,1,0,0.42222568,0.6040157,1,0
tensor(11825),"tensor(7918., dtype=torch.float64)",tensor(9),1,4.432851,0.98825896,1,1,0,-4.3131075,0.013214897,0,0,0,-7.1561785,0.0007794219,0,0,0,-3.5473037,0.02799585,0,0,0,-4.1626987,0.015326922,0,0
tensor(11839),"tensor(15034., dtype=torch.float64)",tensor(9),0,0.034237653,0.5085586,1,1,1,1.4460223,0.8093855,1,1,0,-6.759553,0.0011584042,0,0,0,-2.9095542,0.05168328,0,0,0,-3.5918207,0.026809573,0,0
tensor(11865),"tensor(20063., dtype=torch.float64)",tensor(9),0,-8.540791,0.00019529762,0,0,0,-4.806448,0.008110534,0,0,0,-7.014802,0.0008976772,0,0,0,-3.5303535,0.028460812,0,0,0,-6.1985664,0.00202822,0,0
tensor(11871),"tensor(18724., dtype=torch.float64)",tensor(9),0,0.1769119,0.544113,1,1,1,0.62295747,0.65089095,1,1,0,-5.381097,0.0045816824,0,0,0,-2.2917113,0.091811754,0,0,0,0.38967216,0.59620374,1,0
tensor(11873),"tensor(15280., dtype=torch.float64)",tensor(9),0,2.9398239,0.94978034,1,1,0,-5.027791,0.0065106046,0,0,0,-4.3250837,0.01305963,0,0,0,-2.6017632,0.06902503,0,0,1,-1.0228935,0.26446414,0,0
tensor(11879),"tensor(15704., dtype=torch.float64)",tensor(9),0,-9.46686,7.7368015e-05,0,0,0,-5.267067,0.005132243,0,0,0,-9.355245,8.650303e-05,0,0,0,-2.5886762,0.06987077,0,0,0,-6.608245,0.0013473801,0,0
tensor(11883),"tensor(15317., dtype=torch.float64)",tensor(9),0,-6.1902432,0.002045137,0,0,1,1.436335,0.8078864,1,1,1,1.7838923,0.8561768,1,1,0,3.6857853,0.97553605,1,1,0,1.1204804,0.7540778,1,1
tensor(11889),"tensor(19458., dtype=torch.float64)",tensor(9),0,-5.6069565,0.003658793,0,0,0,-1.185826,0.23400627,0,0,0,-0.7993628,0.31016183,0,0,1,5.660301,0.9965306,1,1,0,1.5448905,0.8241745,1,1
tensor(11891),"tensor(16321., dtype=torch.float64)",tensor(9),1,4.1166906,0.98396295,1,1,0,-4.210304,0.0146248005,0,0,0,-4.1831617,0.01502114,0,0,0,-4.4766054,0.011244084,0,0,0,-4.4470224,0.011577778,0,0
tensor(11911),"tensor(12403., dtype=torch.float64)",tensor(9),0,-7.6521897,0.00047477733,0,0,0,1.6579874,0.8399676,1,1,0,2.114443,0.89229906,1,1,0,4.1971297,0.9851841,1,1,0,2.0048885,0.88130945,1,1
tensor(11915),"tensor(12403., dtype=torch.float64)",tensor(9),0,-6.0050993,0.0024600776,0,0,0,2.1580918,0.8964225,1,1,0,-0.9600018,0.27687782,0,0,0,4.792215,0.99177414,1,1,0,0.5799674,0.6410599,1,0
tensor(11921),"tensor(14359., dtype=torch.float64)",tensor(9),1,2.7674582,0.94089174,1,1,0,-3.5023196,0.029246302,0,0,0,-6.953203,0.00095465715,0,0,0,-0.9744687,0.2739907,0,0,0,-2.0909607,0.1099785,0,0
tensor(11941),"tensor(11811., dtype=torch.float64)",tensor(9),1,1.3653698,0.7966311,1,1,0,-2.163984,0.10303167,0,0,0,-4.16199,0.015337622,0,0,0,-1.2516077,0.22242199,0,0,0,-0.13868755,0.4653836,0,0
tensor(11947),"tensor(10077., dtype=torch.float64)",tensor(9),0,-3.618204,0.026129737,0,0,0,-1.9807696,0.121236816,0,0,1,3.359984,0.96643025,1,1,0,-3.5492637,0.027942564,0,0,1,1.1848491,0.76581854,1,1
tensor(11949),"tensor(15545., dtype=torch.float64)",tensor(9),0,1.4397457,0.80841523,1,1,0,-1.0738229,0.2546768,0,0,1,-1.2357687,0.2251734,0,0,0,-2.3569741,0.08651302,0,0,0,-2.0584834,0.113198,0,0
tensor(11951),"tensor(16130., dtype=torch.float64)",tensor(9),1,2.8482568,0.9452285,1,1,0,-4.6311107,0.0096499035,0,0,0,-6.3889203,0.0016772513,0,0,0,-2.7002392,0.06295925,0,0,0,-0.63494205,0.34639078,0,0
tensor(11959),"tensor(359., dtype=torch.float64)",tensor(9),1,-3.202459,0.03907329,0,0,0,0.40569744,0.60005575,1,1,0,-0.41258425,0.3982926,0,0,0,2.3065817,0.90942067,1,1,0,1.3984793,0.80194247,1,1
tensor(11963),"tensor(3204., dtype=torch.float64)",tensor(9),0,-5.9920225,0.002492378,0,0,1,1.2532411,0.77786034,1,1,0,-4.429536,0.011779607,0,0,1,6.3070164,0.9981799,1,1,0,1.7551587,0.8526023,1,1
tensor(11969),"tensor(5051., dtype=torch.float64)",tensor(9),0,-0.66096884,0.34052202,0,0,1,-1.0210551,0.26482192,0,0,0,0.87547064,0.7058828,1,1,0,-2.6225634,0.06770032,0,0,0,0.8228744,0.69484615,1,0
tensor(11989),"tensor(18210., dtype=torch.float64)",tensor(9),1,2.0029304,0.8811044,1,1,0,-2.4504623,0.07940475,0,0,0,-2.7478254,0.060209587,0,0,0,-0.9759331,0.2736995,0,0,0,-2.2510123,0.095262185,0,0
tensor(11997),"tensor(6971., dtype=torch.float64)",tensor(9),0,-3.8411398,0.021017883,0,0,0,-0.6709152,0.33829194,0,0,1,1.8080821,0.8591299,1,1,0,2.8580277,0.9457321,1,1,0,-0.10468331,0.47385308,0,0
tensor(12011),"tensor(2215., dtype=torch.float64)",tensor(9),0,-3.9924548,0.018119965,0,0,0,-1.0757587,0.25430948,0,0,0,-5.070252,0.0062416345,0,0,1,6.6065536,0.9986504,1,1,0,0.38546327,0.5951901,1,0
tensor(12035),"tensor(5976., dtype=torch.float64)",tensor(9),0,-5.3917007,0.0045335745,0,0,1,1.8013682,0.85831535,1,1,1,2.4145796,0.91793233,1,1,0,-0.79297805,0.31152958,0,0,0,-0.093343675,0.47668102,0,0
tensor(12073),"tensor(4161., dtype=torch.float64)",tensor(9),1,4.441099,0.9883542,1,1,0,-6.141524,0.0021470229,0,0,0,-6.9792356,0.0009301486,0,0,0,-2.3048172,0.09072478,0,0,0,-3.2606966,0.036944415,0,0
tensor(12085),"tensor(658., dtype=torch.float64)",tensor(9),0,-3.1283891,0.041951306,0,0,0,-3.0082977,0.047052417,0,0,0,-2.2874334,0.092169076,0,0,0,-0.6968125,0.33251932,0,0,0,-0.7457044,0.32175803,0,0
tensor(12115),"tensor(17825., dtype=torch.float64)",tensor(9),1,3.3648841,0.96658885,1,1,0,-3.5574675,0.027720599,0,0,0,-4.187569,0.014956067,0,0,0,-3.5629563,0.027573042,0,0,0,-2.8262475,0.05592218,0,0
tensor(12123),"tensor(14146., dtype=torch.float64)",tensor(9),1,5.1416807,0.99418616,1,1,0,-5.898687,0.0027355407,0,0,0,-6.1564665,0.0021152464,0,0,0,-3.7240283,0.023567699,0,0,0,-5.5349274,0.0039309817,0,0
tensor(12131),"tensor(9054., dtype=torch.float64)",tensor(9),0,-2.681677,0.06406324,0,0,0,-1.303136,0.21363771,0,0,1,2.5541072,0.92784894,1,1,0,-3.3728201,0.033155788,0,0,1,0.4790869,0.61753225,1,0
tensor(12145),"tensor(9895., dtype=torch.float64)",tensor(9),0,1.1943564,0.7675193,1,1,1,-1.7286595,0.15075913,0,0,0,-0.8730574,0.29461852,0,0,0,-1.0375931,0.26161465,0,0,0,-3.8535728,0.020763576,0,0
tensor(12151),"tensor(5289., dtype=torch.float64)",tensor(9),0,-5.6793723,0.0034040746,0,0,1,2.624829,0.9324425,1,1,1,1.1500744,0.7595245,1,1,1,2.3428597,0.912365,1,1,0,0.5098792,0.62477815,1,0
tensor(12167),"tensor(6286., dtype=torch.float64)",tensor(9),0,-4.663039,0.009349498,0,0,1,1.3967168,0.8016624,1,1,0,0.43323916,0.6066469,1,1,1,3.1707768,0.95971966,1,1,0,-1.2462047,0.22335781,0,0
tensor(12171),"tensor(9970., dtype=torch.float64)",tensor(9),1,2.4443915,0.9201504,1,1,0,-2.6095383,0.068527065,0,0,0,-4.8342547,0.007889868,0,0,0,-0.71114933,0.32934493,0,0,0,-4.305608,0.013313054,0,0
tensor(12173),"tensor(13066., dtype=torch.float64)",tensor(9),0,-7.0358405,0.00087900506,0,0,1,5.2186203,0.9946143,1,1,0,-0.074541375,0.48137328,0,0,0,1.0378261,0.7384304,1,1,0,-1.9720031,0.12217389,0,0
tensor(12191),"tensor(17566., dtype=torch.float64)",tensor(9),0,-0.8938908,0.29030755,0,0,1,-1.3463376,0.20646979,0,0,0,1.7367252,0.85027057,1,1,0,-3.778599,0.022344021,0,0,0,-2.6628127,0.06520369,0,0
tensor(12209),"tensor(10632., dtype=torch.float64)",tensor(9),0,-4.2195997,0.014491438,0,0,1,0.4391875,0.6080654,1,1,0,2.2277482,0.90271384,1,1,0,-0.36896762,0.40879053,0,0,0,1.3163749,0.7885779,1,1
tensor(12253),"tensor(9743., dtype=torch.float64)",tensor(9),1,1.8841219,0.8680838,1,1,0,-3.95774,0.01874804,0,0,0,-6.728484,0.0011949156,0,0,0,0.4004323,0.59879154,1,0,0,-1.4150704,0.19543554,0,0
tensor(12261),"tensor(19080., dtype=torch.float64)",tensor(9),1,4.035726,0.982634,1,1,0,-4.2489185,0.01407863,0,0,0,-5.387059,0.0045545697,0,0,0,-3.5159383,0.028862124,0,0,0,-3.8012972,0.021853525,0,0
tensor(12263),"tensor(8090., dtype=torch.float64)",tensor(9),1,2.330658,0.9113845,1,1,0,-3.4043686,0.032159213,0,0,0,-5.9921017,0.002492181,0,0,0,-0.5562749,0.36440983,0,0,0,-2.0030873,0.11887916,0,0
tensor(12269),"tensor(1234., dtype=torch.float64)",tensor(9),0,-4.4444456,0.011607302,0,0,0,-2.2215145,0.09783505,0,0,1,3.6734252,0.97523934,1,1,0,-1.3796921,0.20105846,0,0,1,2.5116277,0.9249529,1,1
tensor(12271),"tensor(17468., dtype=torch.float64)",tensor(9),1,1.5099847,0.81905895,1,1,0,-5.4378757,0.004329882,0,0,0,-0.90338534,0.2883553,0,0,0,-3.8124363,0.02161668,0,0,0,0.12185538,0.5304262,1,0
tensor(12305),"tensor(19763., dtype=torch.float64)",tensor(9),0,-2.7391326,0.060703333,0,0,0,0.015620738,0.5039051,1,0,1,1.8978287,0.86964554,1,1,0,-2.275066,0.093209155,0,0,0,0.7788857,0.6854399,1,0
tensor(12311),"tensor(2026., dtype=torch.float64)",tensor(9),0,2.6820362,0.9359582,1,1,0,-4.494565,0.011046158,0,0,0,-4.7633595,0.0084646195,0,0,0,-3.0512462,0.045163706,0,0,1,-0.5093983,0.3753346,0,0
tensor(12321),"tensor(3292., dtype=torch.float64)",tensor(9),1,4.198554,0.98520494,1,1,0,-4.4594426,0.011436502,0,0,0,-3.9358342,0.019155312,0,0,0,-3.8675923,0.020480432,0,0,0,-5.591056,0.003717217,0,0
tensor(12357),"tensor(5461., dtype=torch.float64)",tensor(9),1,4.407134,0.9879567,1,1,0,-3.751581,0.022941904,0,0,0,-6.175189,0.0020760936,0,0,0,-4.6321716,0.009639769,0,0,0,-4.6815615,0.0091794925,0,0
tensor(12361),"tensor(2262., dtype=torch.float64)",tensor(9),1,1.5313911,0.8222097,1,1,0,-0.29836825,0.42595643,0,0,0,-6.064333,0.002318918,0,0,0,-2.5530386,0.07222261,0,0,0,-6.084749,0.002272161,0,0
tensor(12363),"tensor(2264., dtype=torch.float64)",tensor(9),0,1.6157401,0.83420676,1,1,0,-2.6756837,0.06442354,0,0,0,-6.2130947,0.001999025,0,0,0,-2.283646,0.09248647,0,0,1,0.37070507,0.5916293,1,0
tensor(12441),"tensor(3680., dtype=torch.float64)",tensor(9),0,1.6169384,0.83437246,1,1,0,-3.633312,0.025748026,0,0,1,-1.2206637,0.22781967,0,0,0,-2.4136143,0.082140416,0,0,0,-0.81758,0.3062776,0,0
tensor(12453),"tensor(4790., dtype=torch.float64)",tensor(9),1,2.1163008,0.89247745,1,1,0,-0.44500798,0.39054835,0,0,0,-7.219654,0.00073152006,0,0,0,-4.5390983,0.0105701145,0,0,0,-3.65275,0.025264889,0,0
tensor(12455),"tensor(414., dtype=torch.float64)",tensor(9),1,3.5063322,0.9708674,1,1,0,-4.4831476,0.011171581,0,0,0,-5.1736455,0.0056319847,0,0,0,-2.8212276,0.056187805,0,0,0,-2.3127317,0.090073995,0,0
tensor(12459),"tensor(13741., dtype=torch.float64)",tensor(9),0,0.44063982,0.60841143,1,1,0,-1.5303438,0.1779434,0,0,0,-3.1043704,0.04292734,0,0,1,1.7149032,0.8474712,1,1,0,-2.6659217,0.06501444,0,0
tensor(12465),"tensor(21107., dtype=torch.float64)",tensor(9),1,1.4428029,0.8088883,1,1,0,-2.4465792,0.07968907,0,0,0,-3.6490686,0.025355712,0,0,0,-3.4795408,0.029899996,0,0,0,0.5126378,0.6254246,1,0
tensor(12469),"tensor(19728., dtype=torch.float64)",tensor(9),1,-1.4250708,0.19386788,0,0,0,2.153351,0.8959815,1,1,0,-1.7324822,0.15027036,0,0,0,-2.9336147,0.050516665,0,0,0,-4.104596,0.016228957,0,0
tensor(12493),"tensor(20738., dtype=torch.float64)",tensor(9),0,-1.9479952,0.12477213,0,0,1,0.6125729,0.6485275,1,1,0,-3.5516188,0.027878666,0,0,0,2.0104527,0.8818902,1,1,1,1.0513082,0.74102604,1,1
tensor(12499),"tensor(6396., dtype=torch.float64)",tensor(9),1,3.4897966,0.97039604,1,1,0,-5.9458513,0.0026098446,0,0,0,-6.6895943,0.0012422423,0,0,0,-2.8991942,0.052193407,0,0,0,-0.9882549,0.27125692,0,0
tensor(12525),"tensor(359., dtype=torch.float64)",tensor(9),0,-3.4156463,0.03181004,0,0,0,1.1240301,0.75473547,1,1,0,-1.8384366,0.1372363,0,0,0,2.6169467,0.9319443,1,1,0,-1.6114856,0.16638245,0,0
tensor(12579),"tensor(4269., dtype=torch.float64)",tensor(9),1,0.96691215,0.7245036,1,1,0,-1.1801919,0.2350177,0,0,0,-5.0711913,0.0062358114,0,0,0,-0.7404524,0.32290524,0,0,0,-0.22933897,0.44291526,0,0
tensor(12583),"tensor(5961., dtype=torch.float64)",tensor(9),0,-6.4670124,0.0015514503,0,0,0,-0.37582424,0.40713444,0,0,1,3.5999908,0.9734028,1,1,0,2.1519556,0.8958514,1,1,0,2.3620114,0.9138842,1,1
tensor(12615),"tensor(3872., dtype=torch.float64)",tensor(9),0,-5.234745,0.005299944,0,0,1,0.5203043,0.62721896,1,1,0,3.0340066,0.954087,1,1,0,-1.551157,0.17491922,0,0,0,1.1447535,0.7585513,1,1
tensor(12645),"tensor(1961., dtype=torch.float64)",tensor(9),1,0.05400856,0.5134989,1,1,0,-2.6328557,0.067053586,0,0,0,0.4726163,0.6160028,1,1,0,-0.43807375,0.39220005,0,0,0,-0.63844734,0.34559762,0,0
tensor(12693),"tensor(5739., dtype=torch.float64)",tensor(9),0,-4.0108194,0.017796103,0,0,0,0.6787997,0.66347075,1,1,1,2.3230767,0.9107703,1,1,0,-0.92588615,0.28376007,0,0,0,0.5078952,0.62431294,1,0
tensor(12741),"tensor(15976., dtype=torch.float64)",tensor(9),0,-3.8675892,0.020480495,0,0,1,2.543404,0.92712915,1,1,1,0.4020728,0.5991856,1,0,0,-1.2752652,0.21835728,0,0,0,-2.6415043,0.066514574,0,0
tensor(12753),"tensor(6261., dtype=torch.float64)",tensor(9),0,-4.731596,0.0087354155,0,0,0,-0.3751958,0.40728614,0,0,1,3.4481058,0.96917456,1,1,0,-1.7116089,0.15295514,0,0,1,0.22033307,0.5548615,1,0
tensor(12789),"tensor(11149., dtype=torch.float64)",tensor(9),1,1.797262,0.8578153,1,1,0,-0.10623277,0.47346678,0,0,0,-5.439122,0.0043245116,0,0,0,-2.6714787,0.064677455,0,0,0,-3.485703,0.02972177,0,0
tensor(12805),"tensor(21686., dtype=torch.float64)",tensor(9),1,2.2130477,0.9014151,1,1,0,-1.1125,0.24740511,0,0,0,-4.297661,0.013417848,0,0,0,-2.3302402,0.08864924,0,0,0,-4.9653378,0.0069272723,0,0
tensor(12863),"tensor(10495., dtype=torch.float64)",tensor(9),0,2.1270437,0.893504,1,1,0,-3.8634026,0.020564653,0,0,1,-4.9657393,0.0069245114,0,0,0,-1.7332232,0.15017577,0,0,0,-0.29781732,0.42609113,0,0
tensor(12869),"tensor(13894., dtype=torch.float64)",tensor(9),0,-8.985715,0.0001251697,0,0,0,-4.6021166,0.009930969,0,0,0,-9.906907,4.982683e-05,0,0,0,-1.94012,0.12563469,0,0,0,-6.588881,0.0013736887,0,0
tensor(12871),"tensor(14167., dtype=torch.float64)",tensor(9),0,-4.1148157,0.016066598,0,0,1,1.04092,0.7390275,1,1,1,0.11934444,0.5298008,1,0,0,3.3952012,0.9675542,1,1,1,0.7351787,0.6759407,1,0
tensor(12873),"tensor(8770., dtype=torch.float64)",tensor(9),0,-3.580165,0.027115367,0,0,1,3.3570678,0.96633554,1,1,0,-4.2186127,0.014505543,0,0,0,1.340917,0.7926406,1,1,0,0.15682727,0.53912663,1,0
tensor(12903),"tensor(1242., dtype=torch.float64)",tensor(9),0,-4.2885733,0.01353868,0,0,0,0.18610527,0.5463925,1,1,1,2.7481532,0.93980896,1,1,0,-1.2742485,0.21853086,0,0,0,0.2682953,0.5666743,1,0
tensor(12913),"tensor(17771., dtype=torch.float64)",tensor(9),1,4.476947,0.98875976,1,1,0,-5.8086967,0.0029923578,0,0,0,-3.692845,0.024296058,0,0,0,-4.119718,0.015989285,0,0,0,-5.4998755,0.0040706424,0,0
tensor(12947),"tensor(4622., dtype=torch.float64)",tensor(9),1,2.9620597,0.9508304,1,1,0,-3.7427733,0.023140166,0,0,0,-7.5624022,0.0005193556,0,0,0,-0.31978074,0.4207292,0,0,0,-3.6838381,0.024510492,0,0
tensor(12965),"tensor(15797., dtype=torch.float64)",tensor(9),1,3.93795,0.98088443,1,1,0,-3.5938118,0.026757674,0,0,0,-5.327018,0.0048350464,0,0,0,-2.880186,0.053141773,0,0,0,-5.5520005,0.0038646942,0,0
tensor(12973),"tensor(15118., dtype=torch.float64)",tensor(9),0,0.9903907,0.7291651,1,1,1,0.5270211,0.62878805,1,1,0,-6.760745,0.0011570255,0,0,0,-2.2541294,0.09499387,0,0,0,-2.8609686,0.054117102,0,0
tensor(13013),"tensor(12125., dtype=torch.float64)",tensor(9),0,-8.496868,0.00020406494,0,0,1,3.2002156,0.96084243,1,1,1,2.0669036,0.88764447,1,1,0,3.2361603,0.9621726,1,1,0,1.8558792,0.8648159,1,1
tensor(13029),"tensor(2363., dtype=torch.float64)",tensor(9),1,-0.27170315,0.432489,0,0,0,-2.2207568,0.09790195,0,0,0,-1.1849595,0.23416163,0,0,0,-0.9108273,0.2868306,0,0,0,1.4725262,0.8134411,1,1
tensor(13041),"tensor(702., dtype=torch.float64)",tensor(9),0,-5.9954844,0.002483786,0,0,0,2.142163,0.8949342,1,1,1,2.5279374,0.92607725,1,1,1,-1.3120219,0.21214871,0,0,0,1.0711762,0.74482054,1,1
tensor(13051),"tensor(18138., dtype=torch.float64)",tensor(9),1,2.7241032,0.938434,1,1,0,-2.484843,0.076927595,0,0,0,-5.245096,0.0052456525,0,0,0,-3.1248007,0.04209577,0,0,0,-1.7811062,0.14416659,0,0
tensor(13069),"tensor(12204., dtype=torch.float64)",tensor(9),0,-7.006794,0.0009048881,0,0,1,2.4010317,0.9169059,1,1,0,-1.2956625,0.2148959,0,0,1,6.0210886,0.9975789,1,1,0,0.51504296,0.6259879,1,0
tensor(13073),"tensor(7003., dtype=torch.float64)",tensor(9),1,1.3999496,0.8021759,1,1,0,-3.5206308,0.028730886,0,0,0,-3.9335427,0.01919841,0,0,0,-3.08293,0.043816887,0,0,0,0.90311944,0.7115901,1,0
tensor(13099),"tensor(10047., dtype=torch.float64)",tensor(9),0,-1.0534425,0.25856462,0,0,1,1.4469942,0.8095354,1,1,0,-3.74432,0.02310523,0,0,0,0.77170396,0.6838894,1,1,0,-0.04203898,0.4894918,0,0
tensor(13119),"tensor(2094., dtype=torch.float64)",tensor(9),1,1.0448927,0.7397929,1,1,0,-2.1408355,0.10519073,0,0,0,-5.889298,0.002761274,0,0,0,1.0195582,0.7348865,1,1,0,-1.7600611,0.1467827,0,0
tensor(13137),"tensor(18138., dtype=torch.float64)",tensor(9),0,0.9336701,0.7178193,1,1,0,-1.6692595,0.15852293,0,0,1,-0.07882306,0.48030442,0,0,0,-2.7564573,0.059722997,0,0,0,-2.2215223,0.09783436,0,0
tensor(13159),"tensor(20691., dtype=torch.float64)",tensor(9),0,-0.44456106,0.39065468,0,0,1,-0.4014099,0.40097365,0,0,0,0.4776671,0.61719686,1,1,0,-4.369915,0.012494234,0,0,0,-1.3391517,0.20764959,0,0
tensor(13201),"tensor(11587., dtype=torch.float64)",tensor(9),0,-5.65349,0.0034930177,0,0,0,-1.8044715,0.14130762,0,0,1,4.1352835,0.98425376,1,1,1,0.060897805,0.51521975,1,0,0,2.643984,0.93363917,1,1
tensor(13229),"tensor(18388., dtype=torch.float64)",tensor(9),1,-3.4324296,0.03129719,0,0,0,2.6061826,0.9312584,1,1,0,0.7658243,0.6826169,1,1,0,-3.7075083,0.023950867,0,0,0,-3.4958696,0.029429981,0,0
tensor(13281),"tensor(13547., dtype=torch.float64)",tensor(9),0,-4.669836,0.009286755,0,0,0,-1.7901063,0.1430597,0,0,0,-2.2907004,0.09189608,0,0,1,6.313387,0.9981914,1,1,0,0.46742037,0.614773,1,0
tensor(13321),"tensor(19906., dtype=torch.float64)",tensor(9),0,-3.7808049,0.022295887,0,0,0,-1.0261085,0.26383924,0,0,1,2.9504697,0.9502857,1,1,1,-0.44444218,0.390683,0,0,0,0.56109697,0.6367063,1,0
tensor(13329),"tensor(21176., dtype=torch.float64)",tensor(9),0,-4.3486624,0.012759188,0,0,1,4.314645,0.9868051,1,1,0,-2.1369135,0.10556045,0,0,0,-1.8985441,0.13027334,0,0,0,-2.537847,0.07324719,0,0
tensor(13345),"tensor(11725., dtype=torch.float64)",tensor(9),0,-2.5959804,0.06939757,0,0,1,1.6009488,0.83215094,1,1,0,0.45222658,0.6111685,1,1,0,-0.86683345,0.29591364,0,0,0,-2.1106656,0.1080645,0,0
tensor(13417),"tensor(20901., dtype=torch.float64)",tensor(9),0,-6.1383476,0.0021538385,0,0,1,5.2263536,0.9946556,1,1,0,-0.47676313,0.38301677,0,0,0,-1.3157048,0.21153377,0,0,0,-2.100809,0.10901821,0,0
tensor(13427),"tensor(8047., dtype=torch.float64)",tensor(9),1,3.7576487,0.9771937,1,1,0,-4.7245903,0.008796288,0,0,0,-4.9209175,0.007239642,0,0,0,-2.668466,0.06485994,0,0,0,-3.1043487,0.042928237,0,0
tensor(13445),"tensor(11929., dtype=torch.float64)",tensor(9),0,-6.3851347,0.001683602,0,0,1,3.161495,0.9593593,1,1,0,1.9692286,0.8775282,1,1,0,-0.5158199,0.37383023,0,0,1,0.6836181,0.6645458,1,0
tensor(13487),"tensor(11859., dtype=torch.float64)",tensor(9),0,3.6012385,0.9734351,1,1,0,-2.754556,0.05982986,0,0,0,-7.460527,0.0005750221,0,0,1,-2.4752746,0.07760981,0,0,0,-5.3126535,0.0049046567,0,0
tensor(13503),"tensor(13889., dtype=torch.float64)",tensor(9),0,-7.9228134,0.00036225008,0,0,1,4.4338965,0.98827106,1,1,0,0.665642,0.66052663,1,1,0,3.3472338,0.96601415,1,1,0,-0.065062076,0.48374018,0,0
tensor(13505),"tensor(19172., dtype=torch.float64)",tensor(9),1,1.3181951,0.78888124,1,1,0,-1.7113665,0.15298656,0,0,0,-1.0017104,0.26860526,0,0,0,-2.0847754,0.11058539,0,0,0,-2.780774,0.05837199,0,0
tensor(13515),"tensor(9759., dtype=torch.float64)",tensor(9),0,-9.908063,4.9769274e-05,0,0,1,5.7105875,0.9967002,1,1,0,-3.418066,0.031735603,0,0,1,5.6084957,0.9963468,1,1,1,0.23631534,0.5588054,1,0
tensor(13563),"tensor(10023., dtype=torch.float64)",tensor(9),0,-7.107163,0.00081854535,0,0,1,3.36504,0.96659386,1,1,0,-4.551696,0.010439174,0,0,1,5.925044,0.9973354,1,1,0,-0.61796737,0.35024387,0,0
tensor(13581),"tensor(14982., dtype=torch.float64)",tensor(9),0,-3.4282057,0.031425502,0,0,1,1.3651286,0.79659194,1,1,0,-0.0066785887,0.49833035,0,0,0,2.4341283,0.919393,1,1,0,-0.29268062,0.42734775,0,0
tensor(13585),"tensor(20709., dtype=torch.float64)",tensor(9),0,-5.413656,0.004435559,0,0,1,1.9631537,0.8768739,1,1,0,-2.9890294,0.047923952,0,0,0,1.8074588,0.85905445,1,1,0,-2.6271677,0.06741029,0,0
tensor(13605),"tensor(13177., dtype=torch.float64)",tensor(9),1,3.2147696,0.9613863,1,1,0,-5.49321,0.004097755,0,0,0,-3.0875103,0.04362539,0,0,0,-5.9068227,0.0027134356,0,0,0,-1.1204145,0.2459344,0,0
tensor(13621),"tensor(17422., dtype=torch.float64)",tensor(9),1,3.533163,0.9716168,1,1,0,-3.952775,0.018839598,0,0,0,-3.673284,0.024764108,0,0,0,-3.1427927,0.04137621,0,0,0,-4.169789,0.015220287,0,0
tensor(13641),"tensor(11537., dtype=torch.float64)",tensor(9),0,-3.3477201,0.033969898,0,0,0,-0.35500658,0.4121689,0,0,1,1.5701355,0.8278029,1,1,1,2.6231632,0.9323375,1,1,0,-1.7923522,0.1427846,0,0
tensor(13725),"tensor(2836., dtype=torch.float64)",tensor(9),0,-2.6398513,0.06661728,0,0,0,-0.29169413,0.42758918,0,0,0,-1.2092518,0.22983348,0,0,1,4.0635705,0.9831028,1,1,1,-0.5788843,0.3591894,0,0
tensor(13771),"tensor(15680., dtype=torch.float64)",tensor(9),0,-3.150222,0.04108253,0,0,1,3.0837305,0.9562166,1,1,0,-2.89487,0.052407738,0,0,0,-1.0376439,0.26160485,0,0,0,-1.9804444,0.121271476,0,0
tensor(13785),"tensor(13454., dtype=torch.float64)",tensor(9),1,-3.8664072,0.020504221,0,0,0,2.2773418,0.906983,1,1,0,0.9243863,0.71593505,1,1,0,-3.8909085,0.020017881,0,0,0,-2.1085925,0.108264476,0,0
tensor(13787),"tensor(15036., dtype=torch.float64)",tensor(9),0,-3.2979107,0.035642933,0,0,1,1.8248148,0.8611429,1,1,0,-0.6937769,0.33319342,0,0,0,2.63336,0.9329779,1,1,0,-0.59754,0.35490674,0,0
tensor(13789),"tensor(19137., dtype=torch.float64)",tensor(9),0,-1.3182805,0.21110453,0,0,0,-3.913969,0.01957047,0,0,1,2.0365508,0.88458157,1,1,0,-4.5713844,0.010237734,0,0,0,-2.8711593,0.053597815,0,0
tensor(13815),"tensor(1271., dtype=torch.float64)",tensor(9),0,-1.6081767,0.16684191,0,0,1,2.6907823,0.9364806,1,1,0,-2.1141553,0.107728586,0,0,0,-2.79557,0.057564043,0,0,0,-2.525259,0.07410629,0,0
tensor(13829),"tensor(11216., dtype=torch.float64)",tensor(9),0,2.929779,0.94929904,1,1,0,-4.7494845,0.00858187,0,0,0,-3.4130175,0.031891104,0,0,1,-2.4543147,0.0791236,0,0,0,-1.8673958,0.13384333,0,0
tensor(13831),"tensor(1672., dtype=torch.float64)",tensor(9),0,-7.1375904,0.00079403364,0,0,1,2.2154682,0.90163004,1,1,0,-3.2188547,0.03846232,0,0,1,7.1021423,0.9991773,1,1,0,0.6314241,0.6528123,1,0
tensor(13839),"tensor(8114., dtype=torch.float64)",tensor(9),0,-2.3275983,0.088862926,0,0,1,3.345839,0.9659683,1,1,0,-2.8590014,0.054217882,0,0,0,-2.6097956,0.068510644,0,0,0,-1.4714518,0.18672206,0,0
tensor(13883),"tensor(12521., dtype=torch.float64)",tensor(9),0,-2.9634123,0.049106423,0,0,0,-1.4413702,0.19133323,0,0,1,2.7238166,0.9384175,1,1,0,-1.0493662,0.25934684,0,0,0,0.01771966,0.5044298,1,0
tensor(13909),"tensor(3380., dtype=torch.float64)",tensor(9),1,4.3642836,0.98743606,1,1,0,-5.203344,0.0054680845,0,0,0,-4.8038898,0.008131141,0,0,0,-3.458494,0.030516557,0,0,0,-4.3729773,0.012456509,0,0
tensor(13925),"tensor(18847., dtype=torch.float64)",tensor(9),1,2.763602,0.9406769,1,1,0,-4.079419,0.016635856,0,0,0,-3.5818353,0.027071338,0,0,0,-2.6547256,0.06569835,0,0,0,-1.3402508,0.20746881,0,0
tensor(13929),"tensor(11984., dtype=torch.float64)",tensor(9),1,2.4769213,0.922508,1,1,0,-4.2165627,0.014534875,0,0,0,-2.151342,0.104205884,0,0,0,-3.729606,0.023439687,0,0,0,-1.2067263,0.2302808,0,0
tensor(13953),"tensor(610., dtype=torch.float64)",tensor(9),0,-6.915414,0.000991387,0,0,1,2.5003192,0.92416424,1,1,0,-2.237841,0.09640346,0,0,1,5.486497,0.9958748,1,1,0,1.5231434,0.82100093,1,1
tensor(13977),"tensor(19446., dtype=torch.float64)",tensor(9),1,3.0592978,0.9551822,1,1,0,-3.4583015,0.03052225,0,0,0,-3.0814543,0.043878764,0,0,0,-2.8949797,0.05240229,0,0,0,-3.181874,0.039853558,0,0
tensor(13983),"tensor(2799., dtype=torch.float64)",tensor(9),0,-6.948108,0.0009595289,0,0,1,3.7598624,0.977243,1,1,1,-2.14909,0.10441628,0,0,1,4.9415827,0.9929074,1,1,1,-0.30597174,0.42409828,0,0
tensor(13991),"tensor(5973., dtype=torch.float64)",tensor(9),1,2.1483781,0.8955171,1,1,0,-1.8102477,0.14060819,0,0,0,-6.211679,0.0020018513,0,0,0,-4.3857946,0.012299819,0,0,0,-0.29874548,0.4258642,0,0
tensor(14013),"tensor(13685., dtype=torch.float64)",tensor(9),1,2.291499,0.9081706,1,1,0,-2.1416276,0.105116196,0,0,0,-4.9721994,0.0068802284,0,0,0,-2.8524914,0.054552678,0,0,0,-1.1728168,0.23634622,0,0
tensor(14019),"tensor(7628., dtype=torch.float64)",tensor(9),0,-6.108597,0.0022187352,0,0,1,2.2568436,0.90523916,1,1,1,1.6294962,0.8361006,1,1,1,2.1024003,0.8911363,1,1,0,1.2717508,0.7810423,1,1
tensor(14033),"tensor(10493., dtype=torch.float64)",tensor(9),0,2.691426,0.93651885,1,1,0,-2.709742,0.062400937,0,0,0,-3.0236197,0.04637015,0,0,1,-2.7655826,0.05921261,0,0,0,-3.9917803,0.01813197,0,0
tensor(14047),"tensor(15010., dtype=torch.float64)",tensor(9),0,-6.5129814,0.0014818492,0,0,0,-3.6439478,0.025482567,0,0,0,-5.3483953,0.004733266,0,0,1,6.5602446,0.99858654,1,1,0,0.2788969,0.56927574,1,0
tensor(14059),"tensor(10131., dtype=torch.float64)",tensor(9),0,-3.2341769,0.037899647,0,0,0,1.5431137,0.8239169,1,1,0,-4.506738,0.010913964,0,0,1,4.231575,0.9856786,1,1,0,-0.16339403,0.4592421,0,0
tensor(14075),"tensor(7883., dtype=torch.float64)",tensor(9),1,1.2942069,0.7848584,1,1,0,-2.353458,0.08679131,0,0,0,-1.5762082,0.17133315,0,0,0,-0.140316,0.4649785,0,0,0,-2.2883043,0.09209623,0,0
tensor(14093),"tensor(2048., dtype=torch.float64)",tensor(9),0,-5.119207,0.005945207,0,0,1,0.8396694,0.69839555,1,1,1,0.21731542,0.5541161,1,0,1,4.8271956,0.9920547,1,1,0,-0.5433277,0.36741382,0,0
tensor(14109),"tensor(3581., dtype=torch.float64)",tensor(9),0,-6.5300016,0.0014568779,0,0,1,1.3266431,0.7902848,1,1,0,-3.1206856,0.042262018,0,0,1,7.012131,0.99909997,1,1,0,0.44926807,0.61046517,1,0
tensor(14113),"tensor(5562., dtype=torch.float64)",tensor(9),1,3.3677804,0.9666823,1,1,0,-3.4965785,0.029409742,0,0,0,-3.743679,0.0231197,0,0,0,-4.6333385,0.009628637,0,0,0,-2.8837638,0.05296204,0,0
tensor(14129),"tensor(19019., dtype=torch.float64)",tensor(9),1,4.9689307,0.99309736,1,1,0,-4.6639514,0.009341053,0,0,0,-7.7571945,0.00042747188,0,0,0,-4.299015,0.013399933,0,0,0,-4.8045206,0.008126054,0,0
tensor(14155),"tensor(16498., dtype=torch.float64)",tensor(9),0,0.09478453,0.52367836,1,1,1,1.101474,0.7505362,1,1,0,-4.131708,0.015801728,0,0,0,-1.1312436,0.2439317,0,0,0,-1.6408855,0.16234462,0,0
tensor(14161),"tensor(15261., dtype=torch.float64)",tensor(9),0,-7.301673,0.0006739551,0,0,0,-1.859769,0.13472998,0,0,1,5.037369,0.993551,1,1,0,0.25330368,0.56298953,1,0,1,3.7416036,0.97683334,1,1
tensor(14169),"tensor(17962., dtype=torch.float64)",tensor(9),1,5.0866284,0.9938591,1,1,0,-6.396996,0.0016637832,0,0,0,-7.597389,0.00050150807,0,0,0,-3.5484247,0.027965361,0,0,0,-3.9071271,0.019702183,0,0
tensor(14207),"tensor(18528., dtype=torch.float64)",tensor(9),1,3.2668066,0.96327233,1,1,0,-1.8322599,0.13796927,0,0,0,-5.034487,0.0064674383,0,0,0,-4.454849,0.011488557,0,0,0,-5.261548,0.0051605,0,0
tensor(14219),"tensor(10518., dtype=torch.float64)",tensor(9),0,-6.5814357,0.0013839402,0,0,0,-3.4220028,0.031614855,0,0,0,-3.643569,0.025491977,0,0,1,7.699041,0.99954695,1,1,0,0.32161102,0.5797168,1,0
tensor(14235),"tensor(8371., dtype=torch.float64)",tensor(9),1,-4.3829837,0.012334015,0,0,0,-1.585566,0.17000864,0,0,0,3.8506067,0.97917604,1,1,0,-1.6712542,0.15825704,0,0,0,-0.121024385,0.46978074,0,0
tensor(14297),"tensor(7800., dtype=torch.float64)",tensor(9),0,-2.148146,0.10450461,0,0,0,-2.969849,0.048806727,0,0,1,3.2819438,0.9638041,1,1,0,-4.743145,0.008635977,0,0,0,-1.9852298,0.12076244,0,0
tensor(14339),"tensor(8081., dtype=torch.float64)",tensor(9),1,2.5668433,0.92869693,1,1,0,-3.6938658,0.024271874,0,0,0,-2.2421455,0.09602913,0,0,0,-2.82827,0.0558155,0,0,0,-2.1110625,0.10802625,0,0
tensor(14349),"tensor(529., dtype=torch.float64)",tensor(9),0,-4.150606,0.0155104995,0,0,1,0.8663877,0.7039935,1,1,1,1.3103687,0.7875749,1,1,0,2.0690353,0.8878569,1,1,0,-2.0514019,0.11391081,0,0
tensor(14385),"tensor(3687., dtype=torch.float64)",tensor(9),1,2.1606994,0.8966644,1,1,0,-5.324256,0.004848354,0,0,0,-0.39074963,0.40353686,0,0,0,-3.8958874,0.01992044,0,0,0,-3.8570998,0.020691985,0,0
tensor(14403),"tensor(488., dtype=torch.float64)",tensor(9),1,-0.06940009,0.4826569,0,1,0,-0.9592522,0.27702796,0,0,0,-0.0026350766,0.49934128,0,0,0,0.29118145,0.57228535,1,0,0,-1.5541496,0.17448772,0,0
tensor(14407),"tensor(9815., dtype=torch.float64)",tensor(9),1,3.5305614,0.971545,1,1,0,-3.5014293,0.02927159,0,0,0,-7.937795,0.0003568653,0,0,0,-1.0782727,0.25383306,0,0,0,-4.46385,0.011386781,0,0
tensor(14435),"tensor(20180., dtype=torch.float64)",tensor(9),1,3.5855854,0.9730272,1,1,0,-4.247037,0.014104772,0,0,0,-3.7848213,0.0222085,0,0,0,-3.7252774,0.023538971,0,0,0,-3.1660004,0.04046543,0,0
tensor(14449),"tensor(488., dtype=torch.float64)",tensor(9),1,0.6934452,0.6667329,1,1,0,-1.6131202,0.16615586,0,0,0,-1.6904525,0.15571634,0,0,0,0.40844017,0.6007138,1,0,0,-0.8606932,0.29719454,0,0
tensor(14461),"tensor(3403., dtype=torch.float64)",tensor(9),1,-1.4865935,0.18443358,0,0,0,2.497237,0.92394793,1,1,0,-3.0334926,0.04593552,0,0,0,-1.563521,0.17314199,0,0,0,-1.3227674,0.21035825,0,0
tensor(14467),"tensor(1716., dtype=torch.float64)",tensor(9),0,-6.65351,0.0012878274,0,0,0,-2.853717,0.054489493,0,0,0,-3.7020237,0.024079418,0,0,1,7.8930564,0.99962676,1,1,1,0.044885818,0.51121956,1,0
tensor(14487),"tensor(15893., dtype=torch.float64)",tensor(9),0,-6.0949316,0.0022491943,0,0,1,3.2869337,0.9639778,1,1,0,-0.42396146,0.3955692,0,0,1,3.7319858,0.9766148,1,1,0,-1.483296,0.18493007,0,0
tensor(14493),"tensor(3716., dtype=torch.float64)",tensor(9),0,-5.5508585,0.0038690937,0,0,0,-1.8408995,0.13694495,0,0,0,-1.1550548,0.23956703,0,0,1,6.4352016,0.9983985,1,1,1,0.8819642,0.7072291,1,0
tensor(14495),"tensor(17466., dtype=torch.float64)",tensor(9),0,-0.26366025,0.43446416,0,0,1,1.6176509,0.8344709,1,1,0,-6.721506,0.0012032727,0,0,0,-1.4255935,0.19378619,0,0,0,-3.8641293,0.02055002,0,0
tensor(14509),"tensor(5555., dtype=torch.float64)",tensor(9),1,-1.7985616,0.14202626,0,0,0,0.38613257,0.5953514,1,1,0,0.96006715,0.72313523,1,1,0,0.016960327,0.50424,1,0,0,-0.45545682,0.38806415,0,0
tensor(14519),"tensor(19301., dtype=torch.float64)",tensor(9),1,4.99069,0.99324495,1,1,0,-5.3959413,0.004514477,0,0,0,-6.128124,0.0021759227,0,0,0,-3.7997377,0.021886885,0,0,0,-5.3722553,0.004622183,0,0
tensor(14549),"tensor(4932., dtype=torch.float64)",tensor(9),1,0.90353376,0.7116751,1,1,0,-3.8283792,0.02128206,0,0,0,0.7497716,0.67912894,1,1,0,-5.326865,0.0048357802,0,0,0,-3.0001912,0.047417235,0,0
tensor(14589),"tensor(4395., dtype=torch.float64)",tensor(9),0,-6.569062,0.0014011466,0,0,1,2.0677807,0.88773197,1,1,1,2.56313,0.92845064,1,1,0,0.5767834,0.6403269,1,0,1,1.8000187,0.8581512,1,1
tensor(14601),"tensor(6780., dtype=torch.float64)",tensor(9),0,-3.7487867,0.023004625,0,0,0,-0.14434493,0.4639763,0,0,1,2.7490916,0.939862,1,1,0,-1.1441649,0.2415565,0,0,0,-1.0472713,0.25974947,0,0
tensor(14615),"tensor(11573., dtype=torch.float64)",tensor(9),0,-3.2320998,0.03797546,0,0,0,0.7560927,0.6805048,1,1,1,1.7815834,0.8558923,1,1,0,-0.70673037,0.3303217,0,0,0,0.13738221,0.5342916,1,0
tensor(14671),"tensor(14147., dtype=torch.float64)",tensor(9),0,-5.29317,0.005000671,0,0,0,1.2948773,0.78497154,1,1,1,1.6660293,0.8410457,1,1,1,2.6045504,0.9311539,1,1,0,-0.7822679,0.3138313,0,0
tensor(14741),"tensor(6796., dtype=torch.float64)",tensor(9),0,-5.510436,0.0040280526,0,0,0,0.36201224,0.5895275,1,1,0,1.0978787,0.74986243,1,1,1,3.6005256,0.97341657,1,1,1,2.0615466,0.88710916,1,1
tensor(14777),"tensor(12067., dtype=torch.float64)",tensor(9),0,-8.37816,0.00022977951,0,0,1,5.915195,0.9973091,1,1,0,0.86828905,0.7043896,1,1,0,-0.14810875,0.46304038,0,0,0,-0.62346494,0.3489938,0,0
tensor(14791),"tensor(16256., dtype=torch.float64)",tensor(9),1,2.833923,0.94448173,1,1,0,-1.8318049,0.1380234,0,0,0,-6.2740555,0.0018810254,0,0,0,-2.2705271,0.093593486,0,0,0,-4.497081,0.011018708,0,0
tensor(14809),"tensor(21216., dtype=torch.float64)",tensor(9),1,2.5695446,0.9288756,1,1,0,-3.3078647,0.035302367,0,0,0,-5.171277,0.005645264,0,0,0,-3.3187032,0.034935106,0,0,0,-0.6698372,0.3385333,0,0
tensor(14835),"tensor(10164., dtype=torch.float64)",tensor(9),1,2.0537918,0.8863302,1,1,0,-1.7257502,0.15113197,0,0,0,-4.633791,0.009624322,0,0,0,-0.81905174,0.305965,0,0,0,-2.9299629,0.050692115,0,0
tensor(14887),"tensor(1841., dtype=torch.float64)",tensor(9),0,-4.4963117,0.011027093,0,0,0,-1.1341034,0.24340464,0,0,0,-0.061925218,0.48452362,0,0,1,4.5543337,0.989588,1,1,0,-0.01988725,0.49502835,0,0
tensor(14901),"tensor(1075., dtype=torch.float64)",tensor(9),1,0.68104464,0.66397184,1,1,0,-0.41156805,0.39853618,0,0,0,-2.7506533,0.060049765,0,0,0,-2.2952914,0.09151368,0,0,0,0.31803802,0.57884604,1,0
tensor(14921),"tensor(6074., dtype=torch.float64)",tensor(9),1,1.0113484,0.733284,1,1,0,-1.3830874,0.20051359,0,0,0,-4.7611923,0.008482829,0,0,0,-1.8555659,0.13522072,0,0,0,0.43143004,0.6062151,1,0
tensor(14969),"tensor(6531., dtype=torch.float64)",tensor(9),0,-0.6416713,0.34486884,0,0,0,-2.0318625,0.115897946,0,0,1,1.5093905,0.81897086,1,1,0,-2.3648777,0.08589046,0,0,0,-1.0335335,0.26239964,0,0
tensor(14979),"tensor(475., dtype=torch.float64)",tensor(9),1,1.1887119,0.7665106,1,1,0,-1.4965272,0.18294404,0,0,0,-0.70648956,0.330375,0,0,0,-3.3857079,0.032745127,0,0,0,-2.927433,0.05081399,0,0
tensor(15005),"tensor(2055., dtype=torch.float64)",tensor(9),1,-1.9702096,0.12236638,0,0,0,-0.59536767,0.35540423,0,0,1,1.9864374,0.8793657,1,1,0,-2.6839771,0.063925475,0,0,0,-1.7455566,0.14860852,0,0
tensor(15009),"tensor(9561., dtype=torch.float64)",tensor(9),1,0.3482819,0.58620083,1,1,0,-1.014087,0.26618078,0,0,0,-4.9289446,0.0071821776,0,0,0,0.98683345,0.72846204,1,1,0,-2.6023564,0.068986915,0,0
tensor(15071),"tensor(19222., dtype=torch.float64)",tensor(9),0,-2.5791137,0.070494786,0,0,0,-1.0753095,0.25439468,0,0,1,2.5901327,0.9302238,1,1,0,-2.8890367,0.052698188,0,0,0,-0.6693793,0.33863586,0,0
tensor(15079),"tensor(6194., dtype=torch.float64)",tensor(9),0,-3.3376353,0.034302406,0,0,0,-0.9576711,0.27734473,0,0,1,2.6695747,0.93520725,1,1,0,-0.09893399,0.47528666,0,0,0,-1.3543605,0.20515843,0,0
tensor(15093),"tensor(3321., dtype=torch.float64)",tensor(9),0,-3.169339,0.040335998,0,0,1,0.9119087,0.7133906,1,1,0,1.8193972,0.8604938,1,1,0,-1.2876182,0.21625622,0,0,0,-1.4071574,0.19668278,0,0
tensor(15119),"tensor(7803., dtype=torch.float64)",tensor(9),0,2.1132348,0.8921829,1,1,0,-3.9421284,0.019037409,0,0,0,-6.060112,0.0023287039,0,0,0,-1.3964231,0.19838431,0,0,1,-0.40375587,0.40041032,0,0
tensor(15125),"tensor(960., dtype=torch.float64)",tensor(9),0,-3.2916458,0.035858907,0,0,1,0.4055615,0.60002315,1,1,1,1.6303211,0.8362136,1,1,0,-2.1558104,0.10378952,0,0,1,1.084531,0.74735045,1,1
tensor(15137),"tensor(14274., dtype=torch.float64)",tensor(9),1,2.6476152,0.9338639,1,1,0,-2.225855,0.097452596,0,0,0,-5.805681,0.0030013677,0,0,0,-2.1054738,0.10856594,0,0,0,-2.8018863,0.057222325,0,0
tensor(15153),"tensor(21608., dtype=torch.float64)",tensor(9),1,1.8253324,0.86120474,1,1,0,-0.8023867,0.3095152,0,0,0,-4.844713,0.007808423,0,0,0,-1.946896,0.124892205,0,0,0,-2.4859517,0.07684891,0,0
tensor(15171),"tensor(9442., dtype=torch.float64)",tensor(9),1,5.1478424,0.9942216,1,1,0,-4.7412133,0.008652531,0,0,0,-8.705889,0.0001655803,0,0,0,-3.812785,0.021609312,0,0,0,-5.264563,0.005145044,0,0
tensor(15211),"tensor(20875., dtype=torch.float64)",tensor(9),1,2.1256406,0.89337045,1,1,0,-1.6273649,0.16419166,0,0,0,-4.140066,0.015672268,0,0,0,-2.566767,0.07130811,0,0,0,-2.1018796,0.10891428,0,0
tensor(15251),"tensor(11092., dtype=torch.float64)",tensor(9),0,-5.335243,0.004795629,0,0,0,1.4699111,0.8130439,1,1,1,1.4716522,0.81330836,1,1,1,2.7657528,0.9407969,1,1,1,0.36108896,0.589304,1,0
tensor(15301),"tensor(15228., dtype=torch.float64)",tensor(9),0,-3.1805665,0.039903622,0,0,0,-0.9280301,0.28332454,0,0,1,2.3754778,0.9149382,1,1,0,0.013713762,0.5034284,1,0,0,0.34644875,0.5857561,1,0
tensor(15341),"tensor(13753., dtype=torch.float64)",tensor(9),0,-6.301006,0.0018310996,0,0,0,0.56323534,0.6372008,1,1,1,3.0548162,0.95498997,1,1,0,2.2155063,0.9016333,1,1,1,1.9426593,0.874644,1,1
tensor(15343),"tensor(13897., dtype=torch.float64)",tensor(9),1,0.7222318,0.6730983,1,1,0,-1.0887676,0.25185043,0,0,0,-0.24876316,0.43812793,0,0,0,-1.2487261,0.22292072,0,0,0,-1.2532631,0.22213578,0,0
tensor(15361),"tensor(9500., dtype=torch.float64)",tensor(9),1,1.3401258,0.7925106,1,1,0,-2.02494,0.11660914,0,0,0,-3.6061814,0.026437426,0,0,0,-0.32671902,0.4190392,0,0,0,-1.1047524,0.2488505,0,0
tensor(15363),"tensor(15507., dtype=torch.float64)",tensor(9),1,2.6126955,0.9316742,1,1,0,-5.0199757,0.0065613515,0,0,0,-7.58852,0.0005059735,0,0,0,-1.6493247,0.16120026,0,0,0,-0.51916367,0.3730478,0,0
tensor(15403),"tensor(16292., dtype=torch.float64)",tensor(9),1,-0.75641257,0.31942564,0,0,0,1.0154902,0.7340932,1,1,0,-1.7079669,0.15342762,0,0,0,-2.9270697,0.050831523,0,0,0,-4.8307657,0.007917225,0,0
tensor(15413),"tensor(14145., dtype=torch.float64)",tensor(9),1,4.0765996,0.983318,1,1,0,-4.5378437,0.010583243,0,0,0,-5.455122,0.004256163,0,0,0,-3.3298292,0.03456193,0,0,0,-3.5135372,0.0289295,0,0
tensor(15417),"tensor(13133., dtype=torch.float64)",tensor(9),0,0.2833107,0.57035774,1,1,0,-0.036644414,0.49083996,0,0,1,-0.9457625,0.2797378,0,0,0,-1.7640595,0.14628264,0,0,0,-2.30779,0.09047984,0,0
tensor(15465),"tensor(18102., dtype=torch.float64)",tensor(9),1,2.3538315,0.9132383,1,1,0,-3.6316543,0.025789645,0,0,0,-4.6679544,0.009304081,0,0,0,-0.57977843,0.3589836,0,0,0,-2.2114716,0.09872506,0,0
tensor(15471),"tensor(13133., dtype=torch.float64)",tensor(9),0,-4.059781,0.016960185,0,0,0,-0.5940897,0.35569704,0,0,1,1.1091424,0.75196916,1,1,0,-3.4498448,0.030773485,0,0,0,-4.697773,0.009033212,0,0
tensor(15479),"tensor(17997., dtype=torch.float64)",tensor(9),0,-5.734729,0.003221348,0,0,1,3.4240503,0.96844774,1,1,1,1.2980331,0.7855038,1,1,0,-0.8090466,0.3080937,0,0,0,-1.3943485,0.19871445,0,0
tensor(15485),"tensor(12579., dtype=torch.float64)",tensor(9),0,-5.6557665,0.0034851031,0,0,0,-0.079766996,0.4800688,0,0,0,-1.6235993,0.16470909,0,0,1,6.250554,0.9980743,1,1,1,1.2906429,0.784256,1,1
tensor(15515),"tensor(17393., dtype=torch.float64)",tensor(9),0,-4.5977798,0.009973701,0,0,1,3.9797456,0.98165256,1,1,0,0.112534314,0.5281039,1,0,0,-2.919865,0.05118026,0,0,0,-0.66762483,0.3390289,0,0
tensor(15525),"tensor(8004., dtype=torch.float64)",tensor(9),1,0.19950326,0.54971105,1,1,0,-0.5835561,0.35811475,0,0,0,-1.9746069,0.121894926,0,0,0,0.8943827,0.7097938,1,1,0,-1.2945572,0.21508245,0,0
tensor(15537),"tensor(14188., dtype=torch.float64)",tensor(9),0,-5.978905,0.0025252034,0,0,1,3.3092759,0.96474564,1,1,0,-1.3074445,0.2129148,0,0,0,3.7035117,0.9759555,1,1,0,-0.911599,0.28667274,0,0
tensor(15553),"tensor(17012., dtype=torch.float64)",tensor(9),1,2.2123654,0.90135443,1,1,0,-3.08094,0.04390034,0,0,0,-4.2660675,0.013842569,0,0,0,-1.9710705,0.122273944,0,0,0,-0.7835913,0.31354642,0,0
tensor(15563),"tensor(14188., dtype=torch.float64)",tensor(9),0,-4.896614,0.007416425,0,0,1,2.5573218,0.92806387,1,1,0,-1.2778317,0.21791954,0,0,0,3.1188495,0.95766354,1,1,0,-1.4309777,0.1929464,0,0
tensor(15597),"tensor(14188., dtype=torch.float64)",tensor(9),0,-5.5128517,0.004018373,0,0,1,2.5328753,0.92641455,1,1,1,-0.17557053,0.4562198,0,0,1,3.3464057,0.9659869,1,1,0,0.12687577,0.5316765,1,0
tensor(15609),"tensor(12619., dtype=torch.float64)",tensor(9),1,3.646456,0.9745797,1,1,0,-4.2603073,0.013921421,0,0,0,-5.15082,0.0057612685,0,0,0,-3.4813461,0.029847678,0,0,0,-2.4713116,0.07789398,0,0
tensor(15679),"tensor(18575., dtype=torch.float64)",tensor(9),1,4.090931,0.98355144,1,1,0,-4.3844934,0.012315638,0,0,0,-5.68017,0.003401369,0,0,0,-2.6159334,0.06811998,0,0,0,-4.349968,0.012742753,0,0
tensor(15687),"tensor(16502., dtype=torch.float64)",tensor(9),0,-3.38457,0.03278119,0,0,0,-1.6263669,0.16432868,0,0,1,2.6316385,0.9328702,1,1,0,-1.0465729,0.25988376,0,0,0,-2.539281,0.07314992,0,0
tensor(15697),"tensor(8547., dtype=torch.float64)",tensor(9),1,3.0463355,0.95462406,1,1,0,-4.288678,0.013537281,0,0,0,-4.3482785,0.012764023,0,0,0,-3.6183991,0.026124774,0,0,0,-1.1879126,0.23363249,0,0
tensor(15699),"tensor(16502., dtype=torch.float64)",tensor(9),1,3.8470738,0.9791039,1,1,0,-5.0024924,0.006676302,0,0,0,-3.602592,0.026529972,0,0,0,-3.633302,0.025748277,0,0,0,-3.869707,0.02043805,0,0
tensor(15731),"tensor(14804., dtype=torch.float64)",tensor(9),0,-4.7942314,0.008209406,0,0,1,-0.35401872,0.41240823,0,0,0,2.7037818,0.9372494,1,1,1,-0.06853342,0.48287335,0,0,0,-3.809023,0.021688988,0,0
tensor(15763),"tensor(8258., dtype=torch.float64)",tensor(9),0,-6.698166,0.0012316528,0,0,0,-1.4475479,0.19037922,0,0,1,3.4015737,0.9677537,1,1,1,3.6496816,0.97465944,1,1,0,2.254965,0.90507793,1,1
tensor(15775),"tensor(7056., dtype=torch.float64)",tensor(9),1,2.2313712,0.90303147,1,1,0,-2.6818101,0.064055264,0,0,0,-2.7223883,0.061665133,0,0,0,-3.4084754,0.032031633,0,0,1,-1.0451126,0.2601647,0,0
tensor(15783),"tensor(15287., dtype=torch.float64)",tensor(9),0,-4.925213,0.007208836,0,0,1,4.1975765,0.9851907,1,1,0,-2.1925907,0.10041783,0,0,0,-0.60962343,0.3521451,0,0,0,-3.2694838,0.03663304,0,0
tensor(15785),"tensor(16502., dtype=torch.float64)",tensor(9),1,2.8131166,0.9433805,1,1,0,-4.319537,0.013131316,0,0,0,-1.5839394,0.17023829,0,0,0,-4.4160204,0.011937982,0,0,0,-4.0345206,0.01738652,0,0
tensor(15799),"tensor(17354., dtype=torch.float64)",tensor(9),0,-3.070071,0.044358816,0,0,0,0.42297617,0.6041952,1,1,1,-0.09201568,0.47701234,0,0,1,3.1693826,0.9596657,1,1,0,-0.91489595,0.28599903,0,0
tensor(15805),"tensor(8258., dtype=torch.float64)",tensor(9),0,-6.515071,0.001478761,0,0,0,-1.0113128,0.266723,0,0,1,3.737903,0.9767495,1,1,1,2.3119104,0.9098587,1,1,0,2.8025005,0.9428108,1,1
tensor(15811),"tensor(20799., dtype=torch.float64)",tensor(9),0,-7.0791397,0.00084178837,0,0,1,5.8352995,0.997086,1,1,0,-0.43395746,0.39318174,0,0,0,-5.2083864,0.0054407306,0,0,0,-4.9502,0.0070321904,0,0
tensor(15813),"tensor(7937., dtype=torch.float64)",tensor(9),1,3.1853967,0.960281,1,1,0,-4.3105993,0.0132476445,0,0,0,-3.7543492,0.022879934,0,0,0,-2.240748,0.09615052,0,0,0,-2.5667086,0.07131197,0,0
tensor(15819),"tensor(8682., dtype=torch.float64)",tensor(9),1,0.57436836,0.63977057,1,1,0,-2.0383394,0.11523593,0,0,0,-8.171671,0.0002824657,0,0,0,2.377628,0.91510534,1,1,0,-2.1403732,0.10523424,0,0
tensor(15831),"tensor(13204., dtype=torch.float64)",tensor(9),0,-0.8966442,0.28974062,0,0,0,-2.2891939,0.09202189,0,0,1,1.8881474,0.86854416,1,1,0,-2.1953003,0.10017332,0,0,0,-2.3141277,0.08995965,0,0
tensor(15853),"tensor(21223., dtype=torch.float64)",tensor(9),0,-5.2615166,0.005160661,0,0,0,-0.6539897,0.34209102,0,0,1,-0.91234493,0.2865202,0,0,1,5.8194304,0.9970395,1,1,1,0.020803098,0.50520056,1,0
tensor(15855),"tensor(9629., dtype=torch.float64)",tensor(9),0,-3.4047415,0.03214761,0,0,0,2.0211377,0.88299865,1,1,1,1.1558002,0.76056874,1,1,0,-2.8977551,0.052264646,0,0,0,-2.0549455,0.11355363,0,0
tensor(15859),"tensor(12268., dtype=torch.float64)",tensor(9),0,-5.1649175,0.005681075,0,0,0,-2.7609215,0.0594728,0,0,1,4.3630238,0.9874205,1,1,0,-1.8003845,0.14180426,0,0,1,2.6549602,0.93431604,1,1
tensor(15867),"tensor(16720., dtype=torch.float64)",tensor(9),0,-13.328655,1.6271887e-06,0,0,0,-7.008733,0.000903137,0,0,0,-12.54121,3.5761857e-06,0,0,0,-5.798341,0.0030234135,0,0,0,-10.597181,2.4985717e-05,0,0
tensor(15875),"tensor(11128., dtype=torch.float64)",tensor(9),1,0.37076142,0.591643,1,1,0,0.32737884,0.5811215,1,1,0,-4.8966513,0.007416151,0,0,0,-1.3846078,0.20026998,0,0,0,-0.012558263,0.49686044,0,0
tensor(15889),"tensor(17166., dtype=torch.float64)",tensor(9),0,-1.4058688,0.19688646,0,0,0,-2.2563508,0.09480307,0,0,1,2.50554,0.92452925,1,1,0,-3.439711,0.031077184,0,0,0,-1.5883269,0.16961943,0,0
tensor(15895),"tensor(13953., dtype=torch.float64)",tensor(9),1,4.21758,0.98547965,1,1,0,-4.0946383,0.016388707,0,0,0,-7.184536,0.00075764634,0,0,0,-3.4963617,0.029415926,0,0,0,-3.824913,0.021354375,0,0
tensor(15905),"tensor(7434., dtype=torch.float64)",tensor(9),0,-4.585229,0.010098397,0,0,0,0.44259968,0.6088783,1,1,1,2.8680034,0.94624186,1,1,0,-2.8541627,0.05446654,0,0,0,0.53888506,0.631553,1,0
tensor(15909),"tensor(17166., dtype=torch.float64)",tensor(9),1,-2.4022758,0.08299932,0,0,0,-1.8171046,0.13978167,0,0,0,2.6413136,0.9334736,1,1,0,-3.4148312,0.031835157,0,0,0,-2.28273,0.092563376,0,0
tensor(15921),"tensor(16502., dtype=torch.float64)",tensor(9),1,3.0144598,0.95322305,1,1,0,-3.8328843,0.021188423,0,0,0,-2.9288883,0.050743844,0,0,0,-2.5615249,0.07165604,0,0,0,-3.283244,0.036150515,0,0
tensor(15945),"tensor(8665., dtype=torch.float64)",tensor(9),0,3.1917713,0.96052337,1,1,0,-3.9940178,0.018092176,0,0,1,-2.613926,0.06824753,0,0,0,-4.2173862,0.014523084,0,0,0,-3.58081,0.027098354,0,0
tensor(15967),"tensor(3717., dtype=torch.float64)",tensor(9),1,1.1181381,0.7536432,1,1,0,-4.1632013,0.01531934,0,0,0,-4.759474,0.008497295,0,0,0,1.7315829,0.8496148,1,1,0,-1.5851513,0.17006718,0,0
tensor(15989),"tensor(15877., dtype=torch.float64)",tensor(9),0,-0.18590605,0.4536569,0,1,0,-2.0135462,0.11778799,0,0,0,-5.5282736,0.0039571207,0,0,1,3.179172,0.9600429,1,1,0,-1.3629824,0.203756,0,0
tensor(15995),"tensor(3757., dtype=torch.float64)",tensor(9),0,0.7960898,0.6891374,1,1,0,-2.591192,0.069707446,0,0,0,-4.6378584,0.009585629,0,0,1,1.7117498,0.84706306,1,1,1,-2.630517,0.06720004,0,0
tensor(16011),"tensor(10532., dtype=torch.float64)",tensor(9),0,-0.7431034,0.3223259,0,0,0,-2.2279534,0.097268194,0,0,0,-5.4240966,0.004389693,0,0,1,4.025696,0.98246205,1,1,0,-1.26919,0.21939597,0,0
tensor(16057),"tensor(16563., dtype=torch.float64)",tensor(9),1,4.256996,0.986033,1,1,0,-5.3584337,0.004686211,0,0,0,-7.131106,0.0007991951,0,0,0,-2.2382538,0.096367486,0,0,0,-3.3646774,0.03341781,0,0
tensor(16067),"tensor(2847., dtype=torch.float64)",tensor(9),1,0.1878772,0.5468316,1,1,0,-1.5270462,0.17842628,0,0,0,-2.535012,0.07343987,0,0,0,0.5000824,0.62247866,1,0,0,0.29249442,0.5726067,1,0
tensor(16069),"tensor(2393., dtype=torch.float64)",tensor(9),0,-4.732492,0.00872766,0,0,0,0.45118985,0.6109221,1,1,0,0.9966023,0.73039,1,1,1,2.2461197,0.90431535,1,1,0,2.3104062,0.9097352,1,1
tensor(16085),"tensor(2718., dtype=torch.float64)",tensor(9),0,-2.4380534,0.08031659,0,0,0,0.42599332,0.6049165,1,1,0,-3.0254822,0.04628786,0,0,1,4.305043,0.9866795,1,1,0,-0.24051376,0.4401597,0,0
tensor(16109),"tensor(11473., dtype=torch.float64)",tensor(9),1,1.709466,0.846767,1,1,0,-2.1962225,0.10009022,0,0,0,-4.5328298,0.010635875,0,0,0,-1.1148044,0.24697629,0,0,0,-0.9052228,0.2879784,0,0
tensor(16115),"tensor(8867., dtype=torch.float64)",tensor(9),0,-4.2478776,0.014093086,0,0,0,-0.6763502,0.3370764,0,0,1,3.4562044,0.9694156,1,1,0,-1.5912223,0.169212,0,0,0,-1.0865414,0.25227013,0,0
tensor(16145),"tensor(16656., dtype=torch.float64)",tensor(9),1,3.9516444,0.9811395,1,1,0,-3.7238662,0.02357143,0,0,0,-5.8989906,0.0027347126,0,0,0,-3.9917097,0.018133227,0,0,0,-3.8019109,0.02184041,0,0
tensor(16153),"tensor(21398., dtype=torch.float64)",tensor(9),0,-2.7148762,0.062101226,0,0,0,-0.22849503,0.44312352,0,0,1,2.0443785,0.8853784,1,1,0,-2.9942284,0.0476873,0,0,0,-2.6127694,0.068321116,0,0
tensor(16171),"tensor(13559., dtype=torch.float64)",tensor(9),0,-3.830627,0.021235287,0,0,1,0.52480096,0.6282697,1,1,0,1.3868589,0.8000903,1,1,1,2.2305062,0.9029558,1,1,0,0.4077683,0.6005526,1,0
tensor(16209),"tensor(12826., dtype=torch.float64)",tensor(9),0,0.09760842,0.52438277,1,1,0,-0.06818809,0.48295957,0,0,1,-0.021244325,0.49468914,0,0,1,-1.3091028,0.21263702,0,0,0,-1.1720502,0.23648459,0,0
tensor(16253),"tensor(7307., dtype=torch.float64)",tensor(9),1,1.574575,0.8284349,1,1,0,-0.58821,0.35704568,0,0,0,-4.652776,0.009445039,0,0,0,-1.7199396,0.15187894,0,0,0,-3.2603745,0.03695588,0,0
tensor(16267),"tensor(1284., dtype=torch.float64)",tensor(9),1,1.6141722,0.8339898,1,1,0,-3.1002781,0.04309578,0,0,0,-4.7753367,0.008364685,0,0,0,0.2523339,0.5627509,1,0,0,-1.6128557,0.16619252,0,0
tensor(16287),"tensor(9957., dtype=torch.float64)",tensor(9),1,3.2929432,0.9641859,1,1,0,-3.0703778,0.04434581,0,0,0,-4.8009343,0.008155011,0,0,0,-2.525126,0.07411542,0,0,0,-4.2507153,0.0140537135,0,0
tensor(16303),"tensor(8239., dtype=torch.float64)",tensor(9),0,4.292178,0.9865094,1,1,0,-4.1188493,0.016002959,0,0,0,-6.4684696,0.0015491947,0,0,0,-2.7780747,0.058520544,0,0,1,-4.7962484,0.008192999,0,0
tensor(16359),"tensor(5070., dtype=torch.float64)",tensor(9),0,-5.150316,0.0057641524,0,0,0,0.8575149,0.7021412,1,1,1,1.9198204,0.8721184,1,1,1,2.4547882,0.9209109,1,1,0,1.351429,0.79436314,1,1
tensor(16373),"tensor(6942., dtype=torch.float64)",tensor(9),0,-5.6117125,0.0036414962,0,0,1,0.9797139,0.7270515,1,1,0,1.9295907,0.8732041,1,1,0,2.9847097,0.9518786,1,1,0,1.4934961,0.8166024,1,1
tensor(16437),"tensor(3878., dtype=torch.float64)",tensor(9),1,1.295299,0.78504276,1,1,0,-0.08509617,0.47873875,0,0,0,-4.6582165,0.009394272,0,0,0,-1.2880878,0.21617663,0,0,0,-3.592264,0.026798012,0,0
tensor(16441),"tensor(20525., dtype=torch.float64)",tensor(9),0,3.6042387,0.9735126,1,1,0,-4.2030582,0.014729585,0,0,0,-5.189001,0.0055466387,0,0,0,-4.4347115,0.011719512,0,0,1,-1.9539503,0.12412327,0,0
tensor(16445),"tensor(19238., dtype=torch.float64)",tensor(9),0,-15.11746,2.7200088e-07,0,0,0,-7.5785384,0.0005110467,0,0,0,-14.2051115,6.773267e-07,0,0,0,-4.957835,0.0069790757,0,0,0,-10.669889,2.3233564e-05,0,0
tensor(16455),"tensor(1513., dtype=torch.float64)",tensor(9),0,-4.333932,0.012946077,0,0,0,0.24664861,0.5613514,1,1,0,-2.2730079,0.093383245,0,0,1,5.1792955,0.9943996,1,1,0,0.33333147,0.5825698,1,0
tensor(16521),"tensor(20762., dtype=torch.float64)",tensor(9),0,-3.5196335,0.02875873,0,0,1,1.5584613,0.8261324,1,1,0,1.3900777,0.80060464,1,1,0,-2.3976598,0.08335133,0,0,0,0.42921853,0.605687,1,0
tensor(16527),"tensor(19167., dtype=torch.float64)",tensor(9),0,-0.45386368,0.38844255,0,0,0,-0.6024533,0.35378262,0,0,1,0.02517511,0.5062934,1,0,0,-0.0012836754,0.49967906,0,0,0,-1.0101604,0.26694843,0,0
tensor(16545),"tensor(6830., dtype=torch.float64)",tensor(9),1,2.801634,0.94276404,1,1,0,-4.5351067,0.010611942,0,0,0,-4.125044,0.015905704,0,0,0,-0.8141339,0.30701032,0,0,0,-3.0159879,0.0467088,0,0
tensor(16551),"tensor(4952., dtype=torch.float64)",tensor(9),1,4.6959496,0.99095047,1,1,0,-5.7910833,0.0030453685,0,0,0,-5.759162,0.0031438388,0,0,0,-2.8947608,0.052413158,0,0,0,-5.140603,0.005820086,0,0
tensor(16593),"tensor(3811., dtype=torch.float64)",tensor(9),0,-7.251409,0.00070867187,0,0,1,1.3838136,0.7996028,1,1,0,-2.547902,0.07256755,0,0,1,7.1599264,0.9992235,1,1,0,1.0283312,0.7365922,1,1
tensor(16623),"tensor(19247., dtype=torch.float64)",tensor(9),1,4.229572,0.98565024,1,1,0,-5.590003,0.0037211182,0,0,0,-5.425931,0.0043816837,0,0,0,-3.240366,0.037674624,0,0,0,-2.9544923,0.049524616,0,0
tensor(16661),"tensor(19239., dtype=torch.float64)",tensor(9),0,-5.8729496,0.0028066598,0,0,1,-2.37951,0.084748566,0,0,1,-2.9026217,0.05202411,0,0,1,6.9598436,0.99905163,1,1,1,0.4680762,0.6149283,1,0
tensor(16687),"tensor(10556., dtype=torch.float64)",tensor(9),0,-1.0389063,0.26136106,0,0,0,1.1295507,0.75575596,1,1,1,-1.8400556,0.13704473,0,0,0,-0.774578,0.31548965,0,0,0,0.89789057,0.7105158,1,0
tensor(16711),"tensor(8826., dtype=torch.float64)",tensor(9),0,-5.11978,0.0059418213,0,0,1,3.4577897,0.96946263,1,1,0,-2.0047555,0.11870453,0,0,0,2.3369265,0.9118895,1,1,0,-2.7350247,0.060937993,0,0
tensor(16715),"tensor(10556., dtype=torch.float64)",tensor(9),0,-1.5018756,0.18214595,0,0,0,0.8534085,0.70128167,1,1,1,0.6134666,0.6487312,1,1,0,-0.17553884,0.45622763,0,0,0,-1.8318447,0.13801867,0,0
tensor(16719),"tensor(10556., dtype=torch.float64)",tensor(9),0,-4.047291,0.017169692,0,0,0,0.91908866,0.7148564,1,1,0,1.7935582,0.8573629,1,1,0,1.1877813,0.766344,1,1,1,1.0265664,0.7362497,1,1
tensor(16741),"tensor(20893., dtype=torch.float64)",tensor(9),1,-2.4950576,0.07620539,0,0,0,2.3159344,0.91018814,1,1,0,-1.881812,0.13218088,0,0,0,0.4673994,0.614768,1,0,0,-0.77600724,0.31518105,0,0
tensor(16763),"tensor(4470., dtype=torch.float64)",tensor(9),1,2.7897832,0.94212127,1,1,0,-2.4102137,0.082397155,0,0,0,-4.376484,0.012413446,0,0,0,-2.0607867,0.11296697,0,0,0,-3.7482066,0.023017665,0,0
tensor(16773),"tensor(6550., dtype=torch.float64)",tensor(9),0,-7.7426605,0.0004337274,0,0,1,0.36755392,0.5908678,1,1,1,4.3621387,0.9874094,1,1,0,-0.79855955,0.31033373,0,0,1,3.049378,0.9547556,1,1
tensor(16797),"tensor(6828., dtype=torch.float64)",tensor(9),0,-5.9394608,0.0026265325,0,0,1,1.712044,0.8471012,1,1,1,1.8202673,0.8605982,1,1,0,2.3003685,0.9089076,1,1,1,1.717848,0.8478514,1,1
tensor(16877),"tensor(10045., dtype=torch.float64)",tensor(9),0,1.3787956,0.7987975,1,1,1,0.36415216,0.59004515,1,1,0,-6.84718,0.0010613201,0,0,0,-3.8741593,0.020349106,0,0,0,-3.1384335,0.04154946,0,0
tensor(16879),"tensor(8330., dtype=torch.float64)",tensor(9),0,-16.675907,5.7246044e-08,0,0,0,-8.208088,0.00027236695,0,0,0,-14.655812,4.315801e-07,0,0,0,-7.318918,0.00066243985,0,0,0,-12.723117,2.9813932e-06,0,0
tensor(16925),"tensor(12478., dtype=torch.float64)",tensor(9),1,0.37534276,0.59274936,1,1,0,-0.34585294,0.41438845,0,0,0,-6.177097,0.0020721448,0,0,0,1.2984028,0.78556603,1,1,0,-3.433272,0.031271663,0,0
tensor(16951),"tensor(6580., dtype=torch.float64)",tensor(9),0,-0.9693615,0.27500778,0,0,1,2.1386688,0.89460516,1,1,0,-3.485001,0.029742021,0,0,0,-1.0640504,0.25653616,0,0,0,-1.8828169,0.13206565,0,0
tensor(16973),"tensor(15492., dtype=torch.float64)",tensor(9),1,1.448101,0.80970603,1,1,0,-1.892439,0.13096663,0,0,0,-2.9257324,0.05089608,0,0,1,-0.09024972,0.47745284,0,0,0,-2.562604,0.0715843,0,0
tensor(16989),"tensor(2324., dtype=torch.float64)",tensor(9),0,-6.0794973,0.0022840982,0,0,1,2.4828136,0.9229282,1,1,0,-2.079442,0.11111107,0,0,1,5.0474615,0.9936154,1,1,0,-0.03957469,0.49010766,0,0
tensor(16995),"tensor(7426., dtype=torch.float64)",tensor(9),0,-4.744224,0.008626743,0,0,0,-1.6721724,0.15813474,0,0,0,-3.290318,0.035904836,0,0,0,0.31751516,0.5787186,1,0,0,-4.3688374,0.012507537,0,0
tensor(17039),"tensor(10329., dtype=torch.float64)",tensor(9),1,2.6732457,0.9354294,1,1,0,-2.395825,0.08349162,0,0,0,-7.4216204,0.0005978215,0,0,0,-1.442337,0.1911837,0,0,0,-2.2382255,0.09636996,0,0
tensor(17055),"tensor(21249., dtype=torch.float64)",tensor(9),1,2.755714,0.94023526,1,1,0,-2.781291,0.058343593,0,0,0,-4.266917,0.013830974,0,0,0,-1.9072208,0.1292934,0,0,0,-2.7927814,0.057715505,0,0
tensor(17059),"tensor(15201., dtype=torch.float64)",tensor(9),1,3.6001148,0.97340596,1,1,0,-2.9015062,0.052079156,0,0,0,-5.8565364,0.0028529738,0,0,0,-2.9965074,0.0475839,0,0,0,-4.105318,0.016217435,0,0
tensor(17165),"tensor(11161., dtype=torch.float64)",tensor(9),0,-6.318486,0.0017994265,0,0,1,0.7738991,0.6843638,1,1,0,-3.0456667,0.045404926,0,0,1,6.647278,0.9987041,1,1,0,1.6123441,0.8337366,1,1
tensor(17181),"tensor(19598., dtype=torch.float64)",tensor(9),1,0.6235548,0.6510266,1,1,0,-3.3971155,0.032385737,0,0,0,-0.52954435,0.37062317,0,0,0,-2.619372,0.067902036,0,0,0,0.6418907,0.65518075,1,0
tensor(17185),"tensor(20147., dtype=torch.float64)",tensor(9),1,0.022730798,0.5056824,1,1,0,-1.463021,0.1880057,0,0,0,0.70660686,0.669651,1,1,0,-3.5403156,0.028186642,0,0,0,-1.3428745,0.20703775,0,0
tensor(17207),"tensor(15916., dtype=torch.float64)",tensor(9),0,-0.06759921,0.48310667,0,1,1,-0.4337188,0.39323866,0,0,0,-3.7092547,0.023910074,0,0,0,-0.79128397,0.31189305,0,0,0,1.1121888,0.75253695,1,1
tensor(17227),"tensor(17322., dtype=torch.float64)",tensor(9),0,-2.1378758,0.10546963,0,0,0,-0.5780123,0.3593901,0,0,1,1.6994246,0.84545964,1,1,1,-0.3389062,0.4160752,0,0,0,-1.3959442,0.19846049,0,0
tensor(17303),"tensor(11735., dtype=torch.float64)",tensor(9),0,-4.171323,0.015197311,0,0,1,2.2238934,0.90237474,1,1,0,-0.10167201,0.47460386,0,0,1,2.4159527,0.9180357,1,1,0,-0.31038716,0.42302024,0,0
tensor(17317),"tensor(20439., dtype=torch.float64)",tensor(9),1,0.6449075,0.6558619,1,1,0,-3.4325762,0.031292744,0,0,0,-3.8755436,0.02032153,0,0,0,0.56580484,0.6377946,1,0,0,0.2188439,0.55449367,1,0
tensor(17335),"tensor(20273., dtype=torch.float64)",tensor(9),1,0.9891887,0.7289277,1,1,0,-1.48886,0.1840929,0,0,0,-0.6188031,0.35005373,0,0,0,-1.6950893,0.15510772,0,0,0,-1.0706567,0.25527823,0,0
tensor(17349),"tensor(18040., dtype=torch.float64)",tensor(9),1,-0.31863987,0.42100725,0,0,0,-0.6574281,0.34131762,0,0,0,-5.7500763,0.0031724416,0,0,0,2.3332796,0.91159594,1,1,0,-1.2661988,0.21990865,0,0
tensor(17373),"tensor(17736., dtype=torch.float64)",tensor(9),1,2.1077833,0.89165735,1,1,0,-2.6526427,0.06582631,0,0,0,-2.3429043,0.087631434,0,0,0,-2.651619,0.06588929,0,0,0,-1.4441246,0.19090745,0,0
tensor(17411),"tensor(21463., dtype=torch.float64)",tensor(9),1,2.0102832,0.88187253,1,1,0,-2.472296,0.0778233,0,0,0,-5.333615,0.0048034075,0,0,0,-2.610084,0.06849224,0,0,0,-0.40815112,0.39935553,0,0
tensor(17433),"tensor(21107., dtype=torch.float64)",tensor(9),1,2.1106877,0.8919377,1,1,0,-2.1090243,0.1082228,0,0,0,-2.3036113,0.09082432,0,0,0,-2.9712763,0.048740514,0,0,0,-1.7574648,0.14710814,0,0
tensor(17523),"tensor(10229., dtype=torch.float64)",tensor(9),1,-1.5230668,0.17901038,0,0,0,1.1457071,0.75872594,1,1,0,-2.8713577,0.053587753,0,0,1,1.3986683,0.80197245,1,1,0,0.566817,0.6380284,1,0
tensor(17609),"tensor(19851., dtype=torch.float64)",tensor(9),1,1.9359517,0.87390673,1,1,0,-2.211253,0.09874451,0,0,0,-5.2372756,0.00528662,0,0,0,-1.2165864,0.22853775,0,0,0,-1.4592204,0.18858658,0,0
tensor(17613),"tensor(424., dtype=torch.float64)",tensor(9),1,-0.7018384,0.33140478,0,0,0,-3.228903,0.03809242,0,0,0,2.1138892,0.8922458,1,1,0,-4.210207,0.014626195,0,0,0,-2.514862,0.07482284,0,0
tensor(17633),"tensor(21365., dtype=torch.float64)",tensor(9),0,0.4681372,0.6149427,1,1,0,-2.4012241,0.0830794,0,0,0,-0.0060307533,0.49849227,0,0,1,-0.83681524,0.30220595,0,0,0,-1.3502373,0.20583159,0,0
tensor(17639),"tensor(1728., dtype=torch.float64)",tensor(9),0,-7.528756,0.00053711765,0,0,1,0.859615,0.7025802,1,1,1,2.7343388,0.9390228,1,1,1,4.688773,0.99088585,1,1,1,1.4346715,0.8076282,1,1
tensor(17653),"tensor(2695., dtype=torch.float64)",tensor(9),0,-7.400096,0.0006108208,0,0,0,0.079265825,0.5198061,1,1,1,3.5402951,0.9718127,1,1,0,2.663785,0.9348555,1,1,0,3.0275207,0.95380205,1,1
tensor(17677),"tensor(11797., dtype=torch.float64)",tensor(9),1,5.0279026,0.9934901,1,1,0,-6.4160404,0.0016324484,0,0,0,-9.176211,0.0001034611,0,0,0,-2.7887788,0.057933565,0,0,0,-3.9076984,0.019691149,0,0
tensor(17681),"tensor(18040., dtype=torch.float64)",tensor(9),0,-0.2750486,0.4316681,0,0,1,-0.0025234888,0.4993691,0,0,0,-6.5022106,0.0014978723,0,0,0,1.677968,0.8426353,1,1,0,-1.4332051,0.19259979,0,0
tensor(17717),"tensor(4218., dtype=torch.float64)",tensor(9),1,3.9258425,0.980656,1,1,0,-3.7070725,0.02396106,0,0,0,-5.2388425,0.005278386,0,0,0,-3.5621476,0.027594736,0,0,0,-3.946133,0.018962769,0,0
tensor(17723),"tensor(5619., dtype=torch.float64)",tensor(9),1,4.4707804,0.988691,1,1,0,-4.8017616,0.008148322,0,0,0,-8.064228,0.00031449494,0,0,0,-4.793638,0.008214237,0,0,0,-2.562498,0.071591325,0,0
tensor(17753),"tensor(2443., dtype=torch.float64)",tensor(9),1,2.919369,0.9487957,1,1,0,-1.5911608,0.16922064,0,0,0,-7.2410526,0.000716044,0,0,0,-3.0476632,0.04531847,0,0,0,-2.9917898,0.047798168,0,0
tensor(17777),"tensor(8213., dtype=torch.float64)",tensor(9),1,3.3090377,0.96473753,1,1,0,-4.363027,0.012579505,0,0,0,-3.1887012,0.039593138,0,0,0,-2.4361262,0.08045905,0,0,0,-3.395457,0.032437745,0,0
tensor(17787),"tensor(2976., dtype=torch.float64)",tensor(9),0,-2.1938488,0.10030423,0,0,1,2.8223987,0.94387424,1,1,0,-4.148878,0.015536908,0,0,0,0.6089959,0.64771175,1,0,0,-0.5269187,0.37123582,0,0
tensor(17807),"tensor(5403., dtype=torch.float64)",tensor(9),1,0.33780292,0.5836568,1,1,0,0.9249794,0.71605563,1,1,0,-3.167984,0.040388476,0,0,0,-1.928716,0.12689278,0,0,0,-2.3879595,0.08409547,0,0
tensor(17819),"tensor(4076., dtype=torch.float64)",tensor(9),0,-0.9464187,0.27960563,0,0,0,-0.108360454,0.47293633,0,0,1,0.7081463,0.66999143,1,1,0,0.34624425,0.58570653,1,0,0,-1.0776554,0.25394997,0,0
tensor(17821),"tensor(2477., dtype=torch.float64)",tensor(9),1,4.678701,0.9907945,1,1,0,-4.894549,0.0074316435,0,0,0,-6.430376,0.0016092507,0,0,0,-3.7178814,0.02370957,0,0,0,-4.413642,0.01196607,0,0
tensor(17823),"tensor(5136., dtype=torch.float64)",tensor(9),0,-5.615797,0.0036267065,0,0,1,0.15673777,0.5391044,1,1,1,-0.8700229,0.29524955,0,0,1,5.487941,0.9958807,1,1,1,1.1489208,0.7593137,1,1
tensor(17863),"tensor(1519., dtype=torch.float64)",tensor(9),1,2.7562342,0.94026446,1,1,0,-2.7938194,0.05765907,0,0,0,-2.230091,0.097080655,0,0,0,-4.1097383,0.016147062,0,0,0,-3.3828292,0.032836426,0,0
tensor(17871),"tensor(4093., dtype=torch.float64)",tensor(9),1,2.768696,0.9409606,1,1,0,-2.8814752,0.053076945,0,0,0,-5.512327,0.0040204725,0,0,0,-2.4695513,0.078020506,0,0,0,-2.1143808,0.10770691,0,0
tensor(17873),"tensor(2042., dtype=torch.float64)",tensor(9),0,-2.592796,0.069603495,0,0,0,-1.0089887,0.2671778,0,0,0,-4.543869,0.010520337,0,0,1,4.951053,0.9929738,1,1,0,1.0772228,0.7459681,1,1
tensor(17883),"tensor(830., dtype=torch.float64)",tensor(9),1,4.9680347,0.9930912,1,1,0,-5.676265,0.003414633,0,0,0,-5.466265,0.0042091976,0,0,0,-3.9902945,0.018158441,0,0,0,-5.2723565,0.005105306,0,0
tensor(17905),"tensor(19051., dtype=torch.float64)",tensor(9),0,-1.2557311,0.22170965,0,0,0,-0.4439962,0.39078918,0,0,1,0.5515894,0.63450426,1,1,0,1.4271713,0.8064602,1,1,0,-0.26463762,0.434224,0,0
tensor(17939),"tensor(12781., dtype=torch.float64)",tensor(9),0,-9.006918,0.00012254399,0,0,1,3.684064,0.97549486,1,1,0,-1.7353715,0.1499018,0,0,1,6.8288083,0.998919,1,1,0,0.8938887,0.709692,1,0
tensor(17949),"tensor(9108., dtype=torch.float64)",tensor(9),0,-2.9108217,0.05162119,0,0,0,-0.87525386,0.29416224,0,0,1,2.3295197,0.9112925,1,1,0,-0.60835433,0.3524347,0,0,0,1.2375247,0.77513283,1,1
tensor(17953),"tensor(3485., dtype=torch.float64)",tensor(9),0,-2.2346926,0.096678056,0,0,0,-1.5755758,0.17142296,0,0,0,-2.8583198,0.054252844,0,0,1,5.2676044,0.99487054,1,1,0,-0.29440376,0.4269261,0,0
tensor(17957),"tensor(16563., dtype=torch.float64)",tensor(9),1,4.2576194,0.9860416,1,1,0,-5.3476,0.0047370144,0,0,0,-5.3022604,0.004955643,0,0,0,-3.7400498,0.02320181,0,0,0,-3.0567992,0.04492484,0,0
tensor(17961),"tensor(7758., dtype=torch.float64)",tensor(9),0,-0.9045097,0.28812462,0,0,1,-1.1845533,0.2342345,0,0,0,-0.58144516,0.35860014,0,0,1,1.4718292,0.81333524,1,1,0,0.5497418,0.63407564,1,0
tensor(17979),"tensor(19775., dtype=torch.float64)",tensor(9),1,3.920811,0.9805604,1,1,0,-4.8165355,0.008029784,0,0,0,-7.590567,0.00050493935,0,0,0,-3.3695421,0.033261027,0,0,0,-2.0437553,0.1146849,0,0
tensor(18003),"tensor(16391., dtype=torch.float64)",tensor(9),0,-0.62860465,0.34782702,0,0,0,-1.6370482,0.16286711,0,0,0,-7.4038186,0.00060855254,0,0,1,3.6879005,0.9755864,1,1,0,-0.7338029,0.32436076,0,0
tensor(18029),"tensor(7206., dtype=torch.float64)",tensor(9),0,-5.114794,0.0059713456,0,0,0,-0.79015166,0.3121361,0,0,1,3.422153,0.9683897,1,1,0,0.48897097,0.619864,1,0,1,1.5139631,0.8196478,1,1
tensor(18037),"tensor(500., dtype=torch.float64)",tensor(9),0,-4.5882626,0.010068117,0,0,0,-1.6309824,0.16369583,0,0,0,-1.1918002,0.23293713,0,0,1,4.5623875,0.9896707,1,1,1,-0.8560096,0.29817373,0,0
tensor(18059),"tensor(993., dtype=torch.float64)",tensor(9),0,2.8895557,0.94732773,1,1,0,-3.2803156,0.03625269,0,0,1,-3.415472,0.03181541,0,0,0,-2.8301337,0.055717368,0,0,0,-2.4463878,0.07970311,0,0
tensor(18073),"tensor(19957., dtype=torch.float64)",tensor(9),1,2.0700905,0.887962,1,1,0,-3.2395523,0.037704132,0,0,0,-4.396241,0.012173554,0,0,0,-1.1778919,0.23543148,0,0,0,-1.0890367,0.25179973,0,0
tensor(18119),"tensor(17223., dtype=torch.float64)",tensor(9),0,-2.851596,0.05459887,0,0,0,0.02656645,0.5066412,1,0,1,2.2019784,0.90042704,1,1,0,-3.955556,0.018788263,0,0,0,-0.7113935,0.32929102,0,0
tensor(18137),"tensor(4638., dtype=torch.float64)",tensor(9),0,-2.342539,0.08766064,0,0,1,2.4320307,0.91923743,1,1,0,-0.925658,0.28380644,0,0,1,0.008530278,0.50213253,1,0,0,-1.4585544,0.1886885,0,0
tensor(18141),"tensor(3766., dtype=torch.float64)",tensor(9),0,4.012666,0.98223615,1,1,0,-5.0875897,0.0061350097,0,0,0,-3.6028914,0.026522238,0,0,0,-3.609972,0.026340038,0,0,1,-4.5337076,0.010626642,0,0
tensor(18171),"tensor(5229., dtype=torch.float64)",tensor(9),1,1.9472728,0.87514895,1,1,0,-2.1202073,0.10714824,0,0,0,-2.2872162,0.09218726,0,0,0,-2.2649934,0.09406399,0,0,0,-1.3739803,0.20197752,0,0
tensor(18183),"tensor(4388., dtype=torch.float64)",tensor(9),1,1.2006538,0.76864105,1,1,0,-3.8524384,0.020786654,0,0,0,-0.08602725,0.47850642,0,0,0,-1.8738253,0.13309972,0,0,0,-3.4633763,0.030372443,0,0
tensor(18201),"tensor(7590., dtype=torch.float64)",tensor(9),1,1.8493466,0.8640504,1,1,0,-2.2097912,0.09887468,0,0,0,-4.54809,0.01047649,0,0,0,-0.3290075,0.41848212,0,0,0,-3.4808793,0.029861195,0,0
tensor(18203),"tensor(14335., dtype=torch.float64)",tensor(9),0,-6.762869,0.0011545738,0,0,1,3.8842585,0.9798512,1,1,0,-0.13760902,0.46565193,0,0,0,2.7242422,0.93844205,1,1,0,-2.8661907,0.05385041,0,0
tensor(18235),"tensor(5366., dtype=torch.float64)",tensor(9),0,-1.8972082,0.13042478,0,0,0,-2.047724,0.11428255,0,0,1,2.5954342,0.93056715,1,1,0,-4.851921,0.007752778,0,0,0,-1.3370391,0.2079974,0,0
tensor(18261),"tensor(2721., dtype=torch.float64)",tensor(9),0,-3.7784903,0.022346398,0,0,0,-1.0468253,0.2598352,0,0,1,3.4757097,0.9699887,1,1,0,-3.5895472,0.026868958,0,0,0,-0.1372096,0.46575132,0,0
tensor(18273),"tensor(5833., dtype=torch.float64)",tensor(9),0,-4.9442315,0.0070739905,0,0,0,-3.2905936,0.035895295,0,0,1,4.110889,0.9838712,1,1,0,-1.0102822,0.26692462,0,0,0,2.6338549,0.93300885,1,1
tensor(18277),"tensor(3802., dtype=torch.float64)",tensor(9),0,-4.7500577,0.008576995,0,0,1,2.3017173,0.9090192,1,1,0,0.37983245,0.59383273,1,0,0,2.7303247,0.9387925,1,1,0,-0.13323669,0.46674,0,0
tensor(18289),"tensor(7597., dtype=torch.float64)",tensor(9),1,3.768395,0.977432,1,1,0,-4.8596396,0.007693626,0,0,0,-4.4612017,0.011416633,0,0,0,-5.1449394,0.0057950495,0,0,0,-1.9375335,0.12591907,0,0
tensor(18293),"tensor(500., dtype=torch.float64)",tensor(9),0,-3.7554219,0.022855965,0,0,0,-2.0429282,0.11476889,0,0,0,-2.2389092,0.09631044,0,0,1,4.0214314,0.98238844,1,1,1,0.4653649,0.6142861,1,0
tensor(18297),"tensor(21759., dtype=torch.float64)",tensor(9),0,-2.6498277,0.065999635,0,0,0,-2.1943853,0.100255825,0,0,1,2.732652,0.9389261,1,1,0,-2.432051,0.080761075,0,0,0,0.99538887,0.730151,1,1
tensor(18343),"tensor(4659., dtype=torch.float64)",tensor(9),0,-5.6113987,0.003642635,0,0,1,-0.23062673,0.44259754,0,0,1,2.5464702,0.927336,1,1,0,2.897369,0.94771624,1,1,1,2.0820575,0.8891469,1,1
tensor(18377),"tensor(7295., dtype=torch.float64)",tensor(9),1,0.6083782,0.6475707,1,1,0,-2.1276128,0.106441826,0,0,0,0.11486161,0.5286839,1,0,0,-1.6568162,0.16018985,0,0,0,-0.5300092,0.37051475,0,0
tensor(18383),"tensor(15090., dtype=torch.float64)",tensor(9),0,-3.0597847,0.044796914,0,0,1,0.73080844,0.67498267,1,1,0,1.7790717,0.85558224,1,1,0,-1.3781209,0.20131098,0,0,0,-0.96126425,0.27662513,0,0
tensor(18393),"tensor(12178., dtype=torch.float64)",tensor(9),1,1.3356974,0.7917815,1,1,0,-0.65439945,0.34199882,0,0,0,-3.470075,0.03017579,0,0,0,-1.0428443,0.26060155,0,0,0,-2.0742064,0.11162922,0,0
tensor(18397),"tensor(1495., dtype=torch.float64)",tensor(9),0,-6.1012707,0.0022350133,0,0,0,0.0743018,0.5185669,1,1,1,2.6616645,0.93472636,1,1,1,4.0413084,0.9827291,1,1,1,0.29611686,0.573493,1,0
tensor(18401),"tensor(451., dtype=torch.float64)",tensor(9),0,-0.7321742,0.3247178,0,0,1,0.56869084,0.63846105,1,1,0,0.17209667,0.5429183,1,0,0,0.115658656,0.52888244,1,0,0,-1.1502326,0.24044661,0,0
tensor(18405),"tensor(5452., dtype=torch.float64)",tensor(9),0,2.6937563,0.9366572,1,1,0,-3.5696254,0.027394792,0,0,0,-3.8574395,0.020685103,0,0,1,-1.1556618,0.23945646,0,0,0,-4.3793216,0.012378705,0,0
tensor(18417),"tensor(9143., dtype=torch.float64)",tensor(9),0,-5.8247123,0.0029449554,0,0,0,0.2947826,0.5731666,1,1,0,-6.059823,0.0023293754,0,0,1,7.8913646,0.99962616,1,1,1,1.0312704,0.7371621,1,1
tensor(18431),"tensor(16258., dtype=torch.float64)",tensor(9),0,-5.0859585,0.006144964,0,0,1,3.3173347,0.96501875,1,1,0,1.1087602,0.75189793,1,1,0,-2.2860804,0.09228236,0,0,0,-1.7544669,0.14748468,0,0
tensor(18463),"tensor(11061., dtype=torch.float64)",tensor(9),0,-1.8341227,0.13774788,0,0,1,2.7088869,0.937549,1,1,0,-2.5908084,0.06973232,0,0,0,-2.4379377,0.08032513,0,0,0,-3.0082114,0.047056284,0,0
tensor(18477),"tensor(14969., dtype=torch.float64)",tensor(9),0,0.8924727,0.7094002,1,1,0,-1.0664909,0.256071,0,0,0,-3.0749643,0.044151846,0,0,1,0.44732124,0.61000216,1,0,0,-2.5488033,0.07250692,0,0
tensor(18521),"tensor(18988., dtype=torch.float64)",tensor(9),0,-4.9558234,0.0069930325,0,0,0,-0.6209016,0.34957644,0,0,1,3.8336606,0.97882766,1,1,0,-1.1967862,0.23204745,0,0,0,-1.2037781,0.23080379,0,0
tensor(18523),"tensor(8513., dtype=torch.float64)",tensor(9),0,1.4572589,0.8111131,1,1,0,-2.1688921,0.10257898,0,0,0,-3.9840045,0.018270921,0,0,1,0.40289953,0.59938407,1,0,0,-2.7743182,0.05872785,0,0
tensor(18525),"tensor(9251., dtype=torch.float64)",tensor(9),0,-7.9112015,0.0003664795,0,0,1,2.7271676,0.9386108,1,1,1,2.1404278,0.8947709,1,1,1,3.2496867,0.9626618,1,1,0,1.5263234,0.82146776,1,1
tensor(18537),"tensor(21486., dtype=torch.float64)",tensor(9),0,0.83467287,0.69734204,1,1,0,-0.89620835,0.28983033,0,0,1,-0.50020456,0.3774926,0,0,0,-1.6913375,0.15560003,0,0,0,-2.6322489,0.067091554,0,0
tensor(18549),"tensor(16527., dtype=torch.float64)",tensor(9),0,4.043266,0.9827623,1,1,0,-4.0347505,0.017382594,0,0,0,-6.165434,0.0020964025,0,0,1,-2.5162654,0.074725755,0,0,0,-4.8134475,0.008054418,0,0
tensor(18597),"tensor(15210., dtype=torch.float64)",tensor(9),1,1.4918883,0.81636155,1,1,0,-2.8435571,0.055015318,0,0,0,-1.1343273,0.24336341,0,0,0,-2.721088,0.061740417,0,0,0,-3.9933176,0.01810462,0,0
tensor(18605),"tensor(9096., dtype=torch.float64)",tensor(9),1,2.3986113,0.91672134,1,1,0,-2.3701975,0.085473694,0,0,0,-4.8877153,0.0074822204,0,0,0,-2.97473,0.04858063,0,0,0,-1.2128717,0.22919333,0,0
tensor(18609),"tensor(2919., dtype=torch.float64)",tensor(9),1,5.507865,0.9959616,1,1,0,-5.9247155,0.0026654445,0,0,0,-7.6765757,0.0004633448,0,0,0,-3.252222,0.037247125,0,0,0,-6.156057,0.002116111,0,0
tensor(18611),"tensor(21792., dtype=torch.float64)",tensor(9),0,-2.4228058,0.08145009,0,0,0,-2.6469367,0.06617807,0,0,0,-6.148266,0.002132627,0,0,1,6.168695,0.99791044,1,1,0,1.140101,0.7576981,1,1
tensor(18613),"tensor(3431., dtype=torch.float64)",tensor(9),1,3.0601075,0.95521694,1,1,0,-4.1335053,0.015773801,0,0,0,-4.2414794,0.014182262,0,0,0,-2.0423555,0.1148271,0,0,0,-2.2898712,0.091965295,0,0
tensor(18625),"tensor(16153., dtype=torch.float64)",tensor(9),0,3.4472954,0.96915036,1,1,1,-3.5361245,0.028301673,0,0,0,-4.619071,0.009765645,0,0,0,-3.6612778,0.02505573,0,0,0,-2.8591561,0.054209948,0,0
tensor(18641),"tensor(3341., dtype=torch.float64)",tensor(9),1,1.1399269,0.75766623,1,1,0,-1.8131962,0.14025228,0,0,0,-5.0015383,0.0066826325,0,0,0,0.3728148,0.592139,1,0,0,-1.3901745,0.1993799,0,0
tensor(18709),"tensor(20133., dtype=torch.float64)",tensor(9),0,-1.5553377,0.17431667,0,0,0,-1.4340436,0.19246942,0,0,1,2.0818014,0.8891218,1,1,0,-1.4088403,0.19641703,0,0,0,-1.3077974,0.21285565,0,0
tensor(18711),"tensor(8638., dtype=torch.float64)",tensor(9),0,-7.116195,0.0008111913,0,0,1,1.9818621,0.87887955,1,1,1,2.439242,0.91977113,1,1,1,1.9933805,0.88010037,1,1,1,2.2978706,0.9087005,1,1
tensor(18753),"tensor(13340., dtype=torch.float64)",tensor(9),1,5.206341,0.99454814,1,1,0,-5.201737,0.0054768305,0,0,0,-7.401128,0.00061019126,0,0,0,-3.350182,0.033889204,0,0,0,-5.976054,0.002532395,0,0
tensor(18811),"tensor(10036., dtype=torch.float64)",tensor(9),0,-4.1031275,0.01625242,0,0,0,1.7126553,0.84718037,1,1,1,1.4256318,0.80621976,1,1,0,0.29296577,0.5727221,1,0,0,-0.24426103,0.43923655,0,0
tensor(18851),"tensor(15223., dtype=torch.float64)",tensor(9),0,-2.1622427,0.10319272,0,0,0,1.6264659,0.83568496,1,1,1,0.25196812,0.5626609,1,0,0,-1.2583885,0.22125143,0,0,0,0.1616571,0.5403265,1,0
tensor(18855),"tensor(15223., dtype=torch.float64)",tensor(9),1,1.4616456,0.8117842,1,1,0,-2.3499234,0.087071866,0,0,0,-3.733931,0.023340886,0,0,0,-2.0275998,0.116335444,0,0,0,0.01837014,0.50459236,1,0
tensor(18871),"tensor(20111., dtype=torch.float64)",tensor(9),0,-2.46285,0.078503914,0,0,1,-1.8189108,0.13956463,0,0,0,-5.1334534,0.0058616027,0,0,1,5.73773,0.99678826,1,1,0,0.4591463,0.6128116,1,0
tensor(18895),"tensor(21740., dtype=torch.float64)",tensor(9),0,-7.1779857,0.0007626216,0,0,1,5.7328453,0.9967726,1,1,0,0.20143376,0.55018884,1,0,0,-1.7137704,0.15267532,0,0,0,-0.32119295,0.420385,0,0
tensor(18913),"tensor(18566., dtype=torch.float64)",tensor(9),1,2.16388,0.8969587,1,1,0,-1.1728284,0.23634411,0,0,0,-4.0252876,0.017544962,0,0,0,-3.838153,0.02107943,0,0,0,-2.606408,0.06872714,0,0
tensor(18927),"tensor(15223., dtype=torch.float64)",tensor(9),1,-0.07397312,0.48151514,0,1,0,1.3984816,0.8019428,1,1,0,-3.401116,0.032260608,0,0,0,-2.1366234,0.105587855,0,0,0,-2.3914301,0.08382853,0,0
tensor(18945),"tensor(19995., dtype=torch.float64)",tensor(9),0,0.8383887,0.6981258,1,1,0,-1.9513643,0.12440467,0,0,1,-1.3135518,0.2118931,0,0,0,0.20048851,0.54995495,1,0,0,-1.15527,0.23952784,0,0
tensor(18969),"tensor(9626., dtype=torch.float64)",tensor(9),1,4.348851,0.9872432,1,1,0,-4.0769644,0.01667606,0,0,0,-5.6262026,0.003589299,0,0,0,-4.696673,0.009043065,0,0,0,-4.586321,0.010087487,0,0
tensor(18975),"tensor(20676., dtype=torch.float64)",tensor(9),1,-2.758901,0.05958593,0,0,0,2.2504704,0.9046911,1,1,0,-0.520334,0.37277412,0,0,0,-2.1584005,0.103548825,0,0,0,-3.264835,0.036797464,0,0
tensor(19013),"tensor(18558., dtype=torch.float64)",tensor(9),0,-4.662399,0.0093554305,0,0,0,2.3241124,0.91085446,1,1,1,1.1378287,0.75728077,1,1,0,0.8857224,0.7080066,1,1,0,0.79170144,0.68819654,1,0
tensor(19025),"tensor(16024., dtype=torch.float64)",tensor(9),1,3.283727,0.96386635,1,1,0,-3.484482,0.029757004,0,0,0,-3.7451952,0.023085484,0,0,0,-2.9680097,0.048892193,0,0,0,-3.7419739,0.023158241,0,0
tensor(19073),"tensor(10036., dtype=torch.float64)",tensor(9),0,-4.3768997,0.012408348,0,0,0,2.059732,0.8869273,1,1,1,1.5627905,0.82675344,1,1,0,-1.1455882,0.24129586,0,0,0,-1.6385955,0.16265626,0,0
tensor(19113),"tensor(8820., dtype=torch.float64)",tensor(9),0,-7.2030215,0.00074377976,0,0,1,4.8130465,0.9919424,1,1,0,-2.6779902,0.06428466,0,0,1,3.2473817,0.96257895,1,1,0,-2.8571396,0.05431344,0,0
tensor(19161),"tensor(10396., dtype=torch.float64)",tensor(9),0,-5.3898997,0.00454171,0,0,0,-3.1038392,0.04294917,0,0,0,-3.41034,0.031973872,0,0,1,6.229371,0.9980332,1,1,0,0.37987262,0.5938424,1,0
tensor(19165),"tensor(17718., dtype=torch.float64)",tensor(9),1,6.0834727,0.99772495,1,1,0,-6.3368955,0.0017666614,0,0,0,-9.012182,0.00012190065,0,0,0,-3.944634,0.018990673,0,0,0,-6.3702297,0.0017088408,0,0
tensor(19169),"tensor(13137., dtype=torch.float64)",tensor(9),1,3.8377101,0.9789114,1,1,0,-6.0126543,0.002441607,0,0,0,-7.429908,0.0005928904,0,0,0,-3.8760986,0.02031048,0,0,0,-0.9198191,0.28499475,0,0
tensor(19195),"tensor(17840., dtype=torch.float64)",tensor(9),1,0.78012794,0.6857077,1,1,0,0.051942103,0.51298255,1,1,0,-5.6781955,0.0034080693,0,0,0,-3.3794727,0.03294319,0,0,0,0.035666574,0.5089157,1,0
tensor(19201),"tensor(14414., dtype=torch.float64)",tensor(9),0,-4.1437817,0.015615053,0,0,1,1.3104415,0.787587,1,1,1,1.8771245,0.86728054,1,1,0,-0.57098603,0.36100933,0,0,0,0.0006176308,0.50015444,1,0
tensor(19205),"tensor(12709., dtype=torch.float64)",tensor(9),1,0.88049763,0.70692533,1,1,0,-1.0046538,0.2680274,0,0,0,-0.8444851,0.300591,0,0,0,-0.59529376,0.35542113,0,0,0,-1.5485014,0.17530282,0,0
tensor(19283),"tensor(10147., dtype=torch.float64)",tensor(9),1,1.2412496,0.77578145,1,1,0,-1.4527483,0.18957898,0,0,0,-1.1484258,0.24077675,0,0,0,-1.2328259,0.22568722,0,0,0,-1.5003513,0.18237312,0,0
tensor(19289),"tensor(21104., dtype=torch.float64)",tensor(9),1,1.0406747,0.7389802,1,1,0,0.07978406,0.5199354,1,1,0,-4.7008095,0.009006072,0,0,0,-2.0237343,0.1167334,0,0,0,-3.028137,0.046170805,0,0
tensor(19309),"tensor(10780., dtype=torch.float64)",tensor(9),0,-6.375783,0.0016993934,0,0,1,0.27736232,0.56889945,1,1,0,3.8894737,0.979954,1,1,0,-2.2388992,0.0963113,0,0,0,1.8266021,0.86135644,1,1
tensor(19313),"tensor(12980., dtype=torch.float64)",tensor(9),1,2.630006,0.932768,1,1,0,-2.8700292,0.05365517,0,0,0,-4.256493,0.013973878,0,0,0,-2.4688325,0.078072235,0,0,0,-1.7626923,0.14645348,0,0
tensor(19319),"tensor(21060., dtype=torch.float64)",tensor(9),0,1.6219804,0.8350681,1,1,0,-1.6805639,0.1570208,0,0,0,-2.5958617,0.06940523,0,0,0,-1.8142825,0.14012134,0,0,1,-1.0516939,0.25889996,0,0
tensor(19321),"tensor(9434., dtype=torch.float64)",tensor(9),0,-6.271277,0.0018862492,0,0,1,4.1948776,0.98515123,1,1,0,1.0575225,0.7422168,1,1,0,-0.35873827,0.41126508,0,0,0,-1.1215795,0.2457184,0,0
tensor(19343),"tensor(20644., dtype=torch.float64)",tensor(9),0,1.6716588,0.8417968,1,1,1,-0.72580713,0.3261155,0,0,0,-2.352294,0.086883605,0,0,0,-3.008695,0.047034606,0,0,0,-3.18746,0.039640367,0,0
tensor(19355),"tensor(20536., dtype=torch.float64)",tensor(9),0,1.138473,0.7573992,1,1,0,-3.1805522,0.03990417,0,0,0,-4.4062924,0.012053274,0,0,0,0.27302256,0.56783485,1,0,1,-0.3876544,0.40428212,0,0
tensor(19357),"tensor(17064., dtype=torch.float64)",tensor(9),1,2.1040065,0.8912919,1,1,0,-3.8582027,0.020669648,0,0,0,-0.8575659,0.29784817,0,0,0,-3.1443775,0.041313395,0,0,0,-4.1804943,0.015060656,0,0
tensor(19361),"tensor(16357., dtype=torch.float64)",tensor(9),1,4.0428596,0.98275536,1,1,0,-5.7686315,0.0031143008,0,0,0,-6.2133207,0.0019985742,0,0,0,-4.0446305,0.017214643,0,0,0,-1.7620921,0.14652853,0,0
tensor(19367),"tensor(11221., dtype=torch.float64)",tensor(9),1,3.0211723,0.9535215,1,1,0,-5.3848047,0.004564803,0,0,0,-2.7983265,0.057414673,0,0,0,-3.0765169,0.044086374,0,0,0,-2.1144226,0.1077029,0,0
tensor(19399),"tensor(14833., dtype=torch.float64)",tensor(9),0,1.6836884,0.8433924,1,1,0,-4.0406537,0.01728205,0,0,0,-0.3811403,0.4058519,0,0,0,-3.7074275,0.023952756,0,0,1,-3.0889728,0.043564416,0,0
tensor(19545),"tensor(21457., dtype=torch.float64)",tensor(9),0,-6.5125446,0.0014824958,0,0,1,3.8655922,0.9794794,1,1,0,-2.4491708,0.079499215,0,0,0,3.9069366,0.9802941,1,1,0,-1.8061279,0.14110675,0,0
tensor(19553),"tensor(13739., dtype=torch.float64)",tensor(9),1,4.691311,0.9909087,1,1,0,-6.5609217,0.0014125832,0,0,0,-6.6480446,0.0012948761,0,0,0,-4.2891808,0.01353057,0,0,0,-2.4322228,0.08074832,0,0
tensor(19599),"tensor(11586., dtype=torch.float64)",tensor(9),0,-4.3225517,0.013092306,0,0,0,1.8351796,0.8623776,1,1,1,1.9673678,0.87732816,1,1,0,-2.992639,0.04775952,0,0,0,-2.1288207,0.106327,0,0
tensor(19649),"tensor(16633., dtype=torch.float64)",tensor(9),1,3.9159238,0.980467,1,1,0,-3.4275985,0.031443987,0,0,0,-6.822902,0.0010873735,0,0,0,-3.1113234,0.042642586,0,0,0,-3.9135783,0.019577969,0,0
tensor(19663),"tensor(8070., dtype=torch.float64)",tensor(9),0,-3.7434928,0.023123907,0,0,1,2.1848238,0.8988784,1,1,0,1.1221931,0.7543953,1,1,0,-1.331502,0.20891102,0,0,0,-0.47957322,0.38235292,0,0
tensor(19665),"tensor(20455., dtype=torch.float64)",tensor(9),0,-2.6123316,0.06834898,0,0,0,-0.96464473,0.2759492,0,0,1,2.4639177,0.9215733,1,1,0,-2.0411544,0.11494925,0,0,0,0.5442637,0.63280374,1,0
tensor(19711),"tensor(9513., dtype=torch.float64)",tensor(9),0,-5.332003,0.0048111174,0,0,0,0.31692794,0.57857543,1,1,0,-0.9847207,0.2719561,0,0,1,5.3658752,0.9953484,1,1,0,1.3204082,0.78924966,1,1
tensor(19719),"tensor(17715., dtype=torch.float64)",tensor(9),0,-4.937168,0.007123776,0,0,0,1.3935984,0.8011661,1,1,1,2.5291767,0.92616206,1,1,0,-2.5878992,0.06992128,0,0,0,0.40387958,0.59961945,1,0
tensor(19737),"tensor(14414., dtype=torch.float64)",tensor(9),0,-2.4222753,0.08148979,0,0,1,-0.49721667,0.37819496,0,0,0,2.259519,0.9054685,1,1,0,-3.3999543,0.032296892,0,0,1,-2.4274602,0.08110255,0,0
tensor(19785),"tensor(17428., dtype=torch.float64)",tensor(9),0,-1.1056144,0.24868941,0,0,1,0.42549828,0.6047982,1,1,0,0.52578104,0.62849855,1,1,0,0.21855897,0.5544233,1,0,0,-0.6958331,0.33273673,0,0
tensor(19795),"tensor(17621., dtype=torch.float64)",tensor(9),1,4.2162075,0.98546,1,1,0,-4.708599,0.008936814,0,0,0,-4.893196,0.0074416287,0,0,0,-3.756724,0.022826899,0,0,0,-4.068507,0.01681531,0,0
tensor(19811),"tensor(8036., dtype=torch.float64)",tensor(9),0,-4.333637,0.012949843,0,0,1,0.5721989,0.6392704,1,1,0,2.5174415,0.92535555,1,1,0,-0.70971274,0.32966232,0,0,0,-1.7484466,0.14824325,0,0
tensor(19855),"tensor(10599., dtype=torch.float64)",tensor(9),1,2.7617702,0.94057465,1,1,0,-3.0069964,0.047110796,0,0,0,-6.2981343,0.0018363554,0,0,0,-1.598511,0.16818982,0,0,0,-2.192441,0.10043135,0,0
tensor(19859),"tensor(15817., dtype=torch.float64)",tensor(9),0,-4.670513,0.009280527,0,0,1,3.458587,0.9694862,1,1,0,0.38926572,0.59610593,1,0,1,-0.22630185,0.44366473,0,0,0,0.35430607,0.5876614,1,0
tensor(19953),"tensor(18220., dtype=torch.float64)",tensor(9),0,1.5365372,0.8229608,1,1,0,-3.415432,0.031816643,0,0,0,-4.560956,0.0103439465,0,0,1,-0.3775169,0.40672594,0,0,0,-0.50550807,0.37624714,0,0
tensor(20089),"tensor(20671., dtype=torch.float64)",tensor(9),1,3.3805695,0.96709174,1,1,0,-4.793183,0.008217948,0,0,0,-7.35482,0.000639094,0,0,0,-0.5806408,0.35878515,0,0,0,-3.3326707,0.034467243,0,0
tensor(20105),"tensor(15413., dtype=torch.float64)",tensor(9),0,-0.84737134,0.29998454,0,0,0,0.44892243,0.610383,1,1,0,-4.879459,0.007543785,0,0,1,1.907737,0.8707647,1,1,0,0.003597688,0.50089943,1,0
tensor(20111),"tensor(19251., dtype=torch.float64)",tensor(9),1,2.0515003,0.8860991,1,1,0,-3.342623,0.034137566,0,0,0,-3.9782352,0.018374695,0,0,0,-1.3421265,0.20716058,0,0,0,-0.8332807,0.30295184,0,0
tensor(20131),"tensor(8941., dtype=torch.float64)",tensor(9),1,-0.07623869,0.48094952,0,1,0,-0.9726661,0.27434942,0,0,0,0.48229998,0.61829084,1,1,0,-2.7427974,0.060494717,0,0,0,-0.5022338,0.3770159,0,0
tensor(20137),"tensor(10061., dtype=torch.float64)",tensor(9),0,-6.8053575,0.0011065982,0,0,1,0.17109129,0.5426688,1,1,1,2.4528146,0.920767,1,1,1,2.7710068,0.94108886,1,1,1,3.1022973,0.9569874,1,1
tensor(20143),"tensor(21455., dtype=torch.float64)",tensor(9),1,1.6435606,0.83801883,1,1,0,-2.0944457,0.10963784,0,0,0,-6.5646834,0.0014072867,0,0,0,0.26279005,0.56532204,1,0,0,-2.1411233,0.105163634,0,0
tensor(20151),"tensor(12750., dtype=torch.float64)",tensor(9),1,3.1893923,0.96043307,1,1,0,-5.794001,0.0030365228,0,0,0,-5.8943176,0.002747486,0,0,0,-3.6276226,0.02589113,0,0,0,-0.34815255,0.41383052,0,0
tensor(20199),"tensor(9113., dtype=torch.float64)",tensor(9),1,2.862736,0.9459733,1,1,0,-2.1835992,0.10123298,0,0,0,-4.9680347,0.006908743,0,0,0,-2.5162725,0.07472526,0,0,0,-3.4026628,0.032212354,0,0
tensor(20243),"tensor(16587., dtype=torch.float64)",tensor(9),0,-4.485827,0.011142023,0,0,0,-2.930123,0.0506844,0,0,0,-5.4669046,0.004206518,0,0,1,7.4124455,0.9993967,1,1,0,1.573551,0.8282893,1,1
tensor(20245),"tensor(12917., dtype=torch.float64)",tensor(9),0,-6.1657114,0.002095822,0,0,0,-2.9212375,0.051113646,0,0,0,-4.2968445,0.013428659,0,0,1,6.775094,0.9988594,1,1,0,0.096587986,0.52412826,1,0
tensor(20247),"tensor(19945., dtype=torch.float64)",tensor(9),0,-1.7434123,0.14888003,0,0,1,0.14427805,0.53600705,1,1,0,1.2964514,0.78523713,1,1,0,-2.536586,0.07333283,0,0,0,-2.250606,0.0952972,0,0
tensor(20259),"tensor(18034., dtype=torch.float64)",tensor(9),1,2.0801277,0.8889566,1,1,0,-4.212219,0.014597221,0,0,0,-1.7567551,0.14719722,0,0,0,-2.0376773,0.11530345,0,0,0,-1.622722,0.1648298,0,0
tensor(20267),"tensor(9897., dtype=torch.float64)",tensor(9),1,-0.49668425,0.3783202,0,0,0,-0.3142011,0.42208964,0,0,0,-3.6975946,0.02418372,0,0,0,1.9610082,0.87664205,1,1,0,-0.82328105,0.30506763,0,0
tensor(20279),"tensor(21605., dtype=torch.float64)",tensor(9),0,-2.3229997,0.08923596,0,0,0,-1.1503005,0.2404342,0,0,1,2.3953094,0.916469,1,1,0,-2.776008,0.05863452,0,0,0,-0.18825118,0.4530757,0,0
tensor(20295),"tensor(17972., dtype=torch.float64)",tensor(9),0,-7.0709357,0.000848717,0,0,0,-1.7936652,0.14262395,0,0,1,1.492636,0.8164736,1,1,1,5.4154744,0.99557245,1,1,1,3.1212103,0.95775926,1,1
tensor(20351),"tensor(8402., dtype=torch.float64)",tensor(9),1,0.60438585,0.6466591,1,1,0,-0.2961801,0.42649156,0,0,0,-4.506341,0.010918255,0,0,0,0.023612484,0.5059029,1,0,0,-2.5133834,0.074925266,0,0
tensor(20355),"tensor(11738., dtype=torch.float64)",tensor(9),1,3.6871116,0.9755677,1,1,0,-4.0831456,0.016575003,0,0,0,-6.3615303,0.0017237457,0,0,0,-2.1145985,0.107686006,0,0,0,-3.294637,0.035755634,0,0
tensor(20393),"tensor(8850., dtype=torch.float64)",tensor(9),1,0.9963724,0.7303448,1,1,0,0.020819716,0.50520474,1,0,0,-3.5921304,0.026801495,0,0,0,-1.5926511,0.16901124,0,0,0,-1.6726879,0.15806614,0,0
tensor(20403),"tensor(21545., dtype=torch.float64)",tensor(9),0,0.7530313,0.6798389,1,1,0,-3.1657352,0.040475726,0,0,1,0.090915635,0.52271324,1,0,0,-4.7200255,0.008836176,0,0,0,-0.4650952,0.3857778,0,0
tensor(20451),"tensor(14069., dtype=torch.float64)",tensor(9),0,-8.809888,0.00014922772,0,0,1,5.301464,0.9950405,1,1,1,1.2871708,0.7836679,1,1,0,1.3652565,0.7966127,1,1,0,0.2941613,0.57301456,1,0
tensor(20499),"tensor(8174., dtype=torch.float64)",tensor(9),0,-3.3431492,0.034120217,0,0,0,0.3400275,0.5841972,1,1,1,2.4958916,0.9238533,1,1,0,-3.5669804,0.027465353,0,0,0,-1.607078,0.1669947,0,0
tensor(20551),"tensor(18497., dtype=torch.float64)",tensor(9),0,-4.098726,0.016322946,0,0,1,0.46437004,0.6140503,1,1,1,2.7385201,0.9392617,1,1,0,-2.2032518,0.09945885,0,0,0,-0.49969345,0.37761274,0,0
tensor(20561),"tensor(20449., dtype=torch.float64)",tensor(9),0,-6.9313307,0.00097574736,0,0,1,1.6234953,0.8352766,1,1,0,1.7653865,0.85388297,1,1,1,4.29995,0.98661244,1,1,0,1.4592099,0.8114118,1,1
tensor(20585),"tensor(13287., dtype=torch.float64)",tensor(9),0,-8.222456,0.0002684826,0,0,1,2.4209945,0.9184143,1,1,0,1.889277,0.868673,1,1,1,4.7208023,0.99117064,1,1,0,0.9236532,0.71578586,1,0
tensor(20587),"tensor(10766., dtype=torch.float64)",tensor(9),0,-5.6813326,0.003397431,0,0,0,-0.07797944,0.480515,0,0,0,2.6466427,0.9338038,1,1,1,3.3760157,0.9669465,1,1,0,-0.5269464,0.37122938,0,0
tensor(20645),"tensor(11255., dtype=torch.float64)",tensor(9),0,-3.6391087,0.025603015,0,0,0,-0.7479786,0.3212619,0,0,1,2.8432221,0.9449673,1,1,0,-2.384282,0.084379144,0,0,0,0.6413376,0.65505576,1,0
tensor(20661),"tensor(13641., dtype=torch.float64)",tensor(9),0,-5.1057854,0.006025055,0,0,1,0.05414865,0.5135339,1,1,1,3.4371147,0.9688446,1,1,0,-1.4305639,0.19301082,0,0,0,-1.4424783,0.19116187,0,0
tensor(20737),"tensor(19353., dtype=torch.float64)",tensor(9),0,0.36844093,0.5910822,1,1,0,-2.092757,0.1098028,0,0,1,0.14642733,0.5365416,1,0,0,-2.1860113,0.101013735,0,0,0,-0.34147587,0.415451,0,0
tensor(20787),"tensor(18283., dtype=torch.float64)",tensor(9),0,-3.0471594,0.045340266,0,0,1,3.2804706,0.96375275,1,1,0,-0.99682057,0.269567,0,0,0,-1.1342095,0.24338509,0,0,0,-0.042266797,0.48943487,0,0
tensor(20791),"tensor(17359., dtype=torch.float64)",tensor(9),0,1.3706288,0.7974817,1,1,0,-0.4122521,0.39837223,0,0,1,-2.811064,0.05672922,0,0,0,-2.7741618,0.0587365,0,0,0,-2.5590205,0.071822815,0,0
tensor(20809),"tensor(18589., dtype=torch.float64)",tensor(9),0,0.30609986,0.575933,1,1,0,-2.0736597,0.11168344,0,0,0,-3.3928192,0.03252064,0,0,0,-2.8511057,0.05462419,0,0,1,1.8470825,0.8637842,1,1
tensor(20833),"tensor(21219., dtype=torch.float64)",tensor(9),0,0.9962174,0.7303142,1,1,0,-4.7352066,0.008704206,0,0,0,-6.597046,0.0013625337,0,0,0,-2.1902168,0.100632474,0,0,1,1.9698106,0.87759084,1,1
tensor(20835),"tensor(14966., dtype=torch.float64)",tensor(9),0,-4.006565,0.017870618,0,0,1,0.43629667,0.6073762,1,1,1,2.363619,0.91401064,1,1,0,-0.5274155,0.37111986,0,0,1,0.5169076,0.6264244,1,0
tensor(20837),"tensor(11968., dtype=torch.float64)",tensor(9),0,-7.46625,0.00057174254,0,0,1,3.3646348,0.9665808,1,1,0,-5.506345,0.0040444992,0,0,1,6.2014866,0.9979777,1,1,0,-0.5014921,0.37719008,0,0
tensor(20843),"tensor(13165., dtype=torch.float64)",tensor(9),0,0.60467285,0.64672464,1,1,1,0.7578823,0.6808938,1,1,0,-5.8211217,0.0029555173,0,0,0,-1.3638538,0.20361467,0,0,0,-2.5655704,0.071387395,0,0
tensor(20859),"tensor(19334., dtype=torch.float64)",tensor(9),0,1.7033117,0.84596676,1,1,1,-2.2939606,0.09162437,0,0,0,-5.0378513,0.006445855,0,0,0,-1.5131847,0.18046731,0,0,0,-0.44781435,0.38988057,0,0
tensor(21023),"tensor(11080., dtype=torch.float64)",tensor(9),0,-4.642707,0.0095397085,0,0,1,1.534764,0.8227023,1,1,0,1.3178036,0.7888161,1,1,0,-0.368039,0.40901497,0,0,0,-3.3969545,0.03239078,0,0
tensor(21061),"tensor(19627., dtype=torch.float64)",tensor(9),1,1.703618,0.8460067,1,1,0,-0.09239624,0.47691736,0,0,0,-5.5006657,0.0040674405,0,0,0,-4.089164,0.01647719,0,0,0,-4.466977,0.011351634,0,0
tensor(21103),"tensor(12376., dtype=torch.float64)",tensor(9),1,3.8103082,0.9783383,1,1,0,-4.3060904,0.013306716,0,0,0,-6.0424542,0.0023700905,0,0,0,-2.1050832,0.10860373,0,0,0,-4.344507,0.012811635,0,0
tensor(21117),"tensor(9918., dtype=torch.float64)",tensor(9),0,-5.20222,0.0054741995,0,0,0,0.09771239,0.5244087,1,1,1,3.256362,0.96290106,1,1,0,-0.13889226,0.4653327,0,0,0,1.2737572,0.78138524,1,1
tensor(21161),"tensor(19024., dtype=torch.float64)",tensor(9),1,3.5013263,0.97072554,1,1,0,-3.2586973,0.03701562,0,0,0,-5.984857,0.0025102564,0,0,0,-4.576551,0.010185515,0,0,0,-2.1024027,0.1088635,0,0
tensor(21165),"tensor(8897., dtype=torch.float64)",tensor(9),0,-9.058128,0.00011642715,0,0,1,3.5071628,0.9708909,1,1,1,2.7617311,0.94057244,1,1,0,0.95529175,0.72217816,1,1,1,2.6979074,0.936903,1,1
tensor(21267),"tensor(15383., dtype=torch.float64)",tensor(9),1,-1.6392016,0.16257372,0,0,0,-1.2319627,0.2258381,0,0,0,2.0187685,0.8827536,1,1,0,-4.2161303,0.014541072,0,0,0,-1.495969,0.18302749,0,0
tensor(21341),"tensor(17428., dtype=torch.float64)",tensor(9),1,0.4726128,0.616002,1,1,0,0.07673279,0.5191738,1,1,0,-1.9091426,0.12907721,0,0,0,-0.09392956,0.4765348,0,0,0,-1.91129,0.12883599,0,0
tensor(21349),"tensor(16124., dtype=torch.float64)",tensor(9),0,-1.0289443,0.26328886,0,0,0,-2.939574,0.050231595,0,0,1,2.245373,0.9042507,1,1,0,-2.4091754,0.08247569,0,0,0,-0.7675104,0.31701788,0,0
tensor(21489),"tensor(16419., dtype=torch.float64)",tensor(9),0,-6.4944935,0.0015094588,0,0,1,2.2200477,0.9020354,1,1,1,2.7138484,0.9378389,1,1,0,-0.93728054,0.28145,0,0,0,1.4175509,0.8049542,1,1
tensor(21597),"tensor(11363., dtype=torch.float64)",tensor(9),1,3.2750685,0.96356356,1,1,0,-4.9395366,0.007107043,0,0,0,-7.063095,0.0008553919,0,0,0,-1.0470967,0.259783,0,0,0,-2.4968014,0.07608272,0,0
tensor(21633),"tensor(8530., dtype=torch.float64)",tensor(9),0,-1.3329213,0.20867658,0,0,0,1.2906508,0.78425735,1,1,1,-1.3953235,0.19855925,0,0,1,-1.678725,0.15726437,0,0,0,-3.3180377,0.034957543,0,0
tensor(21657),"tensor(7941., dtype=torch.float64)",tensor(9),0,-4.7362566,0.008695151,0,0,1,1.0566227,0.7420446,1,1,0,-2.117692,0.107389115,0,0,1,4.544248,0.98948365,1,1,0,-1.9501194,0.124540344,0,0
tensor(21699),"tensor(9612., dtype=torch.float64)",tensor(9),0,-6.7628226,0.001154627,0,0,1,1.7766697,0.85528517,1,1,0,-4.058158,0.01698727,0,0,1,6.69817,0.99876827,1,1,0,0.1998423,0.549795,1,0
tensor(21765),"tensor(15902., dtype=torch.float64)",tensor(9),0,-5.1628704,0.0056926506,0,0,1,2.5022678,0.9243007,1,1,0,1.5542139,0.8255215,1,1,0,0.16741905,0.5417573,1,0,0,0.6230781,0.6509183,1,0
tensor(21777),"tensor(8572., dtype=torch.float64)",tensor(9),1,5.144886,0.9942047,1,1,0,-7.659996,0.00047108726,0,0,0,-7.0348377,0.0008798862,0,0,0,-2.7132452,0.062196292,0,0,0,-3.8172145,0.021515857,0,0
tensor(21817),"tensor(18354., dtype=torch.float64)",tensor(9),0,-3.4110796,0.031950984,0,0,0,-1.1851571,0.23412623,0,0,0,2.8509965,0.9453702,1,1,0,-3.018777,0.04658477,0,0,0,-0.151364,0.46223104,0,0
tensor(21831),"tensor(11905., dtype=torch.float64)",tensor(9),1,5.0285735,0.99349445,1,1,0,-5.4887533,0.0041159824,0,0,0,-7.8900185,0.0003743225,0,0,0,-3.2493443,0.037350453,0,0,0,-4.464777,0.011376352,0,0
tensor(21837),"tensor(11744., dtype=torch.float64)",tensor(9),1,4.781034,0.9916824,1,1,0,-6.1279864,0.002176222,0,0,0,-3.9982796,0.018016623,0,0,0,-6.117132,0.0021999194,0,0,0,-5.0759025,0.0062066843,0,0
