ecg_id,patient_id,strat_fold,true_NORM,true_MI,true_STTC,true_CD,true_HYP,prob_NORM,prob_MI,prob_STTC,prob_CD,prob_HYP,pred_NORM,pred_MI,pred_STTC,pred_CD,pred_HYP,sample_f1,sample_error,exact_match_error,MSP_risk,MSP_risk_max,Entropy_risk,Energy_risk,Prototype_risk,Prototype_D_pred,Risk_rank_fusion
tensor(17),"tensor(13619., dtype=torch.float64)",tensor(9),0,0,0,0,0,0.24025978,0.64969313,0.53237927,0.16070157,0.11558237,0,1,1,0,0,0.0,1.0,1,0.26689422,0.46762073,0.5377852,-1.1173216,47.71048,47.710479736328125,0.7747227356746765
tensor(23),"tensor(13619., dtype=torch.float64)",tensor(9),0,0,0,0,0,0.16909347,0.35151616,0.8612384,0.22330435,0.28240222,0,0,1,0,0,0.0,1.0,1,0.23301554,0.35151613,0.5263602,-1.2418305,58.7563,115.85739135742188,0.7668669131238448
tensor(39),"tensor(13619., dtype=torch.float64)",tensor(9),0,1,1,0,0,0.039096892,0.58391106,0.9190356,0.05397203,0.3091137,0,1,1,0,0,1.0,0.0,0,0.17984712,0.41608894,0.39072365,-1.9276136,71.242294,71.24229431152344,0.6256931608133087
tensor(41),"tensor(8420., dtype=torch.float64)",tensor(9),0,0,0,1,0,0.022679,0.23974518,0.08047787,0.9932969,0.38588837,0,0,0,1,0,1.0,0.0,0,0.14709872,0.38588834,0.32922295,-2.5632844,22.56678,22.56678009033203,0.38539741219963025
tensor(47),"tensor(8295., dtype=torch.float64)",tensor(9),1,0,0,0,0,0.9849319,0.006259575,0.0050852816,0.046943676,0.061054748,1,0,0,0,0,1.0,0.0,0,0.02688229,0.061054766,0.11347431,-4.0534754,280.64102,280.6410217285156,0.29852125693160814
tensor(49),"tensor(13958., dtype=torch.float64)",tensor(9),0,0,0,1,0,0.88371986,0.039939,0.028352091,0.5772591,0.042690657,1,0,0,1,0,0.6666666666666666,0.33333333333333337,1,0.13000059,0.42274088,0.30274558,-2.4327502,117.62598,117.6259765625,0.5039279112754159
tensor(51),"tensor(16750., dtype=torch.float64)",tensor(9),1,0,0,0,0,0.9515579,0.007283152,0.0022623807,0.015530716,0.53240037,1,0,0,0,0,1.0,0.0,0,0.10822356,0.46759963,0.20483775,-3.6521504,190.90201,190.90200805664062,0.3844731977818854
tensor(69),"tensor(8339., dtype=torch.float64)",tensor(9),1,0,0,0,0,0.5617213,0.1035892,0.47725162,0.14932637,0.70968264,0,0,1,0,0,0.0,1.0,1,0.29175264,0.47725165,0.54689866,-1.026182,30.48152,70.61346435546875,0.7393715341959335
tensor(91),"tensor(8305., dtype=torch.float64)",tensor(9),1,0,0,0,0,0.99183077,0.004449926,0.009304817,0.011374275,0.013395547,1,0,0,0,0,1.0,0.0,0,0.0093387365,0.013395548,0.052405912,-4.728355,374.24646,374.2464599609375,0.2647874306839187
tensor(127),"tensor(11926., dtype=torch.float64)",tensor(9),0,0,1,0,0,0.605027,0.18739079,0.65572333,0.09020305,0.16010882,0,0,1,0,0,1.0,0.0,0,0.23539048,0.39497298,0.50800544,-1.3012761,74.9245,115.95742797851562,0.7814232902033271
tensor(151),"tensor(12152., dtype=torch.float64)",tensor(9),1,0,0,0,0,0.99153495,0.00055113115,0.0015557857,0.0041461634,0.2000201,1,0,0,0,0,1.0,0.0,0,0.04294759,0.20002007,0.118486986,-5.1196203,255.76965,255.7696533203125,0.2865064695009242
tensor(153),"tensor(20254., dtype=torch.float64)",tensor(9),0,1,0,0,0,0.92520696,0.30004635,0.002358975,0.0357561,0.036200736,1,0,0,0,0,0.0,1.0,1,0.089830995,0.30004632,0.2406569,-3.1971927,176.39311,358.2166748046875,0.39487060998151574
tensor(155),"tensor(12640., dtype=torch.float64)",tensor(9),0,1,0,0,0,0.65972835,0.72727305,0.007442784,0.1992917,0.019708587,1,1,0,0,0,0.6666666666666666,0.33333333333333337,1,0.16788834,0.34027165,0.3734756,-2.3666954,136.97076,136.97076416015625,0.6035120147874307
tensor(165),"tensor(9277., dtype=torch.float64)",tensor(9),1,0,0,0,0,0.98736805,0.0063158097,0.004059912,0.014689664,0.06044155,1,0,0,0,0,1.0,0.0,0,0.01962787,0.060441554,0.0874451,-4.37385,268.26782,268.267822265625,0.2707948243992606
tensor(171),"tensor(15591., dtype=torch.float64)",tensor(9),0,0,1,0,0,0.030477196,0.014486447,0.98950946,0.010228776,0.93353194,0,0,1,0,1,0.6666666666666666,0.33333333333333337,1,0.02643025,0.06646806,0.11436416,-3.8882077,145.33096,145.33096313476562,0.2428373382624769
tensor(173),"tensor(10676., dtype=torch.float64)",tensor(9),0,0,1,0,1,0.2851324,0.2139141,0.82793707,0.14642861,0.6024039,0,0,1,0,0,0.6666666666666666,0.33333333333333337,1,0.24302685,0.39759612,0.5328926,-1.194019,25.330894,74.551025390625,0.6899260628465803
tensor(189),"tensor(13112., dtype=torch.float64)",tensor(9),0,1,0,0,0,0.023836799,0.98002076,0.031575147,0.53938705,0.0953395,0,1,0,1,0,0.6666666666666666,0.33333333333333337,1,0.12626874,0.46061295,0.27110258,-2.6873143,46.793667,46.79366683959961,0.38655268022181144
tensor(193),"tensor(17536., dtype=torch.float64)",tensor(9),1,0,0,0,0,0.9632344,0.013370612,0.001930541,0.07318041,0.21406281,1,0,0,0,0,1.0,0.0,0,0.067862034,0.21406281,0.20471394,-3.5308864,222.93419,222.93418884277344,0.3708410351201479
tensor(195),"tensor(14472., dtype=torch.float64)",tensor(9),0,0,0,1,0,0.25418124,0.28462014,0.01700018,0.97549385,0.16246353,0,0,0,1,0,1.0,0.0,0,0.1485542,0.28462017,0.36181882,-2.2759018,43.951057,43.95105743408203,0.4988447319778188
tensor(205),"tensor(21222., dtype=torch.float64)",tensor(9),1,0,0,0,0,0.9003452,0.08633335,0.1447443,0.09147821,0.052722104,1,0,0,0,0,1.0,0.0,0,0.09498656,0.14474428,0.30883533,-2.3042045,109.37506,452.74603271484375,0.48012939001848426
tensor(217),"tensor(21519., dtype=torch.float64)",tensor(9),0,0,1,0,0,0.13262199,0.7916764,0.6637141,0.28492454,0.52602273,0,1,1,0,0,0.6666666666666666,0.33333333333333337,1,0.28722668,0.47397727,0.56618917,-0.9834541,29.90952,29.90951919555664,0.7444547134935304
tensor(219),"tensor(21519., dtype=torch.float64)",tensor(9),1,0,0,0,0,0.4755655,0.7991688,0.099737294,0.19884576,0.18124734,0,1,0,0,0,0.0,1.0,1,0.2312454,0.4755655,0.49801764,-1.3161027,30.837517,30.83751678466797,0.6841497227356746
tensor(223),"tensor(16039., dtype=torch.float64)",tensor(9),0,1,1,0,1,0.00041625314,0.4496496,0.9860715,0.38230318,0.99281466,0,0,1,0,1,0.8,0.19999999999999996,1,0.17069656,0.44964957,0.2945776,-3.5307949,123.60932,123.60932159423828,0.4662661737523105
tensor(233),"tensor(20772., dtype=torch.float64)",tensor(9),1,0,0,0,0,0.9667026,0.019443244,0.008141608,0.0660485,0.13690592,1,0,0,0,0,1.0,0.0,0,0.052767396,0.13690591,0.18635325,-3.316378,185.86041,270.915283203125,0.3419593345656192
tensor(281),"tensor(641., dtype=torch.float64)",tensor(9),0,1,0,1,0,0.008209056,0.94370955,0.22620739,0.9180266,0.18747145,0,1,0,1,0,1.0,0.0,0,0.11203033,0.22620738,0.31299737,-2.5451553,34.837105,34.83710479736328,0.381007393715342
tensor(287),"tensor(6437., dtype=torch.float64)",tensor(9),0,1,0,1,0,0.0038855043,0.62860936,0.05672738,0.99655724,0.7462165,0,1,0,1,0,1.0,0.0,0,0.137846,0.37139064,0.2984837,-3.1261039,40.156395,40.156394958496094,0.36529574861367836
tensor(293),"tensor(1689., dtype=torch.float64)",tensor(9),1,0,0,0,0,0.9627555,0.00609294,0.0008512252,0.052878067,0.35518244,1,0,0,0,0,1.0,0.0,0,0.09044993,0.3551824,0.21212116,-3.7793128,191.11954,191.11953735351562,0.36344731977818856
tensor(295),"tensor(603., dtype=torch.float64)",tensor(9),0,0,1,0,0,0.6602179,0.27184927,0.4530352,0.06949644,0.21250547,1,0,1,0,0,0.6666666666666666,0.33333333333333337,1,0.26933372,0.45303524,0.5368603,-1.148456,55.63083,99.93244934082031,0.7895101663585953
tensor(303),"tensor(3327., dtype=torch.float64)",tensor(9),1,0,0,0,0,0.99857974,0.00025007324,0.00043625286,0.013414775,0.006584551,1,0,0,0,0,1.0,0.0,0,0.004421234,0.0134148,0.025533091,-6.380028,501.30347,501.303466796875,0.25346580406654345
tensor(343),"tensor(4004., dtype=torch.float64)",tensor(9),1,0,0,0,0,0.92883974,0.02026336,0.008424158,0.58450603,0.025996562,1,0,0,1,0,0.6666666666666666,0.33333333333333337,1,0.108267665,0.41549397,0.24073069,-3.0360825,187.30966,187.30966186523438,0.43345656192236603
tensor(365),"tensor(9158., dtype=torch.float64)",tensor(9),1,0,0,0,0,0.93193865,0.0057365205,0.0048123277,0.2569824,0.27464437,1,0,0,0,0,1.0,0.0,0,0.122047424,0.27464437,0.2944207,-3.0273306,190.0511,282.8916931152344,0.47689463955637706
tensor(383),"tensor(15446., dtype=torch.float64)",tensor(9),0,1,1,0,1,0.003480709,0.72522336,0.9666331,0.12157986,0.8788546,0,1,1,0,1,1.0,0.0,0,0.110869884,0.27477664,0.29932982,-2.7905977,32.07731,32.077308654785156,0.3424214417744917
tensor(387),"tensor(14950., dtype=torch.float64)",tensor(9),1,0,0,0,0,0.9782154,0.002358744,0.0047648204,0.035325047,0.20342247,1,0,0,0,0,1.0,0.0,0,0.05353117,0.20342249,0.1619322,-3.9731503,251.61948,251.61947631835938,0.3354898336414048
tensor(419),"tensor(1909., dtype=torch.float64)",tensor(9),1,0,0,0,0,0.89383954,0.10505091,0.014142297,0.3678471,0.060066212,1,0,0,0,0,1.0,0.0,0,0.13065338,0.36784708,0.32673413,-2.3618126,98.54878,397.76513671875,0.5143253234750462
tensor(425),"tensor(2440., dtype=torch.float64)",tensor(9),0,1,1,0,1,0.01618672,0.7615093,0.8755466,0.5976293,0.74492157,0,1,1,1,0,0.6666666666666666,0.33333333333333337,1,0.20731604,0.4023707,0.44992962,-1.7372875,27.682747,39.57105255126953,0.606746765249538
tensor(437),"tensor(2990., dtype=torch.float64)",tensor(9),1,0,0,0,0,0.99184084,0.00035765054,0.0012382749,0.006713815,0.21020691,1,0,0,0,0,1.0,0.0,0,0.045335174,0.21020693,0.1229195,-5.1498694,270.92798,270.927978515625,0.2936691312384473
tensor(441),"tensor(6036., dtype=torch.float64)",tensor(9),1,0,0,0,0,0.96810794,0.0049916394,0.030575529,0.013689331,0.1698711,1,0,0,0,0,1.0,0.0,0,0.05020392,0.16987109,0.1674901,-3.6056743,216.2822,302.9761962890625,0.33248613678373384
tensor(445),"tensor(3996., dtype=torch.float64)",tensor(9),1,0,0,0,0,0.80911183,0.14703183,0.10090867,0.27794242,0.30581948,1,0,0,0,0,1.0,0.0,0,0.20451808,0.3058195,0.48776466,-1.432784,46.947197,437.1722412109375,0.7000924214417744
tensor(483),"tensor(19895., dtype=torch.float64)",tensor(9),0,1,0,1,0,0.008054963,0.53024155,0.7902121,0.976829,0.6119448,0,0,1,1,0,0.5,0.5,1,0.21976548,0.46975845,0.40597153,-2.091521,29.475151,29.47515106201172,0.5672365988909427
tensor(491),"tensor(3731., dtype=torch.float64)",tensor(9),1,0,0,0,0,0.9804232,0.0020411022,0.001398276,0.015311307,0.28778186,1,0,0,0,0,1.0,0.0,0,0.065221906,0.28778183,0.16019854,-4.3493786,210.10474,210.104736328125,0.31330868761552677
tensor(515),"tensor(12266., dtype=torch.float64)",tensor(9),0,1,0,0,0,0.53420323,0.291063,0.6243153,0.1479779,0.16366184,0,0,1,0,0,0.0,1.0,1,0.28883684,0.46579677,0.56413925,-0.9833878,59.620182,121.68801879882812,0.8181608133086876
tensor(529),"tensor(13474., dtype=torch.float64)",tensor(9),0,0,1,0,0,0.079558656,0.71824574,0.7568236,0.078470126,0.7189952,0,1,1,0,0,0.6666666666666666,0.33333333333333337,1,0.19279289,0.28175426,0.4591846,-1.5844557,27.945185,33.41551971435547,0.6152957486136784
tensor(537),"tensor(21127., dtype=torch.float64)",tensor(9),0,1,1,0,1,0.0009603711,0.9410184,0.93609536,0.50632477,0.894969,0,1,1,1,1,0.8571428571428571,0.1428571428571429,1,0.14451057,0.49367523,0.2996867,-2.9138255,46.204212,46.2042121887207,0.4043438077634011
tensor(545),"tensor(15734., dtype=torch.float64)",tensor(9),0,1,1,1,1,0.0023546696,0.6497633,0.73372555,0.9835765,0.80449593,0,1,1,1,1,1.0,0.0,0,0.16615868,0.3502367,0.3643182,-2.6375432,33.779854,33.77985382080078,0.4565619223659889
tensor(553),"tensor(10977., dtype=torch.float64)",tensor(9),1,0,0,0,0,0.97788495,0.0036897701,0.0020528613,0.07417751,0.14802216,1,0,0,0,0,1.0,0.0,0,0.050011456,0.14802217,0.16576898,-3.9697032,252.19215,252.19215393066406,0.3343345656192237
tensor(563),"tensor(12015., dtype=torch.float64)",tensor(9),0,1,0,1,0,0.001029067,0.94346726,0.90013033,0.8155004,0.837491,0,1,1,1,1,0.6666666666666666,0.33333333333333337,1,0.10088807,0.18449962,0.29443565,-3.0034642,50.57963,50.57963180541992,0.3643715341959335
tensor(587),"tensor(11694., dtype=torch.float64)",tensor(9),1,0,0,0,0,0.99320775,0.0029473912,0.0029860637,0.030514004,0.01822935,1,0,0,0,0,1.0,0.0,0,0.012293816,0.030514002,0.061744966,-4.8129506,339.9568,339.956787109375,0.2675600739371534
tensor(601),"tensor(4261., dtype=torch.float64)",tensor(9),0,1,0,0,0,0.2516862,0.5772359,0.7162686,0.15812671,0.16082746,0,1,1,0,0,0.6666666666666666,0.33333333333333337,1,0.25542724,0.42276412,0.5438763,-1.1302841,51.14502,51.14501953125,0.7781885397412199
tensor(615),"tensor(7655., dtype=torch.float64)",tensor(9),1,0,0,0,0,0.8189998,0.10043516,0.26197025,0.14551656,0.23595197,1,0,0,0,0,1.0,0.0,0,0.18497485,0.26197028,0.46705475,-1.5365894,66.53158,466.5335998535156,0.7014787430683919
tensor(627),"tensor(2819., dtype=torch.float64)",tensor(9),0,1,1,0,0,0.002043886,0.99950135,0.059522737,0.04178183,0.09124727,0,1,0,0,0,0.6666666666666666,0.33333333333333337,1,0.03901881,0.09124726,0.1447244,-4.3970423,131.03017,131.03016662597656,0.24191312384473196
tensor(633),"tensor(709., dtype=torch.float64)",tensor(9),0,0,0,1,0,0.60102344,0.10443778,0.013811754,0.91241944,0.11985927,0,0,0,1,0,1.0,0.0,0,0.14493322,0.39897656,0.34874597,-2.2328448,66.39219,66.3921890258789,0.5268022181146026
tensor(673),"tensor(2745., dtype=torch.float64)",tensor(9),1,0,0,0,0,0.9944483,0.0014081774,0.0041370513,0.02354003,0.016065687,1,0,0,0,0,1.0,0.0,0,0.010140538,0.02354002,0.05313439,-5.015172,374.01172,374.01171875,0.2620147874306839
tensor(705),"tensor(4874., dtype=torch.float64)",tensor(9),0,1,0,1,0,0.03852681,0.32625002,0.70312315,0.9467128,0.2661631,0,0,1,1,0,0.5,0.5,1,0.19622076,0.32625002,0.43808144,-1.7391999,32.831535,32.83153533935547,0.6109057301293901
tensor(717),"tensor(3795., dtype=torch.float64)",tensor(9),0,1,1,0,0,0.32915124,0.393765,0.73757935,0.4818895,0.4330487,0,0,1,0,0,0.6666666666666666,0.33333333333333337,1,0.380055,0.4818895,0.6512397,-0.5037724,37.32245,127.42288970947266,0.8089186691312384
tensor(771),"tensor(3063., dtype=torch.float64)",tensor(9),1,0,0,0,0,0.7253276,0.32259274,0.24812834,0.14543381,0.067461476,1,0,0,0,0,1.0,0.0,0,0.2116577,0.32259274,0.48773152,-1.4437544,68.25276,542.0064697265625,0.7379852125693159
tensor(787),"tensor(18804., dtype=torch.float64)",tensor(9),1,0,0,0,0,0.9898191,0.009286289,0.0049057803,0.025016598,0.018450968,1,0,0,0,0,1.0,0.0,0,0.013568103,0.025016606,0.069884285,-4.4392433,334.34344,334.34344482421875,0.27449168207024033
tensor(823),"tensor(1791., dtype=torch.float64)",tensor(9),0,0,1,1,0,0.18882366,0.41278765,0.6748425,0.79857236,0.37568974,0,0,1,1,0,1.0,0.0,0,0.30077726,0.41278768,0.59147114,-0.88511467,21.360565,21.360565185546875,0.7287430683918669
tensor(839),"tensor(1551., dtype=torch.float64)",tensor(9),1,0,0,0,0,0.8850549,0.045826647,0.10786858,0.24591272,0.13510735,1,0,0,0,0,1.0,0.0,0,0.1299321,0.24591273,0.36771742,-2.0333884,78.11322,426.88055419921875,0.553373382624769
tensor(843),"tensor(1756., dtype=torch.float64)",tensor(9),1,0,0,0,0,0.9798331,0.008643168,0.041943077,0.028829882,0.01742395,1,0,0,0,0,1.0,0.0,0,0.02340138,0.041943073,0.10818311,-3.8607323,291.0459,407.15338134765625,0.3006007393715342
tensor(849),"tensor(7475., dtype=torch.float64)",tensor(9),0,0,1,0,0,0.33843133,0.13607472,0.82485074,0.2404677,0.42578253,0,0,1,0,0,1.0,0.0,0,0.2631811,0.42578256,0.5470859,-1.1034671,41.863506,98.90990447998047,0.7629390018484288
tensor(881),"tensor(2682., dtype=torch.float64)",tensor(9),1,0,0,0,0,0.7786235,0.026646271,0.33244225,0.08635263,0.4800733,1,0,0,0,0,1.0,0.0,0,0.22937822,0.48007333,0.45475855,-1.598335,74.612724,421.49774169921875,0.7342883548983364
tensor(885),"tensor(2841., dtype=torch.float64)",tensor(9),0,0,1,0,1,0.5128479,0.08012566,0.53418285,0.04476046,0.78111506,0,0,1,0,1,1.0,0.0,0,0.25934803,0.4871521,0.4741966,-1.3923604,39.91575,39.915748596191406,0.7164972273567468
tensor(889),"tensor(11105., dtype=torch.float64)",tensor(9),1,0,0,0,0,0.39391422,0.91129065,0.009131978,0.12661308,0.09450938,0,1,0,0,0,0.0,1.0,1,0.14257562,0.39391422,0.34294555,-2.327641,67.74437,67.74436950683594,0.5159426987060998
tensor(901),"tensor(5843., dtype=torch.float64)",tensor(9),1,0,0,0,0,0.985441,0.0075220065,0.002638095,0.083072186,0.046234347,1,0,0,0,0,1.0,0.0,0,0.030805111,0.083072186,0.12241773,-4.092065,290.8907,290.89068603515625,0.30429759704251386
tensor(913),"tensor(6560., dtype=torch.float64)",tensor(9),1,0,0,0,0,0.9904903,0.033947192,0.0013403045,0.019345818,0.00645672,1,0,0,0,0,1.0,0.0,0,0.014119923,0.03394717,0.06932484,-4.713943,383.15173,383.1517333984375,0.275184842883549
tensor(925),"tensor(5897., dtype=torch.float64)",tensor(9),1,0,0,0,0,0.87749124,0.085273795,0.012960019,0.45046443,0.11878796,1,0,0,0,0,1.0,0.0,0,0.15799892,0.45046443,0.35705835,-2.175447,85.211914,376.715087890625,0.5704713493530499
tensor(927),"tensor(2826., dtype=torch.float64)",tensor(9),1,0,0,0,0,0.8958353,0.04639413,0.04615336,0.31162402,0.16318662,1,0,0,0,0,1.0,0.0,0,0.13430464,0.31162405,0.35484725,-2.1261277,79.33475,393.6993408203125,0.5427449168207024
tensor(985),"tensor(7407., dtype=torch.float64)",tensor(9),1,0,0,0,0,0.9469888,0.0075909365,0.014565478,0.047776125,0.3461816,1,0,0,0,0,1.0,0.0,0,0.09382516,0.34618163,0.2329845,-3.1197069,188.30414,256.1001892089844,0.4089648798521257
tensor(987),"tensor(7818., dtype=torch.float64)",tensor(9),0,0,1,0,0,0.056410283,0.22357568,0.94547427,0.09962798,0.6935977,0,0,1,0,0,1.0,0.0,0,0.14810836,0.30640233,0.38009164,-1.986672,26.06335,63.95869827270508,0.4801293900184843
tensor(999),"tensor(1497., dtype=torch.float64)",tensor(9),1,0,0,0,0,0.88584244,0.015781635,0.006168527,0.16010226,0.4819593,1,0,0,0,0,1.0,0.0,0,0.1556338,0.48195934,0.3212251,-2.5987458,153.58649,258.5943603515625,0.5469038817005545
tensor(1007),"tensor(10526., dtype=torch.float64)",tensor(9),1,0,0,0,0,0.8952372,0.034196544,0.20454861,0.23444879,0.048663545,1,0,0,0,0,1.0,0.0,0,0.12532407,0.23444879,0.34605294,-2.2001252,126.7965,482.2211608886719,0.5517560073937153
tensor(1015),"tensor(5995., dtype=torch.float64)",tensor(9),0,0,1,0,1,0.036670275,0.36959952,0.95116687,0.047915265,0.5002269,0,0,1,0,0,0.6666666666666666,0.33333333333333337,1,0.20055825,0.4997731,0.3792997,-1.9523547,53.907322,77.34795379638672,0.6127541589648798
tensor(1103),"tensor(4833., dtype=torch.float64)",tensor(9),0,0,0,0,1,0.9113542,0.0032623364,0.004263001,0.029565109,0.7263408,1,0,0,0,0,0.0,1.0,1,0.079879105,0.27365923,0.21378808,-3.5946243,203.6926,203.69259643554688,0.37130314232902034
tensor(1109),"tensor(4267., dtype=torch.float64)",tensor(9),0,1,0,1,0,0.10940915,0.63174856,0.81348795,0.16538106,0.20193346,0,1,1,0,0,0.5,0.5,1,0.2062974,0.36825144,0.4871959,-1.4204656,52.42768,52.42768096923828,0.7141866913123844
tensor(1119),"tensor(16469., dtype=torch.float64)",tensor(9),1,0,0,0,0,0.9688166,0.06637323,0.0010373411,0.017657338,0.13103995,1,0,0,0,0,1.0,0.0,0,0.049458206,0.13103998,0.17365731,-3.7721226,242.30643,243.36769104003906,0.3391866913123845
tensor(1123),"tensor(7009., dtype=torch.float64)",tensor(9),0,0,0,1,0,0.012288968,0.2595604,0.06281392,0.99560744,0.5054821,0,0,0,1,0,1.0,0.0,0,0.16671479,0.49451792,0.31896454,-2.7166028,27.165798,27.16579818725586,0.39902957486136786
tensor(1139),"tensor(4705., dtype=torch.float64)",tensor(9),1,0,0,0,0,0.95730585,0.021231284,0.0047316398,0.03770646,0.23803031,1,0,0,0,0,1.0,0.0,0,0.06887877,0.23803031,0.20372847,-3.3385239,187.02908,243.78079223632812,0.36321626617375236
tensor(1159),"tensor(649., dtype=torch.float64)",tensor(9),0,1,0,0,0,0.1407116,0.9495754,0.120951004,0.36092123,0.18102345,0,1,0,0,0,1.0,0.0,0,0.17080641,0.36092126,0.42034405,-1.761836,26.443857,26.443857192993164,0.5480591497227357
tensor(1205),"tensor(18791., dtype=torch.float64)",tensor(9),0,0,1,1,0,0.091687955,0.11011911,0.94084746,0.049295973,0.74473494,0,0,1,0,0,0.6666666666666666,0.33333333333333337,1,0.113104165,0.25526506,0.32846045,-2.235894,36.507957,61.759769439697266,0.4228280961182994
tensor(1249),"tensor(19947., dtype=torch.float64)",tensor(9),1,0,0,0,0,0.8230664,0.037358146,0.010341618,0.68078035,0.15835309,1,0,0,1,0,0.6666666666666666,0.33333333333333337,1,0.14044124,0.31921965,0.34938827,-2.355094,89.32333,89.32333374023438,0.5344269870609981
tensor(1261),"tensor(8420., dtype=torch.float64)",tensor(9),0,1,0,1,0,0.0140335895,0.5458834,0.06994896,0.9931744,0.45775133,0,0,0,1,0,0.6666666666666666,0.33333333333333337,1,0.20053518,0.45775133,0.3493318,-2.434664,18.08902,18.089019775390625,0.4524029574861368
tensor(1295),"tensor(20870., dtype=torch.float64)",tensor(9),0,0,1,0,0,0.9206267,0.04659592,0.08992665,0.067698546,0.14084633,1,0,0,0,0,0.0,1.0,1,0.08488816,0.14084631,0.28442264,-2.442964,112.79712,381.17901611328125,0.4422365988909427
tensor(1321),"tensor(5894., dtype=torch.float64)",tensor(9),1,0,0,0,0,0.8186059,0.2932399,0.08144034,0.26084843,0.14637363,1,0,0,0,0,1.0,0.0,0,0.19265926,0.2932399,0.4702221,-1.5228924,53.2678,461.0382080078125,0.6931608133086876
tensor(1367),"tensor(21233., dtype=torch.float64)",tensor(9),0,0,0,1,1,0.013510371,0.1607124,0.059711408,0.9946701,0.39351857,0,0,0,1,0,0.6666666666666666,0.33333333333333337,1,0.12655652,0.39351857,0.28842077,-2.8723822,32.048615,32.048614501953125,0.341728280961183
tensor(1379),"tensor(7123., dtype=torch.float64)",tensor(9),1,0,0,0,0,0.7472305,0.4388402,0.021961482,0.34105656,0.10029663,1,0,0,0,0,1.0,0.0,0,0.23098487,0.4388402,0.46481007,-1.5957096,65.33988,443.7406005859375,0.7312846580406653
tensor(1399),"tensor(12213., dtype=torch.float64)",tensor(9),0,0,0,0,0,0.1377309,0.35267907,0.08541743,0.39267096,0.032499906,0,0,0,0,0,1.0,0.0,0,0.2001996,0.392671,0.43099457,-1.7284088,78.28475,78.28475189208984,0.69362292051756
tensor(1421),"tensor(4879., dtype=torch.float64)",tensor(9),1,0,0,0,0,0.30369794,0.0906226,0.78260034,0.08718931,0.8456181,0,0,1,0,1,0.0,1.0,1,0.17065823,0.30369794,0.43355188,-1.6931555,25.35495,25.354949951171875,0.560536044362292
tensor(1427),"tensor(20044., dtype=torch.float64)",tensor(9),0,1,1,0,0,0.0043367427,0.9554204,0.86212426,0.124881156,0.7395482,0,1,1,0,0,1.0,0.0,0,0.114425,0.2604518,0.3122626,-2.6649652,36.080284,36.080284118652344,0.37661737523105365
tensor(1433),"tensor(16989., dtype=torch.float64)",tensor(9),0,1,0,0,0,0.0027855795,0.9973017,0.30958545,0.17056479,0.35514405,0,1,0,0,0,1.0,0.0,0,0.16815555,0.35514402,0.35278955,-2.9546304,44.486847,44.486846923828125,0.4588724584103511
tensor(1439),"tensor(16142., dtype=torch.float64)",tensor(9),0,1,1,0,1,0.0022293006,0.73843795,0.9697203,0.33726546,0.9160605,0,1,1,0,1,1.0,0.0,0,0.14305514,0.3372655,0.33074576,-2.7347445,33.40009,33.400089263916016,0.4015711645101664
tensor(1449),"tensor(18349., dtype=torch.float64)",tensor(9),0,0,1,0,0,0.034862645,0.23960592,0.95938575,0.10354183,0.79289275,0,0,1,0,1,0.6666666666666666,0.33333333333333337,1,0.12514639,0.2396059,0.34293404,-2.2277596,24.375858,24.375858306884766,0.40203327171903885
tensor(1451),"tensor(16916., dtype=torch.float64)",tensor(9),0,0,0,0,1,0.00200453,0.733937,0.9738569,0.18095331,0.937384,0,1,1,0,1,0.5,0.5,1,0.107555985,0.26606297,0.28435373,-3.0117369,39.083305,39.08330535888672,0.3315619223659889
tensor(1453),"tensor(17864., dtype=torch.float64)",tensor(9),1,0,0,0,0,0.8674572,0.043264996,0.10534827,0.43173254,0.09520725,1,0,0,0,0,1.0,0.0,0,0.16161919,0.43173254,0.380855,-1.9280884,81.95395,456.3856201171875,0.6095194085027726
tensor(1455),"tensor(20051., dtype=torch.float64)",tensor(9),1,0,0,0,0,0.86343867,0.06316374,0.033163317,0.073183395,0.47185138,1,0,0,0,0,1.0,0.0,0,0.15558463,0.47185135,0.34663743,-2.1130025,97.36794,309.2763366699219,0.5750924214417745
tensor(1469),"tensor(4058., dtype=torch.float64)",tensor(9),0,0,1,1,1,0.00042613267,0.8412925,0.9764187,0.79832214,0.9259826,0,1,1,1,1,0.8571428571428571,0.1428571428571429,1,0.09168208,0.20167786,0.26390988,-3.4108086,58.545933,58.54593276977539,0.3181608133086876
tensor(1473),"tensor(17115., dtype=torch.float64)",tensor(9),0,1,1,0,0,0.008535218,0.9964665,0.109397486,0.09657117,0.075802885,0,1,0,0,0,0.6666666666666666,0.33333333333333337,1,0.058768094,0.10939747,0.20075317,-3.4461036,73.166214,73.16621398925781,0.2830406654343808
tensor(1497),"tensor(18668., dtype=torch.float64)",tensor(9),1,0,0,0,0,0.9878149,0.010417916,0.0049893046,0.036398727,0.020941503,1,0,0,0,0,1.0,0.0,0,0.01698649,0.03639871,0.08263173,-4.2730985,315.80072,327.4331970214844,0.27865064695009245
tensor(1515),"tensor(668., dtype=torch.float64)",tensor(9),0,1,1,0,0,0.08318078,0.9184655,0.2415408,0.44889045,0.15175061,0,1,0,0,0,0.6666666666666666,0.33333333333333337,1,0.20137942,0.44889045,0.44709364,-1.5783827,28.834576,28.834575653076172,0.6194547134935305
tensor(1541),"tensor(20956., dtype=torch.float64)",tensor(9),0,1,0,0,0,0.51130813,0.54475355,0.018068913,0.67601836,0.1963205,0,0,0,1,0,0.0,1.0,1,0.29646188,0.48869187,0.51950926,-1.2730097,42.328373,42.328372955322266,0.7583179297597042
tensor(1577),"tensor(7809., dtype=torch.float64)",tensor(9),0,1,0,0,0,0.16537423,0.86728305,0.34060982,0.46173075,0.2607889,0,1,0,0,0,1.0,0.0,0,0.2722441,0.46173072,0.54910576,-1.0703492,28.512268,28.51226806640625,0.7266635859519408
tensor(1595),"tensor(3742., dtype=torch.float64)",tensor(9),1,0,1,0,0,0.8279423,0.030840514,0.26636305,0.03835397,0.38614976,1,0,0,0,0,0.6666666666666666,0.33333333333333337,1,0.17875302,0.38614976,0.40121308,-1.9434364,88.88759,402.853271484375,0.6439463955637708
tensor(1611),"tensor(12706., dtype=torch.float64)",tensor(9),0,0,0,0,1,0.16117415,0.5990712,0.7145367,0.56715554,0.31401584,0,1,1,1,0,0.0,1.0,1,0.31888533,0.43284446,0.6038828,-0.80406034,32.83313,32.8331298828125,0.7749537892791127
tensor(1619),"tensor(2638., dtype=torch.float64)",tensor(9),1,0,0,0,0,0.96657056,0.025255209,0.015210926,0.03691622,0.100306466,1,0,0,0,0,1.0,0.0,0,0.042223632,0.10030645,0.16536896,-3.3286376,181.32965,299.8209533691406,0.31769870609981515
tensor(1627),"tensor(6034., dtype=torch.float64)",tensor(9),0,1,1,0,0,0.02029432,0.8131302,0.4570011,0.9201498,0.2588853,0,1,1,1,0,0.8,0.19999999999999996,1,0.20058012,0.4570011,0.42411408,-1.8031931,20.026627,20.026626586914062,0.5605360443622921
tensor(1645),"tensor(7424., dtype=torch.float64)",tensor(9),1,0,0,0,0,0.8061184,0.044796675,0.005540929,0.5053655,0.35034811,1,0,0,1,0,0.6666666666666666,0.33333333333333337,1,0.21784031,0.4946345,0.4099535,-2.0627563,99.0593,99.0593032836914,0.6829944547134936
tensor(1699),"tensor(20837., dtype=torch.float64)",tensor(9),1,0,0,0,0,0.7037793,0.7705149,0.00078686967,0.095562555,0.016568383,1,1,0,0,0,0.6666666666666666,0.33333333333333337,1,0.12772465,0.29622072,0.31045583,-3.110865,208.74342,208.74342346191406,0.49768946395563773
tensor(1701),"tensor(20919., dtype=torch.float64)",tensor(9),1,0,0,0,0,0.9213394,0.08137189,0.002509158,0.34842715,0.044176295,1,0,0,0,0,1.0,0.0,0,0.11102897,0.34842718,0.28051752,-2.9140358,165.8747,353.96343994140625,0.45378927911275413
tensor(1713),"tensor(7961., dtype=torch.float64)",tensor(9),0,0,1,1,0,0.33030006,0.40475264,0.74123394,0.0922488,0.282146,0,0,1,0,0,0.6666666666666666,0.33333333333333337,1,0.27364272,0.4047526,0.55674475,-1.0730488,52.13301,99.53987884521484,0.7945933456561922
tensor(1763),"tensor(21187., dtype=torch.float64)",tensor(9),0,0,1,0,1,0.012246443,0.6805599,0.933337,0.20508952,0.8574303,0,1,1,0,1,0.8,0.19999999999999996,1,0.14920175,0.31944013,0.3708864,-2.1869102,19.669552,19.669551849365234,0.4415434380776341
tensor(1809),"tensor(361., dtype=torch.float64)",tensor(9),0,1,0,1,0,0.034051217,0.9643217,0.4086657,0.26510644,0.18286854,0,1,1,0,0,0.5,0.5,1,0.185274,0.40866566,0.4065854,-1.905647,27.920773,27.920772552490234,0.5519870609981515
tensor(1817),"tensor(11885., dtype=torch.float64)",tensor(9),0,0,1,1,0,0.009683706,0.84708244,0.78321975,0.8977712,0.5957666,0,1,1,1,0,0.8,0.19999999999999996,1,0.17716873,0.4042334,0.4019451,-2.0369134,27.259106,27.259105682373047,0.5240295748613678
tensor(1841),"tensor(7070., dtype=torch.float64)",tensor(9),1,0,0,0,0,0.16637014,0.32704797,0.84937626,0.110123254,0.67905015,0,0,1,0,0,0.0,1.0,1,0.21502298,0.32704794,0.4960595,-1.3803504,21.238579,62.208003997802734,0.6393253234750462
tensor(1871),"tensor(1585., dtype=torch.float64)",tensor(9),1,0,0,0,0,0.9441226,0.004164571,0.059883956,0.04960487,0.29803038,1,0,0,0,0,1.0,0.0,0,0.09351224,0.29803038,0.25512737,-2.9734287,199.26102,328.9674377441406,0.4357670979667283
tensor(1889),"tensor(2348., dtype=torch.float64)",tensor(9),0,0,1,0,0,0.64540595,0.14378592,0.52498096,0.24527612,0.4285316,1,0,1,0,0,0.6666666666666666,0.33333333333333337,1,0.32944137,0.47501904,0.59878045,-0.77898407,47.790768,108.40924072265625,0.8170055452865065
tensor(1907),"tensor(7931., dtype=torch.float64)",tensor(9),0,1,0,1,0,0.001522898,0.95558035,0.12331137,0.99286616,0.63223416,0,1,0,1,0,1.0,0.0,0,0.10883075,0.36776584,0.25334853,-3.39865,44.098465,44.09846496582031,0.3036044362292052
tensor(1977),"tensor(847., dtype=torch.float64)",tensor(9),0,1,0,1,0,0.013150628,0.5555129,0.9062419,0.89831054,0.66773176,0,0,1,1,0,0.5,0.5,1,0.19707072,0.4444871,0.40653887,-1.9372286,35.669643,35.66964340209961,0.5841035120147874
tensor(1981),"tensor(459., dtype=torch.float64)",tensor(9),0,0,1,0,0,0.04734061,0.18336034,0.95612776,0.03360579,0.74746156,0,0,1,0,0,1.0,0.0,0,0.11214352,0.25253844,0.31185776,-2.4042473,42.40386,58.51847839355469,0.4147412199630314
tensor(1995),"tensor(389., dtype=torch.float64)",tensor(9),0,0,0,1,0,0.31938785,0.09686198,0.022981282,0.96139467,0.47753543,0,0,0,1,0,1.0,0.0,0,0.19107425,0.47753543,0.3819178,-2.0087829,44.063343,44.0633430480957,0.5817929759704251
tensor(2033),"tensor(5507., dtype=torch.float64)",tensor(9),0,1,1,1,0,0.0017936332,0.90878403,0.7229455,0.97613734,0.64316744,0,1,1,1,0,1.0,0.0,0,0.15015185,0.35683256,0.33458263,-2.7760277,33.956947,33.956947326660156,0.41451016635859517
tensor(2051),"tensor(389., dtype=torch.float64)",tensor(9),0,0,0,0,0,0.118010536,0.51815695,0.7493618,0.6767114,0.21260314,0,0,1,1,0,0.0,1.0,1,0.2772767,0.48184305,0.5530348,-1.0454564,36.165794,36.165794372558594,0.756007393715342
tensor(2089),"tensor(1651., dtype=torch.float64)",tensor(9),1,0,0,0,0,0.97801733,0.035624057,0.0031340658,0.022959018,0.065816976,1,0,0,0,0,1.0,0.0,0,0.029903293,0.065817,0.12653172,-3.8519256,230.60896,272.299560546875,0.29574861367837335
tensor(2099),"tensor(13882., dtype=torch.float64)",tensor(9),0,1,0,0,0,0.06457644,0.7380449,0.8237698,0.18602993,0.2202844,0,1,1,0,0,0.6666666666666666,0.33333333333333337,1,0.18181527,0.26195508,0.4575563,-1.5982215,47.75496,47.75495910644531,0.6589648798521258
tensor(2107),"tensor(2719., dtype=torch.float64)",tensor(9),1,0,0,0,0,0.26682392,0.5404959,0.62749785,0.56864715,0.6519429,0,0,1,1,0,0.0,1.0,1,0.37564802,0.45950413,0.65202796,-0.51971143,32.795403,32.79540252685547,0.7929759704251387
tensor(2111),"tensor(4920., dtype=torch.float64)",tensor(9),0,1,1,1,1,0.015010326,0.5890992,0.56077635,0.9582315,0.7594507,0,1,1,1,0,0.8571428571428571,0.1428571428571429,1,0.22949052,0.43922365,0.43321767,-1.8142135,17.2445,17.24449920654297,0.5834103512014788
tensor(2115),"tensor(20329., dtype=torch.float64)",tensor(9),1,0,0,0,0,0.96795,0.008017415,0.0021790857,0.04138966,0.27342567,1,0,0,0,0,1.0,0.0,0,0.071412385,0.2734257,0.19259599,-3.6944814,210.04626,210.0462646484375,0.35489833641404805
tensor(2123),"tensor(4949., dtype=torch.float64)",tensor(9),0,0,0,1,1,0.9289496,0.12169797,0.035046082,0.10146326,0.080915235,1,0,0,0,0,0.0,1.0,1,0.08203459,0.12169796,0.2775589,-2.4947152,110.97205,377.8592529296875,0.4295286506469501
tensor(2135),"tensor(8046., dtype=torch.float64)",tensor(9),0,0,0,1,0,0.029074915,0.44173864,0.066407844,0.98761415,0.2677853,0,0,0,1,0,1.0,0.0,0,0.1634785,0.4417386,0.34196845,-2.3540673,16.241909,16.24190902709961,0.4182070240295748
tensor(2139),"tensor(20870., dtype=torch.float64)",tensor(9),1,0,0,0,0,0.65365034,0.085053965,0.67517674,0.08465079,0.20367008,1,0,1,0,0,0.6666666666666666,0.33333333333333337,1,0.20890957,0.34634966,0.47239685,-1.4973359,78.63472,113.83527374267578,0.7396025878003696
tensor(2149),"tensor(7231., dtype=torch.float64)",tensor(9),1,0,0,0,0,0.9921634,0.009986263,0.0013904984,0.029510366,0.017590994,1,0,0,0,0,1.0,0.0,0,0.0132629275,0.029510379,0.06676505,-4.7059946,313.56345,313.5634460449219,0.266173752310536
tensor(2161),"tensor(20411., dtype=torch.float64)",tensor(9),1,0,0,0,0,0.9669963,0.00046614284,0.0017620778,0.0027321281,0.71384776,1,0,0,0,0,1.0,0.0,0,0.06482333,0.28615224,0.15590698,-4.840342,266.78473,266.78472900390625,0.3260166358595194
tensor(2169),"tensor(6021., dtype=torch.float64)",tensor(9),0,0,1,0,0,0.58217144,0.32049465,0.4736253,0.06076805,0.33058748,0,0,1,0,0,1.0,0.0,0,0.32066077,0.4736253,0.57244956,-0.9264634,50.009136,81.55271911621094,0.8128465804066543
tensor(2181),"tensor(2652., dtype=torch.float64)",tensor(9),1,0,0,0,0,0.67946523,0.05707127,0.16019033,0.25792238,0.6394336,1,0,0,0,0,1.0,0.0,0,0.23125708,0.36056638,0.502141,-1.368504,51.870598,398.593505859375,0.7421441774491683
tensor(2205),"tensor(4376., dtype=torch.float64)",tensor(9),0,0,0,0,0,0.004203102,0.9404679,0.59057707,0.9425435,0.54396564,0,1,1,1,0,0.0,1.0,1,0.19732982,0.45603436,0.36774126,-2.3135612,28.211617,28.21161651611328,0.5016173752310537
tensor(2233),"tensor(5310., dtype=torch.float64)",tensor(9),0,0,0,1,0,0.40065306,0.23198718,0.40318182,0.7756845,0.12538905,0,0,1,1,0,0.6666666666666666,0.33333333333333337,1,0.27710533,0.4031818,0.559813,-1.0350288,36.666874,36.666873931884766,0.7601663585951941
tensor(2237),"tensor(2202., dtype=torch.float64)",tensor(9),1,0,0,0,0,0.96574444,0.11189465,0.0059209624,0.02341326,0.02291945,1,0,0,0,0,1.0,0.0,0,0.03968078,0.11189467,0.15124063,-3.6034489,205.34541,365.05010986328125,0.30984288354898337
tensor(2261),"tensor(3857., dtype=torch.float64)",tensor(9),1,0,0,0,0,0.9546321,0.011042845,0.0019768463,0.23371111,0.123153046,1,0,0,0,0,1.0,0.0,0,0.08305043,0.23371112,0.23530988,-3.383208,200.9348,281.8787536621094,0.38770794824399263
tensor(2273),"tensor(16350., dtype=torch.float64)",tensor(9),0,1,0,0,0,0.21193822,0.575995,0.72248733,0.2570843,0.3707069,0,1,1,0,0,0.6666666666666666,0.33333333333333337,1,0.30824947,0.42400497,0.60359395,-0.8333666,41.61049,41.61048889160156,0.7975970425138632
tensor(2283),"tensor(3200., dtype=torch.float64)",tensor(9),1,0,0,0,0,0.9602351,0.08920435,0.023405846,0.0020647538,0.0065100747,1,0,0,0,0,1.0,0.0,0,0.032189965,0.08920437,0.12659885,-4.089444,322.76993,479.1145935058594,0.31284658040665436
tensor(2297),"tensor(4963., dtype=torch.float64)",tensor(9),0,0,0,1,1,0.48703143,0.4928091,0.28407255,0.5301179,0.11083073,0,0,0,1,0,0.6666666666666666,0.33333333333333337,1,0.3689252,0.49280906,0.6044387,-0.6415804,37.471054,37.47105407714844,0.8012939001848428
tensor(2301),"tensor(2793., dtype=torch.float64)",tensor(9),1,0,0,0,0,0.85558385,0.045993768,0.30392757,0.054003894,0.18129826,1,0,0,0,0,1.0,0.0,0,0.14592803,0.30392754,0.3794194,-2.0021346,101.89601,441.62786865234375,0.6000462107208873
tensor(2309),"tensor(1134., dtype=torch.float64)",tensor(9),1,0,0,0,0,0.90980965,0.14387757,0.17898415,0.03114888,0.013977604,1,0,0,0,0,1.0,0.0,0,0.091635704,0.17898417,0.27940986,-2.662313,186.0806,528.2838134765625,0.46233826247689463
tensor(2311),"tensor(4897., dtype=torch.float64)",tensor(9),0,1,0,1,0,0.00046229476,0.97736424,0.6439738,0.9747741,0.7807978,0,1,1,1,1,0.6666666666666666,0.33333333333333337,1,0.12471044,0.35602617,0.28137326,-3.392297,58.656097,58.656097412109375,0.3613678373382625
tensor(2319),"tensor(2577., dtype=torch.float64)",tensor(9),1,0,0,0,0,0.939338,0.0026960983,0.14343674,0.011432525,0.24557815,1,0,0,0,0,1.0,0.0,0,0.09276116,0.24557817,0.25569817,-3.204455,219.04327,376.7874450683594,0.42791127541589646
tensor(2335),"tensor(11190., dtype=torch.float64)",tensor(9),0,0,0,1,0,0.010211035,0.915748,0.6463136,0.876121,0.41411784,0,1,1,1,0,0.5,0.5,1,0.1972292,0.4141178,0.40972131,-1.9731985,27.126854,27.126853942871094,0.5552218114602587
tensor(2357),"tensor(18869., dtype=torch.float64)",tensor(9),1,0,0,0,0,0.9888215,0.00064099015,0.0019923607,0.012068176,0.20301694,1,0,0,0,0,1.0,0.0,0,0.045779347,0.20301694,0.13018829,-4.764682,260.35748,260.35748291015625,0.29967652495378927
tensor(2359),"tensor(13668., dtype=torch.float64)",tensor(9),0,1,0,1,0,0.40236235,0.44244283,0.5886829,0.27550885,0.65920806,0,0,1,0,0,0.0,1.0,1,0.37448466,0.44244283,0.6536039,-0.5224051,33.127518,93.0111312866211,0.7939001848428836
tensor(2361),"tensor(13039., dtype=torch.float64)",tensor(9),1,0,0,0,0,0.9816304,0.016302155,0.023588039,0.06355887,0.00732568,1,0,0,0,0,1.0,0.0,0,0.025828958,0.06355888,0.11331129,-3.8801644,316.69128,443.4285888671875,0.3077634011090573
tensor(2377),"tensor(20400., dtype=torch.float64)",tensor(9),1,0,0,0,0,0.87589055,0.17745332,0.008140898,0.07536406,0.32811898,1,0,0,0,0,1.0,0.0,0,0.14263737,0.32811898,0.3579905,-2.3028462,106.665375,295.6051940917969,0.557532347504621
tensor(2389),"tensor(19437., dtype=torch.float64)",tensor(9),1,0,0,0,0,0.9528805,0.106843956,0.0039257817,0.07180037,0.07740921,1,0,0,0,0,1.0,0.0,0,0.061419785,0.10684395,0.21722898,-3.1407778,162.73792,302.9886474609375,0.3629852125693161
tensor(2395),"tensor(17170., dtype=torch.float64)",tensor(9),1,0,0,0,0,0.85659033,0.0068878466,0.00082618167,0.7954402,0.12869447,1,0,0,1,0,0.6666666666666666,0.33333333333333337,1,0.09687555,0.2045598,0.26990074,-3.425359,229.38602,229.38601684570312,0.4313770794824399
tensor(2397),"tensor(9357., dtype=torch.float64)",tensor(9),0,1,0,0,0,0.83810544,0.40642276,0.0070680035,0.26079258,0.015393877,1,0,0,0,0,0.0,1.0,1,0.17031431,0.40642273,0.3627566,-2.4336362,168.66687,482.88018798828125,0.606746765249538
tensor(2421),"tensor(17173., dtype=torch.float64)",tensor(9),1,0,0,1,0,0.8547948,0.028780194,0.01006452,0.7632589,0.04453741,1,0,0,1,0,1.0,0.0,0,0.09306574,0.23674113,0.26609495,-2.8233395,135.86444,135.86444091796875,0.4221349353049908
tensor(2429),"tensor(8456., dtype=torch.float64)",tensor(9),1,0,0,0,0,0.986155,0.019093875,0.0033235112,0.019143179,0.034115337,1,0,0,0,0,1.0,0.0,0,0.017904162,0.034115314,0.08664657,-4.237636,286.6822,286.68218994140625,0.2779574861367837
tensor(2443),"tensor(21046., dtype=torch.float64)",tensor(9),0,0,1,0,0,0.5277028,0.0387709,0.24739768,0.059188426,0.8855805,0,0,0,0,1,0.0,1.0,1,0.18641472,0.4722972,0.39909464,-1.8492792,70.99436,70.9943618774414,0.6439463955637708
tensor(2465),"tensor(1298., dtype=torch.float64)",tensor(9),1,0,0,0,0,0.97779375,0.023777984,0.008568321,0.021228863,0.040524233,1,0,0,0,0,1.0,0.0,0,0.02326107,0.040524244,0.10812175,-3.8492713,230.6762,303.64886474609375,0.28211645101663585
tensor(2467),"tensor(7513., dtype=torch.float64)",tensor(9),1,0,0,0,0,0.9762207,0.016300222,0.02908625,0.0144304,0.03574848,1,0,0,0,0,1.0,0.0,0,0.023868918,0.03574848,0.11137986,-3.7683425,256.627,344.18011474609375,0.297365988909427
tensor(2505),"tensor(20101., dtype=torch.float64)",tensor(9),0,0,1,0,1,0.1614158,0.029037813,0.9079773,0.022176668,0.92505574,0,0,1,0,1,1.0,0.0,0,0.07591951,0.16141582,0.25064445,-2.7492003,75.46545,75.46544647216797,0.36668207024029575
tensor(2543),"tensor(13440., dtype=torch.float64)",tensor(9),0,0,1,0,0,0.03719257,0.37548363,0.93667525,0.6477298,0.52842295,0,0,1,1,0,0.6666666666666666,0.33333333333333337,1,0.2599696,0.47157705,0.47942346,-1.4358916,47.01124,48.018497467041016,0.7333641404805915
tensor(2577),"tensor(8053., dtype=torch.float64)",tensor(9),1,0,0,0,0,0.9254057,0.023975415,0.002204816,0.1065465,0.37741858,1,0,0,0,0,1.0,0.0,0,0.11694795,0.37741858,0.27924094,-2.9933126,185.18718,223.2237548828125,0.4595656192236599
tensor(2591),"tensor(17271., dtype=torch.float64)",tensor(9),0,1,0,0,0,0.0020331976,0.99865913,0.2425296,0.026182692,0.15309878,0,1,0,0,0,1.0,0.0,0,0.08503705,0.24252963,0.22561574,-3.8549392,102.49584,102.49584197998047,0.3174676524953789
tensor(2613),"tensor(21108., dtype=torch.float64)",tensor(9),1,0,0,0,0,0.75032204,0.029131781,0.38268763,0.1131216,0.48731777,1,0,0,0,0,1.0,0.0,0,0.2523874,0.4873178,0.48097497,-1.4389665,67.11591,439.61083984375,0.7629390018484289
tensor(2623),"tensor(7433., dtype=torch.float64)",tensor(9),0,1,0,1,0,0.0038962292,0.3903873,0.38041392,0.99476457,0.6935662,0,0,0,1,0,0.6666666666666666,0.33333333333333337,1,0.21727335,0.3903873,0.40152568,-2.508246,30.228687,30.228687286376953,0.52818853974122
tensor(2629),"tensor(17864., dtype=torch.float64)",tensor(9),1,0,0,0,0,0.91180193,0.044254877,0.06838834,0.18569289,0.14526159,1,0,0,0,0,1.0,0.0,0,0.106359184,0.1856929,0.324671,-2.2541163,89.70099,388.14752197265625,0.4921441774491683
tensor(2669),"tensor(585., dtype=torch.float64)",tensor(9),0,1,0,1,0,0.004692561,0.90749884,0.54316497,0.96723235,0.48332438,0,1,1,1,0,0.8,0.19999999999999996,1,0.21402419,0.4833244,0.37287414,-2.2530723,24.488163,24.488162994384766,0.5071626617375231
tensor(2697),"tensor(5609., dtype=torch.float64)",tensor(9),1,0,0,0,0,0.9880987,0.0034576843,0.0028080947,0.02405941,0.0897588,1,0,0,0,0,1.0,0.0,0,0.02639705,0.08975881,0.1044675,-4.394944,248.4333,248.4333038330078,0.27402957486136786
tensor(2707),"tensor(20920., dtype=torch.float64)",tensor(9),0,1,0,0,0,0.9827739,0.040539164,0.002828964,0.046380516,0.01798423,1,0,0,0,0,0.0,1.0,1,0.02499181,0.04638052,0.110783994,-4.019313,288.79855,332.4471435546875,0.297365988909427
tensor(2721),"tensor(12807., dtype=torch.float64)",tensor(9),1,0,0,0,0,0.9570945,0.04829714,0.02130785,0.047902156,0.07477912,1,0,0,0,0,1.0,0.0,0,0.047038376,0.07477915,0.18634956,-3.0835853,152.27513,323.3503723144531,0.33710720887245843
tensor(2727),"tensor(4424., dtype=torch.float64)",tensor(9),0,1,0,0,0,0.19468221,0.32010895,0.85401636,0.22118068,0.40259343,0,0,1,0,0,0.0,1.0,1,0.2569098,0.40259343,0.5476038,-1.118613,42.48043,100.45974731445312,0.762014787430684
tensor(2745),"tensor(2158., dtype=torch.float64)",tensor(9),0,0,1,0,0,0.059706815,0.30934435,0.9299554,0.06981991,0.70148396,0,0,1,0,0,1.0,0.0,0,0.16148633,0.30934435,0.3922528,-1.9179538,27.25169,59.865455627441406,0.5115526802218114
tensor(2801),"tensor(9053., dtype=torch.float64)",tensor(9),1,0,0,0,0,0.95987535,0.06189463,0.032629136,0.054352522,0.02412199,1,0,0,0,0,1.0,0.0,0,0.042624593,0.061894655,0.17381321,-3.1678421,185.54874,396.26416015625,0.3338724584103512
tensor(2825),"tensor(7860., dtype=torch.float64)",tensor(9),0,0,1,0,0,0.010910023,0.7132668,0.94264627,0.16232038,0.6425731,0,1,1,0,0,0.6666666666666666,0.33333333333333337,1,0.17494887,0.35742688,0.3948775,-2.0890946,35.79884,51.515724182128906,0.5427449168207024
tensor(2841),"tensor(5273., dtype=torch.float64)",tensor(9),1,0,0,0,0,0.8715627,0.21161701,0.11485174,0.018841198,0.049632553,1,0,0,0,0,1.0,0.0,0,0.10467595,0.211617,0.3093926,-2.4354112,113.53108,454.0599365234375,0.4803604436229205
tensor(2849),"tensor(7390., dtype=torch.float64)",tensor(9),1,0,0,0,0,0.98646104,0.0005118067,0.00084486813,0.022242157,0.2679744,1,0,0,0,0,1.0,0.0,0,0.0610224,0.26797438,0.1541564,-4.7458572,243.01337,243.01336669921875,0.3158502772643253
tensor(2851),"tensor(14209., dtype=torch.float64)",tensor(9),1,0,0,0,0,0.87675935,0.33065248,0.0012340483,0.28785992,0.019333746,1,0,0,0,0,1.0,0.0,0,0.15246421,0.33065248,0.3426259,-2.8391461,211.76088,421.96142578125,0.5711645101663586
tensor(2895),"tensor(15808., dtype=torch.float64)",tensor(9),0,0,0,1,0,0.07569685,0.65837437,0.79669374,0.50769675,0.31426784,0,1,1,1,0,0.5,0.5,1,0.2854399,0.49230325,0.54613864,-1.0670298,37.20258,37.202579498291016,0.7576247689463956
tensor(2899),"tensor(20652., dtype=torch.float64)",tensor(9),0,1,1,0,0,0.008037738,0.8979443,0.8862076,0.10562791,0.7101318,0,1,1,0,0,1.0,0.0,0,0.12387645,0.28986818,0.33400673,-2.4149852,36.824875,36.82487487792969,0.42005545286506474
tensor(2907),"tensor(21195., dtype=torch.float64)",tensor(9),1,0,0,0,0,0.9696275,0.018543132,0.016464453,0.05483869,0.079021454,1,0,0,0,0,1.0,0.0,0,0.03984803,0.079021454,0.16023697,-3.3649879,189.79169,309.7891845703125,0.316543438077634
tensor(2911),"tensor(13978., dtype=torch.float64)",tensor(9),0,0,0,0,1,0.45540404,0.017115485,0.11733875,0.036804542,0.9569763,0,0,0,0,1,1.0,0.0,0,0.13393724,0.45540404,0.29448658,-2.5227811,121.62639,147.94091796875,0.49930683918669133
tensor(2933),"tensor(13267., dtype=torch.float64)",tensor(9),1,0,0,0,0,0.7359901,0.29526258,0.38201314,0.15894061,0.19232096,1,0,0,0,0,1.0,0.0,0,0.25850946,0.38201314,0.5553054,-1.0954666,56.01592,542.6922607421875,0.7941312384473198
tensor(2949),"tensor(1627., dtype=torch.float64)",tensor(9),0,0,1,0,0,0.4247385,0.020930069,0.8429766,0.07744554,0.6684425,0,0,1,0,0,1.0,0.0,0,0.202339,0.42473853,0.425175,-1.8016064,65.10747,92.79142761230469,0.6721349353049908
tensor(2967),"tensor(7635., dtype=torch.float64)",tensor(9),0,1,1,0,0,0.14986475,0.2727104,0.8902429,0.056442045,0.4189643,0,0,1,0,0,0.6666666666666666,0.33333333333333337,1,0.20154774,0.41896427,0.45028728,-1.5906541,48.58528,78.32075500488281,0.677449168207024
tensor(2971),"tensor(13926., dtype=torch.float64)",tensor(9),0,1,0,0,0,0.0062146187,0.98470956,0.67909014,0.15396203,0.66062963,0,1,1,0,0,0.6666666666666666,0.33333333333333337,1,0.16714942,0.33937037,0.36291134,-2.4718583,31.252132,31.252132415771484,0.4600277264325323
tensor(3003),"tensor(20949., dtype=torch.float64)",tensor(9),1,0,0,0,0,0.9699849,0.12151883,0.0047776727,0.01862759,0.006434538,1,0,0,0,0,1.0,0.0,0,0.03627473,0.12151885,0.13331278,-3.959329,284.81778,433.2545166015625,0.3174676524953789
tensor(3029),"tensor(3385., dtype=torch.float64)",tensor(9),0,0,0,1,0,0.009541149,0.8758176,0.12645277,0.9811679,0.46179807,0,1,0,1,0,0.6666666666666666,0.33333333333333337,1,0.14816129,0.46179807,0.31846595,-2.5269885,18.322136,18.32213592529297,0.3747689463955638
tensor(3041),"tensor(3851., dtype=torch.float64)",tensor(9),0,0,0,1,0,0.008174031,0.7262576,0.3687805,0.9836473,0.48111933,0,1,0,1,0,0.6666666666666666,0.33333333333333337,1,0.22963375,0.48111933,0.41371948,-2.0968378,14.561856,14.561856269836426,0.5434380776340111
tensor(3053),"tensor(21329., dtype=torch.float64)",tensor(9),1,0,0,0,0,0.99113375,0.008988576,0.007541957,0.01395266,0.0105704395,1,0,0,0,0,1.0,0.0,0,0.009984016,0.0139526725,0.055693246,-4.6192346,379.041,379.0409851074219,0.26871534195933455
tensor(3083),"tensor(10698., dtype=torch.float64)",tensor(9),1,0,0,0,0,0.9758138,0.013874917,0.00153053,0.031866252,0.17623746,1,0,0,0,0,1.0,0.0,0,0.04953909,0.17623746,0.16106066,-3.8795342,214.75784,214.75784301757812,0.31654343807763397
tensor(3089),"tensor(2095., dtype=torch.float64)",tensor(9),1,0,0,0,0,0.79877204,0.040889855,0.08658401,0.049512386,0.6341043,1,0,0,0,0,1.0,0.0,0,0.14882201,0.3658957,0.36424726,-2.078891,82.99702,316.92535400390625,0.5720887245841035
tensor(3111),"tensor(5711., dtype=torch.float64)",tensor(9),1,0,0,0,0,0.86136943,0.034081403,0.073722884,0.17331672,0.38536173,1,0,0,0,0,1.0,0.0,0,0.16102266,0.38536173,0.3884047,-1.9462101,89.52765,362.1094665527344,0.6176062846580406
tensor(3127),"tensor(17465., dtype=torch.float64)",tensor(9),0,1,0,0,0,0.052021053,0.9054171,0.6511876,0.10397859,0.3251598,0,1,1,0,0,0.6666666666666666,0.33333333333333337,1,0.18491095,0.3488124,0.42571646,-1.7339609,28.542213,28.542213439941406,0.5787892791127542
tensor(3155),"tensor(732., dtype=torch.float64)",tensor(9),0,0,0,1,0,0.0005747698,0.7845009,0.25233656,0.9980501,0.8239096,0,1,0,1,1,0.5,0.5,1,0.1292901,0.25233656,0.31408626,-3.5240643,55.93939,55.939388275146484,0.37846580406654345
tensor(3169),"tensor(8852., dtype=torch.float64)",tensor(9),1,0,0,0,0,0.9452221,0.037498966,0.23097059,0.019380424,0.009793976,1,0,0,0,0,1.0,0.0,0,0.07048434,0.23097062,0.21267596,-3.1672523,270.12384,532.7194213867188,0.41705175600739375
tensor(3189),"tensor(21285., dtype=torch.float64)",tensor(9),1,0,0,0,0,0.9568456,0.034953307,0.0053750966,0.33134225,0.0164486,1,0,0,0,0,1.0,0.0,0,0.086254716,0.33134222,0.2163707,-3.286132,214.24973,401.5063781738281,0.39833641404805914
tensor(3203),"tensor(10042., dtype=torch.float64)",tensor(9),1,0,0,0,0,0.7476396,0.01729216,0.556697,0.05918113,0.4257572,1,0,1,0,0,0.6666666666666666,0.33333333333333337,1,0.23957878,0.443303,0.44914263,-1.683844,94.6923,115.91844940185547,0.7506931608133087
tensor(3233),"tensor(14392., dtype=torch.float64)",tensor(9),1,0,0,1,0,0.7596577,0.018100964,0.002051177,0.92980504,0.055047393,1,0,0,1,0,1.0,0.0,0,0.077147365,0.24034232,0.2248064,-3.351651,195.41994,195.41993713378906,0.38031423290203326
tensor(3265),"tensor(1353., dtype=torch.float64)",tensor(9),0,1,0,0,1,0.3478864,0.639939,0.5752863,0.23270155,0.37815127,0,1,1,0,0,0.5,0.5,1,0.3487028,0.42471367,0.6374043,-0.6394833,38.014046,38.01404571533203,0.8047597042513862
tensor(3271),"tensor(10309., dtype=torch.float64)",tensor(9),1,0,0,0,0,0.81715983,0.08818886,0.16446552,0.30742505,0.27803457,1,0,0,0,0,1.0,0.0,0,0.20419085,0.30742502,0.48582277,-1.4449923,54.17016,451.5554504394531,0.713724584103512
tensor(3273),"tensor(1040., dtype=torch.float64)",tensor(9),1,0,0,0,0,0.992926,0.0038705936,0.00073374104,0.0076592905,0.0664545,1,0,0,0,0,1.0,0.0,0,0.01715839,0.06645453,0.07255598,-5.0435877,235.76007,235.76007080078125,0.24491682070240295
tensor(3283),"tensor(1792., dtype=torch.float64)",tensor(9),1,0,0,0,0,0.96752286,0.008149216,0.016867934,0.036854997,0.1765266,1,0,0,0,0,1.0,0.0,0,0.054175198,0.1765266,0.1800101,-3.412891,204.6843,280.4669189453125,0.34450092421441775
tensor(3337),"tensor(746., dtype=torch.float64)",tensor(9),0,0,1,1,0,0.011400123,0.55263156,0.95472586,0.47951326,0.7697438,0,0,1,0,1,0.5,0.5,1,0.24276239,0.4795133,0.43323764,-1.8023043,27.654156,27.654155731201172,0.6194547134935305
tensor(3345),"tensor(7784., dtype=torch.float64)",tensor(9),1,0,0,0,0,0.96650577,0.03202521,0.0015540682,0.2606936,0.02591104,1,0,0,0,0,1.0,0.0,0,0.07073563,0.2606936,0.19880214,-3.5811043,243.53284,336.6044921875,0.38008317929759705
tensor(3349),"tensor(4835., dtype=torch.float64)",tensor(9),0,0,0,1,0,0.8954929,0.09664785,0.008138435,0.364469,0.09864612,1,0,0,0,0,0.0,1.0,1,0.13448173,0.364469,0.33556676,-2.3909047,101.92343,358.49957275390625,0.5261090573012939
tensor(3389),"tensor(10644., dtype=torch.float64)",tensor(9),0,1,0,0,0,0.031840794,0.9218684,0.43377975,0.7868942,0.30416355,0,1,1,1,0,0.5,0.5,1,0.21220428,0.43377972,0.44640216,-1.6565917,29.682352,29.68235206604004,0.6226894639556377
tensor(3401),"tensor(7511., dtype=torch.float64)",tensor(9),0,0,1,0,0,0.004083572,0.9665541,0.7282784,0.5414278,0.8707997,0,1,1,1,1,0.4,0.6,1,0.17940474,0.4585722,0.36651993,-2.3841093,41.257256,41.25725555419922,0.515018484288355
tensor(3409),"tensor(7108., dtype=torch.float64)",tensor(9),0,0,0,1,0,0.187685,0.22053185,0.26514918,0.9361527,0.43031406,0,0,0,1,0,1.0,0.0,0,0.23350549,0.43031406,0.50192624,-1.3425844,13.267797,13.267797470092773,0.6467190388170055
tensor(3411),"tensor(4377., dtype=torch.float64)",tensor(9),0,1,0,1,0,0.006152563,0.8487744,0.40881205,0.97740847,0.38268676,0,1,1,1,0,0.8,0.19999999999999996,1,0.19429368,0.40881205,0.3824065,-2.2848203,20.798592,20.79859161376953,0.4912199630314233
tensor(3417),"tensor(1044., dtype=torch.float64)",tensor(9),1,0,0,1,0,0.8719355,0.13019432,0.006427302,0.5374188,0.023086295,1,0,0,1,0,1.0,0.0,0,0.15007079,0.46258122,0.32169124,-2.550658,149.10823,149.1082305908203,0.5452865064695009
tensor(3433),"tensor(2663., dtype=torch.float64)",tensor(9),0,0,1,0,0,0.0064045493,0.05686316,0.9934477,0.021201923,0.97081345,0,0,1,0,1,0.6666666666666666,0.33333333333333337,1,0.024041653,0.05686319,0.10620768,-4.042184,128.61414,128.6141357421875,0.22412199630314233
tensor(3443),"tensor(4536., dtype=torch.float64)",tensor(9),0,1,0,1,0,0.31793535,0.6294341,0.04559562,0.86369383,0.21623538,0,1,0,1,0,1.0,0.0,0,0.21732771,0.3705659,0.47803983,-1.4936795,24.786652,24.786651611328125,0.6349353049907579
tensor(3447),"tensor(21065., dtype=torch.float64)",tensor(9),1,0,0,0,0,0.8948212,0.09395969,0.006781907,0.19302301,0.20488776,1,0,0,0,0,1.0,0.0,0,0.12076616,0.20488775,0.337245,-2.4360757,104.41404,308.87115478515625,0.5062384473197782
tensor(3457),"tensor(6881., dtype=torch.float64)",tensor(9),0,0,1,0,1,0.025531026,0.2330935,0.9693096,0.073392294,0.70380694,0,0,1,0,0,0.6666666666666666,0.33333333333333337,1,0.13178003,0.29619306,0.33377966,-2.3373523,39.261482,68.18457794189453,0.44316081330868756
tensor(3475),"tensor(10208., dtype=torch.float64)",tensor(9),1,0,0,0,0,0.9534507,0.07364068,0.0629924,0.008226339,0.010529086,1,0,0,0,0,1.0,0.0,0,0.04038763,0.073640704,0.15848139,-3.5172997,246.29938,466.8462829589844,0.3371072088724584
tensor(3495),"tensor(17675., dtype=torch.float64)",tensor(9),0,1,0,1,0,0.87214535,0.096493006,0.15019345,0.17405096,0.1385967,1,0,0,0,0,0.0,1.0,1,0.1374377,0.17405093,0.39746007,-1.8548281,69.194954,447.3643798828125,0.5884935304990758
tensor(3531),"tensor(5612., dtype=torch.float64)",tensor(9),0,0,1,0,0,0.004633693,0.13252182,0.9919545,0.050606668,0.95766205,0,0,1,0,1,0.6666666666666666,0.33333333333333337,1,0.047629178,0.13252181,0.16861889,-3.6227436,83.16376,83.16375732421875,0.2576247689463955
tensor(3587),"tensor(13541., dtype=torch.float64)",tensor(9),1,0,0,0,0,0.9740268,0.003994609,0.005278654,0.109042056,0.121296056,1,0,0,0,0,1.0,0.0,0,0.053116918,0.12129605,0.17869094,-3.6925495,254.72687,279.20111083984375,0.35351201478743066
tensor(3595),"tensor(19798., dtype=torch.float64)",tensor(9),1,0,0,0,0,0.9696609,0.0024491725,0.008474373,0.022891631,0.30279663,1,0,0,0,0,1.0,0.0,0,0.073390186,0.3027966,0.18485217,-3.76482,249.54553,249.5455322265625,0.3687615526802218
tensor(3597),"tensor(14329., dtype=torch.float64)",tensor(9),0,0,0,1,1,0.0031942865,0.3883087,0.7060778,0.9902351,0.7637382,0,0,1,1,1,0.8,0.19999999999999996,1,0.18629038,0.3883087,0.3793615,-2.5732923,38.796627,38.796627044677734,0.5113216266173752
tensor(3607),"tensor(12194., dtype=torch.float64)",tensor(9),1,0,0,0,0,0.2546084,0.23726638,0.5077826,0.847292,0.29329652,0,0,1,1,0,0.0,1.0,1,0.28601938,0.49221742,0.56814617,-0.97319716,20.877672,20.87767219543457,0.7181146025878004
tensor(3611),"tensor(14707., dtype=torch.float64)",tensor(9),1,0,0,0,0,0.91376764,0.064748354,0.14011844,0.09470042,0.0506687,1,0,0,0,0,1.0,0.0,0,0.087293625,0.14011842,0.29050174,-2.4066281,117.31411,446.47930908203125,0.4565619223659889
tensor(3637),"tensor(14504., dtype=torch.float64)",tensor(9),0,0,0,0,1,0.8200779,0.015606758,0.04628866,0.13408063,0.6084185,1,0,0,0,0,0.0,1.0,1,0.15349591,0.39158148,0.36052892,-2.1985362,110.22962,311.7696838378906,0.5845656192236599
tensor(3651),"tensor(9624., dtype=torch.float64)",tensor(9),0,1,0,0,0,0.02074908,0.9326004,0.73535156,0.089826606,0.5775949,0,1,1,0,0,0.6666666666666666,0.33333333333333337,1,0.17300576,0.42240512,0.38177124,-2.0264463,25.622288,25.62228775024414,0.5030036968576709
tensor(3663),"tensor(14521., dtype=torch.float64)",tensor(9),0,0,1,0,0,0.07502458,0.32521015,0.9113731,0.56690323,0.37863198,0,0,1,1,0,0.6666666666666666,0.33333333333333337,1,0.26011813,0.43309677,0.5088178,-1.2673968,47.51092,47.510921478271484,0.7569316081330869
tensor(3687),"tensor(20965., dtype=torch.float64)",tensor(9),0,0,1,0,0,0.030219143,0.016756248,0.98791915,0.0042374786,0.6621668,0,0,1,0,0,1.0,0.0,0,0.08022535,0.33783323,0.19059226,-3.6154323,164.37717,164.37716674804688,0.33964879852125696
tensor(3715),"tensor(11558., dtype=torch.float64)",tensor(9),0,1,0,0,0,0.34443673,0.8936356,0.02129146,0.024733037,0.007585898,0,1,0,0,0,1.0,0.0,0,0.10088235,0.34443676,0.2492638,-3.029672,171.05779,171.0577850341797,0.42213493530499074
tensor(3727),"tensor(15447., dtype=torch.float64)",tensor(9),1,0,0,0,0,0.9485651,0.13269061,0.002366831,0.18507893,0.004020366,1,0,0,0,0,1.0,0.0,0,0.07511824,0.18507892,0.2232122,-3.566101,304.12042,486.23724365234375,0.40734750462107205
tensor(3739),"tensor(19781., dtype=torch.float64)",tensor(9),0,0,1,0,0,0.18588787,0.19195971,0.645583,0.011925507,0.042963862,0,0,1,0,0,1.0,0.0,0,0.15743083,0.35441703,0.37226403,-2.2069042,136.20432,167.71046447753906,0.6062846580406656
tensor(3741),"tensor(4989., dtype=torch.float64)",tensor(9),1,0,0,1,0,0.4552342,0.049131695,0.000910655,0.98236173,0.13982008,0,0,0,1,0,0.6666666666666666,0.33333333333333337,1,0.13254702,0.45523417,0.27714133,-3.1959052,168.33322,168.33322143554688,0.4521719038817006
tensor(3747),"tensor(16811., dtype=torch.float64)",tensor(9),1,0,0,1,0,0.60645515,0.061018452,0.010623157,0.9264344,0.1475334,0,0,0,1,0,0.6666666666666666,0.33333333333333337,1,0.1372571,0.39354485,0.32801723,-2.397468,79.9376,79.9375991821289,0.5057763401109058
tensor(3757),"tensor(1187., dtype=torch.float64)",tensor(9),1,0,0,0,0,0.87929934,0.009148046,0.0062627615,0.059604745,0.67937285,1,0,0,0,0,1.0,0.0,0,0.10326874,0.32062715,0.2623205,-3.049429,177.34824,212.385498046875,0.4320702402957486
tensor(3771),"tensor(8569., dtype=torch.float64)",tensor(9),1,0,0,0,0,0.98870903,0.0025716543,0.013386632,0.021676274,0.04044841,1,0,0,0,0,1.0,0.0,0,0.017874837,0.040448427,0.08493121,-4.3418217,347.6798,347.6798095703125,0.2823475046210721
tensor(3783),"tensor(14136., dtype=torch.float64)",tensor(9),0,1,0,0,0,0.5423822,0.70004356,0.17960861,0.23698834,0.21519068,0,1,0,0,0,1.0,0.0,0,0.27787238,0.45761782,0.5679028,-0.99992436,32.83875,32.838748931884766,0.7523105360443623
tensor(3789),"tensor(12138., dtype=torch.float64)",tensor(9),0,1,0,0,0,0.013245581,0.5636252,0.9547053,0.040308286,0.6440933,0,0,1,0,0,0.0,1.0,1,0.178226,0.43637478,0.3519662,-2.2756178,48.452488,65.52337646484375,0.532347504621072
tensor(3799),"tensor(17602., dtype=torch.float64)",tensor(9),0,0,1,0,0,0.007655128,0.90630573,0.8910645,0.15696314,0.5334345,0,1,1,0,0,0.6666666666666666,0.33333333333333337,1,0.16676265,0.4665655,0.36514407,-2.2101266,39.85693,39.856929779052734,0.5117837338262476
tensor(3807),"tensor(1717., dtype=torch.float64)",tensor(9),1,0,0,0,0,0.9833628,0.0012186668,0.0015689855,0.0055624894,0.3429993,1,0,0,0,0,1.0,0.0,0,0.07359731,0.34299934,0.15663418,-4.615992,221.25568,221.25567626953125,0.3183918669131239
tensor(3821),"tensor(15040., dtype=torch.float64)",tensor(9),0,1,0,1,0,0.0068514957,0.9771352,0.30641183,0.8980205,0.5361528,0,1,0,1,0,1.0,0.0,0,0.18039101,0.46384722,0.35722008,-2.373735,36.39023,36.390228271484375,0.49815157116451014
tensor(3833),"tensor(2162., dtype=torch.float64)",tensor(9),1,0,0,0,0,0.9437341,0.0070954,0.008589419,0.033759676,0.42078447,1,0,0,0,0,1.0,0.0,0,0.105298996,0.42078447,0.22725658,-3.236648,189.30115,242.27291870117188,0.411275415896488
tensor(3835),"tensor(3490., dtype=torch.float64)",tensor(9),0,0,0,1,0,0.013240335,0.46979517,0.35057348,0.9834241,0.4747488,0,0,0,1,0,1.0,0.0,0,0.26498675,0.4747488,0.43715987,-1.8465658,13.47904,13.479040145874023,0.5991219963031423
tensor(3857),"tensor(12069., dtype=torch.float64)",tensor(9),1,0,0,1,0,0.9608891,0.008504454,0.00509273,0.17633224,0.1427802,1,0,0,0,0,0.6666666666666666,0.33333333333333337,1,0.074364066,0.17633224,0.22437039,-3.3137405,202.34473,279.46356201171875,0.3853974121996303
tensor(3877),"tensor(13533., dtype=torch.float64)",tensor(9),0,1,0,0,0,0.02161783,0.046105813,0.98010045,0.07569815,0.95301366,0,0,1,0,1,0.0,1.0,1,0.042061508,0.07569814,0.16929653,-3.2502022,76.08652,76.08651733398438,0.26524953789279115
tensor(3883),"tensor(17269., dtype=torch.float64)",tensor(9),0,1,1,0,0,0.015399046,0.7857272,0.8988128,0.43448594,0.6641382,0,1,1,0,0,1.0,0.0,0,0.22024137,0.4344859,0.4499169,-1.717351,31.740904,38.1531982421875,0.633086876155268
tensor(3889),"tensor(10581., dtype=torch.float64)",tensor(9),1,0,0,1,0,0.6769456,0.31226212,0.022979919,0.7047113,0.09224564,1,0,0,1,0,1.0,0.0,0,0.20916617,0.32305437,0.4547983,-1.6871151,52.65927,52.659271240234375,0.6846118299445472
tensor(3891),"tensor(19879., dtype=torch.float64)",tensor(9),0,1,0,1,0,0.07711735,0.913778,0.5612452,0.10856435,0.45855895,0,1,1,0,0,0.5,0.5,1,0.2338435,0.45855892,0.4568437,-1.4721377,21.14021,21.140209197998047,0.6307763401109058
tensor(3893),"tensor(17201., dtype=torch.float64)",tensor(9),0,0,0,0,0,0.2871049,0.20249973,0.0792495,0.08759795,0.03863246,0,0,0,0,0,1.0,0.0,0,0.13901693,0.2871049,0.3681676,-2.0580812,89.16159,89.16159057617188,0.5713955637707948
tensor(3899),"tensor(18692., dtype=torch.float64)",tensor(9),0,1,0,0,0,0.0023054008,0.9954601,0.57139355,0.19220065,0.54632604,0,1,1,0,0,0.6666666666666666,0.33333333333333337,1,0.21626532,0.45367396,0.38129786,-2.67393,40.084633,40.084632873535156,0.5321164510166358
tensor(3903),"tensor(21345., dtype=torch.float64)",tensor(9),1,0,0,0,0,0.8960238,0.120472446,0.08962,0.060215157,0.13823842,1,0,0,0,0,1.0,0.0,0,0.10250455,0.13823843,0.32651353,-2.2075558,84.51961,401.22021484375,0.4907578558225508
tensor(3905),"tensor(16933., dtype=torch.float64)",tensor(9),0,0,1,0,1,0.007912088,0.034095023,0.9900601,0.07423753,0.97099113,0,0,1,0,1,1.0,0.0,0,0.031038642,0.074237525,0.12926812,-3.7621224,115.34485,115.3448486328125,0.24399260628465802
tensor(3917),"tensor(14457., dtype=torch.float64)",tensor(9),1,0,0,0,0,0.50305754,0.026916487,0.82009447,0.022159634,0.19648686,0,0,1,0,0,0.0,1.0,1,0.18448222,0.49694246,0.3780111,-2.0624843,133.25076,139.8822021484375,0.6504158964879851
tensor(3919),"tensor(12865., dtype=torch.float64)",tensor(9),0,1,0,0,0,0.935825,0.21638824,0.0038390683,0.09412736,0.017386122,1,0,0,0,0,0.0,1.0,1,0.07918322,0.21638823,0.23709151,-3.1648254,192.71628,408.00750732421875,0.3964879852125693
tensor(3939),"tensor(12807., dtype=torch.float64)",tensor(9),0,0,1,0,0,0.9461845,0.031683635,0.031751554,0.08062489,0.12433486,1,0,0,0,0,0.0,1.0,1,0.06444204,0.12433487,0.2293385,-2.8180149,133.12796,327.39801025390625,0.3812384473197782
tensor(3979),"tensor(3495., dtype=torch.float64)",tensor(9),0,0,1,1,1,0.2542085,0.29841572,0.6635736,0.5395739,0.70059484,0,0,1,1,0,0.8,0.19999999999999996,1,0.32977635,0.4604261,0.62308705,-0.7238329,25.166744,30.87954330444336,0.7525415896487986
tensor(4005),"tensor(1030., dtype=torch.float64)",tensor(9),1,0,0,0,0,0.23920818,0.22235705,0.8581734,0.09431174,0.5258721,0,0,1,0,0,0.0,1.0,1,0.2343663,0.4741279,0.49850312,-1.314976,35.534435,77.3002700805664,0.7035582255083179
tensor(4057),"tensor(21263., dtype=torch.float64)",tensor(9),1,0,0,0,0,0.93850833,0.04175009,0.00077113305,0.1209733,0.19277768,1,0,0,0,0,1.0,0.0,0,0.08355272,0.1927777,0.25398046,-3.288197,208.23196,231.099853515625,0.40757855822550837
tensor(4105),"tensor(5419., dtype=torch.float64)",tensor(9),0,1,0,1,0,0.002039084,0.97770894,0.8537279,0.11680612,0.84723574,0,1,1,0,1,0.4,0.6,1,0.08803451,0.15276426,0.26513416,-3.0948997,48.25971,48.259708404541016,0.3197781885397412
tensor(4117),"tensor(19574., dtype=torch.float64)",tensor(9),0,0,0,0,0,0.4298909,0.07708852,0.719185,0.15159523,0.68456596,0,0,1,0,0,0.0,1.0,1,0.25096476,0.42989087,0.51949036,-1.2404554,27.279974,72.06664276123047,0.694547134935305
tensor(4145),"tensor(1022., dtype=torch.float64)",tensor(9),0,0,1,0,0,0.013297253,0.9464949,0.77092165,0.18350388,0.5032329,0,1,1,0,0,0.6666666666666666,0.33333333333333337,1,0.19523036,0.4967671,0.39746323,-1.9798081,26.00213,26.00213050842285,0.5411275415896488
tensor(4161),"tensor(18532., dtype=torch.float64)",tensor(9),0,1,0,0,0,0.107774995,0.37904745,0.74963933,0.00928033,0.124021634,0,0,1,0,0,0.0,1.0,1,0.17409694,0.37904745,0.39913893,-2.0658753,105.403076,125.1635971069336,0.6397874306839186
tensor(4185),"tensor(8611., dtype=torch.float64)",tensor(9),1,0,0,0,0,0.97407216,0.0019335053,0.0019389975,0.053879462,0.26620445,1,0,0,0,0,1.0,0.0,0,0.069976926,0.26620448,0.18751587,-3.9991767,224.13608,224.13607788085938,0.3470425138632163
tensor(4195),"tensor(17410., dtype=torch.float64)",tensor(9),0,1,1,0,0,0.0020688048,0.96667564,0.8980685,0.102133304,0.7218681,0,1,1,0,0,1.0,0.0,0,0.10351801,0.2781319,0.28223997,-2.9699447,46.95599,46.955989837646484,0.35073937153419593
tensor(4209),"tensor(17668., dtype=torch.float64)",tensor(9),0,1,0,0,0,0.013720783,0.99448204,0.03966682,0.0461062,0.056802377,0,1,0,0,0,1.0,0.0,0,0.03236282,0.056802392,0.1357029,-3.6990616,82.85644,82.85643768310547,0.2259704251386322
tensor(4223),"tensor(17367., dtype=torch.float64)",tensor(9),0,0,0,1,0,0.28373682,0.30028817,0.02972803,0.95511556,0.25767446,0,0,0,1,0,1.0,0.0,0,0.18326247,0.3002882,0.41902605,-1.8746488,24.652672,24.652671813964844,0.5455175600739371
tensor(4233),"tensor(14717., dtype=torch.float64)",tensor(9),0,1,0,0,1,0.06534108,0.966529,0.2889617,0.08047195,0.22115296,0,1,0,0,0,0.6666666666666666,0.33333333333333337,1,0.13787973,0.2889617,0.3595057,-2.1237874,26.866669,26.866668701171875,0.44362292051756014
tensor(4243),"tensor(12033., dtype=torch.float64)",tensor(9),1,0,0,0,0,0.9055245,0.2667015,0.025787832,0.13856512,0.046088543,1,0,0,0,0,1.0,0.0,0,0.114323735,0.26670146,0.3203372,-2.3521175,113.45402,428.71240234375,0.5046210720887246
tensor(4279),"tensor(3040., dtype=torch.float64)",tensor(9),0,0,0,1,0,0.53357285,0.43027312,0.3076966,0.36259788,0.5781772,0,0,0,0,0,0.0,1.0,1,0.3977635,0.46642715,0.66546,-0.4211084,38.590008,38.59000778198242,0.8163123844731976
tensor(4281),"tensor(10812., dtype=torch.float64)",tensor(9),0,0,0,1,0,0.61628556,0.13581288,0.16690084,0.7022828,0.14073859,1,0,0,1,0,0.6666666666666666,0.33333333333333337,1,0.22497672,0.38371444,0.50586003,-1.3198874,35.032448,35.032447814941406,0.696626617375231
tensor(4307),"tensor(13866., dtype=torch.float64)",tensor(9),0,1,1,0,0,0.0013706661,0.99459237,0.692065,0.025242878,0.23101282,0,1,1,0,0,1.0,0.0,0,0.11419374,0.307935,0.26395148,-3.4943318,87.83599,87.83599090576172,0.3678373382624769
tensor(4333),"tensor(4365., dtype=torch.float64)",tensor(9),0,1,1,0,0,0.36389026,0.28737974,0.5803584,0.69965845,0.31822187,0,0,1,1,0,0.5,0.5,1,0.33789504,0.4196416,0.63445276,-0.679707,25.126049,25.126049041748047,0.757162661737523
tensor(4367),"tensor(14477., dtype=torch.float64)",tensor(9),0,0,1,0,0,0.6306013,0.09691603,0.5440933,0.27258715,0.27364713,1,0,1,0,0,0.6666666666666666,0.33333333333333337,1,0.2936911,0.4559067,0.567762,-0.9802666,53.179462,115.9770278930664,0.8098428835489834
tensor(4395),"tensor(7589., dtype=torch.float64)",tensor(9),0,0,1,0,0,0.12946676,0.35503033,0.8535013,0.53490514,0.32563642,0,0,1,1,0,0.6666666666666666,0.33333333333333337,1,0.2843454,0.46509486,0.55484354,-1.0265697,40.50669,40.506690979003906,0.7710258780036968
tensor(4415),"tensor(2405., dtype=torch.float64)",tensor(9),0,0,0,1,0,0.003663484,0.79097223,0.6161359,0.98141485,0.5366264,0,1,1,1,0,0.5,0.5,1,0.21570289,0.4633736,0.39714772,-2.304609,23.09977,23.099769592285156,0.5175600739371534
tensor(4439),"tensor(9118., dtype=torch.float64)",tensor(9),1,0,0,0,0,0.9115284,0.008668095,0.010175232,0.012932695,0.6506553,1,0,0,0,0,1.0,0.0,0,0.09391844,0.34934467,0.22433999,-3.3212628,174.62146,223.01092529296875,0.3856284658040665
tensor(4447),"tensor(18578., dtype=torch.float64)",tensor(9),1,0,0,0,0,0.9353436,0.015630689,0.0023624497,0.6999776,0.012618215,1,0,0,1,0,0.6666666666666666,0.33333333333333337,1,0.07905799,0.30002242,0.20306888,-3.6134782,279.7926,279.7926025390625,0.3955637707948244
tensor(4483),"tensor(9206., dtype=torch.float64)",tensor(9),1,0,0,0,0,0.87967676,0.35599253,0.006581524,0.03756427,0.11129759,1,0,0,0,0,1.0,0.0,0,0.12635183,0.35599256,0.31352243,-2.5840056,115.0073,353.887939453125,0.49445471349353054
tensor(4485),"tensor(5786., dtype=torch.float64)",tensor(9),1,0,0,0,0,0.9756653,0.03506852,0.006937471,0.022066347,0.056527726,1,0,0,0,0,1.0,0.0,0,0.02898693,0.056527734,0.12621608,-3.7152092,214.81839,289.5340881347656,0.2906654343807763
tensor(4507),"tensor(15898., dtype=torch.float64)",tensor(9),1,0,0,0,0,0.98581415,0.0013363742,0.012630139,0.0063778297,0.122483805,1,0,0,0,0,1.0,0.0,0,0.031402767,0.12248379,0.11256772,-4.4468565,300.4945,300.4945068359375,0.2936691312384473
tensor(4543),"tensor(7514., dtype=torch.float64)",tensor(9),1,0,0,0,0,0.8793726,0.017079193,0.0025525473,0.6319166,0.12554929,1,0,0,1,0,0.6666666666666666,0.33333333333333337,1,0.12677842,0.36808342,0.30163425,-2.8977246,156.69461,156.69461059570312,0.4798983364140481
tensor(4571),"tensor(1606., dtype=torch.float64)",tensor(9),0,1,0,1,1,0.0024307892,0.9462366,0.305054,0.98500466,0.5898596,0,1,0,1,0,0.8,0.19999999999999996,1,0.15727681,0.4101404,0.31927383,-2.8513293,31.806948,31.806947708129883,0.39533271719038815
tensor(4587),"tensor(761., dtype=torch.float64)",tensor(9),1,0,0,0,0,0.99639755,0.022113701,0.0001357514,0.0030637297,0.0054391413,1,0,0,0,0,1.0,0.0,0,0.0068709254,0.02211368,0.03718808,-5.862002,400.68683,400.68682861328125,0.25369685767097966
tensor(4647),"tensor(531., dtype=torch.float64)",tensor(9),1,0,0,0,0,0.91847765,0.05125571,0.04124278,0.17148267,0.14700972,1,0,0,0,0,1.0,0.0,0,0.098502636,0.17148268,0.30645162,-2.3639438,91.70563,369.835693359375,0.4669593345656192
tensor(4651),"tensor(6944., dtype=torch.float64)",tensor(9),0,0,1,1,0,0.01930744,0.4571026,0.8138592,0.9558481,0.48159033,0,0,1,1,0,1.0,0.0,0,0.23765862,0.48159033,0.42775258,-1.7447405,29.729969,29.729969024658203,0.6229205175600739
tensor(4661),"tensor(15993., dtype=torch.float64)",tensor(9),0,1,0,0,1,0.00095152785,0.9950584,0.6782371,0.46507603,0.7790759,0,1,1,0,1,0.8,0.19999999999999996,1,0.20273125,0.46507603,0.37714252,-2.8815017,48.04419,48.044189453125,0.5205637707948243
tensor(4663),"tensor(5941., dtype=torch.float64)",tensor(9),0,0,0,0,1,0.95192415,0.00091602176,0.0045854393,0.0112487385,0.62979686,1,0,0,0,0,0.0,1.0,1,0.08700591,0.37020314,0.19002567,-4.073613,240.97646,240.97645568847656,0.36691312384473196
tensor(4677),"tensor(4670., dtype=torch.float64)",tensor(9),1,0,0,0,0,0.8245298,0.043156136,0.032852504,0.18745409,0.5088593,1,0,0,0,0,1.0,0.0,0,0.18601477,0.49114072,0.39246505,-1.9061124,89.9789,322.59393310546875,0.6531885397412199
tensor(4681),"tensor(5632., dtype=torch.float64)",tensor(9),0,0,0,1,0,0.5912142,0.049540266,0.7600785,0.15594205,0.09918534,0,0,1,0,0,0.0,1.0,1,0.19067508,0.40878582,0.43614617,-1.6742607,119.514465,159.99322509765625,0.7229667282809612
tensor(4695),"tensor(4798., dtype=torch.float64)",tensor(9),0,0,1,0,0,0.039771527,0.3738246,0.94584817,0.3442353,0.51596606,0,0,1,0,0,1.0,0.0,0,0.25920343,0.48403394,0.47503653,-1.4537032,40.883873,101.22623443603516,0.7155730129390019
tensor(4733),"tensor(21541., dtype=torch.float64)",tensor(9),0,0,0,1,0,0.0068906983,0.84653777,0.42924806,0.9758756,0.68531835,0,1,1,1,0,0.5,0.5,1,0.18568146,0.4292481,0.37788287,-2.2883446,20.04808,20.048080444335938,0.47504621072088726
tensor(4751),"tensor(3264., dtype=torch.float64)",tensor(9),0,0,1,0,0,0.36698797,0.69227225,0.43961045,0.041674342,0.17019197,0,1,1,0,0,0.6666666666666666,0.33333333333333337,1,0.26523852,0.43961048,0.5179718,-1.2636473,44.81258,44.81258010864258,0.7539279112754159
tensor(4761),"tensor(9303., dtype=torch.float64)",tensor(9),0,0,1,0,0,0.046768185,0.56873804,0.88519025,0.48402673,0.70166093,0,0,1,0,0,1.0,0.0,0,0.27504116,0.48402673,0.50621927,-1.2506039,25.99445,96.88906860351562,0.6963955637707948
tensor(4861),"tensor(8484., dtype=torch.float64)",tensor(9),0,1,0,0,0,0.042901114,0.96510327,0.42128426,0.17186105,0.40269542,0,1,1,0,0,0.6666666666666666,0.33333333333333337,1,0.21472776,0.42128426,0.42840925,-1.7418191,15.912092,15.912092208862305,0.5727818853974121
tensor(4863),"tensor(16346., dtype=torch.float64)",tensor(9),0,0,0,0,1,0.041787904,0.1626878,0.9651101,0.11312956,0.7608541,0,0,1,0,1,0.6666666666666666,0.33333333333333337,1,0.11832821,0.23914587,0.3344273,-2.2614808,30.049747,30.049747467041016,0.40827171903881704
tensor(4925),"tensor(13415., dtype=torch.float64)",tensor(9),0,1,0,0,0,0.072472245,0.71520394,0.7739005,0.46762943,0.28802115,0,1,1,0,0,0.6666666666666666,0.33333333333333337,1,0.26780367,0.46762943,0.5366708,-1.1470519,38.922173,40.49324035644531,0.7502310536044362
tensor(4953),"tensor(16348., dtype=torch.float64)",tensor(9),0,1,0,0,0,0.03157977,0.14168769,0.97109824,0.07751147,0.8499702,0,0,1,0,1,0.0,1.0,1,0.08594209,0.15002978,0.274904,-2.5900066,33.34562,33.345619201660156,0.319547134935305
tensor(4961),"tensor(6777., dtype=torch.float64)",tensor(9),1,0,0,0,0,0.69801337,0.5358148,0.045708273,0.025210835,0.012353244,1,0,0,0,0,1.0,0.0,0,0.16988885,0.46418518,0.33460602,-2.4112809,145.83447,539.829833984375,0.5831792975970425
tensor(4989),"tensor(21679., dtype=torch.float64)",tensor(9),0,0,1,0,0,0.0617551,0.23393016,0.93455464,0.5662977,0.2936502,0,0,1,1,0,0.6666666666666666,0.33333333333333337,1,0.2176966,0.4337023,0.46143287,-1.5420845,65.21347,65.21347045898438,0.7241219963031423
tensor(5109),"tensor(17295., dtype=torch.float64)",tensor(9),0,1,0,0,0,0.7616457,0.2999292,0.15651432,0.1250607,0.35019398,1,0,0,0,0,0.0,1.0,1,0.23401052,0.35019398,0.5236558,-1.2514591,48.279095,448.94366455078125,0.7474584103512015
tensor(5139),"tensor(21190., dtype=torch.float64)",tensor(9),0,1,0,0,0,0.010632299,0.96377975,0.5655315,0.7412438,0.64298666,0,1,1,1,0,0.5,0.5,1,0.21941817,0.4344685,0.42451867,-1.9437706,28.818462,28.818462371826172,0.5889556377079482
tensor(5161),"tensor(16546., dtype=torch.float64)",tensor(9),1,0,0,0,0,0.9946519,0.0017857355,0.00358236,0.020220105,0.014346292,1,0,0,0,0,1.0,0.0,0,0.009056449,0.0202201,0.048834294,-5.0580797,377.3259,377.3258972167969,0.25970425138632164
tensor(5199),"tensor(13233., dtype=torch.float64)",tensor(9),1,0,0,0,0,0.57432765,0.24036881,0.0077867457,0.89185023,0.07617328,0,0,0,1,0,0.0,1.0,1,0.1716302,0.42567235,0.37821534,-2.1805997,77.09212,77.09211730957031,0.5938077634011091
tensor(5211),"tensor(12626., dtype=torch.float64)",tensor(9),0,1,1,0,1,0.029967828,0.14176677,0.9714986,0.03174795,0.88240355,0,0,1,0,1,0.8,0.19999999999999996,1,0.06991607,0.14176679,0.2350314,-2.8479679,49.707794,49.707794189453125,0.3140018484288355
tensor(5253),"tensor(8175., dtype=torch.float64)",tensor(9),1,0,0,0,0,0.86913776,0.041032366,0.0053269574,0.3211791,0.3159358,1,0,0,0,0,1.0,0.0,0,0.16286725,0.3211791,0.36879122,-2.3590715,111.785706,293.8103332519531,0.5843345656192237
tensor(5263),"tensor(15753., dtype=torch.float64)",tensor(9),1,0,0,0,0,0.96872497,0.028074507,0.010743497,0.23300587,0.013229,1,0,0,0,0,1.0,0.0,0,0.06326562,0.23300588,0.18795307,-3.4007347,229.6315,415.4393615722656,0.3694547134935305
tensor(5293),"tensor(14465., dtype=torch.float64)",tensor(9),0,1,1,0,1,0.000568584,0.88982856,0.9715252,0.36436412,0.9577282,0,1,1,0,1,1.0,0.0,0,0.10917014,0.36436415,0.26241526,-3.3535087,55.159866,55.15986633300781,0.3334103512014787
tensor(5335),"tensor(19037., dtype=torch.float64)",tensor(9),0,0,1,1,0,0.82740766,0.24921669,0.20461828,0.11406414,0.08651387,1,0,0,0,0,0.0,1.0,1,0.1654011,0.24921668,0.4355021,-1.6869364,71.90282,503.2538757324219,0.6621996303142329
tensor(5345),"tensor(20329., dtype=torch.float64)",tensor(9),1,0,0,0,0,0.9644466,0.028238202,0.010193874,0.033289157,0.13440762,1,0,0,0,0,1.0,0.0,0,0.048336387,0.13440764,0.17593516,-3.329176,177.44818,276.67413330078125,0.32670979667282807
tensor(5347),"tensor(17734., dtype=torch.float64)",tensor(9),0,1,0,0,0,0.33563998,0.63225484,0.5725821,0.33112213,0.24696916,0,1,1,0,0,0.6666666666666666,0.33333333333333337,1,0.34177887,0.42741787,0.6344741,-0.6670076,41.9618,41.96179962158203,0.8142329020332717
tensor(5371),"tensor(8992., dtype=torch.float64)",tensor(9),1,0,0,0,0,0.9580362,0.0015487331,0.0022977425,0.010444761,0.59683776,1,0,0,0,0,1.0,0.0,0,0.09188348,0.40316224,0.18685366,-4.1227674,213.24149,213.24148559570312,0.35351201478743066
tensor(5377),"tensor(12289., dtype=torch.float64)",tensor(9),1,0,0,0,0,0.95852035,0.1756529,0.0030242314,0.12095764,0.0066092224,1,0,0,0,0,1.0,0.0,0,0.06954467,0.17565292,0.21330175,-3.496078,284.69806,452.2177734375,0.39949168207024033
tensor(5403),"tensor(19194., dtype=torch.float64)",tensor(9),1,0,0,0,0,0.94391716,0.007961702,0.0009973481,0.5039079,0.06140186,1,0,0,1,0,0.6666666666666666,0.33333333333333337,1,0.12450713,0.49609208,0.23885465,-3.4600644,240.13614,240.13613891601562,0.4452402957486137
tensor(5405),"tensor(19508., dtype=torch.float64)",tensor(9),1,0,0,0,0,0.85602593,0.10934443,0.14381893,0.27278176,0.15423635,1,0,0,0,0,1.0,0.0,0,0.16483104,0.27278173,0.43701687,-1.6692715,58.017197,463.6454772949219,0.6451016635859519
tensor(5427),"tensor(14119., dtype=torch.float64)",tensor(9),1,0,0,0,0,0.9607643,0.019827774,0.017283598,0.041706413,0.14327358,1,0,0,0,0,1.0,0.0,0,0.052265346,0.14327359,0.18686748,-3.2124424,176.70538,288.58843994140625,0.34311460258780035
tensor(5437),"tensor(14197., dtype=torch.float64)",tensor(9),0,0,1,0,0,0.33071855,0.07073033,0.88412124,0.050728712,0.43510357,0,0,1,0,0,1.0,0.0,0,0.20063198,0.43510354,0.42683965,-1.7005546,61.977676,86.11033630371094,0.6762939001848429
tensor(5487),"tensor(10480., dtype=torch.float64)",tensor(9),1,0,0,0,0,0.65091574,0.82732946,0.0005161734,0.0925408,0.05876609,1,1,0,0,0,0.6666666666666666,0.33333333333333337,1,0.13471556,0.34908426,0.32866648,-2.9630122,180.58466,180.58465576171875,0.5127079482439927
tensor(5579),"tensor(12253., dtype=torch.float64)",tensor(9),1,0,0,0,0,0.9714714,0.003682994,0.0029977858,0.022505928,0.3209847,1,0,0,0,0,1.0,0.0,0,0.07573998,0.32098472,0.18191251,-3.8911176,218.45395,218.45394897460938,0.34658040665434386
tensor(5589),"tensor(17964., dtype=torch.float64)",tensor(9),1,0,0,0,0,0.82661825,0.1680238,0.012838274,0.23982485,0.31005478,1,0,0,0,0,1.0,0.0,0,0.18082464,0.31005478,0.43052799,-1.8914902,77.89758,329.57568359375,0.6594269870609981
tensor(5621),"tensor(16080., dtype=torch.float64)",tensor(9),1,0,0,0,0,0.9975382,0.0001299593,0.00034008926,0.014321964,0.04307742,1,0,0,0,0,1.0,0.0,0,0.012066245,0.04307741,0.05484574,-6.0541587,387.48526,387.4852600097656,0.26132162661737524
tensor(5625),"tensor(20009., dtype=torch.float64)",tensor(9),0,0,1,0,1,0.14594792,0.090597905,0.93741643,0.09975667,0.42256546,0,0,1,0,0,0.6666666666666666,0.33333333333333337,1,0.16429031,0.42256546,0.39184138,-1.8583813,58.88726,95.28669738769531,0.6012014787430684
tensor(5655),"tensor(10654., dtype=torch.float64)",tensor(9),1,0,0,0,0,0.9581499,0.0014790889,0.0020191704,0.063961715,0.41327247,1,0,0,0,0,1.0,0.0,0,0.104516506,0.4132725,0.22304037,-3.7765262,230.40044,230.4004364013672,0.40318853974121993
tensor(5665),"tensor(17295., dtype=torch.float64)",tensor(9),0,1,0,0,0,0.3902978,0.09607597,0.8060629,0.1227634,0.48789755,0,0,1,0,0,0.0,1.0,1,0.25819433,0.48789752,0.5084773,-1.2254463,37.89267,79.1855239868164,0.7322088724584104
tensor(5687),"tensor(16438., dtype=torch.float64)",tensor(9),0,0,1,1,1,0.009715745,0.15228374,0.98537004,0.13572505,0.9251938,0,0,1,0,1,0.8,0.19999999999999996,1,0.077432156,0.15228373,0.24413891,-2.983471,46.05507,46.05506896972656,0.30268022181146026
tensor(5731),"tensor(7028., dtype=torch.float64)",tensor(9),1,0,0,0,0,0.99511355,0.0010363885,0.0014738537,0.020344967,0.031122902,1,0,0,0,0,1.0,0.0,0,0.011772931,0.031122923,0.057623886,-5.2036633,324.6217,324.6217041015625,0.25808687615526804
tensor(5733),"tensor(11021., dtype=torch.float64)",tensor(9),1,0,0,0,0,0.95603555,0.016137347,0.024154084,0.06801913,0.15917808,1,0,0,0,0,1.0,0.0,0,0.06229055,0.15917808,0.21270518,-3.0340989,161.14923,311.786376953125,0.3701478743068392
tensor(5755),"tensor(6338., dtype=torch.float64)",tensor(9),0,1,0,0,0,0.552187,0.15897503,0.529236,0.21775317,0.62770575,0,0,1,0,0,0.0,1.0,1,0.33351982,0.47076398,0.6002617,-0.75873166,29.143263,83.12590026855469,0.7650184842883548
tensor(5769),"tensor(8484., dtype=torch.float64)",tensor(9),0,1,1,0,1,0.00426727,0.9737766,0.7629602,0.48850232,0.7006297,0,1,1,0,0,0.8,0.19999999999999996,1,0.21108061,0.48850232,0.39995176,-2.2264612,28.634876,28.634876251220703,0.5418207024029574
tensor(5825),"tensor(823., dtype=torch.float64)",tensor(9),1,0,0,0,0,0.95351833,0.0014927087,0.0011765817,0.0045597334,0.75484914,1,0,0,0,0,1.0,0.0,0,0.059772313,0.24515086,0.15888254,-4.55626,208.53453,208.53453063964844,0.302449168207024
tensor(5857),"tensor(14338., dtype=torch.float64)",tensor(9),0,1,0,1,0,0.020630267,0.82316154,0.086967014,0.8849765,0.9092562,0,1,0,1,1,0.8,0.19999999999999996,1,0.09804058,0.17683846,0.3047315,-2.418864,76.77316,76.77316284179688,0.4477818853974122
tensor(5861),"tensor(19492., dtype=torch.float64)",tensor(9),0,0,1,0,0,0.06671655,0.9449056,0.4958744,0.20145185,0.43967137,0,1,1,0,0,0.6666666666666666,0.33333333333333337,1,0.25176173,0.4958744,0.46793684,-1.4233073,19.812656,19.81265640258789,0.6471811460258781
tensor(5863),"tensor(9194., dtype=torch.float64)",tensor(9),0,1,0,0,0,0.0038168721,0.9454419,0.24093503,0.9680342,0.35897455,0,1,0,1,0,0.6666666666666666,0.33333333333333337,1,0.13805008,0.35897458,0.3166557,-2.7109733,27.365036,27.365036010742188,0.3703789279112754
tensor(5889),"tensor(17657., dtype=torch.float64)",tensor(9),0,1,0,0,0,0.018627778,0.9916569,0.14925066,0.20604658,0.18618783,0,1,0,0,0,1.0,0.0,0,0.11369115,0.20604658,0.31032333,-2.661326,32.997475,32.997474670410156,0.36437153419593343
tensor(5923),"tensor(20812., dtype=torch.float64)",tensor(9),1,0,0,1,0,0.7358867,0.12125213,0.008803529,0.5267784,0.3566818,1,0,0,1,0,1.0,0.0,0,0.24481452,0.4732216,0.4680707,-1.6852192,69.89815,69.89814758300781,0.7393715341959335
tensor(5925),"tensor(16910., dtype=torch.float64)",tensor(9),0,0,0,1,0,0.00742691,0.18645948,0.05977951,0.99670476,0.47568426,0,0,0,1,0,1.0,0.0,0,0.14652908,0.4756843,0.29306132,-2.9866257,36.895897,36.895896911621094,0.375
tensor(5927),"tensor(13482., dtype=torch.float64)",tensor(9),0,1,0,0,0,0.011142773,0.9926802,0.31585503,0.1774325,0.29224917,0,1,0,0,0,1.0,0.0,0,0.16079986,0.31585503,0.35996228,-2.5173593,31.217052,31.217052459716797,0.44916820702402954
tensor(5943),"tensor(7252., dtype=torch.float64)",tensor(9),0,0,0,1,0,0.06625705,0.3455112,0.09701197,0.97874,0.523982,0,0,0,1,0,1.0,0.0,0,0.20121163,0.476018,0.40036768,-1.8881601,11.596682,11.596681594848633,0.5300369685767098
tensor(5945),"tensor(3122., dtype=torch.float64)",tensor(9),1,0,0,0,0,0.9333318,0.01725483,0.0044073965,0.0737242,0.38022003,1,0,0,0,0,1.0,0.0,0,0.108455,0.38022006,0.2575465,-3.02416,181.0275,235.0892333984375,0.4390018484288355
tensor(5949),"tensor(3483., dtype=torch.float64)",tensor(9),0,0,1,0,0,0.053285226,0.1847415,0.9588267,0.076411314,0.612796,0,0,1,0,0,1.0,0.0,0,0.14856309,0.387204,0.3591273,-2.0922048,42.226223,75.8731689453125,0.5097042513863216
tensor(5955),"tensor(20843., dtype=torch.float64)",tensor(9),0,0,0,0,1,0.49900776,0.13147065,0.5434953,0.27114174,0.67830604,0,0,1,0,0,0.0,1.0,1,0.33596373,0.49900776,0.5968415,-0.76024884,28.103226,88.10507202148438,0.7613216266173752
tensor(5961),"tensor(9038., dtype=torch.float64)",tensor(9),1,0,0,1,0,0.5961902,0.13945961,0.042826034,0.86386067,0.14567295,0,0,0,1,0,0.6666666666666666,0.33333333333333337,1,0.17358148,0.4038098,0.41367063,-1.7865846,42.1465,42.14649963378906,0.5981977818853974
tensor(6011),"tensor(7745., dtype=torch.float64)",tensor(9),0,1,0,0,0,0.012204931,0.9088146,0.8278561,0.43777436,0.6490471,0,1,1,0,0,0.6666666666666666,0.33333333333333337,1,0.2128523,0.43777436,0.43277258,-1.8256886,28.134132,28.134132385253906,0.5961182994454713
tensor(6031),"tensor(14402., dtype=torch.float64)",tensor(9),1,0,0,0,0,0.62655956,0.08032451,0.38402322,0.52057207,0.35269472,1,0,0,1,0,0.6666666666666666,0.33333333333333337,1,0.3339821,0.47942793,0.5895443,-0.8234976,42.161568,42.16156768798828,0.8022181146025877
tensor(6057),"tensor(7969., dtype=torch.float64)",tensor(9),0,0,0,1,0,0.6685794,0.189677,0.0013236414,0.88514113,0.026607493,1,0,0,1,0,0.6666666666666666,0.33333333333333337,1,0.13277757,0.3314206,0.32206565,-2.8843117,170.0539,170.05389404296875,0.5071626617375231
tensor(6067),"tensor(3191., dtype=torch.float64)",tensor(9),0,1,0,0,0,0.8711746,0.45661554,0.015180899,0.05322367,0.02136246,1,0,0,0,0,0.0,1.0,1,0.1350416,0.45661557,0.29267186,-2.592173,145.44533,452.70379638671875,0.5043900184842883
tensor(6073),"tensor(1107., dtype=torch.float64)",tensor(9),0,0,1,1,0,0.0070768236,0.89892566,0.15326583,0.9762175,0.34955373,0,1,0,1,0,0.5,0.5,1,0.12695062,0.3495537,0.31148872,-2.634825,21.407299,21.407299041748047,0.34334565619223656
tensor(6097),"tensor(4982., dtype=torch.float64)",tensor(9),1,0,0,0,0,0.8635744,0.042854942,0.005879583,0.17392945,0.49853298,1,0,0,0,0,1.0,0.0,0,0.17152452,0.498533,0.35332036,-2.3291411,132.16805,250.62710571289062,0.5965804066543439
tensor(6109),"tensor(7594., dtype=torch.float64)",tensor(9),1,0,0,1,0,0.7502131,0.113802224,0.031004716,0.42159975,0.42107353,1,0,0,0,0,0.6666666666666666,0.33333333333333337,1,0.24745339,0.42159975,0.48322988,-1.4457849,53.150562,378.64434814453125,0.7414510166358595
tensor(6111),"tensor(2090., dtype=torch.float64)",tensor(9),1,0,0,0,0,0.7401821,0.019740893,0.08185368,0.042184167,0.8001145,1,0,0,0,1,0.6666666666666666,0.33333333333333337,1,0.120696425,0.2598179,0.3256474,-2.3758168,98.38693,107.56216430664062,0.4995378927911275
tensor(6115),"tensor(4861., dtype=torch.float64)",tensor(9),0,1,0,1,0,0.038095303,0.97363746,0.053164322,0.77088195,0.36240342,0,1,0,1,0,1.0,0.0,0,0.14182872,0.3624034,0.33688602,-2.2991807,34.913277,34.91327667236328,0.44731977818853974
tensor(6135),"tensor(5382., dtype=torch.float64)",tensor(9),0,0,1,0,1,0.031372577,0.22425161,0.9495076,0.37184995,0.8646327,0,0,1,0,1,1.0,0.0,0,0.1626668,0.37184995,0.38561547,-1.9967455,17.313026,17.313026428222656,0.4787430683918669
tensor(6153),"tensor(3064., dtype=torch.float64)",tensor(9),0,0,0,1,0,0.010613069,0.16855715,0.052818004,0.99561536,0.43115833,0,0,0,1,0,1.0,0.0,0,0.13350618,0.4311583,0.28618845,-2.9439826,34.31932,34.31932067871094,0.349815157116451
tensor(6187),"tensor(13784., dtype=torch.float64)",tensor(9),1,0,0,0,0,0.9713534,0.049409468,0.016623247,0.0735381,0.017615676,1,0,0,0,0,1.0,0.0,0,0.037166595,0.073538125,0.15253446,-3.4231095,221.81184,386.5230407714844,0.32370609981515713
tensor(6191),"tensor(7156., dtype=torch.float64)",tensor(9),1,0,0,0,0,0.8793852,0.03399985,0.030054765,0.44933897,0.14071915,1,0,0,0,0,1.0,0.0,0,0.15494555,0.44933897,0.34914702,-2.1640637,84.0392,400.1019287109375,0.5626155268022182
tensor(6221),"tensor(11885., dtype=torch.float64)",tensor(9),0,1,1,0,0,0.02289777,0.7465939,0.76400816,0.88307744,0.57315004,0,1,1,1,0,0.8,0.19999999999999996,1,0.21121371,0.42684996,0.45294577,-1.6650956,22.001276,22.00127601623535,0.6002772643253235
tensor(6233),"tensor(18411., dtype=torch.float64)",tensor(9),0,0,1,0,0,0.7523225,0.04948156,0.27257857,0.10085491,0.54576737,1,0,0,0,0,0.0,1.0,1,0.22496504,0.45423263,0.47169423,-1.4838737,58.338303,413.4442138671875,0.7278188539741219
tensor(6241),"tensor(14331., dtype=torch.float64)",tensor(9),0,1,0,0,1,0.032700296,0.9833292,0.2624495,0.2136299,0.44205308,0,1,0,0,0,0.6666666666666666,0.33333333333333337,1,0.1935007,0.44205308,0.40190727,-2.0067391,20.245668,20.245668411254883,0.5265711645101663
tensor(6255),"tensor(8492., dtype=torch.float64)",tensor(9),0,1,0,0,0,0.8946874,0.057369415,0.030960009,0.076004215,0.39226672,1,0,0,0,0,0.0,1.0,1,0.13238257,0.39226675,0.32659674,-2.2636056,106.6593,309.1220703125,0.5304990757855823
tensor(6263),"tensor(13296., dtype=torch.float64)",tensor(9),1,0,0,1,0,0.90046805,0.01842453,0.0048384657,0.71876866,0.030715419,1,0,0,1,0,1.0,0.0,0,0.086948276,0.28123134,0.23557003,-3.178875,186.93231,186.93231201171875,0.39648798521256934
tensor(6281),"tensor(16104., dtype=torch.float64)",tensor(9),1,0,0,0,0,0.9056834,0.0035281628,0.0017959056,0.07638301,0.6769669,1,0,0,0,0,1.0,0.0,0,0.099811375,0.3230331,0.24959728,-3.491666,197.67334,197.67333984375,0.4029574861367837
tensor(6285),"tensor(13634., dtype=torch.float64)",tensor(9),0,1,0,0,1,0.04403829,0.899809,0.69652665,0.20348135,0.45235497,0,1,1,0,0,0.5,0.5,1,0.22070777,0.45235497,0.4627289,-1.5318823,24.26471,24.26470947265625,0.6277726432532347
tensor(6289),"tensor(10880., dtype=torch.float64)",tensor(9),1,0,0,0,0,0.45758778,0.16150767,0.54169685,0.66397834,0.20673157,0,0,1,1,0,0.0,1.0,1,0.32403034,0.45830315,0.5938656,-0.8020201,36.66621,36.66621017456055,0.7858133086876156
tensor(6319),"tensor(10181., dtype=torch.float64)",tensor(9),0,0,0,0,1,0.97981185,0.007320672,0.0020634993,0.021302355,0.16591401,1,0,0,0,0,0.0,1.0,1,0.04335773,0.165914,0.14185882,-4.0831056,225.40375,225.40374755859375,0.30244916820702406
tensor(6323),"tensor(2713., dtype=torch.float64)",tensor(9),1,0,0,0,0,0.98721594,0.02562966,0.0016080567,0.058830395,0.012648842,1,0,0,0,0,1.0,0.0,0,0.022300124,0.05883038,0.09823495,-4.3091564,336.67282,346.0708312988281,0.2869685767097967
tensor(6329),"tensor(6421., dtype=torch.float64)",tensor(9),1,0,1,0,0,0.032542598,0.7771972,0.8557706,0.33746502,0.54640174,0,1,1,0,0,0.5,0.5,1,0.23812759,0.45359826,0.48292932,-1.456576,35.689243,35.68924331665039,0.6917744916820703
tensor(6335),"tensor(6787., dtype=torch.float64)",tensor(9),0,0,1,0,0,0.057531197,0.64634615,0.8642522,0.057374097,0.43807572,0,1,1,0,0,0.6666666666666666,0.33333333333333337,1,0.20847648,0.43807572,0.43442124,-1.6596617,48.82531,48.82530975341797,0.6705175600739371
tensor(6359),"tensor(2267., dtype=torch.float64)",tensor(9),0,0,1,0,0,0.16224061,0.53518313,0.8035033,0.25469264,0.44298086,0,0,1,0,0,1.0,0.0,0,0.3042456,0.46481687,0.5767213,-0.8987527,40.963665,102.81494140625,0.7885859519408502
tensor(6365),"tensor(13919., dtype=torch.float64)",tensor(9),1,0,0,0,0,0.9956053,0.0008390844,0.0019970995,0.022520596,0.02060311,1,0,0,0,0,1.0,0.0,0,0.01007092,0.022520602,0.051499628,-5.270284,366.9635,366.9635009765625,0.25808687615526804
tensor(6377),"tensor(629., dtype=torch.float64)",tensor(9),0,0,1,0,0,0.5463917,0.492303,0.42193523,0.40369275,0.20207533,0,0,1,0,0,1.0,0.0,0,0.39472294,0.492303,0.64810413,-0.45904055,38.563705,147.78372192382812,0.8133086876155268
tensor(6431),"tensor(19907., dtype=torch.float64)",tensor(9),1,0,0,0,0,0.98447686,0.00875904,0.0017982012,0.012999599,0.123865224,1,0,0,0,0,1.0,0.0,0,0.032589078,0.12386525,0.11747386,-4.296779,224.27803,224.2780303955078,0.27818853974122
tensor(6439),"tensor(19985., dtype=torch.float64)",tensor(9),0,0,0,1,0,0.5563239,0.0674674,0.004010067,0.9613858,0.08219747,0,0,0,1,0,1.0,0.0,0,0.1271931,0.4436761,0.28151578,-2.7990115,117.30446,117.30445861816406,0.4565619223659889
tensor(6445),"tensor(18186., dtype=torch.float64)",tensor(9),0,1,1,1,0,0.001282038,0.9543983,0.9259131,0.19103554,0.8647685,0,1,1,0,1,0.6666666666666666,0.33333333333333337,1,0.08944762,0.19103551,0.26863825,-3.1046934,48.94014,48.94013977050781,0.3234750462107209
tensor(6469),"tensor(4330., dtype=torch.float64)",tensor(9),0,1,0,1,0,0.19013645,0.93552107,0.06273859,0.33776137,0.12543924,0,1,0,0,0,0.6666666666666666,0.33333333333333337,1,0.15611094,0.3377614,0.3954278,-1.8886122,34.26055,34.26055145263672,0.5348890942698706
tensor(6481),"tensor(2133., dtype=torch.float64)",tensor(9),1,0,0,0,0,0.48542774,0.028852398,0.20052913,0.059733436,0.91742575,0,0,0,0,1,0.0,1.0,1,0.17142332,0.48542774,0.3671666,-2.0243454,84.77397,88.48339080810547,0.6039741219963032
tensor(6487),"tensor(7131., dtype=torch.float64)",tensor(9),0,1,1,0,1,0.004251709,0.8600303,0.9232904,0.50760543,0.8244515,0,1,1,1,1,0.8571428571428571,0.1428571428571429,1,0.17777479,0.49239457,0.37212667,-2.2673717,30.74738,30.747379302978516,0.4942236598890942
tensor(6493),"tensor(15171., dtype=torch.float64)",tensor(9),1,0,0,0,0,0.9051498,0.08515135,0.08541119,0.14687186,0.08687726,1,0,0,0,0,1.0,0.0,0,0.099832356,0.14687186,0.3218159,-2.2225702,87.29174,420.000732421875,0.4856746765249538
tensor(6505),"tensor(11903., dtype=torch.float64)",tensor(9),0,0,0,1,0,0.065515496,0.29210234,0.20486717,0.9765539,0.33664685,0,0,0,1,0,1.0,0.0,0,0.1845156,0.33664685,0.4205861,-1.8613298,12.982781,12.982781410217285,0.5293438077634011
tensor(6515),"tensor(12961., dtype=torch.float64)",tensor(9),0,0,1,0,0,0.60191953,0.45153296,0.34482586,0.28426656,0.11819823,0,0,0,0,0,0.0,1.0,1,0.31938082,0.45153296,0.5930219,-0.83656186,48.908096,48.90809631347656,0.8151571164510165
tensor(6517),"tensor(1033., dtype=torch.float64)",tensor(9),0,0,0,1,0,0.0030974979,0.50945896,0.46523318,0.9941474,0.70420283,0,0,1,1,0,0.6666666666666666,0.33333333333333337,1,0.25210434,0.49054104,0.40957347,-2.390718,29.739054,29.73905372619629,0.5649260628465803
tensor(6547),"tensor(5383., dtype=torch.float64)",tensor(9),0,1,0,0,0,0.002060146,0.98632205,0.7813276,0.3491525,0.7528028,0,1,1,0,0,0.6666666666666666,0.33333333333333337,1,0.16615212,0.3491525,0.36369345,-2.694184,37.436005,37.436004638671875,0.46303142329020336
tensor(6563),"tensor(6070., dtype=torch.float64)",tensor(9),0,0,0,1,0,0.05549413,0.6395016,0.049489617,0.96733564,0.1982772,0,1,0,1,0,0.6666666666666666,0.33333333333333337,1,0.13928473,0.36049843,0.34139782,-2.229636,19.382755,19.382755279541016,0.40665434380776344
tensor(6581),"tensor(20675., dtype=torch.float64)",tensor(9),0,0,0,0,1,0.8544739,0.04038777,0.01618016,0.11129726,0.56435806,1,0,0,0,0,0.0,1.0,1,0.14980662,0.43564194,0.34017563,-2.2764432,113.996346,272.8226013183594,0.5642329020332717
tensor(6585),"tensor(14204., dtype=torch.float64)",tensor(9),0,1,0,0,0,0.006166619,0.90639,0.87019813,0.6050446,0.6599844,0,1,1,1,0,0.5,0.5,1,0.1929099,0.3949554,0.4092614,-2.0690434,35.632263,35.63226318359375,0.571626617375231
tensor(6589),"tensor(853., dtype=torch.float64)",tensor(9),0,0,0,1,0,0.005896771,0.10039278,0.0515153,0.9977043,0.5237749,0,0,0,1,0,1.0,0.0,0,0.1272651,0.47622508,0.2546614,-3.2805762,56.1665,56.166500091552734,0.3551293900184843
tensor(6615),"tensor(15212., dtype=torch.float64)",tensor(9),0,0,1,0,0,0.17177442,0.16029885,0.8976177,0.115602635,0.6734535,0,0,1,0,0,1.0,0.0,0,0.17532092,0.3265465,0.44378334,-1.6317469,25.078972,69.75123596191406,0.574630314232902
tensor(6667),"tensor(3794., dtype=torch.float64)",tensor(9),1,0,0,0,0,0.7953643,0.070276976,0.40587223,0.070502795,0.18059261,1,0,1,0,0,0.6666666666666666,0.33333333333333337,1,0.18637598,0.40587223,0.43273324,-1.6824793,87.12226,117.09471130371094,0.6950092421441775
tensor(6697),"tensor(4314., dtype=torch.float64)",tensor(9),0,0,1,0,0,0.14165376,0.42640936,0.7907136,0.15222701,0.8394859,0,0,1,0,1,0.6666666666666666,0.33333333333333337,1,0.21801811,0.42640936,0.49406296,-1.3598036,15.276832,15.27683162689209,0.6340110905730129
tensor(6731),"tensor(6579., dtype=torch.float64)",tensor(9),0,0,1,0,0,0.43002835,0.06551243,0.83127797,0.14051408,0.32605886,0,0,1,0,0,1.0,0.0,0,0.22616714,0.43002832,0.4832596,-1.4142594,63.225445,106.34761810302734,0.7451478743068392
tensor(6753),"tensor(14774., dtype=torch.float64)",tensor(9),1,0,0,0,0,0.8669068,0.014612291,0.025911046,0.04980413,0.6485981,1,0,0,0,0,1.0,0.0,0,0.114964604,0.35140193,0.28699115,-2.654668,137.36981,255.22476196289062,0.4720425138632163
tensor(6771),"tensor(13065., dtype=torch.float64)",tensor(9),1,0,0,0,0,0.962444,0.045853704,0.0056667686,0.20698193,0.024567584,1,0,0,0,0,1.0,0.0,0,0.06412524,0.2069819,0.20128664,-3.294225,194.53552,362.705078125,0.36367837338262476
tensor(6781),"tensor(3051., dtype=torch.float64)",tensor(9),0,0,0,1,0,0.5812894,0.23898545,0.28721166,0.6105623,0.4371983,0,0,0,1,0,1.0,0.0,0,0.35430872,0.43719828,0.63663,-0.61950016,25.027828,25.027828216552734,0.7608595194085028
tensor(6803),"tensor(10368., dtype=torch.float64)",tensor(9),0,1,0,1,0,0.48751822,0.5659357,0.030284757,0.78164136,0.09243534,0,0,0,1,0,0.6666666666666666,0.33333333333333337,1,0.25253218,0.4875182,0.46919042,-1.468219,50.002625,50.00262451171875,0.7324399260628466
tensor(6837),"tensor(12779., dtype=torch.float64)",tensor(9),1,0,0,1,0,0.5208941,0.47146437,0.0148860365,0.81473225,0.07621811,0,0,0,1,0,0.6666666666666666,0.33333333333333337,1,0.24538845,0.4791059,0.4419837,-1.6732318,63.48568,63.485679626464844,0.7234288354898336
tensor(6865),"tensor(18726., dtype=torch.float64)",tensor(9),1,0,0,0,0,0.97175914,0.0042694607,0.008881426,0.04029409,0.18724173,1,0,0,0,0,1.0,0.0,0,0.053785503,0.18724173,0.17160018,-3.668731,239.83516,266.528076171875,0.3451940850277264
tensor(6953),"tensor(18245., dtype=torch.float64)",tensor(9),0,0,1,0,0,0.15930371,0.24378566,0.8579508,0.52821696,0.4883312,0,0,1,1,0,0.6666666666666666,0.33333333333333337,1,0.30105054,0.4883312,0.5574025,-0.9506998,37.954338,38.329532623291016,0.7726432532347505
tensor(6985),"tensor(14958., dtype=torch.float64)",tensor(9),1,0,0,0,0,0.8482692,0.021003332,0.34463876,0.038985047,0.26382902,1,0,0,0,0,1.0,0.0,0,0.16403735,0.34463876,0.38268232,-2.08732,113.62639,432.2336120605469,0.622920517560074
tensor(6987),"tensor(13822., dtype=torch.float64)",tensor(9),0,1,1,0,0,0.028703721,0.5227109,0.92373985,0.114727214,0.83906484,0,0,1,0,1,0.5,0.5,1,0.17158306,0.47728908,0.37787285,-1.9602829,17.642927,17.642927169799805,0.4854436229205176
tensor(6999),"tensor(18284., dtype=torch.float64)",tensor(9),1,0,0,0,0,0.8128971,0.0340656,0.14588596,0.124121755,0.49416435,1,0,0,0,0,1.0,0.0,0,0.1970681,0.49416435,0.42284793,-1.7116604,76.60188,383.8974304199219,0.6871534195933457
tensor(7023),"tensor(13908., dtype=torch.float64)",tensor(9),0,1,1,0,0,0.0033243468,0.7266504,0.96984136,0.05580716,0.85086167,0,1,1,0,1,0.8,0.19999999999999996,1,0.1023556,0.27334958,0.27612546,-2.9442623,45.762753,45.762752532958984,0.3421903881700554
tensor(7027),"tensor(13822., dtype=torch.float64)",tensor(9),0,0,1,0,0,0.023469323,0.17932874,0.97355914,0.17855497,0.8086337,0,0,1,0,1,0.6666666666666666,0.33333333333333337,1,0.11983204,0.19136631,0.3322322,-2.3645177,28.48125,28.481250762939453,0.3911737523105361
tensor(7045),"tensor(19599., dtype=torch.float64)",tensor(9),1,0,0,0,0,0.9877401,0.0061311354,0.0034082115,0.046084203,0.04760484,1,0,0,0,0,1.0,0.0,0,0.023097634,0.04760486,0.100895956,-4.2363234,286.4232,286.4231872558594,0.2839648798521257
tensor(7091),"tensor(1866., dtype=torch.float64)",tensor(9),1,0,0,0,0,0.83168346,0.1635209,0.050909325,0.44900414,0.065216154,1,0,0,0,0,1.0,0.0,0,0.17939341,0.44900417,0.40577507,-1.8045254,68.08256,468.21038818359375,0.6404805914972274
tensor(7093),"tensor(2001., dtype=torch.float64)",tensor(9),0,1,0,1,0,0.0678248,0.67529947,0.5985819,0.88322973,0.42505723,0,1,1,1,0,0.8,0.19999999999999996,1,0.26715416,0.42505723,0.5188464,-1.2155659,16.842474,16.84247398376465,0.6802218114602588
tensor(7123),"tensor(11142., dtype=torch.float64)",tensor(9),0,1,0,0,0,0.2806785,0.86713755,0.30635878,0.13997357,0.2366839,0,1,0,0,0,1.0,0.0,0,0.21931142,0.3063588,0.5107368,-1.3241271,24.508682,24.508682250976562,0.6587338262476895
tensor(7129),"tensor(19643., dtype=torch.float64)",tensor(9),1,0,0,0,0,0.52892995,0.13286097,0.010188409,0.9256849,0.18622091,0,0,0,1,0,0.0,1.0,1,0.17493105,0.47107005,0.37709683,-2.1129968,62.246,62.24599838256836,0.5822550831792976
tensor(7153),"tensor(8651., dtype=torch.float64)",tensor(9),0,1,0,0,0,0.5175643,0.24435565,0.48026878,0.59078425,0.27672833,0,0,1,1,0,0.0,1.0,1,0.37860084,0.4824357,0.6414711,-0.52123106,28.37117,28.371170043945312,0.7779574861367837
tensor(7183),"tensor(8651., dtype=torch.float64)",tensor(9),0,1,0,0,0,0.8823509,0.13519901,0.08008843,0.1971747,0.0813618,1,0,0,0,0,0.0,1.0,1,0.122294605,0.19717467,0.363179,-2.027963,75.3703,442.5074462890625,0.5388170055452866
tensor(7191),"tensor(17069., dtype=torch.float64)",tensor(9),0,0,1,0,0,0.3813481,0.07534215,0.8623431,0.027828136,0.045232844,0,0,1,0,0,1.0,0.0,0,0.13348168,0.38134813,0.3287984,-2.2858462,184.35973,194.87014770507812,0.5688539741219963
tensor(7205),"tensor(21697., dtype=torch.float64)",tensor(9),1,0,0,0,0,0.9580888,0.20364729,0.0009680502,0.021812892,0.019126631,1,0,0,0,0,1.0,0.0,0,0.05749321,0.20364726,0.17734158,-3.8345718,253.90816,361.68035888671875,0.35166358595194086
tensor(7245),"tensor(10190., dtype=torch.float64)",tensor(9),1,0,0,0,0,0.98667777,0.0027225,0.002868319,0.032534044,0.12018256,1,0,0,0,0,1.0,0.0,0,0.034325957,0.120182574,0.1239897,-4.288527,251.74483,251.7448272705078,0.2941312384473198
tensor(7263),"tensor(19612., dtype=torch.float64)",tensor(9),1,0,0,0,0,0.9869055,0.006961683,0.0017952219,0.0021221694,0.13658398,1,0,0,0,0,1.0,0.0,0,0.032111526,0.13658398,0.107667804,-4.7201414,251.86528,251.8652801513672,0.2768022181146026
tensor(7279),"tensor(9621., dtype=torch.float64)",tensor(9),1,0,0,0,0,0.9317654,0.06352497,0.0810027,0.091455035,0.04471254,1,0,0,0,0,1.0,0.0,0,0.06978595,0.09145504,0.25107032,-2.618275,127.53882,418.0599670410156,0.4073475046210721
tensor(7281),"tensor(11903., dtype=torch.float64)",tensor(9),0,0,1,0,0,0.29907012,0.1965494,0.051488623,0.9551364,0.3249933,0,0,0,1,0,0.0,1.0,1,0.183393,0.3249933,0.4244423,-1.7924821,22.796873,22.796873092651367,0.5510628465804067
tensor(7347),"tensor(14255., dtype=torch.float64)",tensor(9),1,0,0,0,0,0.994062,0.004756211,0.0020924031,0.029749632,0.010675023,1,0,0,0,0,1.0,0.0,0,0.0106422305,0.029749632,0.05489881,-4.9290338,363.34027,363.34027099609375,0.2634011090573013
tensor(7411),"tensor(9068., dtype=torch.float64)",tensor(9),0,0,1,1,0,0.06380763,0.33451518,0.92727077,0.26663828,0.5519535,0,0,1,0,0,0.6666666666666666,0.33333333333333337,1,0.23714739,0.4480465,0.4805832,-1.4279194,31.678106,89.38786315917969,0.678373382624769
tensor(7419),"tensor(17395., dtype=torch.float64)",tensor(9),0,0,0,1,0,0.9714678,0.020891795,0.02467109,0.029386986,0.05177791,1,0,0,0,0,0.0,1.0,1,0.031051993,0.0517779,0.13662276,-3.4914405,204.38425,338.92767333984375,0.3015249537892791
tensor(7421),"tensor(9659., dtype=torch.float64)",tensor(9),1,0,0,0,0,0.9166638,0.08435065,0.025876721,0.24215208,0.09725277,1,0,0,0,0,1.0,0.0,0,0.10659373,0.2421521,0.3137534,-2.3559499,90.88046,380.16119384765625,0.4789741219963031
tensor(7435),"tensor(13885., dtype=torch.float64)",tensor(9),1,0,0,0,0,0.9338405,0.00043885683,0.00080544245,0.008714626,0.85610425,1,0,0,0,1,0.6666666666666666,0.33333333333333337,1,0.04400283,0.14389575,0.143189,-4.8037505,229.89023,229.89022827148438,0.28927911275415896
tensor(7437),"tensor(8219., dtype=torch.float64)",tensor(9),0,0,1,0,0,0.016028028,0.88889885,0.8333033,0.029427867,0.5330951,0,1,1,0,0,0.6666666666666666,0.33333333333333337,1,0.15803164,0.46690488,0.34105462,-2.286908,50.000843,50.0008430480957,0.5090110905730129
tensor(7441),"tensor(8219., dtype=torch.float64)",tensor(9),0,1,0,0,1,0.06427316,0.79276067,0.80776894,0.05589886,0.30629778,0,1,1,0,0,0.5,0.5,1,0.16518801,0.30629778,0.41398436,-1.819916,45.707695,45.70769500732422,0.5931146025878004
tensor(7493),"tensor(8748., dtype=torch.float64)",tensor(9),0,0,0,1,0,0.8434004,0.03247009,0.005548438,0.77735925,0.053517703,1,0,0,1,0,0.6666666666666666,0.33333333333333337,1,0.09415531,0.22264075,0.27010852,-2.877987,136.78455,136.7845458984375,0.42051756007393715
tensor(7505),"tensor(12474., dtype=torch.float64)",tensor(9),0,0,0,0,0,0.121792816,0.8307095,0.35730156,0.6673923,0.23101886,0,1,0,1,0,0.0,1.0,1,0.24240232,0.3573016,0.53072107,-1.2104604,25.823498,25.823497772216797,0.689463955637708
tensor(7601),"tensor(15914., dtype=torch.float64)",tensor(9),0,1,1,1,0,0.001709564,0.9670368,0.85722435,0.574958,0.82538456,0,1,1,1,1,0.8571428571428571,0.1428571428571429,1,0.15542114,0.42504197,0.34249282,-2.6792896,40.165382,40.165382385253906,0.4491682070240296
tensor(7649),"tensor(15009., dtype=torch.float64)",tensor(9),1,0,0,0,0,0.9906494,0.009833811,0.0031911132,0.030391963,0.016823724,1,0,0,0,0,1.0,0.0,0,0.013918221,0.030391991,0.0702533,-4.509973,331.1534,331.1534118652344,0.2728743068391867
tensor(7653),"tensor(14935., dtype=torch.float64)",tensor(9),0,1,0,0,0,0.0010028295,0.96858156,0.8930053,0.48616624,0.8958002,0,1,1,0,1,0.5,0.5,1,0.1459564,0.48616624,0.3029459,-2.9321868,51.618294,51.61829376220703,0.42097966728280956
tensor(7671),"tensor(13622., dtype=torch.float64)",tensor(9),1,0,0,0,0,0.99202687,0.022995703,0.002824209,0.025455818,0.0029824346,1,0,0,0,0,1.0,0.0,0,0.012446284,0.025455832,0.06284692,-4.7793226,463.58667,463.586669921875,0.27426062846580407
tensor(7675),"tensor(10206., dtype=torch.float64)",tensor(9),1,0,0,0,0,0.8013288,0.41439673,0.0071166963,0.22275215,0.07031292,1,0,0,0,0,1.0,0.0,0,0.18264991,0.41439676,0.4008152,-2.10204,97.973114,402.192138671875,0.6404805914972274
tensor(7701),"tensor(1299., dtype=torch.float64)",tensor(9),1,0,0,0,0,0.980874,0.009716843,0.018918874,0.03366182,0.036188435,1,0,0,0,0,1.0,0.0,0,0.023522496,0.036188424,0.10920002,-3.829865,278.9298,340.12823486328125,0.29967652495378927
tensor(7725),"tensor(16393., dtype=torch.float64)",tensor(9),0,0,0,1,0,0.038648654,0.123966515,0.033163752,0.9943376,0.4746623,0,0,0,1,0,1.0,0.0,0,0.1352207,0.4746623,0.2821517,-2.7622924,40.47451,40.474510192871094,0.3810073937153419
tensor(7753),"tensor(16513., dtype=torch.float64)",tensor(9),0,1,0,0,0,0.24579763,0.81815183,0.20672883,0.37250143,0.16427903,0,1,0,0,0,1.0,0.0,0,0.234231,0.37250143,0.5296835,-1.2236029,31.1638,31.163799285888672,0.7017097966728281
tensor(7767),"tensor(17183., dtype=torch.float64)",tensor(9),0,0,1,1,1,0.012977414,0.8436002,0.7664477,0.8394642,0.74464977,0,1,1,1,0,0.6666666666666666,0.33333333333333337,1,0.16376317,0.25535023,0.41103047,-1.9859263,28.86542,28.865419387817383,0.5279574861367837
tensor(7771),"tensor(14938., dtype=torch.float64)",tensor(9),1,0,0,0,0,0.93298745,0.029239021,0.04342362,0.08730917,0.18464847,1,0,0,0,0,1.0,0.0,0,0.08232653,0.18464845,0.26624835,-2.6121109,119.681244,341.90460205078125,0.422365988909427
tensor(7821),"tensor(18347., dtype=torch.float64)",tensor(9),0,0,1,0,1,0.015205097,0.08300096,0.98043436,0.15534137,0.94230115,0,0,1,0,1,1.0,0.0,0,0.06616241,0.15534139,0.22271462,-2.9947348,52.994827,52.99482727050781,0.3006007393715342
tensor(7829),"tensor(11445., dtype=torch.float64)",tensor(9),0,1,0,1,0,0.0074954224,0.5203569,0.77186984,0.98174125,0.57155126,0,0,1,1,0,0.5,0.5,1,0.23239523,0.4796431,0.40950537,-2.0918362,31.441362,31.441362380981445,0.5843345656192237
tensor(7839),"tensor(10550., dtype=torch.float64)",tensor(9),1,0,0,0,0,0.9671544,0.0043546744,0.018776737,0.009166586,0.25480565,1,0,0,0,0,1.0,0.0,0,0.06398982,0.25480568,0.17708935,-3.7053978,215.16992,276.2512512207031,0.3412661737523105
tensor(7855),"tensor(16859., dtype=torch.float64)",tensor(9),1,0,0,0,0,0.95062286,0.09627348,0.005422372,0.009575051,0.13803819,1,0,0,0,0,1.0,0.0,0,0.059737206,0.13803816,0.20052345,-3.3758805,182.1213,300.0295104980469,0.3479667282809612
tensor(7871),"tensor(10463., dtype=torch.float64)",tensor(9),1,0,0,0,0,0.98697066,0.007746933,0.010107166,0.024871489,0.021709666,1,0,0,0,0,1.0,0.0,0,0.015492797,0.024871469,0.07848367,-4.248272,309.0328,345.8161926269531,0.2770332717190388
tensor(7879),"tensor(20610., dtype=torch.float64)",tensor(9),1,0,0,0,0,0.9280564,0.0077046645,0.005592168,0.054215085,0.5169382,1,0,0,0,0,1.0,0.0,0,0.12450343,0.4830618,0.24833998,-3.1046042,198.2134,220.5947265625,0.45055452865064693
tensor(7937),"tensor(2359., dtype=torch.float64)",tensor(9),1,0,0,0,0,0.2389431,0.7788677,0.55218965,0.27073404,0.2771089,0,1,1,0,0,0.0,1.0,1,0.29114574,0.44781035,0.58801496,-0.9153668,34.69671,34.69670867919922,0.7654805914972272
tensor(7941),"tensor(7244., dtype=torch.float64)",tensor(9),1,0,0,0,0,0.9994997,0.00019693062,0.0005439602,0.008309611,0.00024455762,1,0,0,0,0,1.0,0.0,0,0.0019590259,0.008309603,0.012234336,-7.349231,952.381,952.3809814453125,0.2513863216266174
tensor(7945),"tensor(6212., dtype=torch.float64)",tensor(9),0,0,1,1,1,0.042197302,0.121679835,0.97097564,0.014104659,0.5516496,0,0,1,0,0,0.5,0.5,1,0.13107127,0.44835043,0.28767377,-2.6126902,91.844666,91.84466552734375,0.4660351201478743
tensor(7953),"tensor(4939., dtype=torch.float64)",tensor(9),0,1,1,0,0,0.012084152,0.99520457,0.11206455,0.2574823,0.16475733,0,1,0,0,0,0.6666666666666666,0.33333333333333337,1,0.110236764,0.2574823,0.29289138,-2.898232,44.26992,44.269920349121094,0.36252310536044363
tensor(8007),"tensor(632., dtype=torch.float64)",tensor(9),0,0,1,1,0,0.100237675,0.5519633,0.5533829,0.89690626,0.48773482,0,0,1,1,0,1.0,0.0,0,0.31714404,0.4877348,0.54509056,-0.9659847,14.795713,14.795713424682617,0.7091035120147874
tensor(8017),"tensor(1683., dtype=torch.float64)",tensor(9),0,0,0,0,1,0.95373994,0.008284484,0.011219586,0.006759512,0.40791473,1,0,0,0,0,0.0,1.0,1,0.096087635,0.40791476,0.20268993,-3.530518,194.63599,259.6490173339844,0.3786968576709797
tensor(8063),"tensor(9540., dtype=torch.float64)",tensor(9),0,0,0,1,0,0.21084338,0.61221284,0.026289595,0.9250142,0.32764363,0,1,0,1,0,0.6666666666666666,0.33333333333333337,1,0.2055099,0.38778716,0.44065276,-1.7239574,25.198265,25.198265075683594,0.5938077634011091
tensor(8081),"tensor(512., dtype=torch.float64)",tensor(9),0,1,1,1,1,0.00912923,0.95421326,0.77501255,0.39218545,0.5720907,0,1,1,0,0,0.6666666666666666,0.33333333333333337,1,0.21999967,0.4279093,0.42469177,-1.9378703,25.445879,25.445878982543945,0.5769408502772644
tensor(8111),"tensor(9221., dtype=torch.float64)",tensor(9),1,0,0,1,0,0.7050152,0.11375794,0.023576293,0.6978774,0.31718123,1,0,0,1,0,1.0,0.0,0,0.21032459,0.31718123,0.4619766,-1.6503668,45.14337,45.14337158203125,0.6760628465804067
tensor(8159),"tensor(14818., dtype=torch.float64)",tensor(9),0,0,0,0,1,0.9870041,0.009556114,0.0029458895,0.0156137245,0.059864786,1,0,0,0,0,0.0,1.0,1,0.020195305,0.05986476,0.09008944,-4.338642,256.36008,256.3600769042969,0.2705637707948244
tensor(8171),"tensor(19447., dtype=torch.float64)",tensor(9),0,0,1,0,0,0.36316216,0.051833246,0.6437046,0.2072877,0.8160845,0,0,1,0,1,0.6666666666666666,0.33333333333333337,1,0.23249882,0.36316216,0.4995942,-1.3782078,32.155136,32.15513610839844,0.6883086876155268
tensor(8177),"tensor(10035., dtype=torch.float64)",tensor(9),0,0,0,0,1,0.4943938,0.2047673,0.6866007,0.21164373,0.10411588,0,0,1,0,0,0.0,1.0,1,0.26566398,0.49439383,0.5343957,-1.1261628,71.22254,142.19900512695312,0.8079944547134935
tensor(8181),"tensor(16043., dtype=torch.float64)",tensor(9),1,0,0,1,0,0.9826026,0.007827145,0.0056796293,0.23705657,0.008572491,1,0,0,0,0,0.6666666666666666,0.33333333333333337,1,0.055306613,0.23705655,0.15310362,-3.9921653,337.42438,427.1968994140625,0.34935304990757854
tensor(8225),"tensor(13741., dtype=torch.float64)",tensor(9),0,1,0,1,0,0.07005387,0.8581551,0.059307054,0.92692024,0.20938696,0,1,0,1,0,1.0,0.0,0,0.11073458,0.20938694,0.332362,-2.2037487,25.717176,25.71717643737793,0.3902495378927911
tensor(8233),"tensor(14717., dtype=torch.float64)",tensor(9),0,0,0,1,0,0.08101466,0.975473,0.16388468,0.12272645,0.19674534,0,1,0,0,0,0.0,1.0,1,0.11777961,0.19674534,0.34212905,-2.2230027,26.77598,26.77597999572754,0.40388170055452866
tensor(8235),"tensor(3500., dtype=torch.float64)",tensor(9),1,0,0,0,0,0.934264,0.009628405,0.015775954,0.07798671,0.35770807,1,0,0,0,0,1.0,0.0,0,0.105367005,0.3577081,0.2607552,-2.8952377,169.30548,269.26995849609375,0.44131238447319776
tensor(8243),"tensor(16762., dtype=torch.float64)",tensor(9),1,0,0,0,0,0.38685018,0.0532301,0.84638226,0.19003378,0.37734747,0,0,1,0,0,0.0,1.0,1,0.23221588,0.38685018,0.49063855,-1.399224,60.497284,106.9363784790039,0.7495378927911276
tensor(8251),"tensor(12459., dtype=torch.float64)",tensor(9),0,0,0,1,1,0.96877384,0.053794302,0.0033332692,0.065192044,0.06989944,1,0,0,0,0,0.0,1.0,1,0.04468906,0.06989944,0.17305155,-3.4507542,197.4132,288.81646728515625,0.3243992606284658
tensor(8255),"tensor(11256., dtype=torch.float64)",tensor(9),1,0,0,0,0,0.9534876,0.025789954,0.039709702,0.05531533,0.09973076,1,0,0,0,0,1.0,0.0,0,0.053411603,0.09973073,0.20265861,-2.975142,150.81865,344.465087890625,0.35790203327171904
tensor(8257),"tensor(8500., dtype=torch.float64)",tensor(9),0,1,0,0,0,0.12917271,0.088993415,0.95273674,0.04005482,0.17444433,0,0,1,0,0,0.0,1.0,1,0.09598571,0.17444432,0.30127454,-2.3937929,124.67531,141.69752502441406,0.47666358595194086
tensor(8323),"tensor(3061., dtype=torch.float64)",tensor(9),0,0,1,1,0,0.019093946,0.5568809,0.8220614,0.9428644,0.3734629,0,0,1,1,0,1.0,0.0,0,0.21415001,0.4431191,0.4258384,-1.8037755,33.632774,33.632774353027344,0.6134473197781886
tensor(8337),"tensor(7254., dtype=torch.float64)",tensor(9),0,0,0,1,1,0.005705044,0.13254778,0.037838314,0.9972826,0.78915966,0,0,0,1,1,1.0,0.0,0,0.077929795,0.21084034,0.22424264,-3.5000775,66.69832,66.69831848144531,0.2971349353049908
tensor(8357),"tensor(384., dtype=torch.float64)",tensor(9),0,0,1,0,0,0.1063164,0.07582021,0.9374683,0.20568158,0.780178,0,0,1,0,1,0.6666666666666666,0.33333333333333337,1,0.13403434,0.21982199,0.37518454,-1.9909687,28.866726,28.86672592163086,0.47134935304990755
tensor(8393),"tensor(21692., dtype=torch.float64)",tensor(9),0,0,0,0,1,0.6136592,0.14419329,0.4024601,0.13311769,0.63486403,1,0,1,0,0,0.0,1.0,1,0.28624952,0.4024601,0.56043386,-1.013129,33.891148,72.10384368896484,0.7541589648798521
tensor(8425),"tensor(12891., dtype=torch.float64)",tensor(9),0,1,0,0,0,0.59332377,0.583917,0.22043759,0.27530628,0.33898917,0,1,0,0,0,1.0,0.0,0,0.33149844,0.41608298,0.6221823,-0.72307634,37.44365,37.44364929199219,0.7952865064695009
tensor(8427),"tensor(2515., dtype=torch.float64)",tensor(9),1,0,0,0,0,0.9184194,0.018032476,0.10726561,0.042732865,0.22317578,1,0,0,0,0,1.0,0.0,0,0.094557405,0.22317576,0.28421697,-2.5787597,129.38727,364.7537841796875,0.45147874306839186
tensor(8439),"tensor(5534., dtype=torch.float64)",tensor(9),1,0,0,1,0,0.6489566,0.0919534,0.0622082,0.2095589,0.7543594,1,0,0,0,0,0.6666666666666666,0.33333333333333337,1,0.19208086,0.3510434,0.4517983,-1.6134193,63.054333,319.334228515625,0.6908502772643252
tensor(8441),"tensor(9819., dtype=torch.float64)",tensor(9),1,0,0,0,0,0.99511766,0.004604307,0.0014117938,0.0127431005,0.013794086,1,0,0,0,0,1.0,0.0,0,0.0074871182,0.0137940645,0.042388357,-5.1748843,336.7644,336.764404296875,0.2532347504621072
tensor(8467),"tensor(5966., dtype=torch.float64)",tensor(9),1,0,0,0,0,0.9445015,0.010428884,0.004061929,0.3723923,0.091223195,1,0,0,0,0,1.0,0.0,0,0.106720924,0.3723923,0.25287098,-3.1419559,182.84308,326.42327880859375,0.4239833641404806
tensor(8483),"tensor(4970., dtype=torch.float64)",tensor(9),1,0,0,1,0,0.4763511,0.1543382,0.021861594,0.9160847,0.32523024,0,0,0,1,0,0.6666666666666666,0.33333333333333337,1,0.21233928,0.47635114,0.42927313,-1.7433398,36.3388,36.33879852294922,0.6261552680221811
tensor(8525),"tensor(2407., dtype=torch.float64)",tensor(9),0,0,1,0,0,0.09230618,0.64100295,0.83101714,0.112495035,0.40395248,0,1,1,0,0,0.6666666666666666,0.33333333333333337,1,0.22734672,0.40395248,0.48824638,-1.3825796,40.291176,40.291175842285156,0.7040203327171904
tensor(8543),"tensor(2284., dtype=torch.float64)",tensor(9),0,0,0,0,0,0.079444185,0.06957115,0.016357988,0.0020743802,0.0035390644,0,0,0,0,0,1.0,0.0,0,0.03419733,0.07944417,0.13036747,-4.1912255,322.3653,322.36529541015625,0.3140018484288355
tensor(8551),"tensor(4265., dtype=torch.float64)",tensor(9),0,1,0,1,1,0.008657894,0.6203969,0.0506805,0.99509513,0.5563626,0,1,0,1,0,0.8,0.19999999999999996,1,0.17749673,0.44363737,0.32637548,-2.740209,26.202152,26.202152252197266,0.40873382624768945
tensor(8563),"tensor(7919., dtype=torch.float64)",tensor(9),1,0,0,0,0,0.8854138,0.5061832,0.001746087,0.025714299,0.02357542,1,0,0,0,0,1.0,0.0,0,0.13188773,0.4938168,0.25861198,-3.1552885,195.11841,399.76220703125,0.458641404805915
tensor(8565),"tensor(6422., dtype=torch.float64)",tensor(9),1,0,0,0,0,0.9444146,0.053405114,0.0012785516,0.33926025,0.023514561,1,0,0,0,0,1.0,0.0,0,0.09460878,0.33926022,0.23696466,-3.3522582,220.9085,359.17034912109375,0.4124306839186691
tensor(8581),"tensor(385., dtype=torch.float64)",tensor(9),0,0,0,1,0,0.014939878,0.9108945,0.22419679,0.93267107,0.44288674,0,1,0,1,0,0.6666666666666666,0.33333333333333337,1,0.16769159,0.4428867,0.3687092,-2.1225135,16.577736,16.577735900878906,0.45817929759704257
tensor(8583),"tensor(5915., dtype=torch.float64)",tensor(9),1,0,0,0,0,0.966859,0.017307684,0.013731428,0.0661855,0.10628314,1,0,0,0,0,1.0,0.0,0,0.047329724,0.10628313,0.17754267,-3.2925537,183.81265,296.08184814453125,0.3322550831792976
tensor(8603),"tensor(11296., dtype=torch.float64)",tensor(9),1,0,0,0,0,0.9852615,0.0066468595,0.0016210234,0.022490175,0.12590219,1,0,0,0,0,1.0,0.0,0,0.034279823,0.12590218,0.12297399,-4.268415,222.73773,222.73773193359375,0.2800369685767098
tensor(8627),"tensor(5404., dtype=torch.float64)",tensor(9),1,0,0,0,0,0.77345824,0.2538899,0.044313904,0.4238862,0.18376032,1,0,0,0,0,1.0,0.0,0,0.2264784,0.42388618,0.48832297,-1.4349922,44.529137,442.3717041015625,0.7121072088724584
tensor(8683),"tensor(3922., dtype=torch.float64)",tensor(9),0,1,0,0,0,0.096845694,0.7745774,0.605221,0.6597138,0.37689176,0,1,1,1,0,0.5,0.5,1,0.28684503,0.39477903,0.56527346,-1.0118328,27.138313,27.13831329345703,0.7326709796672829
tensor(8689),"tensor(8609., dtype=torch.float64)",tensor(9),1,0,0,0,0,0.9928023,0.00063254463,0.0010711852,0.012386147,0.1243794,1,0,0,0,0,1.0,0.0,0,0.029133439,0.1243794,0.09972651,-5.0920253,259.29645,259.29644775390625,0.2694085027726433
tensor(8739),"tensor(2030., dtype=torch.float64)",tensor(9),1,0,0,0,0,0.9516014,0.08512602,0.014295117,0.07308112,0.042098247,1,0,0,0,0,1.0,0.0,0,0.052599788,0.08512604,0.19917905,-3.0503604,149.48352,365.3243408203125,0.3495841035120148
tensor(8757),"tensor(18426., dtype=torch.float64)",tensor(9),1,0,0,0,0,0.40219322,0.09797843,0.65887207,0.11575733,0.8226037,0,0,1,0,1,0.0,1.0,1,0.22689068,0.4021932,0.49241957,-1.3683643,24.153645,24.153644561767578,0.6522643253234751
tensor(8761),"tensor(18223., dtype=torch.float64)",tensor(9),0,1,0,0,0,0.025006417,0.9601018,0.14887378,0.8273099,0.40188304,0,1,0,1,0,0.6666666666666666,0.33333333333333337,1,0.15767032,0.401883,0.36783907,-2.110355,26.94443,26.944429397583008,0.47158040665434375
tensor(8763),"tensor(18245., dtype=torch.float64)",tensor(9),0,0,1,0,0,0.22610067,0.20659102,0.7060319,0.72393113,0.4972711,0,0,1,1,0,0.6666666666666666,0.33333333333333337,1,0.29999995,0.49727106,0.5863854,-0.8854421,26.85387,26.853870391845703,0.7423752310536045
tensor(8767),"tensor(6690., dtype=torch.float64)",tensor(9),1,0,0,0,0,0.6915823,0.27406758,0.1630513,0.094487906,0.55625635,1,0,0,0,0,1.0,0.0,0,0.25675362,0.44374365,0.5298782,-1.1806637,52.54389,419.22882080078125,0.7747227356746766
tensor(8779),"tensor(17952., dtype=torch.float64)",tensor(9),0,0,1,0,0,0.08832653,0.17356521,0.9445566,0.03101601,0.34151798,0,0,1,0,0,1.0,0.0,0,0.13797379,0.34151798,0.3509356,-2.1656888,78.59677,94.93397521972656,0.5420517560073937
tensor(8789),"tensor(20786., dtype=torch.float64)",tensor(9),1,0,0,0,0,0.9272934,0.027101029,0.008064047,0.04863179,0.40873638,1,0,0,0,0,1.0,0.0,0,0.1130479,0.40873635,0.26057306,-2.856321,154.38138,242.51504516601562,0.4461645101663586
tensor(8809),"tensor(14680., dtype=torch.float64)",tensor(9),1,0,0,0,0,0.9906783,0.008445747,0.0021529808,0.06524372,0.014610608,1,0,0,0,0,1.0,0.0,0,0.01995498,0.06524372,0.08687395,-4.4887705,337.74875,337.7487487792969,0.28073012939001846
tensor(8863),"tensor(9899., dtype=torch.float64)",tensor(9),0,0,0,1,0,0.0026978399,0.31669685,0.2903774,0.9969482,0.71193254,0,0,0,1,0,1.0,0.0,0,0.18017828,0.31669688,0.37332645,-2.8537803,40.280144,40.28014373779297,0.4798983364140481
tensor(8887),"tensor(18703., dtype=torch.float64)",tensor(9),0,1,0,0,0,0.25042018,0.36610395,0.8065705,0.21694183,0.48939773,0,0,1,0,0,0.0,1.0,1,0.30325866,0.48939776,0.58534724,-0.8798423,35.55438,95.28123474121094,0.773105360443623
tensor(8907),"tensor(11141., dtype=torch.float64)",tensor(9),0,0,0,1,1,0.017319204,0.66507804,0.37975574,0.9751252,0.55448675,0,1,0,1,0,0.5,0.5,1,0.24047697,0.44551325,0.43852273,-1.8205175,10.874277,10.874277114868164,0.5871072088724583
tensor(8931),"tensor(7018., dtype=torch.float64)",tensor(9),1,0,0,0,0,0.16937482,0.2818904,0.8584983,0.52913815,0.34940112,0,0,1,1,0,0.0,1.0,1,0.282606,0.47086185,0.55916536,-1.0132797,42.751106,42.75110626220703,0.780268022181146
tensor(8935),"tensor(12835., dtype=torch.float64)",tensor(9),1,0,0,0,0,0.7514923,0.0804569,0.004140524,0.8129754,0.0920313,1,0,0,1,0,0.6666666666666666,0.33333333333333337,1,0.12243223,0.24850768,0.3313033,-2.5568137,107.27438,107.27438354492188,0.49768946395563773
tensor(8967),"tensor(21654., dtype=torch.float64)",tensor(9),0,0,0,0,0,0.13937204,0.12479423,0.03190513,0.022147119,0.004870488,0,0,0,0,0,1.0,0.0,0,0.06461781,0.13937205,0.21171367,-3.2576404,222.68027,222.68026733398438,0.3856284658040665
tensor(8977),"tensor(7062., dtype=torch.float64)",tensor(9),0,1,0,0,0,0.9081002,0.29869658,0.0033963085,0.0021457481,0.0014608782,1,0,0,0,0,0.0,1.0,1,0.07951987,0.29869658,0.1931382,-4.2990413,427.0162,605.7526245117188,0.3814695009242144
tensor(9007),"tensor(11412., dtype=torch.float64)",tensor(9),1,0,0,0,0,0.84823096,0.018376848,0.0027064504,0.7639399,0.10239245,1,0,0,1,0,0.6666666666666666,0.33333333333333337,1,0.10226095,0.23606008,0.2825852,-2.990728,150.6424,150.64239501953125,0.43391866913123844
tensor(9011),"tensor(1688., dtype=torch.float64)",tensor(9),1,0,0,0,0,0.6676486,0.21177319,0.16131087,0.6715106,0.15104035,1,0,0,1,0,0.6666666666666666,0.33333333333333337,1,0.23699307,0.3323514,0.5303157,-1.2203671,32.37439,32.3743896484375,0.7091035120147875
tensor(9043),"tensor(21546., dtype=torch.float64)",tensor(9),1,0,0,0,0,0.9216141,0.13335118,0.09711755,0.035792213,0.01132944,1,0,0,0,0,1.0,0.0,0,0.071195245,0.1333512,0.24051559,-2.8656666,185.73653,508.3383483886719,0.4124306839186691
tensor(9073),"tensor(15003., dtype=torch.float64)",tensor(9),1,0,0,0,0,0.6553136,0.19892064,0.23177819,0.41441002,0.48852634,1,0,0,0,0,1.0,0.0,0,0.33566427,0.48852634,0.6111442,-0.72509944,34.763783,499.68878173828125,0.7855822550831792
tensor(9081),"tensor(19253., dtype=torch.float64)",tensor(9),0,0,0,1,0,0.008188174,0.22052503,0.119144395,0.995207,0.552941,0,0,0,1,0,1.0,0.0,0,0.15994197,0.44705898,0.33163956,-2.7216728,29.781525,29.781524658203125,0.4103512014787431
tensor(9085),"tensor(6911., dtype=torch.float64)",tensor(9),1,0,1,1,0,0.07731051,0.14310129,0.4433217,0.94919825,0.573873,0,0,1,1,0,0.8,0.19999999999999996,1,0.22813243,0.4433217,0.45049495,-1.5444558,23.608871,23.608871459960938,0.6236136783733826
tensor(9127),"tensor(6277., dtype=torch.float64)",tensor(9),1,0,0,0,0,0.98793924,0.0047372887,0.011364307,0.03200459,0.028076904,1,0,0,0,0,1.0,0.0,0,0.017648697,0.032004595,0.085433364,-4.2345476,347.51285,348.98980712890625,0.2858133086876155
tensor(9155),"tensor(15982., dtype=torch.float64)",tensor(9),1,0,0,0,0,0.9812113,0.019383881,0.0026586459,0.052145936,0.060385022,1,0,0,0,0,1.0,0.0,0,0.030672431,0.06038505,0.12803012,-3.8902862,252.94261,267.78948974609375,0.30429759704251386
tensor(9197),"tensor(19232., dtype=torch.float64)",tensor(9),1,0,0,0,0,0.9907499,0.005200307,0.012097947,0.0143849645,0.012402524,1,0,0,0,0,1.0,0.0,0,0.010667205,0.014384985,0.05851237,-4.586932,395.9947,395.99468994140625,0.2724121996303142
tensor(9225),"tensor(21500., dtype=torch.float64)",tensor(9),1,0,0,0,0,0.9536473,0.049102962,0.029178813,0.08407049,0.065655716,1,0,0,0,0,1.0,0.0,0,0.054872155,0.0840705,0.20924556,-2.9071808,142.22527,355.30126953125,0.36275415896487984
tensor(9417),"tensor(10093., dtype=torch.float64)",tensor(9),1,0,0,0,0,0.8760326,0.21681342,0.054548778,0.21127911,0.05200348,1,0,0,0,0,1.0,0.0,0,0.13172245,0.21681345,0.36586344,-2.0625117,88.779655,459.8495178222656,0.5589186691312384
tensor(9431),"tensor(20520., dtype=torch.float64)",tensor(9),1,0,0,0,0,0.4549367,0.0101585565,0.8732284,0.035348043,0.6218726,0,0,1,0,0,0.0,1.0,1,0.20106846,0.45493674,0.38840386,-2.098762,111.22069,121.25163269042969,0.6582717190388171
tensor(9459),"tensor(9206., dtype=torch.float64)",tensor(9),1,0,0,0,0,0.9593376,0.18847556,0.0027024166,0.014406717,0.038575817,1,0,0,0,0,1.0,0.0,0,0.056964576,0.18847555,0.18230149,-3.5946255,211.7687,343.2742919921875,0.3438077634011091
tensor(9479),"tensor(16595., dtype=torch.float64)",tensor(9),1,0,0,0,0,0.47782147,0.45725444,0.53141284,0.5143676,0.24177876,0,0,1,1,0,0.0,1.0,1,0.42621487,0.48563242,0.6637359,-0.31728572,33.843548,33.84354782104492,0.8019870609981515
tensor(9521),"tensor(19367., dtype=torch.float64)",tensor(9),1,0,0,0,0,0.9951285,0.0014038245,0.001272921,0.011673327,0.0413493,1,0,0,0,0,1.0,0.0,0,0.012114227,0.04134929,0.057388853,-5.226794,294.60452,294.6045227050781,0.2543900184842883
tensor(9555),"tensor(19999., dtype=torch.float64)",tensor(9),1,0,0,0,0,0.9346075,0.0026050778,0.009706799,0.051159877,0.51519865,1,0,0,0,0,1.0,0.0,0,0.122733116,0.48480135,0.24178167,-3.2427354,234.63849,253.50845336914062,0.4551756007393716
tensor(9615),"tensor(18393., dtype=torch.float64)",tensor(9),0,0,0,0,1,0.39603516,0.01418643,0.69110346,0.027205093,0.90777874,0,0,1,0,1,0.6666666666666666,0.33333333333333337,1,0.16770887,0.3960352,0.3593154,-2.2664113,88.90639,88.90638732910156,0.5764787430683919
tensor(9645),"tensor(14816., dtype=torch.float64)",tensor(9),1,0,0,0,0,0.13804546,0.42597258,0.81833297,0.023110472,0.40808228,0,0,1,0,0,0.0,1.0,1,0.23537552,0.42597258,0.46870404,-1.5502005,61.808445,74.4515380859375,0.7340573012939001
tensor(9667),"tensor(15687., dtype=torch.float64)",tensor(9),1,0,0,0,0,0.98632413,0.002272615,0.0010957421,0.063642874,0.11538774,1,0,0,0,0,1.0,0.0,0,0.03921497,0.11538774,0.13829131,-4.3807387,248.65942,248.659423828125,0.2982902033271719
tensor(9671),"tensor(20833., dtype=torch.float64)",tensor(9),1,0,0,0,0,0.88442177,0.33931422,0.007606672,0.0922353,0.070490934,1,0,0,0,0,1.0,0.0,0,0.12504512,0.33931422,0.32117516,-2.4876492,109.4421,378.1435241699219,0.4981515711645102
tensor(9673),"tensor(9402., dtype=torch.float64)",tensor(9),0,0,1,0,0,0.014823735,0.30980614,0.9229417,0.9304966,0.5280473,0,0,1,1,0,0.6666666666666666,0.33333333333333337,1,0.1886288,0.47195268,0.38230807,-2.0374541,50.113083,50.11308288574219,0.5914972273567467
tensor(9677),"tensor(17012., dtype=torch.float64)",tensor(9),1,0,0,0,0,0.83784765,0.01944183,0.08450395,0.05027637,0.5833088,1,0,0,0,0,1.0,0.0,0,0.14661312,0.41669118,0.34144887,-2.244134,108.13134,314.28387451171875,0.558456561922366
tensor(9699),"tensor(10577., dtype=torch.float64)",tensor(9),0,0,0,1,0,0.016626965,0.363943,0.3176857,0.9788699,0.7602328,0,0,0,1,1,0.6666666666666666,0.33333333333333337,1,0.19183052,0.36394298,0.40371734,-2.078468,18.306349,18.30634880065918,0.5147874306839186
tensor(9759),"tensor(17113., dtype=torch.float64)",tensor(9),1,0,0,0,0,0.9830935,0.003003065,0.0021443337,0.05970498,0.12331911,1,0,0,0,0,1.0,0.0,0,0.041015625,0.12331909,0.1442286,-4.145809,252.03569,252.0356903076172,0.3107670979667283
tensor(9771),"tensor(10614., dtype=torch.float64)",tensor(9),1,0,0,0,0,0.9921244,0.004361109,0.0015103307,0.052674033,0.023540057,1,0,0,0,0,1.0,0.0,0,0.017992198,0.052674055,0.08063922,-4.6750803,312.59433,312.5943298339844,0.2712569316081331
tensor(9789),"tensor(14683., dtype=torch.float64)",tensor(9),0,0,1,0,0,0.82294846,0.103666686,0.08013707,0.5222358,0.11478914,1,0,0,1,0,0.0,1.0,1,0.19068176,0.4777642,0.42552662,-1.6531603,53.898613,53.89861297607422,0.6601201478743068
tensor(9813),"tensor(13317., dtype=torch.float64)",tensor(9),0,0,0,1,1,0.028469454,0.32718864,0.22790097,0.97390836,0.28493598,0,0,0,1,0,0.6666666666666666,0.33333333333333337,1,0.17891729,0.3271886,0.40334305,-2.0021968,14.703598,14.703598022460938,0.5025415896487986
tensor(9841),"tensor(7877., dtype=torch.float64)",tensor(9),1,0,0,0,0,0.8397204,0.009687718,0.07412527,0.050000206,0.6467262,1,0,0,0,0,1.0,0.0,0,0.12947333,0.3532738,0.3213683,-2.4714813,129.59438,308.05712890625,0.5152495378927912
tensor(9845),"tensor(1152., dtype=torch.float64)",tensor(9),0,0,1,0,0,0.6609277,0.04788135,0.5801703,0.16447203,0.3693134,1,0,1,0,0,0.6666666666666666,0.33333333333333337,1,0.26811373,0.41982973,0.5236971,-1.2282708,58.84902,104.13665771484375,0.7867375231053605
tensor(9847),"tensor(4660., dtype=torch.float64)",tensor(9),0,0,1,0,0,0.24665542,0.041679174,0.91179925,0.037594955,0.6183054,0,0,1,0,0,1.0,0.0,0,0.15916502,0.3816946,0.3710684,-2.0624888,63.181396,80.69622039794922,0.5683918669131238
tensor(9879),"tensor(13111., dtype=torch.float64)",tensor(9),0,1,0,0,0,0.18492374,0.84803003,0.48570967,0.33179003,0.470658,0,1,1,0,0,0.6666666666666666,0.33333333333333337,1,0.3250103,0.48570967,0.5848982,-0.8154702,27.244102,27.244102478027344,0.7516173752310535
tensor(9895),"tensor(8141., dtype=torch.float64)",tensor(9),0,1,0,1,1,0.0016898897,0.50202423,0.19585113,0.9970312,0.8372658,0,0,0,1,1,0.8,0.19999999999999996,1,0.17224395,0.49797577,0.33292574,-3.0513148,47.97426,47.97425842285156,0.452634011090573
tensor(9899),"tensor(19456., dtype=torch.float64)",tensor(9),0,0,1,1,0,0.024086872,0.20785148,0.9741599,0.20131302,0.6813657,0,0,1,0,0,0.6666666666666666,0.33333333333333337,1,0.15554512,0.31863427,0.3745327,-2.161489,36.882122,82.45658874511719,0.506007393715342
tensor(9913),"tensor(12994., dtype=torch.float64)",tensor(9),0,1,1,0,1,0.0006448433,0.98957855,0.85465175,0.3966254,0.8166176,0,1,1,0,1,1.0,0.0,0,0.14728451,0.3966254,0.32519388,-3.1167948,51.203285,51.203285217285156,0.42213493530499074
tensor(9915),"tensor(9979., dtype=torch.float64)",tensor(9),0,1,1,0,0,0.004310894,0.9967589,0.3076754,0.057036128,0.23752092,0,1,0,0,0,0.6666666666666666,0.33333333333333337,1,0.121956944,0.30767536,0.28675228,-3.190708,58.438984,58.43898391723633,0.37361367837338266
tensor(9955),"tensor(16214., dtype=torch.float64)",tensor(9),1,0,0,0,0,0.98864263,0.0030206696,0.0035053235,0.022940239,0.081381634,1,0,0,0,0,1.0,0.0,0,0.024441063,0.08138162,0.099482216,-4.4182115,264.05402,264.05401611328125,0.2744916820702403
tensor(9965),"tensor(10897., dtype=torch.float64)",tensor(9),0,1,0,0,0,0.5045369,0.5701075,0.1407075,0.68477917,0.16458835,0,1,0,1,0,0.6666666666666666,0.33333333333333337,1,0.30917442,0.49546307,0.57061034,-0.902033,29.544064,29.544063568115234,0.7518484288354899
tensor(9989),"tensor(3936., dtype=torch.float64)",tensor(9),0,0,0,1,0,0.22941482,0.927551,0.016749926,0.3643807,0.22665033,0,1,0,0,0,0.0,1.0,1,0.18192893,0.36438072,0.41493922,-1.9234953,40.649055,40.64905548095703,0.591728280961183
tensor(10003),"tensor(5760., dtype=torch.float64)",tensor(9),0,0,0,1,0,0.004433795,0.59835994,0.42125323,0.99223125,0.6950565,0,1,1,1,0,0.5,0.5,1,0.22800791,0.4212532,0.40865678,-2.3608086,23.156918,23.156917572021484,0.5295748613678374
tensor(10005),"tensor(4499., dtype=torch.float64)",tensor(9),1,0,0,0,0,0.99587053,0.0034090201,0.0007112862,0.005857711,0.021631252,1,0,0,0,0,1.0,0.0,0,0.007147789,0.02163124,0.039139677,-5.4713936,299.03918,299.0391845703125,0.24514787430683918
tensor(10013),"tensor(17483., dtype=torch.float64)",tensor(9),1,0,0,0,0,0.96060145,0.012251219,0.0046723955,0.07163481,0.22391495,1,0,0,0,0,1.0,0.0,0,0.07037437,0.22391498,0.21030703,-3.3499744,204.44037,238.34286499023438,0.37615526802218113
tensor(10025),"tensor(7110., dtype=torch.float64)",tensor(9),0,1,0,0,0,0.5972761,0.057483282,0.15406717,0.07310172,0.84939706,0,0,0,0,1,0.0,1.0,1,0.16759586,0.4027239,0.40182573,-1.8328222,66.214874,66.21487426757812,0.621996303142329
tensor(10035),"tensor(6230., dtype=torch.float64)",tensor(9),1,0,0,0,0,0.8073657,0.048670866,0.12038221,0.10541231,0.5255999,1,0,0,0,0,1.0,0.0,0,0.18829995,0.4744001,0.41618794,-1.7271103,71.31482,358.94061279296875,0.6689001848428836
tensor(10039),"tensor(21412., dtype=torch.float64)",tensor(9),1,0,0,0,0,0.9345604,0.020931043,0.008215967,0.14421755,0.23816799,1,0,0,0,0,1.0,0.0,0,0.09539443,0.238168,0.2704916,-2.8482375,140.21945,285.0429382324219,0.4288354898336414
tensor(10045),"tensor(11479., dtype=torch.float64)",tensor(9),0,0,0,1,1,0.9682133,0.020770144,0.053473987,0.015597311,0.037013587,1,0,0,0,0,0.0,1.0,1,0.031728387,0.05347401,0.13784888,-3.5093894,223.14723,380.22613525390625,0.31192236598890943
tensor(10057),"tensor(4158., dtype=torch.float64)",tensor(9),0,0,1,0,0,0.35839966,0.13826479,0.8030457,0.080979034,0.292474,0,0,1,0,0,1.0,0.0,0,0.21341437,0.35839963,0.48719,-1.4260104,56.69045,92.81736755371094,0.7262014787430684
tensor(10103),"tensor(18832., dtype=torch.float64)",tensor(9),1,0,0,0,0,0.96591794,0.061209597,0.0033399041,0.047726247,0.09542046,1,0,0,0,0,1.0,0.0,0,0.04835558,0.09542048,0.18159714,-3.4031224,189.92236,271.9888916015625,0.3317929759704251
tensor(10111),"tensor(495., dtype=torch.float64)",tensor(9),0,0,1,0,0,0.6596256,0.068704866,0.46667975,0.22587113,0.49117553,1,0,1,0,0,0.6666666666666666,0.33333333333333337,1,0.3185612,0.49117553,0.561943,-0.93378747,47.152412,101.26338195800781,0.8019870609981515
tensor(10125),"tensor(12855., dtype=torch.float64)",tensor(9),1,0,0,0,0,0.985452,0.03679855,0.0084556835,0.029186022,0.0048382897,1,0,0,0,0,1.0,0.0,0,0.01876533,0.036798537,0.08898331,-4.215133,356.11423,445.0196533203125,0.2899722735674677
tensor(10145),"tensor(1347., dtype=torch.float64)",tensor(9),1,0,0,0,0,0.988531,0.0005543579,0.001832744,0.007276849,0.25970703,1,0,0,0,0,1.0,0.0,0,0.05616796,0.25970703,0.13931283,-4.843414,247.88382,247.88381958007812,0.30730129390018485
tensor(10155),"tensor(4993., dtype=torch.float64)",tensor(9),1,0,0,0,0,0.5831296,0.03539724,0.19364399,0.121060826,0.8250977,0,0,0,0,1,0.0,1.0,1,0.188375,0.41687042,0.4312727,-1.7201836,59.225266,59.22526550292969,0.6638170055452864
tensor(10191),"tensor(11124., dtype=torch.float64)",tensor(9),1,0,0,0,0,0.9990777,9.93618e-05,0.00101263,0.01251136,0.0014353121,1,0,0,0,0,1.0,0.0,0,0.0031961203,0.012511373,0.018890817,-6.802396,742.1874,742.1873779296875,0.2525415896487985
tensor(10203),"tensor(17437., dtype=torch.float64)",tensor(9),1,0,0,1,0,0.49759838,0.19249026,0.099587075,0.74726105,0.5707287,0,0,0,1,0,0.6666666666666666,0.33333333333333337,1,0.29433715,0.4975984,0.5511114,-1.0028439,26.311161,26.311161041259766,0.7280499075785583
tensor(10209),"tensor(12421., dtype=torch.float64)",tensor(9),1,0,0,0,0,0.12715575,0.8403127,0.12765074,0.86833084,0.19167398,0,1,0,1,0,0.0,1.0,1,0.14756739,0.191674,0.41603595,-1.7668486,24.40473,24.40472984313965,0.5143253234750462
tensor(10217),"tensor(9238., dtype=torch.float64)",tensor(9),1,0,0,0,0,0.9733367,0.02270392,0.012321056,0.033850063,0.067758635,1,0,0,0,0,1.0,0.0,0,0.03265935,0.06775862,0.13868499,-3.5433521,203.85251,301.1948547363281,0.3015249537892791
tensor(10235),"tensor(17371., dtype=torch.float64)",tensor(9),1,0,0,0,0,0.8607087,0.44008446,0.0034564377,0.06409961,0.06521134,1,0,0,0,0,1.0,0.0,0,0.14242858,0.44008446,0.31836778,-2.613964,128.10046,363.6962890625,0.5159426987060998
tensor(10263),"tensor(18245., dtype=torch.float64)",tensor(9),0,0,1,0,0,0.07877728,0.22607644,0.91818297,0.65797997,0.40186158,0,0,1,1,0,0.6666666666666666,0.33333333333333337,1,0.22611046,0.40186155,0.481915,-1.4319216,50.011578,50.01157760620117,0.7222735674676526
tensor(10273),"tensor(10471., dtype=torch.float64)",tensor(9),0,1,1,1,0,0.0044410555,0.63775915,0.43697065,0.991687,0.6823205,0,1,1,1,0,1.0,0.0,0,0.22592896,0.43697065,0.40831405,-2.3555138,23.008512,23.008512496948242,0.5277264325323475
tensor(10277),"tensor(13646., dtype=torch.float64)",tensor(9),1,0,0,0,0,0.8692467,0.047821477,0.37704968,0.037832875,0.08301088,1,0,0,0,0,1.0,0.0,0,0.1352936,0.37704968,0.33790484,-2.2051632,138.09656,476.0439453125,0.5646950092421442
tensor(10279),"tensor(21447., dtype=torch.float64)",tensor(9),0,0,0,1,1,0.00689502,0.12647144,0.022231843,0.9982078,0.63522744,0,0,0,1,0,0.6666666666666666,0.33333333333333337,1,0.10443258,0.36477256,0.2393306,-3.5127072,62.321224,62.321224212646484,0.3209334565619224
tensor(10297),"tensor(20406., dtype=torch.float64)",tensor(9),1,0,0,0,0,0.9186317,0.056867454,0.053179562,0.10936657,0.1749879,1,0,0,0,0,1.0,0.0,0,0.09515399,0.17498791,0.3034056,-2.3519454,99.21243,355.9000244140625,0.4690388170055453
tensor(10301),"tensor(21606., dtype=torch.float64)",tensor(9),0,1,0,1,0,0.011073638,0.71061003,0.6225793,0.9618365,0.56263876,0,1,1,1,0,0.8,0.19999999999999996,1,0.23068178,0.43736124,0.43452257,-1.8739513,17.029652,17.029651641845703,0.5804066543438077
tensor(10305),"tensor(12632., dtype=torch.float64)",tensor(9),0,0,0,1,0,0.87353307,0.08269266,0.0075225513,0.38880238,0.14167109,1,0,0,0,0,0.0,1.0,1,0.14943111,0.3888024,0.35707697,-2.295001,91.00815,347.87457275390625,0.5573012939001849
tensor(10313),"tensor(8207., dtype=torch.float64)",tensor(9),0,1,0,1,0,0.13638566,0.6907093,0.024087958,0.96056706,0.19890583,0,1,0,1,0,1.0,0.0,0,0.14162064,0.3092907,0.35908952,-2.1873612,32.326706,32.32670593261719,0.4609519408502773
tensor(10331),"tensor(3237., dtype=torch.float64)",tensor(9),0,0,0,1,0,0.016146326,0.53904456,0.6903499,0.9649029,0.6441646,0,0,1,1,0,0.6666666666666666,0.33333333333333337,1,0.23553693,0.46095544,0.43891445,-1.7950861,19.101795,19.101795196533203,0.5972735674676525
tensor(10347),"tensor(18563., dtype=torch.float64)",tensor(9),0,1,0,1,0,0.014933843,0.87205434,0.4101109,0.910685,0.20516577,0,1,1,1,0,0.8,0.19999999999999996,1,0.16949427,0.4101109,0.38907963,-2.029635,26.380768,26.380767822265625,0.505083179297597
tensor(10349),"tensor(13867., dtype=torch.float64)",tensor(9),0,0,1,0,1,0.06697351,0.07985618,0.94628155,0.13689004,0.8900548,0,0,1,0,1,1.0,0.0,0,0.089476705,0.13689005,0.2958314,-2.3759778,30.614311,30.61431121826172,0.34588724584103514
tensor(10361),"tensor(9565., dtype=torch.float64)",tensor(9),0,1,0,0,0,0.7271446,0.46290946,0.07893946,0.36783367,0.07542406,1,0,0,0,0,0.0,1.0,1,0.25159246,0.46290946,0.49557686,-1.3266788,61.90514,528.932373046875,0.7673290203327172
tensor(10375),"tensor(6566., dtype=torch.float64)",tensor(9),1,0,0,0,0,0.33128136,0.12289468,0.40069386,0.17721942,0.8978083,0,0,1,0,1,0.0,1.0,1,0.22685617,0.4006939,0.4956101,-1.3557352,30.98166,30.981660842895508,0.6792975970425139
tensor(10395),"tensor(7375., dtype=torch.float64)",tensor(9),0,0,0,1,0,0.017740214,0.19510934,0.062433492,0.9923496,0.37107483,0,0,0,1,0,1.0,0.0,0,0.13080168,0.3710748,0.30413884,-2.706657,25.07846,25.078460693359375,0.3456561922365989
tensor(10413),"tensor(889., dtype=torch.float64)",tensor(9),1,0,0,0,0,0.9934116,0.00022761732,0.0017569211,0.016088927,0.11460418,1,0,0,0,0,1.0,0.0,0,0.02785319,0.114604175,0.09862588,-5.180768,323.5635,323.5635070800781,0.2777264325323475
tensor(10439),"tensor(3789., dtype=torch.float64)",tensor(9),0,0,0,1,0,0.5524208,0.082041785,0.009038374,0.92289996,0.23897637,0,0,0,1,0,1.0,0.0,0,0.1709472,0.4475792,0.36888593,-2.1926587,66.238945,66.23894500732422,0.5730129390018485
tensor(10453),"tensor(2058., dtype=torch.float64)",tensor(9),0,1,1,0,0,0.011028039,0.96589136,0.68513966,0.035569318,0.29262266,0,1,1,0,0,1.0,0.0,0,0.1376378,0.31486034,0.31808716,-2.559991,49.926155,49.92615509033203,0.44731977818853974
tensor(10483),"tensor(17168., dtype=torch.float64)",tensor(9),1,0,0,0,0,0.9733709,0.01224432,0.0019131055,0.1464803,0.07374373,1,0,0,0,0,1.0,0.0,0,0.052202106,0.14648032,0.17651121,-3.7078564,228.08212,283.67242431640625,0.3380314232902033
tensor(10491),"tensor(17007., dtype=torch.float64)",tensor(9),1,0,0,0,0,0.9722191,0.008317682,0.0021194567,0.019641116,0.26327017,1,0,0,0,0,1.0,0.0,0,0.06422585,0.26327014,0.17266314,-3.8860118,215.40271,215.4027099609375,0.3331792975970425
tensor(10509),"tensor(5450., dtype=torch.float64)",tensor(9),1,0,0,0,0,0.95680237,0.015886543,0.023177134,0.018730119,0.20189828,1,0,0,0,0,1.0,0.0,0,0.06057799,0.20189828,0.19315585,-3.2596812,164.3896,284.49566650390625,0.3449630314232902
tensor(10529),"tensor(3175., dtype=torch.float64)",tensor(9),0,1,1,1,1,0.0006463915,0.8588505,0.91398287,0.9632205,0.8755778,0,1,1,1,1,1.0,0.0,0,0.077802956,0.14114952,0.24777555,-3.3458085,62.0618,62.061798095703125,0.30730129390018485
tensor(10535),"tensor(5145., dtype=torch.float64)",tensor(9),1,0,0,0,0,0.85067177,0.30089688,0.029676244,0.16903722,0.14397267,1,0,0,0,0,1.0,0.0,0,0.15858233,0.30089688,0.4066491,-1.8890676,71.22496,404.23284912109375,0.6166820702402958
tensor(10549),"tensor(1218., dtype=torch.float64)",tensor(9),1,0,0,0,0,0.7913085,0.22104068,0.27545232,0.053275254,0.09953113,1,0,0,0,0,1.0,0.0,0,0.17159814,0.27545232,0.43222928,-1.7279116,73.77467,498.68560791015625,0.6640480591497228
tensor(10575),"tensor(19785., dtype=torch.float64)",tensor(9),0,0,1,0,0,0.45160413,0.13753568,0.80289596,0.10805843,0.27893484,0,0,1,0,0,1.0,0.0,0,0.23464745,0.45160413,0.5039326,-1.2990152,63.098724,105.4283447265625,0.7661737523105361
tensor(10595),"tensor(16144., dtype=torch.float64)",tensor(9),1,0,0,0,0,0.98795134,0.0015964729,0.004607568,0.015093604,0.1105561,1,0,0,0,0,1.0,0.0,0,0.02878058,0.110556126,0.10648582,-4.4967656,267.00546,267.0054626464844,0.2814232902033272
tensor(10605),"tensor(11139., dtype=torch.float64)",tensor(9),0,0,0,0,0,0.010912767,0.9298777,0.24341504,0.91306704,0.26882046,0,1,0,1,0,0.0,1.0,1,0.13604069,0.26882046,0.34931207,-2.3155992,27.303814,27.303813934326172,0.4214417744916821
tensor(10609),"tensor(2817., dtype=torch.float64)",tensor(9),0,1,1,0,1,0.0036809018,0.99163026,0.5785934,0.03200509,0.37350032,0,1,1,0,0,0.8,0.19999999999999996,1,0.1677925,0.42140663,0.3111702,-2.923839,55.17047,55.17047119140625,0.4542513863216266
tensor(10621),"tensor(524., dtype=torch.float64)",tensor(9),1,0,0,0,0,0.28642848,0.03615216,0.88956636,0.082236275,0.75571245,0,0,1,0,0,0.0,1.0,1,0.15190762,0.28642845,0.38840592,-1.9647936,47.360527,76.3173828125,0.5575323475046211
tensor(10627),"tensor(14290., dtype=torch.float64)",tensor(9),1,0,0,0,0,0.9414833,0.039771672,0.037143894,0.08345432,0.10932794,1,0,0,0,0,1.0,0.0,0,0.06564295,0.10932791,0.23621535,-2.7422404,122.37233,348.4733581542969,0.38470425138632164
tensor(10641),"tensor(20211., dtype=torch.float64)",tensor(9),1,0,0,0,0,0.9817337,0.0025507987,0.0011497737,0.06221758,0.16515629,1,0,0,0,0,1.0,0.0,0,0.049868226,0.1651563,0.1598143,-4.210666,226.03331,226.03330993652344,0.3126155268022181
tensor(10643),"tensor(5972., dtype=torch.float64)",tensor(9),0,0,1,0,0,0.8450057,0.10246656,0.40768808,0.095431186,0.041705783,1,0,1,0,0,0.6666666666666666,0.33333333333333337,1,0.16045713,0.40768808,0.38520098,-1.9246336,124.737976,184.47610473632812,0.6393253234750462
tensor(10653),"tensor(924., dtype=torch.float64)",tensor(9),1,0,0,0,0,0.9351077,0.02402161,0.056579117,0.05408621,0.19437534,1,0,0,0,0,1.0,0.0,0,0.07879096,0.19437534,0.25477087,-2.6939383,133.72441,338.57611083984375,0.41381700554528644
tensor(10695),"tensor(17440., dtype=torch.float64)",tensor(9),0,0,0,1,1,0.82772696,0.22225124,0.02516552,0.21281001,0.271727,1,0,0,0,0,0.0,1.0,1,0.18084538,0.27172697,0.4418704,-1.7545878,65.39733,372.615234375,0.6658964879852126
tensor(10711),"tensor(6815., dtype=torch.float64)",tensor(9),1,0,0,0,0,0.55710936,0.20052078,0.2976641,0.12710933,0.74140525,0,0,0,0,0,0.0,1.0,1,0.26535594,0.44289064,0.5498084,-1.090195,34.859947,34.859947204589844,0.7444547134935304
tensor(10749),"tensor(1203., dtype=torch.float64)",tensor(9),1,0,0,0,0,0.9731141,0.0074358257,0.0030763745,0.08647767,0.15524623,1,0,0,0,0,1.0,0.0,0,0.0558244,0.15524626,0.18289573,-3.663051,232.60544,232.60543823242188,0.34981515711645106
tensor(10761),"tensor(20664., dtype=torch.float64)",tensor(9),0,1,0,0,1,0.36660314,0.70672786,0.23515044,0.6073873,0.40851945,0,1,0,1,0,0.5,0.5,1,0.3392316,0.40851945,0.63076425,-0.68244964,25.906002,25.906002044677734,0.7594731977818854
tensor(10763),"tensor(6426., dtype=torch.float64)",tensor(9),0,0,1,0,1,0.016499477,0.25898573,0.9742958,0.071795344,0.87617445,0,0,1,0,1,1.0,0.0,0,0.099362075,0.25898576,0.28165805,-2.6580448,35.397903,35.39790344238281,0.3391866913123845
tensor(10775),"tensor(344., dtype=torch.float64)",tensor(9),0,0,0,1,0,0.49616382,0.42100877,0.0011980628,0.90023845,0.04878412,0,0,0,1,0,1.0,0.0,0,0.21338332,0.49616385,0.38049364,-2.4460084,139.64908,139.64907836914062,0.6446395563770795
tensor(10783),"tensor(5960., dtype=torch.float64)",tensor(9),1,0,0,0,0,0.93402267,0.010564681,0.23233527,0.03965391,0.07864318,1,0,0,0,0,1.0,0.0,0,0.08543491,0.23233527,0.25721115,-2.806602,196.03214,431.3912658691406,0.4417744916820703
tensor(10867),"tensor(19906., dtype=torch.float64)",tensor(9),0,1,0,0,0,0.021728296,0.88136315,0.823859,0.1444537,0.5616384,0,1,1,0,0,0.6666666666666666,0.33333333333333337,1,0.17986429,0.4383616,0.40657568,-1.8763769,31.583103,31.58310317993164,0.5577634011090573
tensor(10873),"tensor(21528., dtype=torch.float64)",tensor(9),0,1,0,0,0,0.12120579,0.094781265,0.93250316,0.30963856,0.5102739,0,0,1,0,0,0.0,1.0,1,0.21656972,0.48972613,0.44832915,-1.5412738,43.832184,96.97661590576172,0.6797597042513863
tensor(10881),"tensor(13043., dtype=torch.float64)",tensor(9),0,1,0,0,0,0.0059833326,0.8547036,0.9229027,0.3652499,0.73752075,0,1,1,0,0,0.6666666666666666,0.33333333333333337,1,0.17122114,0.36524987,0.39093816,-2.1905963,32.746452,40.783042907714844,0.516173752310536
tensor(10919),"tensor(20855., dtype=torch.float64)",tensor(9),0,1,0,0,0,0.3975692,0.62957656,0.44812894,0.40599245,0.42122295,0,1,1,0,0,0.6666666666666666,0.33333333333333337,1,0.4086674,0.44812894,0.6750002,-0.37051004,35.91224,39.1119384765625,0.8096118299445472
tensor(10987),"tensor(2017., dtype=torch.float64)",tensor(9),1,0,0,1,0,0.7657405,0.2593349,0.010342853,0.5140089,0.11209917,1,0,0,1,0,1.0,0.0,0,0.22040546,0.48599112,0.44358793,-1.7840862,71.41989,71.41989135742188,0.7063308687615526
tensor(10995),"tensor(9936., dtype=torch.float64)",tensor(9),0,1,0,1,0,0.0019418012,0.9622729,0.62138706,0.9318247,0.7704163,0,1,1,1,1,0.6666666666666666,0.33333333333333337,1,0.14320815,0.37861294,0.3251528,-2.7604558,42.16018,42.160179138183594,0.422365988909427
tensor(11023),"tensor(9936., dtype=torch.float64)",tensor(9),0,1,1,1,0,0.0016101404,0.9212177,0.7711402,0.95034534,0.80718863,0,1,1,1,1,0.8571428571428571,0.1428571428571429,1,0.110343635,0.22885978,0.30268312,-2.897434,41.08808,41.08808135986328,0.3618299445471349
tensor(11045),"tensor(9439., dtype=torch.float64)",tensor(9),0,0,0,1,0,0.0057991412,0.6486728,0.2517546,0.9913107,0.72131157,0,1,0,1,0,0.6666666666666666,0.33333333333333337,1,0.17925179,0.35132718,0.37795305,-2.506927,21.690228,21.690227508544922,0.45078558225508325
tensor(11049),"tensor(3685., dtype=torch.float64)",tensor(9),1,0,0,0,0,0.89668936,0.07377235,0.014629282,0.48934245,0.042471737,1,0,0,0,0,1.0,0.0,0,0.1447053,0.48934245,0.30811083,-2.4118505,114.0452,419.677490234375,0.5224121996303143
tensor(11061),"tensor(15571., dtype=torch.float64)",tensor(9),0,1,0,0,1,0.34035155,0.44781142,0.34022164,0.07330029,0.8354574,0,0,0,0,1,0.6666666666666666,0.33333333333333337,1,0.2732455,0.44781142,0.5358721,-1.1390855,40.89012,40.89012145996094,0.7583179297597042
tensor(11069),"tensor(9534., dtype=torch.float64)",tensor(9),1,0,0,0,0,0.76712424,0.20125021,0.10510447,0.35861054,0.32736322,1,0,0,0,0,1.0,0.0,0,0.24504083,0.3586105,0.53318495,-1.202786,39.851406,449.9826965332031,0.7386783733826248
tensor(11079),"tensor(11908., dtype=torch.float64)",tensor(9),1,0,0,0,0,0.89983284,0.33119428,0.0023070176,0.014986517,0.019636601,1,0,0,0,0,1.0,0.0,0,0.09365827,0.33119428,0.23024616,-3.4127357,207.08746,397.6817626953125,0.3987985212569316
tensor(11133),"tensor(12331., dtype=torch.float64)",tensor(9),0,0,1,0,0,0.008390033,0.29903466,0.97663146,0.20058854,0.9451312,0,0,1,0,1,0.6666666666666666,0.33333333333333337,1,0.117250085,0.29903466,0.29664186,-2.7171803,34.632248,34.63224792480469,0.3592883548983364
tensor(11179),"tensor(15488., dtype=torch.float64)",tensor(9),0,1,0,0,0,0.58495563,0.32736164,0.44112325,0.28732,0.51607895,0,0,1,0,0,0.0,1.0,1,0.39095408,0.48392105,0.65789986,-0.45453423,43.512066,107.11605834960938,0.8292513863216266
tensor(11201),"tensor(20037., dtype=torch.float64)",tensor(9),0,0,1,0,0,0.0782596,0.32369646,0.9288212,0.11399841,0.25482365,0,0,1,0,0,1.0,0.0,0,0.1683914,0.3236965,0.41663343,-1.7790744,70.69002,110.60719299316406,0.6416358595194084
tensor(11225),"tensor(20691., dtype=torch.float64)",tensor(9),1,0,0,0,0,0.9265658,0.12795122,0.02563529,0.020349339,0.10226191,1,0,0,0,0,1.0,0.0,0,0.06992638,0.1279512,0.2387105,-2.8277192,120.496414,346.3930969238281,0.38331792975970425
tensor(11235),"tensor(10078., dtype=torch.float64)",tensor(9),0,1,0,1,1,0.3670112,0.19495939,0.5367999,0.4697549,0.7114096,0,0,1,0,0,0.0,1.0,1,0.35670316,0.46975493,0.62666357,-0.62679935,24.16668,92.32512664794922,0.7569316081330869
tensor(11245),"tensor(20464., dtype=torch.float64)",tensor(9),1,0,0,0,0,0.95927733,0.019861152,0.06696212,0.07660862,0.029661767,1,0,0,0,0,1.0,0.0,0,0.04676324,0.0766086,0.18348262,-3.1339543,188.37204,406.6337890625,0.3472735674676525
tensor(11293),"tensor(21175., dtype=torch.float64)",tensor(9),0,1,1,0,0,0.008950728,0.8603855,0.91149974,0.2121968,0.49657542,0,1,1,0,0,1.0,0.0,0,0.18916762,0.49657542,0.3928832,-2.0366087,42.153423,42.15342330932617,0.5787892791127541
tensor(11303),"tensor(14859., dtype=torch.float64)",tensor(9),0,1,0,1,1,0.005403744,0.98933035,0.098851055,0.8226211,0.19968721,0,1,0,1,0,0.8,0.19999999999999996,1,0.09839809,0.19968724,0.27651438,-2.9754755,42.194984,42.194984436035156,0.32971349353049906
tensor(11331),"tensor(12114., dtype=torch.float64)",tensor(9),1,0,0,0,0,0.9085852,0.07831745,0.013094918,0.08203173,0.28457335,1,0,0,0,0,1.0,0.0,0,0.10988647,0.28457332,0.3062293,-2.484241,113.34003,301.6378173828125,0.47804990757855825
tensor(11333),"tensor(11908., dtype=torch.float64)",tensor(9),1,0,0,0,0,0.9699164,0.09514931,0.004464803,0.047839876,0.012352983,1,0,0,0,0,1.0,0.0,0,0.037978172,0.09514928,0.14731996,-3.7009816,239.50641,394.4747314453125,0.31862292051756
tensor(11369),"tensor(15677., dtype=torch.float64)",tensor(9),1,0,0,0,0,0.90822417,0.0030375419,0.0013181694,0.06841209,0.6928355,1,0,0,0,0,1.0,0.0,0,0.094341636,0.3071645,0.24073033,-3.6281497,195.91179,195.9117889404297,0.38770794824399263
tensor(11397),"tensor(14859., dtype=torch.float64)",tensor(9),0,1,0,1,1,0.007673575,0.9529523,0.2083768,0.93266433,0.24170645,0,1,0,1,0,0.8,0.19999999999999996,1,0.11442804,0.24170643,0.30925438,-2.5954227,33.2432,33.24319839477539,0.3706099815157116
tensor(11405),"tensor(9162., dtype=torch.float64)",tensor(9),0,0,1,0,0,0.36760744,0.14237921,0.7835915,0.07698497,0.34480238,0,0,1,0,0,1.0,0.0,0,0.22963649,0.36760747,0.5009533,-1.3501767,49.253906,84.59634399414062,0.7363678373382625
tensor(11433),"tensor(11719., dtype=torch.float64)",tensor(9),1,0,0,1,0,0.6571896,0.06934871,0.007419118,0.90357006,0.12672254,1,0,0,1,0,1.0,0.0,0,0.12854612,0.3428104,0.32717627,-2.4623141,85.113716,85.11371612548828,0.4923752310536044
tensor(11473),"tensor(20855., dtype=torch.float64)",tensor(9),1,0,0,0,0,0.8189294,0.5380462,0.0015650868,0.0759135,0.046587575,1,0,0,0,0,1.0,0.0,0,0.15341806,0.46195382,0.32639042,-2.7275527,153.81985,370.22064208984375,0.5381238447319778
tensor(11505),"tensor(8637., dtype=torch.float64)",tensor(9),0,0,1,0,1,0.03199185,0.045663025,0.9827387,0.03761511,0.8020636,0,0,1,0,1,1.0,0.0,0,0.066093564,0.19793642,0.21442774,-3.0265229,75.02925,75.02925109863281,0.3257855822550832
tensor(11519),"tensor(16802., dtype=torch.float64)",tensor(9),1,0,0,0,0,0.8332915,0.066901945,0.18828557,0.016518468,0.32237643,1,0,0,0,0,1.0,0.0,0,0.15215814,0.32237643,0.37854308,-2.10702,92.05118,393.08734130859375,0.591728280961183
tensor(11527),"tensor(20074., dtype=torch.float64)",tensor(9),0,1,0,1,0,0.0055079334,0.9625125,0.04810282,0.9774194,0.35948074,0,1,0,1,0,1.0,0.0,0,0.09463197,0.35948074,0.22958937,-3.154427,41.250496,41.25049591064453,0.28835489833641403
tensor(11529),"tensor(15795., dtype=torch.float64)",tensor(9),0,0,0,1,0,0.0050618974,0.27330795,0.08628911,0.99687105,0.73995864,0,0,0,1,0,1.0,0.0,0,0.12556589,0.27330792,0.30129275,-3.085666,41.809784,41.809783935546875,0.36414048059149723
tensor(11541),"tensor(8637., dtype=torch.float64)",tensor(9),0,0,1,0,0,0.0902996,0.053557705,0.9650221,0.020316584,0.35164487,0,0,1,0,0,1.0,0.0,0,0.11015928,0.35164487,0.28229195,-2.597395,113.320465,118.21292877197266,0.4542513863216266
tensor(11671),"tensor(9821., dtype=torch.float64)",tensor(9),0,1,0,0,0,0.97172743,0.049997017,0.01061703,0.024321001,0.029991513,1,0,0,0,0,0.0,1.0,1,0.028639913,0.04999703,0.12702641,-3.6368985,204.47815,342.78704833984375,0.2902033271719039
tensor(11685),"tensor(10021., dtype=torch.float64)",tensor(9),0,0,1,0,0,0.5922478,0.41246864,0.48986682,0.2425045,0.13766365,0,0,1,0,0,1.0,0.0,0,0.3380512,0.48986685,0.6002731,-0.7482804,53.793346,143.90167236328125,0.8334103512014788
tensor(11693),"tensor(10172., dtype=torch.float64)",tensor(9),1,0,0,0,0,0.9915456,0.002024598,0.0008687012,0.012986469,0.11739162,1,0,0,0,0,1.0,0.0,0,0.028345227,0.117391646,0.10027033,-4.872144,226.65399,226.65399169921875,0.2571626617375231
tensor(11773),"tensor(19270., dtype=torch.float64)",tensor(9),0,1,0,0,0,0.05286909,0.98233163,0.0063321586,0.18245004,0.040831245,0,1,0,0,0,1.0,0.0,0,0.060030162,0.18245006,0.195946,-3.323197,90.65974,90.65973663330078,0.30291127541589646
tensor(11783),"tensor(18381., dtype=torch.float64)",tensor(9),1,0,0,0,0,0.98515934,0.0032026616,0.008428964,0.018984772,0.083247006,1,0,0,0,0,1.0,0.0,0,0.025740802,0.083247006,0.10562976,-4.2095175,282.7748,282.7748107910156,0.28927911275415896
tensor(11791),"tensor(3007., dtype=torch.float64)",tensor(9),1,0,0,0,0,0.99650407,0.0015238328,0.0028614576,0.0040099216,0.009664834,1,0,0,0,0,1.0,0.0,0,0.004311204,0.009664834,0.026974764,-5.627147,402.33923,402.3392333984375,0.253003696857671
tensor(11797),"tensor(13293., dtype=torch.float64)",tensor(9),1,0,0,0,0,0.9802579,0.0053087794,0.003710874,0.008973627,0.19788498,1,0,0,0,0,1.0,0.0,0,0.047124088,0.19788498,0.1406592,-4.166984,238.6224,238.62240600585938,0.3093807763401109
tensor(11823),"tensor(11996., dtype=torch.float64)",tensor(9),0,1,1,1,0,0.06291137,0.70911634,0.72463703,0.7508728,0.6140563,0,1,1,1,0,1.0,0.0,0,0.25284576,0.3859437,0.5309278,-1.2254791,24.456497,24.456497192382812,0.6899260628465803
tensor(11825),"tensor(7918., dtype=torch.float64)",tensor(9),1,0,0,0,0,0.99640155,0.002155888,0.00060599827,0.010420349,0.022471346,1,0,0,0,0,1.0,0.0,0,0.007850349,0.022471368,0.041951615,-5.499077,311.94736,311.9473571777344,0.246996303142329
tensor(11839),"tensor(15034., dtype=torch.float64)",tensor(9),0,1,0,0,0,0.9020579,0.41658288,0.00073976535,0.058811598,0.045428544,1,0,0,0,0,0.0,1.0,1,0.12390101,0.41658288,0.2828577,-3.1166966,202.00471,345.0370178222656,0.4699630314232902
tensor(11865),"tensor(20063., dtype=torch.float64)",tensor(9),0,0,0,0,0,0.22307143,0.23671369,0.13135478,0.122786015,0.03341858,0,0,0,0,0,1.0,0.0,0,0.1494689,0.2367137,0.39717108,-1.9277265,91.12539,91.1253890991211,0.6182994454713494
tensor(11871),"tensor(18724., dtype=torch.float64)",tensor(9),0,1,0,0,0,0.94944686,0.07412262,0.0029024552,0.025054108,0.22756149,1,0,0,0,0,0.0,1.0,1,0.07603872,0.22756147,0.22751765,-3.2361286,182.26472,248.5242919921875,0.3812384473197782
tensor(11873),"tensor(15280., dtype=torch.float64)",tensor(9),0,0,0,0,1,0.95598525,0.004768257,0.010210438,0.012610852,0.39099813,1,0,0,0,0,0.0,1.0,1,0.092520535,0.39099813,0.20091721,-3.5593839,204.33838,253.71002197265625,0.3777726432532348
tensor(11879),"tensor(15704., dtype=torch.float64)",tensor(9),0,0,0,0,0,0.17073049,0.25019485,0.08388321,0.24583587,0.025618186,0,0,0,0,0,1.0,0.0,0,0.15525258,0.25019485,0.39692444,-1.9656395,97.86756,97.86756134033203,0.621996303142329
tensor(11883),"tensor(15317., dtype=torch.float64)",tensor(9),0,1,1,0,0,0.0102276085,0.8975563,0.8114752,0.7390584,0.60268384,0,1,1,1,0,0.8,0.19999999999999996,1,0.19189072,0.39731616,0.42349777,-1.9320225,35.256577,35.25657653808594,0.5878003696857671
tensor(11889),"tensor(19458., dtype=torch.float64)",tensor(9),0,0,0,1,0,0.0136305755,0.48129234,0.43234694,0.9771741,0.57044756,0,0,1,1,0,0.6666666666666666,0.33333333333333337,1,0.27592963,0.48129237,0.4481058,-1.7338625,12.704737,12.704736709594727,0.6162199630314233
tensor(11891),"tensor(16321., dtype=torch.float64)",tensor(9),1,0,0,0,0,0.9786885,0.015590474,0.009725536,0.04181616,0.05300349,1,0,0,0,0,1.0,0.0,0,0.028289437,0.05300349,0.12382357,-3.7220542,234.94254,302.731201171875,0.29829020332717193
tensor(11911),"tensor(12403., dtype=torch.float64)",tensor(9),0,0,0,0,0,0.0049192025,0.80595154,0.5144796,0.9772685,0.64346623,0,1,1,1,0,0.0,1.0,1,0.21275067,0.48552042,0.39514074,-2.2285962,17.893463,17.893463134765625,0.5117837338262478
tensor(11915),"tensor(12403., dtype=torch.float64)",tensor(9),0,0,0,0,0,0.002861467,0.9156802,0.5286828,0.97285044,0.609381,0,1,1,1,0,0.0,1.0,1,0.19525337,0.47131717,0.35880497,-2.4754088,24.393269,24.393268585205078,0.46303142329020336
tensor(11921),"tensor(14359., dtype=torch.float64)",tensor(9),1,0,0,0,0,0.9660581,0.0026841303,0.0014549347,0.04598972,0.37490028,1,0,0,0,0,1.0,0.0,0,0.09179419,0.37490028,0.20515287,-3.8682258,206.75404,206.75404357910156,0.3678373382624769
tensor(11941),"tensor(11811., dtype=torch.float64)",tensor(9),1,0,0,0,0,0.8248457,0.029977664,0.020354493,0.06512194,0.68342954,1,0,0,0,0,1.0,0.0,0,0.12143576,0.31657046,0.31262743,-2.466803,117.05757,251.5735626220703,0.49514787430683915
tensor(11947),"tensor(10077., dtype=torch.float64)",tensor(9),0,0,1,0,1,0.0495683,0.042254355,0.9793698,0.0037780977,0.65258986,0,0,1,0,0,0.6666666666666666,0.33333333333333337,1,0.09272826,0.34741014,0.22868863,-3.2279572,130.8306,130.83059692382812,0.3710720887245841
tensor(11949),"tensor(15545., dtype=torch.float64)",tensor(9),0,0,1,0,0,0.8185344,0.10480916,0.44006154,0.07474973,0.11245328,1,0,1,0,0,0.6666666666666666,0.33333333333333337,1,0.1827079,0.44006157,0.4224891,-1.6948198,99.23381,136.77618408203125,0.6917744916820702
tensor(11951),"tensor(16130., dtype=torch.float64)",tensor(9),1,0,0,0,0,0.9757774,0.003051745,0.003685322,0.033466402,0.24153319,1,0,0,0,0,1.0,0.0,0,0.061191857,0.24153316,0.17170627,-3.9184213,229.42966,229.42965698242188,0.33733826247689463
tensor(11959),"tensor(359., dtype=torch.float64)",tensor(9),1,0,0,0,0,0.1103841,0.5613455,0.33522207,0.58630073,0.8770816,0,0,0,1,1,0.0,1.0,1,0.28417563,0.43865448,0.5443222,-1.0663761,31.56506,31.565059661865234,0.7372920517560073
tensor(11963),"tensor(3204., dtype=torch.float64)",tensor(9),0,1,0,1,0,0.0055151475,0.75564915,0.048981406,0.99559563,0.55892485,0,1,0,1,0,1.0,0.0,0,0.1488654,0.44107515,0.30004087,-2.9894664,30.881367,30.881366729736328,0.3618299445471349
tensor(11969),"tensor(5051., dtype=torch.float64)",tensor(9),0,1,0,0,0,0.6914359,0.17690887,0.36864674,0.048549216,0.41723043,1,0,0,0,0,0.0,1.0,1,0.26397985,0.41723043,0.5232911,-1.2383726,57.888664,463.15625,0.7807301293900185
tensor(11989),"tensor(18210., dtype=torch.float64)",tensor(9),1,0,0,0,0,0.82767844,0.08239639,0.06439188,0.54012376,0.13827623,1,0,0,1,0,0.6666666666666666,0.33333333333333337,1,0.18345249,0.45987624,0.41495246,-1.7292436,59.755737,59.7557373046875,0.6499537892791127
tensor(11997),"tensor(6971., dtype=torch.float64)",tensor(9),0,0,1,0,0,0.03847105,0.3971435,0.88900495,0.83729374,0.6194884,0,0,1,1,0,0.6666666666666666,0.33333333333333337,1,0.21796548,0.39714348,0.45838517,-1.5684446,32.041935,32.041934967041016,0.649260628465804
tensor(12011),"tensor(2215., dtype=torch.float64)",tensor(9),0,0,0,1,0,0.043614015,0.20873985,0.046626512,0.9911698,0.43833092,0,0,0,1,0,1.0,0.0,0,0.14922827,0.4383309,0.3232164,-2.481361,24.098347,24.098346710205078,0.3914048059149723
tensor(12035),"tensor(5976., dtype=torch.float64)",tensor(9),0,1,1,0,0,0.02442256,0.76432586,0.8881804,0.1423908,0.36252016,0,1,1,0,0,1.0,0.0,0,0.17536545,0.36252016,0.4150527,-1.8592739,44.208782,44.20878219604492,0.6000462107208873
tensor(12073),"tensor(4161., dtype=torch.float64)",tensor(9),1,0,0,0,0,0.989546,0.002705307,0.0022964813,0.014563466,0.09533725,1,0,0,0,0,1.0,0.0,0,0.025071323,0.09533727,0.09675743,-4.5997753,246.43149,246.43148803710938,0.2659426987060998
tensor(12085),"tensor(658., dtype=torch.float64)",tensor(9),0,0,0,0,0,0.4314664,0.123754844,0.17847899,0.20774853,0.14156647,0,0,0,0,0,1.0,0.0,0,0.21660304,0.4314664,0.4891797,-1.3801583,52.468468,52.468467712402344,0.726894639556377
tensor(12115),"tensor(17825., dtype=torch.float64)",tensor(9),1,0,0,0,0,0.97359836,0.02080981,0.012622584,0.020620879,0.06182191,1,0,0,0,0,1.0,0.0,0,0.028455377,0.061821938,0.12466111,-3.6797473,215.72903,293.5477294921875,0.2918207024029575
tensor(12123),"tensor(14146., dtype=torch.float64)",tensor(9),1,0,0,0,0,0.99186206,0.006121461,0.005517303,0.029759595,0.008780345,1,0,0,0,0,1.0,0.0,0,0.011663318,0.029759586,0.060594194,-4.6596017,383.69043,383.6904296875,0.2724121996303142
tensor(12131),"tensor(9054., dtype=torch.float64)",tensor(9),0,0,1,0,1,0.15189052,0.017954571,0.94780535,0.015153696,0.78546315,0,0,1,0,1,1.0,0.0,0,0.09034604,0.21453685,0.26386014,-2.8185687,98.23208,98.2320785522461,0.39764325323475047
tensor(12145),"tensor(9895., dtype=torch.float64)",tensor(9),0,1,0,0,0,0.554649,0.42124793,0.06706968,0.759747,0.099650994,0,0,0,1,0,0.0,1.0,1,0.2547145,0.445351,0.4979066,-1.304425,43.77005,43.770050048828125,0.7398336414048059
tensor(12151),"tensor(5289., dtype=torch.float64)",tensor(9),0,1,1,1,0,0.011706834,0.82896584,0.86568993,0.7285582,0.6205109,0,1,1,1,0,1.0,0.0,0,0.19359636,0.37948912,0.4328454,-1.871307,35.172943,35.172943115234375,0.6023567467652495
tensor(12167),"tensor(6286., dtype=torch.float64)",tensor(9),0,1,0,1,0,0.008577704,0.80039954,0.46219078,0.970707,0.37575203,0,1,1,1,0,0.8,0.19999999999999996,1,0.21508276,0.46219075,0.4067428,-2.0597172,18.402763,18.40276336669922,0.5388170055452864
tensor(12171),"tensor(9970., dtype=torch.float64)",tensor(9),1,0,0,0,0,0.97143924,0.06873048,0.0038779066,0.109220594,0.012599541,1,0,0,0,0,1.0,0.0,0,0.044597805,0.109220624,0.16359241,-3.6283634,249.14732,382.1962890625,0.33918669131238444
tensor(12173),"tensor(13066., dtype=torch.float64)",tensor(9),0,1,0,0,0,0.009036769,0.98003036,0.63601637,0.39448917,0.50098944,0,1,1,0,0,0.6666666666666666,0.33333333333333337,1,0.257298,0.49901056,0.43379658,-1.9162595,26.237713,26.237712860107422,0.6127541589648798
tensor(12191),"tensor(17566., dtype=torch.float64)",tensor(9),0,1,0,0,0,0.68926615,0.0815995,0.69174373,0.023757325,0.03434817,1,0,1,0,0,0.0,1.0,1,0.151739,0.31073385,0.35638234,-2.2155719,175.14642,197.88937377929688,0.6085951940850277
tensor(12209),"tensor(10632., dtype=torch.float64)",tensor(9),0,1,0,0,0,0.03200398,0.30254942,0.92578405,0.48204517,0.8745476,0,0,1,0,1,0.0,1.0,1,0.20325339,0.48204517,0.41784233,-1.7563692,14.748835,14.748834609985352,0.5561460258780037
tensor(12253),"tensor(9743., dtype=torch.float64)",tensor(9),1,0,0,0,0,0.7913057,0.04459478,0.022560835,0.38413724,0.4813504,1,0,0,0,0,1.0,0.0,0,0.22826749,0.48135042,0.43217045,-1.7425419,76.316124,343.9039611816406,0.7118761552680222
tensor(12261),"tensor(19080., dtype=torch.float64)",tensor(9),1,0,0,0,0,0.98556453,0.0044189068,0.0030998474,0.026475606,0.11433467,1,0,0,0,0,1.0,0.0,0,0.032552898,0.1143347,0.12052605,-4.2132335,245.82419,245.82418823242188,0.291358595194085
tensor(12263),"tensor(8090., dtype=torch.float64)",tensor(9),1,0,0,0,0,0.92462516,0.024152564,0.0046901046,0.28909922,0.17048162,1,0,0,0,0,1.0,0.0,0,0.11275971,0.28909922,0.2937867,-2.809082,139.5504,295.6107177734375,0.4630314232902033
tensor(12269),"tensor(1234., dtype=torch.float64)",tensor(9),0,0,1,0,1,0.05556302,0.04250487,0.9570958,0.03211,0.9569982,0,0,1,0,1,1.0,0.0,0,0.043216825,0.055563033,0.1773685,-3.1122432,81.54796,81.54795837402344,0.28604436229205177
tensor(12271),"tensor(17468., dtype=torch.float64)",tensor(9),1,0,0,0,0,0.89149094,0.0020370358,0.16149476,0.012840378,0.53251654,1,0,0,0,0,1.0,0.0,0,0.15047294,0.46748346,0.3119789,-2.8839834,201.18253,366.5180969238281,0.5369685767097967
tensor(12305),"tensor(19763., dtype=torch.float64)",tensor(9),0,0,1,0,0,0.16800605,0.3026512,0.8465399,0.047537282,0.70283234,0,0,1,0,0,1.0,0.0,0,0.19376451,0.30265117,0.45882264,-1.6001211,28.564842,49.13976287841797,0.6171441774491683
tensor(12311),"tensor(2026., dtype=torch.float64)",tensor(9),0,0,0,0,1,0.9646295,0.0024827349,0.0038230687,0.0149555355,0.42479664,1,0,0,0,0,0.0,1.0,1,0.0962857,0.42479664,0.19098009,-3.8710732,227.1575,227.15750122070312,0.3766173752310536
tensor(12321),"tensor(3292., dtype=torch.float64)",tensor(9),1,0,0,0,0,0.9942737,0.008730095,0.0021170871,0.03886237,0.0036593229,1,0,0,0,0,1.0,0.0,0,0.011819005,0.038862348,0.057800002,-4.97193,448.584,448.5840148925781,0.2696395563770795
tensor(12357),"tensor(5461., dtype=torch.float64)",tensor(9),1,0,0,0,0,0.9894484,0.0064488114,0.003014591,0.014634245,0.05095379,1,0,0,0,0,1.0,0.0,0,0.01712066,0.050953805,0.07912898,-4.502744,267.58557,267.5855712890625,0.26386321626617376
tensor(12361),"tensor(2262., dtype=torch.float64)",tensor(9),1,0,0,0,0,0.8852122,0.42047635,0.0028298628,0.11307535,0.012480876,1,0,0,0,0,1.0,0.0,0,0.13273,0.42047632,0.29525912,-2.9317915,203.43987,457.0234680175781,0.5041589648798521
tensor(12363),"tensor(2264., dtype=torch.float64)",tensor(9),0,0,0,0,1,0.9117739,0.010625739,0.004053978,0.052424744,0.5827313,1,0,0,0,0,0.0,1.0,1,0.114519775,0.4172687,0.25372717,-3.1203601,186.79385,203.76190185546875,0.4373844731977819
tensor(12441),"tensor(3680., dtype=torch.float64)",tensor(9),0,0,1,0,0,0.85400915,0.018288385,0.15959238,0.0832383,0.43984133,1,0,0,0,0,0.0,1.0,1,0.16939032,0.43984133,0.383697,-2.0103278,97.83519,381.13134765625,0.6245378927911275
tensor(12453),"tensor(4790., dtype=torch.float64)",tensor(9),1,0,0,0,0,0.9648393,0.17263584,0.0009401477,0.005829436,0.024492726,1,0,0,0,0,1.0,0.0,0,0.047811806,0.17263585,0.15412547,-4.134239,285.01242,348.03936767578125,0.3299445471349353
tensor(12455),"tensor(414., dtype=torch.float64)",tensor(9),1,0,0,0,0,0.97541726,0.018485945,0.003481827,0.046645567,0.11616164,1,0,0,0,0,1.0,0.0,0,0.041871548,0.116161644,0.15567382,-3.6712627,226.78857,249.979736328125,0.3202402957486137
tensor(12459),"tensor(13741., dtype=torch.float64)",tensor(9),0,0,0,1,0,0.66883045,0.14116089,0.025073586,0.83990294,0.06336306,1,0,0,1,0,0.6666666666666666,0.33333333333333337,1,0.14417285,0.33116955,0.36703974,-2.10401,71.563126,71.56312561035156,0.5533733826247689
tensor(12465),"tensor(21107., dtype=torch.float64)",tensor(9),1,0,0,0,0,0.9476867,0.005261202,0.002546024,0.020873865,0.54667103,1,0,0,0,0,1.0,0.0,0,0.10686463,0.45332897,0.2092164,-3.6289916,200.59116,200.59115600585938,0.38955637707948243
tensor(12469),"tensor(19728., dtype=torch.float64)",tensor(9),1,0,0,0,0,0.75284714,0.32326943,0.36545128,0.115578145,0.07643102,1,0,0,0,0,1.0,0.0,0,0.22557652,0.36545128,0.49459428,-1.3862534,76.1152,560.8514404296875,0.7631700554528651
tensor(12493),"tensor(20738., dtype=torch.float64)",tensor(9),0,1,0,0,1,0.11232402,0.9249898,0.04986573,0.65179116,0.5291776,0,1,0,1,0,0.5,0.5,1,0.21124619,0.4708224,0.43073016,-1.6540827,35.00813,35.00812911987305,0.631007393715342
tensor(12499),"tensor(6396., dtype=torch.float64)",tensor(9),1,0,0,0,0,0.9863776,0.0019899644,0.0028766335,0.007079465,0.18646291,1,0,0,0,0,1.0,0.0,0,0.04240626,0.18646288,0.12585507,-4.552968,234.23718,234.2371826171875,0.28696857670979664
tensor(12525),"tensor(359., dtype=torch.float64)",tensor(9),0,0,0,0,0,0.029399207,0.6208926,0.429446,0.9513018,0.3475338,0,1,1,1,0,0.0,1.0,1,0.24683696,0.42944598,0.46400037,-1.575297,12.472062,12.472062110900879,0.6247689463955638
tensor(12579),"tensor(4269., dtype=torch.float64)",tensor(9),1,0,0,0,0,0.6981208,0.25078118,0.005800522,0.4932957,0.27361363,1,0,0,1,0,0.6666666666666666,0.33333333333333337,1,0.26507407,0.49329567,0.4982345,-1.6159979,70.86737,70.86737060546875,0.7661737523105361
tensor(12583),"tensor(5961., dtype=torch.float64)",tensor(9),0,0,1,0,0,0.0039107185,0.4103178,0.9786791,0.6389227,0.899497,0,0,1,1,1,0.5,0.5,1,0.1794259,0.41031778,0.35718337,-2.4983246,36.511475,36.511474609375,0.48590573012939003
tensor(12615),"tensor(3872., dtype=torch.float64)",tensor(9),0,1,0,0,0,0.003510117,0.21761897,0.9920982,0.032891843,0.9045551,0,0,1,0,1,0.0,1.0,1,0.07147348,0.21761894,0.21059088,-3.4781785,77.97219,77.9721908569336,0.3015249537892791
tensor(12645),"tensor(1961., dtype=torch.float64)",tensor(9),1,0,0,0,0,0.71550393,0.03872454,0.5561611,0.039355833,0.40255174,1,0,1,0,0,0.6666666666666666,0.33333333333333337,1,0.24179345,0.4438389,0.4575538,-1.5898911,78.082695,89.57281494140625,0.7497689463955637
tensor(12693),"tensor(5739., dtype=torch.float64)",tensor(9),0,0,1,0,0,0.114968225,0.09453138,0.9444389,0.13553913,0.5136609,0,0,1,0,0,1.0,0.0,0,0.17738783,0.4863391,0.3947615,-1.8082197,46.562256,86.49501037597656,0.5956561922365989
tensor(12741),"tensor(15976., dtype=torch.float64)",tensor(9),0,1,1,0,0,0.37622023,0.59212154,0.50623125,0.13106847,0.14555554,0,1,1,0,0,1.0,0.0,0,0.31089824,0.49376875,0.56693286,-0.91294605,42.92,42.91999816894531,0.794362292051756
tensor(12753),"tensor(6261., dtype=torch.float64)",tensor(9),0,0,1,0,1,0.014034123,0.41312203,0.9645789,0.12532428,0.8345859,0,0,1,0,1,1.0,0.0,0,0.1506632,0.41312206,0.3461664,-2.293804,24.434692,24.4346923828125,0.4283733826247689
tensor(12789),"tensor(11149., dtype=torch.float64)",tensor(9),1,0,0,0,0,0.92962843,0.2106987,0.012087009,0.07677443,0.029537499,1,0,0,0,0,1.0,0.0,0,0.07989377,0.21069872,0.24776319,-2.8568583,145.40477,408.0898132324219,0.4015711645101664
tensor(12805),"tensor(21686., dtype=torch.float64)",tensor(9),1,0,0,0,0,0.86480635,0.448819,0.004670958,0.11517528,0.018766796,1,0,0,0,0,1.0,0.0,0,0.14452517,0.44881904,0.3128335,-2.683721,164.29092,446.094970703125,0.5270332717190388
tensor(12863),"tensor(10495., dtype=torch.float64)",tensor(9),0,0,1,0,0,0.89021385,0.018410046,0.022951677,0.040307295,0.5446778,1,0,0,0,0,0.0,1.0,1,0.12935543,0.4553222,0.28104728,-2.633924,130.08913,263.1531982421875,0.47758780036968573
tensor(12869),"tensor(13894., dtype=torch.float64)",tensor(9),0,0,0,0,0,0.019184187,0.8812124,0.07903628,0.9408526,0.18632314,0,1,0,1,0,0.0,1.0,1,0.09249574,0.18632317,0.2882442,-2.5269217,26.4507,26.450700759887695,0.316543438077634
tensor(12871),"tensor(14167., dtype=torch.float64)",tensor(9),0,1,1,0,1,0.008168313,0.8770049,0.8246146,0.75819206,0.77647793,0,1,1,1,1,0.8571428571428571,0.1428571428571429,1,0.15437573,0.24180794,0.39381248,-2.139928,36.33033,36.33032989501953,0.5164048059149723
tensor(12873),"tensor(8770., dtype=torch.float64)",tensor(9),0,1,0,0,0,0.03458616,0.96237034,0.028674114,0.8802631,0.33071515,0,1,0,1,0,0.6666666666666666,0.33333333333333337,1,0.110268414,0.33071518,0.28837258,-2.5586505,46.629883,46.6298828125,0.3932532347504621
tensor(12903),"tensor(1242., dtype=torch.float64)",tensor(9),0,0,1,0,0,0.02204045,0.36238346,0.957818,0.5286204,0.6485816,0,0,1,1,0,0.6666666666666666,0.33333333333333337,1,0.24988079,0.47137958,0.4550601,-1.6415408,34.83632,57.62919998168945,0.6705175600739371
tensor(12913),"tensor(17771., dtype=torch.float64)",tensor(9),1,0,0,0,0,0.9593743,0.014898662,0.08435433,0.06540641,0.034774553,1,0,0,0,0,1.0,0.0,0,0.04801196,0.08435434,0.18584406,-3.144185,200.06879,409.84423828125,0.3544362292051756
tensor(12947),"tensor(4622., dtype=torch.float64)",tensor(9),1,0,0,0,0,0.91764754,0.0047716843,0.0015864403,0.5535124,0.13967325,1,0,0,1,0,0.6666666666666666,0.33333333333333337,1,0.1349743,0.4464876,0.2836667,-3.2457263,237.32587,237.32586669921875,0.4928373382624769
tensor(12965),"tensor(15797., dtype=torch.float64)",tensor(9),1,0,0,0,0,0.99242765,0.013234362,0.0023470302,0.009231818,0.0098255,1,0,0,0,0,1.0,0.0,0,0.008442223,0.013234377,0.047819864,-4.9056497,349.08734,349.08734130859375,0.2587800369685767
tensor(12973),"tensor(15118., dtype=torch.float64)",tensor(9),0,1,0,0,0,0.81608516,0.56633514,0.0015202361,0.11266557,0.030697802,1,0,0,0,0,0.0,1.0,1,0.1524927,0.43366486,0.3324388,-2.7521024,165.53294,397.65264892578125,0.5459796672828096
tensor(13013),"tensor(12125., dtype=torch.float64)",tensor(9),0,1,1,0,0,0.0012606983,0.93598926,0.8876894,0.85688925,0.80580586,0,1,1,1,1,0.6666666666666666,0.33333333333333337,1,0.102977395,0.19419414,0.3003354,-2.9274817,51.84651,51.84651184082031,0.37684842883548986
tensor(13029),"tensor(2363., dtype=torch.float64)",tensor(9),1,0,0,0,0,0.5578595,0.045434475,0.049685054,0.1530764,0.8761977,0,0,0,0,1,0.0,1.0,1,0.16282779,0.44214052,0.37426227,-1.9792267,86.916824,86.91682434082031,0.6051293900184843
tensor(13041),"tensor(702., dtype=torch.float64)",tensor(9),0,0,1,1,0,0.0046864445,0.90977925,0.9122002,0.0922255,0.7717442,0,1,1,0,1,0.4,0.6,1,0.100637615,0.22825581,0.29501837,-2.7030146,42.95271,42.95270919799805,0.3713031423290203
tensor(13051),"tensor(18138., dtype=torch.float64)",tensor(9),1,0,0,0,0,0.9526121,0.09718635,0.0039814417,0.055020284,0.080055214,1,0,0,0,0,1.0,0.0,0,0.056726277,0.09718633,0.20550537,-3.2073817,161.81787,305.5242919921875,0.35027726432532347
tensor(13069),"tensor(12204., dtype=torch.float64)",tensor(9),0,1,0,1,0,0.0036127213,0.8398972,0.5240106,0.98351014,0.6826645,0,1,1,1,0,0.8,0.19999999999999996,1,0.19470608,0.4759894,0.3729289,-2.4455361,23.595589,23.59558868408203,0.4718114602587801
tensor(13073),"tensor(7003., dtype=torch.float64)",tensor(9),1,0,0,0,0,0.8867798,0.008759885,0.011780157,0.03489467,0.68235856,1,0,0,0,0,1.0,0.0,0,0.09725922,0.31764144,0.24877825,-3.060212,167.97409,219.2677764892578,0.41266173752310537
tensor(13099),"tensor(10047., dtype=torch.float64)",tensor(9),0,1,0,0,0,0.6148756,0.5205556,0.01615839,0.56219596,0.14240107,1,0,0,1,0,0.0,1.0,1,0.29218644,0.47944438,0.5072387,-1.3409433,55.241364,55.241363525390625,0.7779574861367838
tensor(13119),"tensor(2094., dtype=torch.float64)",tensor(9),1,0,0,0,0,0.9000803,0.029079441,0.0033518423,0.6245589,0.05219783,1,0,0,1,0,0.6666666666666666,0.33333333333333337,1,0.11199796,0.37544107,0.26912087,-2.9618535,156.71404,156.7140350341797,0.44246765249537895
tensor(13137),"tensor(18138., dtype=torch.float64)",tensor(9),0,0,1,0,0,0.87860805,0.11139982,0.18749389,0.0923462,0.110038035,1,0,0,0,0,0.0,1.0,1,0.12453401,0.18749392,0.37124348,-1.9795768,88.2982,452.9789123535156,0.5619223659889094
tensor(13159),"tensor(20691., dtype=torch.float64)",tensor(9),0,1,0,0,0,0.67304,0.3289414,0.30511492,0.01799835,0.21706605,1,0,0,0,0,0.0,1.0,1,0.23921621,0.3289414,0.49877602,-1.5080322,72.62348,478.21435546875,0.765018484288355
tensor(13201),"tensor(11587., dtype=torch.float64)",tensor(9),0,0,1,1,0,0.0062907394,0.10715428,0.99144053,0.049880017,0.9518034,0,0,1,0,1,0.5,0.5,1,0.044016242,0.10715425,0.163857,-3.5729332,83.08913,83.08912658691406,0.25508317929759705
tensor(13229),"tensor(18388., dtype=torch.float64)",tensor(9),1,0,0,0,0,0.22472376,0.89225924,0.28994846,0.0980052,0.09256723,0,1,0,0,0,0.0,1.0,1,0.16259706,0.28994846,0.42116165,-1.7500565,40.91526,40.915260314941406,0.587800369685767
tensor(13281),"tensor(13547., dtype=torch.float64)",tensor(9),0,0,0,1,0,0.008297948,0.17690846,0.051678207,0.9964244,0.42790723,0,0,0,1,0,1.0,0.0,0,0.13367349,0.42790723,0.2849109,-3.0301855,36.61276,36.61275863647461,0.35073937153419593
tensor(13321),"tensor(19906., dtype=torch.float64)",tensor(9),0,0,1,1,0,0.046346378,0.18429568,0.962605,0.078713074,0.6453674,0,0,1,0,0,0.6666666666666666,0.33333333333333337,1,0.14027655,0.35463262,0.35018316,-2.163695,39.311058,71.19078826904297,0.47851201478743066
tensor(13329),"tensor(21176., dtype=torch.float64)",tensor(9),0,1,0,0,0,0.036089126,0.99292374,0.022350894,0.07656048,0.06894474,0,1,0,0,0,1.0,0.0,0,0.04220438,0.0765605,0.16512719,-3.4200478,73.18464,73.18463897705078,0.25138632162661734
tensor(13345),"tensor(11725., dtype=torch.float64)",tensor(9),0,1,0,0,0,0.6264128,0.2846825,0.4169266,0.16238244,0.46611395,1,0,1,0,0,0.0,1.0,1,0.34073848,0.46611392,0.6143776,-0.7099945,44.834335,92.9874267578125,0.8179297597042514
tensor(13417),"tensor(20901., dtype=torch.float64)",tensor(9),0,1,0,0,0,0.0043985485,0.9928918,0.5534399,0.20209573,0.44400144,0,1,1,0,0,0.6666666666666666,0.33333333333333337,1,0.22083282,0.44656008,0.38961643,-2.4348404,33.558937,33.558937072753906,0.5404343807763401
tensor(13427),"tensor(8047., dtype=torch.float64)",tensor(9),1,0,0,0,0,0.97792006,0.0020222063,0.013230395,0.018593779,0.19465086,1,0,0,0,0,1.0,0.0,0,0.050115407,0.19465089,0.15527417,-3.9380894,275.90753,275.90753173828125,0.33687615526802217
tensor(13445),"tensor(11929., dtype=torch.float64)",tensor(9),0,1,0,0,1,0.003203666,0.99554753,0.4768214,0.04152186,0.288056,0,1,1,0,0,0.5,0.5,1,0.1628111,0.47682142,0.30307466,-3.0573697,61.129097,61.12909698486328,0.44431608133086875
tensor(13487),"tensor(11859., dtype=torch.float64)",tensor(9),0,0,0,1,0,0.9777139,0.017336035,0.0013437504,0.31282365,0.008577546,1,0,0,0,0,0.0,1.0,1,0.07247335,0.31282365,0.17504337,-3.9933248,339.40225,404.7133483886719,0.3724584103512015
tensor(13503),"tensor(13889., dtype=torch.float64)",tensor(9),0,1,0,0,0,0.0036408233,0.98368925,0.34593472,0.88601625,0.36042714,0,1,0,1,0,0.6666666666666666,0.33333333333333337,1,0.16805935,0.36042714,0.35214233,-2.5945065,38.552444,38.55244445800781,0.469731977818854
tensor(13505),"tensor(19172., dtype=torch.float64)",tensor(9),1,0,0,0,0,0.90730613,0.1663821,0.10784525,0.02625413,0.015715795,1,0,0,0,0,1.0,0.0,0,0.08177823,0.16638207,0.26062924,-2.7512367,165.74182,504.427978515625,0.42768022181146026
tensor(13515),"tensor(9759., dtype=torch.float64)",tensor(9),0,1,0,1,1,0.0023916936,0.979916,0.106492,0.9726408,0.4414829,0,1,0,1,0,0.8,0.19999999999999996,1,0.11956197,0.4414829,0.25320598,-3.1708195,45.604717,45.60471725463867,0.3274029574861368
tensor(13563),"tensor(10023., dtype=torch.float64)",tensor(9),0,1,0,1,0,0.011812976,0.93191874,0.016892204,0.97288305,0.17866115,0,1,0,1,0,1.0,0.0,0,0.0605129,0.17866117,0.19848743,-3.2425265,51.240196,51.240196228027344,0.2659426987060998
tensor(13581),"tensor(14982., dtype=torch.float64)",tensor(9),0,1,0,0,0,0.011371236,0.92342615,0.6250398,0.82771504,0.3680216,0,1,1,1,0,0.5,0.5,1,0.2006424,0.37496018,0.42229208,-1.915259,30.465998,30.46599769592285,0.5808687615526803
tensor(13585),"tensor(20709., dtype=torch.float64)",tensor(9),0,1,0,0,0,0.013333431,0.9764639,0.04373042,0.7457162,0.10680972,0,1,0,1,0,0.6666666666666666,0.33333333333333337,1,0.08833867,0.2542838,0.2537438,-2.8628197,46.047783,46.04778289794922,0.32532347504621073
tensor(13605),"tensor(13177., dtype=torch.float64)",tensor(9),1,0,0,0,0,0.9711576,0.0010447063,0.029746888,0.008123383,0.28656062,1,0,0,0,0,1.0,0.0,0,0.070863605,0.28656065,0.18380055,-3.9162898,297.95648,322.226318359375,0.3724584103512015
tensor(13621),"tensor(17422., dtype=torch.float64)",tensor(9),1,0,0,0,0,0.9740006,0.04327216,0.016739663,0.08038562,0.006903834,1,0,0,0,0,1.0,0.0,0,0.03466016,0.080385625,0.14095207,-3.6396618,269.08313,446.9517822265625,0.3280961182994455
tensor(13641),"tensor(11537., dtype=torch.float64)",tensor(9),0,0,1,1,0,0.19954972,0.13857234,0.40627253,0.9240743,0.19902839,0,0,1,1,0,1.0,0.0,0,0.20386982,0.40627253,0.4690741,-1.4974241,35.56343,35.56343078613281,0.6580406654343808
tensor(13725),"tensor(2836., dtype=torch.float64)",tensor(9),0,0,0,1,1,0.20217791,0.24291581,0.13589656,0.9511987,0.42318448,0,0,0,1,0,0.6666666666666666,0.33333333333333337,1,0.21059525,0.4231845,0.46630764,-1.5277953,13.242868,13.242868423461914,0.6028188539741219
tensor(13771),"tensor(15680., dtype=torch.float64)",tensor(9),0,1,0,0,0,0.097475864,0.95947516,0.017265232,0.19084267,0.08054288,0,1,0,0,0,1.0,0.0,0,0.08533031,0.19084269,0.2687683,-2.662249,49.49161,49.49161148071289,0.3553604436229205
tensor(13785),"tensor(13454., dtype=torch.float64)",tensor(9),1,0,0,0,0,0.11026303,0.8884454,0.15793803,0.029691601,0.13948369,0,1,0,0,0,0.0,1.0,1,0.10978621,0.157938,0.3341493,-2.2286003,37.417374,37.41737365722656,0.4267560073937154
tensor(13787),"tensor(15036., dtype=torch.float64)",tensor(9),0,1,0,0,0,0.32921237,0.6854265,0.094762295,0.8179657,0.15765911,0,1,0,1,0,0.6666666666666666,0.33333333333333337,1,0.2156483,0.32921237,0.49599648,-1.3851547,27.863651,27.863651275634766,0.6591959334565619
tensor(13789),"tensor(19137., dtype=torch.float64)",tensor(9),0,0,1,0,0,0.6915366,0.049709607,0.6458743,0.032347623,0.2146807,1,0,1,0,0,0.6666666666666666,0.33333333333333337,1,0.19186532,0.35412568,0.4256782,-1.8108213,96.86921,108.38671875,0.689463955637708
tensor(13815),"tensor(1271., dtype=torch.float64)",tensor(9),0,1,0,0,0,0.6742664,0.5808433,0.07057453,0.13737169,0.26601544,1,1,0,0,0,0.6666666666666666,0.33333333333333337,1,0.24377042,0.41915667,0.5091351,-1.2967813,39.528732,39.52873229980469,0.7262014787430683
tensor(13829),"tensor(11216., dtype=torch.float64)",tensor(9),0,0,0,1,0,0.9579581,0.030248957,0.025256777,0.035959914,0.09882609,1,0,0,0,0,0.0,1.0,1,0.04646671,0.09882611,0.18104267,-3.1491718,162.8648,314.3969421386719,0.3308687615526802
tensor(13831),"tensor(1672., dtype=torch.float64)",tensor(9),0,1,0,1,0,0.0025014959,0.75897336,0.20190802,0.9954749,0.72049487,0,1,0,1,0,1.0,0.0,0,0.14589328,0.27950513,0.33884168,-2.9700627,30.895205,30.895204544067383,0.3837800369685767
tensor(13839),"tensor(8114., dtype=torch.float64)",tensor(9),0,1,0,0,0,0.06440729,0.98770255,0.030034276,0.08294752,0.065708235,0,1,0,0,0,1.0,0.0,0,0.051078975,0.08294749,0.1936801,-3.1188765,63.88012,63.88011932373047,0.2837338262476895
tensor(13883),"tensor(12521., dtype=torch.float64)",tensor(9),0,0,1,0,0,0.08075546,0.13469772,0.94727093,0.22874522,0.67064494,0,0,1,0,0,1.0,0.0,0,0.1652565,0.32935506,0.41075626,-1.821421,28.576492,79.1708984375,0.541358595194085
tensor(13909),"tensor(3380., dtype=torch.float64)",tensor(9),1,0,0,0,0,0.93430555,0.049867496,0.067071006,0.093038656,0.069508284,1,0,0,0,0,1.0,0.0,0,0.06903589,0.09303868,0.24967098,-2.6211898,118.35815,394.8902587890625,0.4020332717190388
tensor(13925),"tensor(18847., dtype=torch.float64)",tensor(9),1,0,0,0,0,0.9529071,0.006109804,0.0075610476,0.023224307,0.42450842,1,0,0,0,0,1.0,0.0,0,0.10169935,0.42450845,0.21272197,-3.4039264,203.79028,225.50076293945312,0.39995378927911274
tensor(13929),"tensor(11984., dtype=torch.float64)",tensor(9),1,0,0,0,0,0.9367081,0.012294878,0.07371975,0.05072885,0.21341479,1,0,0,0,0,1.0,0.0,0,0.08269006,0.21341479,0.2568975,-2.769077,147.82263,351.55657958984375,0.41658964879852123
tensor(13953),"tensor(610., dtype=torch.float64)",tensor(9),0,1,0,1,0,0.0030908685,0.96876,0.39471984,0.9483927,0.69471645,0,1,0,1,0,1.0,0.0,0,0.1571883,0.39471984,0.32985678,-2.6742816,38.014183,38.014183044433594,0.4373844731977819
tensor(13977),"tensor(19446., dtype=torch.float64)",tensor(9),1,0,0,0,0,0.96533316,0.02431746,0.040131155,0.022732116,0.057408456,1,0,0,0,0,1.0,0.0,0,0.03585118,0.057408452,0.15232624,-3.3505397,197.78552,343.01220703125,0.3156192236598891
tensor(13983),"tensor(2799., dtype=torch.float64)",tensor(9),0,1,1,1,1,0.014087939,0.95938396,0.079390876,0.9063196,0.20761855,0,1,0,1,0,0.6666666666666666,0.33333333333333337,1,0.08707875,0.20761853,0.26859373,-2.6939743,38.52597,38.525970458984375,0.32486136783733827
tensor(13991),"tensor(5973., dtype=torch.float64)",tensor(9),1,0,0,0,0,0.97125465,0.055986147,0.0037644494,0.02731604,0.08045078,1,0,0,0,0,1.0,0.0,0,0.03925258,0.08045077,0.15521117,-3.586471,205.61856,268.70318603515625,0.31215341959334564
tensor(14013),"tensor(13685., dtype=torch.float64)",tensor(9),1,0,0,0,0,0.9902817,0.00026384363,0.0012787624,0.009690494,0.25220746,1,0,0,0,0,1.0,0.0,0,0.05463183,0.25220746,0.13725193,-5.047639,276.8817,276.8817138671875,0.3107670979667283
tensor(14019),"tensor(7628., dtype=torch.float64)",tensor(9),0,1,1,1,0,0.002155654,0.9812493,0.7195387,0.7050377,0.72854877,0,1,1,1,0,1.0,0.0,0,0.17355633,0.2949623,0.3786291,-2.5791905,34.9588,34.95880126953125,0.48498151571164516
tensor(14033),"tensor(10493., dtype=torch.float64)",tensor(9),0,0,0,1,0,0.9228829,0.16318421,0.03305155,0.12968564,0.03298169,1,0,0,0,0,0.0,1.0,1,0.0872041,0.16318423,0.27850515,-2.554997,126.64603,433.22283935546875,0.4392329020332717
tensor(14047),"tensor(15010., dtype=torch.float64)",tensor(9),0,0,0,1,0,0.013201753,0.15429707,0.06085467,0.99442285,0.38248503,0,0,0,1,0,1.0,0.0,0,0.12328309,0.38248503,0.28588334,-2.882878,32.508614,32.50861358642578,0.33548983364140483
tensor(14059),"tensor(10131., dtype=torch.float64)",tensor(9),0,0,0,1,0,0.2909652,0.4945193,0.06170149,0.92715096,0.20931599,0,0,0,1,0,1.0,0.0,0,0.22587025,0.4945193,0.46034414,-1.5014331,21.300543,21.3005428314209,0.6240757855822551
tensor(14075),"tensor(7883., dtype=torch.float64)",tensor(9),1,0,0,0,0,0.5231159,0.2830403,0.029518364,0.8300524,0.28730336,0,0,0,1,0,0.0,1.0,1,0.24933875,0.47688413,0.4952933,-1.4018512,30.907928,30.907928466796875,0.6896950092421442
tensor(14093),"tensor(2048., dtype=torch.float64)",tensor(9),0,1,1,1,0,0.23644178,0.65923256,0.4411959,0.67138076,0.19672896,0,1,1,1,0,1.0,0.0,0,0.3087507,0.4411959,0.6007465,-0.8379551,27.312939,27.312938690185547,0.7516173752310535
tensor(14109),"tensor(3581., dtype=torch.float64)",tensor(9),0,1,0,1,0,0.009491234,0.62081957,0.13012724,0.9915099,0.43676555,0,1,0,1,0,1.0,0.0,0,0.1928109,0.43676555,0.36760217,-2.4110665,15.579323,15.579322814941406,0.4581792975970425
tensor(14113),"tensor(5562., dtype=torch.float64)",tensor(9),1,0,0,0,0,0.9781275,0.0563287,0.0063520065,0.01388773,0.02435808,1,0,0,0,0,1.0,0.0,0,0.024559796,0.056328714,0.1096364,-3.9249184,244.15163,335.6754150390625,0.2871996303142329
tensor(14129),"tensor(19019., dtype=torch.float64)",tensor(9),1,0,0,0,0,0.9963805,0.00080074836,0.0023511092,0.009551173,0.01727141,1,0,0,0,0,1.0,0.0,0,0.0067188144,0.0172714,0.037639655,-5.496051,381.36865,381.36865234375,0.25369685767097966
tensor(14155),"tensor(16498., dtype=torch.float64)",tensor(9),0,1,0,0,0,0.7827684,0.58139765,0.006490581,0.18541326,0.0403408,1,1,0,0,0,0.6666666666666666,0.33333333333333337,1,0.17361575,0.41860235,0.3781825,-2.2581174,119.714424,119.71442413330078,0.6166820702402958
tensor(14161),"tensor(15261., dtype=torch.float64)",tensor(9),0,0,1,0,1,0.0061340155,0.14965966,0.9900412,0.06680989,0.94520175,0,0,1,0,1,1.0,0.0,0,0.05747211,0.14965963,0.1946015,-3.3817627,66.15028,66.15028381347656,0.27449168207024033
tensor(14169),"tensor(17962., dtype=torch.float64)",tensor(9),1,0,0,0,0,0.9912943,0.0024595675,0.0007793877,0.013678254,0.1078487,1,0,0,0,0,1.0,0.0,0,0.026694417,0.107848704,0.09756801,-4.8575296,230.66019,230.66018676757812,0.2569316081330869
tensor(14207),"tensor(18528., dtype=torch.float64)",tensor(9),1,0,0,0,0,0.95802397,0.16226263,0.0012309444,0.028654844,0.03491814,1,0,0,0,0,1.0,0.0,0,0.05380851,0.16226262,0.18170638,-3.662114,221.96489,328.5377197265625,0.341728280961183
tensor(14219),"tensor(10518., dtype=torch.float64)",tensor(9),0,0,0,1,0,0.00844096,0.11398283,0.0479491,0.9968811,0.48861775,0,0,0,1,0,1.0,0.0,0,0.13242197,0.48861778,0.26198012,-3.12361,46.90651,46.90650939941406,0.3544362292051756
tensor(14235),"tensor(8371., dtype=torch.float64)",tensor(9),1,0,0,0,0,0.0381711,0.06627549,0.9800903,0.030898392,0.6419307,0,0,1,0,0,0.0,1.0,1,0.10266477,0.3580693,0.25876442,-2.7595954,79.45334,90.8069839477539,0.3994916820702403
tensor(14297),"tensor(7800., dtype=torch.float64)",tensor(9),0,0,1,0,0,0.43276176,0.022933133,0.8674204,0.029163735,0.37250865,0,0,1,0,0,1.0,0.0,0,0.19798934,0.4327618,0.3953368,-1.9855213,102.43917,110.95780181884766,0.6677449168207025
tensor(14339),"tensor(8081., dtype=torch.float64)",tensor(9),1,0,0,0,0,0.9613705,0.008928388,0.11812111,0.020978814,0.045810062,1,0,0,0,0,1.0,0.0,0,0.04649365,0.11812109,0.17311165,-3.362728,240.59918,406.9136047363281,0.3546672828096118
tensor(14349),"tensor(529., dtype=torch.float64)",tensor(9),0,1,1,0,0,0.2265167,0.42054898,0.7352696,0.5210575,0.19596632,0,0,1,1,0,0.5,0.5,1,0.31734097,0.4789425,0.59609365,-0.81322193,41.582115,41.582115173339844,0.7987523105360443
tensor(14385),"tensor(3687., dtype=torch.float64)",tensor(9),1,0,0,0,0,0.9409087,0.0072403415,0.28049818,0.029442394,0.044085395,1,0,0,0,0,1.0,0.0,0,0.08407152,0.28049815,0.23485875,-3.0405097,245.35333,462.99737548828125,0.4353049907578558
tensor(14403),"tensor(488., dtype=torch.float64)",tensor(9),1,0,0,0,0,0.6908964,0.38768017,0.30926383,0.25489542,0.27963898,1,0,0,0,0,1.0,0.0,0,0.30811638,0.38768017,0.61297053,-0.816775,43.019363,554.4725341796875,0.8049907578558224
tensor(14407),"tensor(9815., dtype=torch.float64)",tensor(9),1,0,0,0,0,0.93705946,0.03348102,0.00042119474,0.62354964,0.009358038,1,0,0,1,0,0.6666666666666666,0.33333333333333337,1,0.09653026,0.37645036,0.22012989,-3.8004067,328.86743,328.867431640625,0.4179759704251386
tensor(14435),"tensor(20180., dtype=torch.float64)",tensor(9),1,0,0,0,0,0.98577976,0.0082578175,0.0038386893,0.03284037,0.057913262,1,0,0,0,0,1.0,0.0,0,0.023414135,0.057913244,0.10265677,-4.15154,273.58713,273.5871276855469,0.28512014787430684
tensor(14449),"tensor(488., dtype=torch.float64)",tensor(9),1,0,0,0,0,0.8294123,0.06860268,0.06983756,0.21610072,0.39965287,1,0,0,0,0,1.0,0.0,0,0.18495625,0.39965284,0.43096876,-1.6948913,68.59285,375.47900390625,0.6728280961182994
tensor(14461),"tensor(3403., dtype=torch.float64)",tensor(9),1,0,0,0,0,0.45472527,0.8791272,0.010803136,0.09180024,0.15695119,0,1,0,0,0,0.0,1.0,1,0.16703051,0.45472527,0.37172505,-2.1311564,59.418594,59.41859436035156,0.5656192236598891
tensor(14467),"tensor(1716., dtype=torch.float64)",tensor(9),0,0,0,1,1,0.007086322,0.11240901,0.044212315,0.99730563,0.4776955,0,0,0,1,0,0.6666666666666666,0.33333333333333337,1,0.12881947,0.47769547,0.25710994,-3.2171104,50.165894,50.1658935546875,0.3516635859519408
tensor(14487),"tensor(15893., dtype=torch.float64)",tensor(9),0,1,0,1,0,0.014812314,0.93131167,0.61559635,0.7961987,0.36102328,0,1,1,1,0,0.8,0.19999999999999996,1,0.20654583,0.38440365,0.43062788,-1.8417828,31.18182,31.181819915771484,0.59681146025878
tensor(14493),"tensor(3716., dtype=torch.float64)",tensor(9),0,0,0,1,1,0.009595332,0.18243428,0.05440894,0.9959985,0.48465133,0,0,0,1,0,0.6666666666666666,0.33333333333333337,1,0.14701825,0.48465133,0.29185167,-2.9141119,34.28121,34.281211853027344,0.36876155268022187
tensor(14495),"tensor(17466., dtype=torch.float64)",tensor(9),0,1,0,0,0,0.4914861,0.9112653,0.0014354986,0.055459395,0.023201495,0,1,0,0,0,1.0,0.0,0,0.13206339,0.49148607,0.26559415,-3.096632,169.00554,169.0055389404297,0.455637707948244
tensor(14509),"tensor(5555., dtype=torch.float64)",tensor(9),1,0,0,0,0,0.44018504,0.40360874,0.64790374,0.40341428,0.3726404,0,0,1,0,0,0.0,1.0,1,0.39438897,0.44018507,0.6687749,-0.4305729,40.17146,132.9746856689453,0.8200092421441774
tensor(14519),"tensor(19301., dtype=torch.float64)",tensor(9),1,0,0,0,0,0.9746721,0.014329957,0.016248448,0.056826513,0.058804113,1,0,0,0,0,1.0,0.0,0,0.03430736,0.058804095,0.14360672,-3.5133452,209.44589,322.75909423828125,0.3093807763401109
tensor(14549),"tensor(4932., dtype=torch.float64)",tensor(9),1,0,0,0,0,0.6968279,0.06855907,0.6957494,0.020986803,0.09574486,1,0,1,0,0,0.6666666666666666,0.33333333333333337,1,0.15854263,0.3042506,0.37906665,-2.071298,139.98172,145.3641357421875,0.6259242144177449
tensor(14589),"tensor(4395., dtype=torch.float64)",tensor(9),0,1,1,0,1,0.011148696,0.96742713,0.7022267,0.13865104,0.42521766,0,1,1,0,0,0.8,0.19999999999999996,1,0.18107271,0.42521763,0.37963676,-2.1724474,26.816473,26.81647300720215,0.5009242144177448
tensor(14601),"tensor(6780., dtype=torch.float64)",tensor(9),0,0,1,0,0,0.048616182,0.28291073,0.93922573,0.30850342,0.7778562,0,0,1,0,1,0.6666666666666666,0.33333333333333337,1,0.18458968,0.3085034,0.43334007,-1.740452,17.376574,17.37657356262207,0.5545286506469501
tensor(14615),"tensor(11573., dtype=torch.float64)",tensor(9),0,0,1,0,0,0.15918642,0.5053233,0.7827717,0.5014599,0.6050104,0,0,1,1,0,0.6666666666666666,0.33333333333333337,1,0.35292423,0.4985401,0.6037713,-0.6799411,33.830566,34.92686080932617,0.7855822550831794
tensor(14671),"tensor(14147., dtype=torch.float64)",tensor(9),0,0,1,1,0,0.07664624,0.4868242,0.8620434,0.6555637,0.4390107,0,0,1,1,0,1.0,0.0,0,0.29697478,0.4868242,0.53883225,-1.0525315,34.591934,34.59193420410156,0.7504621072088725
tensor(14741),"tensor(6796., dtype=torch.float64)",tensor(9),0,0,0,1,1,0.0016995586,0.5923658,0.91006213,0.9514285,0.92067015,0,1,1,1,1,0.6666666666666666,0.33333333333333337,1,0.12543458,0.4076342,0.2924668,-2.8980498,51.61739,51.61738967895508,0.3925600739371534
tensor(14777),"tensor(12067., dtype=torch.float64)",tensor(9),0,1,0,0,0,0.0011389507,0.99603134,0.67902386,0.13115296,0.4959607,0,1,1,0,0,0.6666666666666666,0.33333333333333337,1,0.1906395,0.4959607,0.34881052,-2.9916248,52.699677,52.699676513671875,0.4932994454713493
tensor(14791),"tensor(16256., dtype=torch.float64)",tensor(9),1,0,0,0,0,0.9655307,0.09690644,0.001845865,0.06018084,0.030068267,1,0,0,0,0,1.0,0.0,0,0.044694126,0.09690642,0.16881797,-3.6159472,220.09496,325.41973876953125,0.32809611829944546
tensor(14809),"tensor(21216., dtype=torch.float64)",tensor(9),1,0,0,0,0,0.97436655,0.02779488,0.0032241773,0.02530453,0.11870765,1,0,0,0,0,1.0,0.0,0,0.04013288,0.11870766,0.15005797,-3.7164638,219.42754,253.2652587890625,0.3096118299445471
tensor(14835),"tensor(10164., dtype=torch.float64)",tensor(9),1,0,0,0,0,0.924452,0.08572562,0.024961617,0.334231,0.016219953,1,0,0,0,0,1.0,0.0,0,0.107337296,0.33423102,0.27942666,-2.666164,162.97334,465.697021484375,0.46765249537892795
tensor(14887),"tensor(1841., dtype=torch.float64)",tensor(9),0,0,0,1,0,0.008997517,0.2055125,0.11936403,0.99490947,0.5836634,0,0,0,1,0,1.0,0.0,0,0.15106022,0.4163366,0.32719755,-2.7331069,29.999664,29.999664306640625,0.3994916820702403
tensor(14901),"tensor(1075., dtype=torch.float64)",tensor(9),1,0,0,0,0,0.8246605,0.24429211,0.059285372,0.2693981,0.21527153,1,0,0,0,0,1.0,0.0,0,0.19271737,0.2693981,0.46974868,-1.5465863,53.50283,424.50555419921875,0.6913123844731978
tensor(14921),"tensor(6074., dtype=torch.float64)",tensor(9),1,0,0,0,0,0.75209457,0.095465645,0.0046999063,0.42076004,0.4410215,1,0,0,0,0,1.0,0.0,0,0.24197054,0.4410215,0.4543236,-1.8541285,93.100464,295.0513610839844,0.7363678373382624
tensor(14969),"tensor(6531., dtype=torch.float64)",tensor(9),0,0,1,0,0,0.47903308,0.03738508,0.8032625,0.033382136,0.2763962,0,0,1,0,0,1.0,0.0,0,0.2045868,0.4790331,0.41669664,-1.8134604,95.4045,110.18092346191406,0.6957024029574861
tensor(14979),"tensor(475., dtype=torch.float64)",tensor(9),1,0,0,0,0,0.69908106,0.23169112,0.4057356,0.22166756,0.33498436,1,0,1,0,0,0.6666666666666666,0.33333333333333337,1,0.2989995,0.4057356,0.5989769,-0.8730074,48.51348,114.09120178222656,0.8098428835489833
tensor(15005),"tensor(2055., dtype=torch.float64)",tensor(9),1,0,1,0,0,0.5700697,0.17742863,0.6537051,0.086036704,0.34427896,0,0,1,0,0,0.6666666666666666,0.33333333333333337,1,0.27679384,0.42993033,0.5465988,-1.0917335,50.474396,86.5633544921875,0.7897412199630314
tensor(15009),"tensor(9561., dtype=torch.float64)",tensor(9),1,0,0,0,0,0.65474635,0.32610196,0.0061766678,0.7798683,0.047093675,1,0,0,1,0,0.6666666666666666,0.33333333333333337,1,0.18895149,0.34525365,0.40607247,-2.1437788,97.09929,97.09928894042969,0.6464879852125693
tensor(15071),"tensor(19222., dtype=torch.float64)",tensor(9),0,0,1,0,0,0.2761025,0.06468021,0.8908874,0.016254822,0.21647967,0,0,1,0,0,1.0,0.0,0,0.13652599,0.27610254,0.3558088,-2.2248852,116.3391,119.71876525878906,0.5628465804066544
tensor(15079),"tensor(6194., dtype=torch.float64)",tensor(9),0,0,1,0,0,0.35684574,0.18581632,0.8156197,0.29915118,0.28578034,0,0,1,0,0,1.0,0.0,0,0.26239473,0.35684574,0.5636251,-1.0641533,57.271877,117.19294738769531,0.8008317929759704
tensor(15093),"tensor(3321., dtype=torch.float64)",tensor(9),0,1,0,0,0,0.39446774,0.5533168,0.6128801,0.23702198,0.27882656,0,0,1,0,0,0.0,1.0,1,0.3488239,0.44668323,0.6330125,-0.64429045,43.06585,123.97793579101562,0.8193160813308689
tensor(15119),"tensor(7803., dtype=torch.float64)",tensor(9),0,0,0,0,1,0.92470586,0.0019771717,0.001803921,0.017611237,0.77130103,1,0,0,0,1,0.6666666666666666,0.33333333333333337,1,0.06507701,0.22869897,0.1841795,-4.0570583,184.84688,184.8468780517578,0.3176987060998152
tensor(15125),"tensor(960., dtype=torch.float64)",tensor(9),0,1,1,0,1,0.14119066,0.35857224,0.8001356,0.28101793,0.805723,0,0,1,0,1,0.8,0.19999999999999996,1,0.23498446,0.35857224,0.52924067,-1.2272036,13.06257,13.062569618225098,0.660351201478743
tensor(15137),"tensor(14274., dtype=torch.float64)",tensor(9),1,0,0,0,0,0.98658305,0.009616975,0.0013267134,0.027675735,0.08968326,1,0,0,0,0,1.0,0.0,0,0.028343856,0.089683235,0.11277828,-4.286531,235.50677,235.50677490234375,0.27749537892791126
tensor(15153),"tensor(21608., dtype=torch.float64)",tensor(9),1,0,0,0,0,0.9370996,0.09711818,0.042027444,0.09059638,0.05947755,1,0,0,0,0,1.0,0.0,0,0.07042408,0.0971182,0.25147137,-2.6249213,121.33826,392.1890869140625,0.4057301293900185
tensor(15171),"tensor(9442., dtype=torch.float64)",tensor(9),1,0,0,0,0,0.9969458,0.0016416258,0.0006557539,0.02785922,0.0071954294,1,0,0,0,0,1.0,0.0,0,0.008081257,0.027859211,0.041651912,-5.601422,417.18347,417.1834716796875,0.25646950092421444
tensor(15211),"tensor(20875., dtype=torch.float64)",tensor(9),1,0,0,0,0,0.9773566,0.015056264,0.0054441034,0.0074447854,0.14237112,1,0,0,0,0,1.0,0.0,0,0.03859198,0.14237112,0.13464537,-3.968408,224.75186,253.04678344726562,0.2980591497227357
tensor(15251),"tensor(11092., dtype=torch.float64)",tensor(9),0,0,1,1,1,0.06879509,0.69565994,0.7801012,0.63231915,0.58250666,0,1,1,1,0,0.6666666666666666,0.33333333333333337,1,0.27564156,0.41749334,0.54579353,-1.1147139,30.704006,30.70400619506836,0.7303604436229205
tensor(15301),"tensor(15228., dtype=torch.float64)",tensor(9),0,0,1,0,0,0.024141315,0.07865667,0.9809107,0.13332897,0.82244253,0,0,1,0,1,0.6666666666666666,0.33333333333333337,1,0.086554706,0.17755747,0.26880616,-2.7008622,48.728317,48.72831726074219,0.3514325323475046
tensor(15341),"tensor(13753., dtype=torch.float64)",tensor(9),0,0,1,0,1,0.0011658125,0.8635798,0.9628588,0.46154714,0.9276234,0,1,1,0,1,0.8,0.19999999999999996,1,0.14173019,0.46154714,0.30322626,-2.9117115,41.108803,41.108802795410156,0.39302218114602583
tensor(15343),"tensor(13897., dtype=torch.float64)",tensor(9),1,0,0,0,0,0.8309109,0.1652426,0.19100331,0.20340493,0.16015154,1,0,0,0,0,1.0,0.0,0,0.17777836,0.2034049,0.4670766,-1.5355151,55.273457,478.4034423828125,0.677449168207024
tensor(15361),"tensor(9500., dtype=torch.float64)",tensor(9),1,0,0,0,0,0.93582845,0.06531897,0.022072183,0.025333801,0.19717191,1,0,0,0,0,1.0,0.0,0,0.074813664,0.19717193,0.24004705,-2.8371868,129.08594,311.93896484375,0.39071164510166356
tensor(15363),"tensor(15507., dtype=torch.float64)",tensor(9),1,0,0,0,0,0.86147636,0.016269049,0.0031856345,0.50198025,0.29830566,1,0,0,1,0,0.6666666666666666,0.33333333333333337,1,0.19086075,0.49801975,0.3618941,-2.5077815,137.9741,137.97410583496094,0.6085951940850277
tensor(15403),"tensor(16292., dtype=torch.float64)",tensor(9),1,0,0,0,0,0.80547845,0.25337464,0.057613783,0.2517652,0.20562609,1,0,0,0,0,1.0,0.0,0,0.19258034,0.25337464,0.47028914,-1.5473913,50.11133,440.37677001953125,0.6857670979667283
tensor(15413),"tensor(14145., dtype=torch.float64)",tensor(9),1,0,0,0,0,0.9694159,0.058855172,0.009140668,0.039378185,0.035853963,1,0,0,0,0,1.0,0.0,0,0.034762383,0.058855176,0.1466172,-3.4800458,191.21466,335.91259765625,0.3038354898336414
tensor(15417),"tensor(13133., dtype=torch.float64)",tensor(9),0,0,1,0,0,0.7705839,0.32590225,0.025412606,0.42935985,0.0869479,1,0,0,0,0,0.0,1.0,1,0.21940774,0.42935985,0.45335516,-1.6442211,62.55774,457.5736083984375,0.7114140480591498
tensor(15465),"tensor(18102., dtype=torch.float64)",tensor(9),1,0,0,0,0,0.9361904,0.015208098,0.009594683,0.13948779,0.26351732,1,0,0,0,0,1.0,0.0,0,0.098323464,0.26351732,0.2701885,-2.868148,153.86555,275.9324951171875,0.43553604436229204
tensor(15471),"tensor(13133., dtype=torch.float64)",tensor(9),0,0,1,0,0,0.28187248,0.42661944,0.7655091,0.14137658,0.17755036,0,0,1,0,0,1.0,0.0,0,0.25238192,0.4266194,0.5393622,-1.150182,59.982452,122.97872924804688,0.789279112754159
tensor(15479),"tensor(17997., dtype=torch.float64)",tensor(9),0,1,1,0,0,0.026869189,0.8784812,0.79265356,0.11930588,0.23040563,0,1,1,0,0,1.0,0.0,0,0.14108914,0.23040563,0.38187003,-2.0227401,39.84536,39.845359802246094,0.5150184842883548
tensor(15485),"tensor(12579., dtype=torch.float64)",tensor(9),0,0,0,1,1,0.0014384956,0.39694512,0.33314458,0.99771035,0.7471689,0,0,0,1,0,0.6666666666666666,0.33333333333333337,1,0.19732982,0.39694512,0.38012376,-2.9631126,46.906517,46.906517028808594,0.5115526802218114
tensor(15515),"tensor(17393., dtype=torch.float64)",tensor(9),0,1,0,0,0,0.021305837,0.9864782,0.34533378,0.099748045,0.24925318,0,1,0,0,0,1.0,0.0,0,0.14583254,0.3453338,0.34105024,-2.4118638,32.40188,32.401878356933594,0.43461182994454717
tensor(15525),"tensor(8004., dtype=torch.float64)",tensor(9),1,0,0,0,0,0.67037547,0.17645079,0.12725616,0.6584682,0.29751143,1,0,0,1,0,0.6666666666666666,0.33333333333333337,1,0.25447494,0.3415318,0.54636115,-1.1383115,28.052528,28.052528381347656,0.7130314232902033
tensor(15537),"tensor(14188., dtype=torch.float64)",tensor(9),0,1,0,0,0,0.0017649537,0.9780462,0.40784022,0.96723133,0.5484233,0,1,1,1,0,0.5,0.5,1,0.18318093,0.4515767,0.3254505,-2.817329,42.67765,42.677650451660156,0.4644177449168207
tensor(15553),"tensor(17012., dtype=torch.float64)",tensor(9),1,0,0,0,0,0.96523875,0.0020340385,0.0056524533,0.018881617,0.39658105,1,0,0,0,0,1.0,0.0,0,0.09158212,0.39658105,0.19314137,-3.8119602,237.75684,237.7568359375,0.37846580406654345
tensor(15563),"tensor(14188., dtype=torch.float64)",tensor(9),0,1,0,0,0,0.0042844084,0.9637132,0.30522397,0.9556428,0.42963088,0,1,0,1,0,0.6666666666666666,0.33333333333333337,1,0.16395664,0.42963088,0.33271685,-2.5807662,31.867199,31.867198944091797,0.43438077634011096
tensor(15597),"tensor(14188., dtype=torch.float64)",tensor(9),0,1,1,1,0,0.0010149837,0.9544608,0.75354016,0.9562864,0.7854171,0,1,1,1,1,0.8571428571428571,0.1428571428571429,1,0.110262096,0.24645984,0.2902251,-3.086988,47.280746,47.28074645996094,0.35489833641404805
tensor(15609),"tensor(12619., dtype=torch.float64)",tensor(9),1,0,0,0,0,0.98729545,0.0022012389,0.0039103953,0.02447322,0.11184027,1,0,0,0,0,1.0,0.0,0,0.031025887,0.11184025,0.11493118,-4.3534436,257.69107,257.6910705566406,0.28766173752310537
tensor(15679),"tensor(18575., dtype=torch.float64)",tensor(9),1,0,0,0,0,0.9724797,0.021362709,0.013521032,0.11014839,0.045530993,1,0,0,0,0,1.0,0.0,0,0.043616652,0.11014837,0.1665785,-3.362265,201.46542,337.54827880859375,0.32925138632162665
tensor(15687),"tensor(16502., dtype=torch.float64)",tensor(9),0,0,1,0,0,0.30458003,0.11011539,0.86578685,0.29895493,0.20096186,0,0,1,0,0,1.0,0.0,0,0.20976508,0.30458003,0.49349576,-1.4023855,80.31395,132.72328186035156,0.7541589648798521
tensor(15697),"tensor(8547., dtype=torch.float64)",tensor(9),1,0,0,0,0,0.9513897,0.016761355,0.02160057,0.01674125,0.23607957,1,0,0,0,0,1.0,0.0,0,0.06795865,0.23607957,0.2030696,-3.2212708,156.88644,287.6705322265625,0.3553604436229205
tensor(15699),"tensor(16502., dtype=torch.float64)",tensor(9),1,0,0,0,0,0.97594804,0.010230939,0.016440216,0.05950156,0.053609774,1,0,0,0,0,1.0,0.0,0,0.03276694,0.05950153,0.13778396,-3.5996048,221.12453,323.58154296875,0.3075323475046211
tensor(15731),"tensor(14804., dtype=torch.float64)",tensor(9),0,1,0,1,0,0.081616685,0.6585789,0.6377364,0.7871151,0.3628803,0,1,1,1,0,0.8,0.19999999999999996,1,0.27221334,0.3628803,0.550439,-1.1027218,21.740501,21.740501403808594,0.7051756007393716
tensor(15763),"tensor(8258., dtype=torch.float64)",tensor(9),0,0,1,1,0,0.0017236384,0.3085457,0.9892685,0.3294098,0.9680154,0,0,1,0,1,0.5,0.5,1,0.13647908,0.32940984,0.2930587,-3.1626287,62.22974,62.229740142822266,0.4029574861367837
tensor(15775),"tensor(7056., dtype=torch.float64)",tensor(9),1,0,0,0,1,0.9427215,0.03919527,0.054002125,0.015784835,0.078777306,1,0,0,0,0,0.6666666666666666,0.33333333333333337,1,0.049007595,0.07877731,0.19036895,-3.09103,157.08125,359.14453125,0.34311460258780035
tensor(15783),"tensor(15287., dtype=torch.float64)",tensor(9),0,1,0,0,0,0.017840806,0.99444395,0.019881021,0.10423817,0.04323351,0,1,0,0,0,1.0,0.0,0,0.038149834,0.10423815,0.14677297,-3.6682816,88.75072,88.75071716308594,0.2414510166358595
tensor(15785),"tensor(16502., dtype=torch.float64)",tensor(9),1,0,0,0,0,0.90760195,0.045373984,0.24108925,0.058087442,0.05054948,1,0,0,0,0,1.0,0.0,0,0.09749967,0.24108922,0.29336953,-2.4393384,143.23798,467.8294677734375,0.47735674676524953
tensor(15799),"tensor(17354., dtype=torch.float64)",tensor(9),0,0,1,1,0,0.29007965,0.18404716,0.5837844,0.7513388,0.42084026,0,0,1,1,0,1.0,0.0,0,0.3119688,0.42084026,0.6000321,-0.82951605,24.257607,24.257606506347656,0.7402957486136784
tensor(15805),"tensor(8258., dtype=torch.float64)",tensor(9),0,0,1,1,0,0.0014820702,0.36852062,0.98665696,0.41661298,0.97402304,0,0,1,0,1,0.5,0.5,1,0.16518718,0.41661298,0.3079587,-3.0631301,64.804474,64.80447387695312,0.45240295748613674
tensor(15811),"tensor(20799., dtype=torch.float64)",tensor(9),0,1,0,0,0,0.005202039,0.99414295,0.18784393,0.015290687,0.0477979,0,1,0,0,0,1.0,0.0,0,0.052398324,0.18784392,0.16452944,-3.8017411,112.11509,112.1150894165039,0.2724121996303142
tensor(15813),"tensor(7937., dtype=torch.float64)",tensor(9),1,0,0,0,0,0.9708316,0.0033933981,0.056966934,0.024464658,0.10239449,1,0,0,0,0,1.0,0.0,0,0.04327756,0.10239446,0.16366261,-3.5701747,263.2138,360.6344299316406,0.34588724584103514
tensor(15819),"tensor(8682., dtype=torch.float64)",tensor(9),1,0,0,0,0,0.63435453,0.046419803,0.0007021155,0.96115047,0.049365442,1,0,0,1,0,0.6666666666666666,0.33333333333333337,1,0.10019648,0.36564547,0.24222922,-3.400093,201.83722,201.83721923828125,0.40873382624768945
tensor(15831),"tensor(13204., dtype=torch.float64)",tensor(9),0,0,1,0,0,0.626315,0.024630226,0.5552167,0.11519626,0.5926391,1,0,1,0,0,0.6666666666666666,0.33333333333333337,1,0.27313107,0.44478327,0.4993202,-1.3661337,58.117035,93.23136901855469,0.7724121996303143
tensor(15853),"tensor(21223., dtype=torch.float64)",tensor(9),0,0,1,1,1,0.011432848,0.31619206,0.13952655,0.9925856,0.47080195,0,0,0,1,0,0.5,0.5,1,0.18907356,0.47080195,0.36514923,-2.412828,19.755241,19.75524139404297,0.45656192236598897
tensor(15855),"tensor(9629., dtype=torch.float64)",tensor(9),0,0,1,0,0,0.4911432,0.48710993,0.544581,0.094319195,0.14682883,0,0,1,0,0,1.0,0.0,0,0.33496404,0.49114323,0.56091183,-0.8574993,49.530746,121.16959381103516,0.8130776340110907
tensor(15859),"tensor(12268., dtype=torch.float64)",tensor(9),0,0,1,0,1,0.006448127,0.048995357,0.99383533,0.0529918,0.9463547,0,0,1,0,1,1.0,0.0,0,0.033649087,0.053645313,0.13767175,-3.7678828,104.75206,104.75205993652344,0.24214417744916822
tensor(15867),"tensor(16720., dtype=torch.float64)",tensor(9),0,0,0,0,0,0.14866525,0.23989357,0.0030125196,0.007683629,0.0016664093,0,0,0,0,0,1.0,0.0,0,0.08018434,0.23989356,0.20984557,-3.99134,329.70203,329.7020263671875,0.39209796672828096
tensor(15875),"tensor(11128., dtype=torch.float64)",tensor(9),1,0,0,0,0,0.69964796,0.16553088,0.0068283416,0.5211114,0.38730797,1,0,0,1,0,0.6666666666666666,0.33333333333333337,1,0.26778156,0.47888857,0.49210614,-1.597244,72.670654,72.670654296875,0.770101663585952
tensor(15889),"tensor(17166., dtype=torch.float64)",tensor(9),0,0,1,0,0,0.5811078,0.14606951,0.71188325,0.045075055,0.13865155,0,0,1,0,0,1.0,0.0,0,0.20736098,0.4188922,0.45649546,-1.5754954,93.98456,116.73626708984375,0.7379852125693162
tensor(15895),"tensor(13953., dtype=torch.float64)",tensor(9),1,0,0,0,0,0.98276305,0.010713683,0.005277104,0.011574548,0.07998916,1,0,0,0,0,1.0,0.0,0,0.024958253,0.079989135,0.10422723,-4.1395326,256.12885,256.12884521484375,0.283271719038817
tensor(15905),"tensor(7434., dtype=torch.float64)",tensor(9),0,0,1,0,0,0.0060400143,0.56233865,0.97395885,0.011527552,0.69840854,0,0,1,0,0,1.0,0.0,0,0.15657234,0.43766135,0.30361027,-2.8533583,82.93723,82.9372329711914,0.47781885397412194
tensor(15909),"tensor(17166., dtype=torch.float64)",tensor(9),1,0,0,0,0,0.13820477,0.27506006,0.9054901,0.15893278,0.3199469,0,0,1,0,0,0.0,1.0,1,0.19733083,0.3199469,0.47349864,-1.4958718,55.821182,104.54281616210938,0.7056377079482439
tensor(15921),"tensor(16502., dtype=torch.float64)",tensor(9),1,0,0,0,0,0.9545168,0.014185476,0.08849768,0.031734224,0.07241419,1,0,0,0,0,1.0,0.0,0,0.0504629,0.0884977,0.19181061,-3.117105,190.67421,379.35821533203125,0.35905730129390023
tensor(15945),"tensor(8665., dtype=torch.float64)",tensor(9),0,0,1,0,0,0.95830476,0.021010578,0.04209166,0.021580257,0.08869264,1,0,0,0,0,0.0,1.0,1,0.04301405,0.088692665,0.17068128,-3.2490077,177.48871,336.593017578125,0.3241682070240296
tensor(15967),"tensor(3717., dtype=torch.float64)",tensor(9),1,0,0,0,0,0.54129195,0.021583788,0.018750751,0.91840094,0.38367924,0,0,0,1,0,0.0,1.0,1,0.19286412,0.45870805,0.3671009,-2.1663814,88.62849,88.62848663330078,0.6164510166358595
tensor(15989),"tensor(15877., dtype=torch.float64)",tensor(9),0,0,0,1,0,0.43448153,0.16437814,0.03187598,0.9418938,0.16856113,0,0,0,1,0,1.0,0.0,0,0.17148054,0.4344815,0.38958436,-1.9369167,40.497185,40.49718475341797,0.5616913123844732
tensor(15995),"tensor(3757., dtype=torch.float64)",tensor(9),0,0,0,1,1,0.7244501,0.03981596,0.02021995,0.8668928,0.031633344,1,0,0,1,0,0.5,0.5,1,0.10006523,0.2755499,0.2775159,-2.665064,134.81985,134.81985473632812,0.44593345656192235
tensor(16011),"tensor(10532., dtype=torch.float64)",tensor(9),0,0,0,1,0,0.5436145,0.056376956,0.005076245,0.95824885,0.13812749,0,0,0,1,0,1.0,0.0,0,0.13954341,0.4563855,0.3026239,-2.6469948,101.68898,101.68898010253906,0.4872920517560074
tensor(16057),"tensor(16563., dtype=torch.float64)",tensor(9),1,0,0,0,0,0.98823977,0.001730111,0.0012226427,0.010916035,0.18691702,1,0,0,0,0,1.0,0.0,0,0.0425092,0.186917,0.12559727,-4.6942544,214.48604,214.4860382080078,0.27449168207024033
tensor(16067),"tensor(2847., dtype=torch.float64)",tensor(9),1,0,0,0,0,0.5638087,0.35183957,0.2892645,0.22394809,0.6411932,0,0,0,0,0,0.0,1.0,1,0.33201003,0.43619132,0.62392795,-0.7179815,40.457203,40.45720291137695,0.8040665434380776
tensor(16069),"tensor(2393., dtype=torch.float64)",tensor(9),0,0,0,1,0,0.115718216,0.41483942,0.75577927,0.7322584,0.6879215,0,0,1,1,0,0.6666666666666666,0.33333333333333337,1,0.27091968,0.4148394,0.5589055,-1.0607642,25.336576,25.336576461791992,0.7169593345656191
tensor(16085),"tensor(2718., dtype=torch.float64)",tensor(9),0,0,0,1,0,0.08884152,0.34468046,0.086163044,0.97845995,0.37877664,0,0,0,1,0,1.0,0.0,0,0.18400031,0.37877667,0.40098915,-1.9285177,11.717772,11.717771530151367,0.5106284658040665
tensor(16109),"tensor(11473., dtype=torch.float64)",tensor(9),1,0,0,0,0,0.92067826,0.043705598,0.003131016,0.056792207,0.43588302,1,0,0,0,0,1.0,0.0,0,0.12376672,0.43588305,0.27615768,-2.8736453,169.48128,215.25599670410156,0.4653419593345656
tensor(16115),"tensor(8867., dtype=torch.float64)",tensor(9),0,0,1,0,0,0.019044446,0.07293631,0.9855789,0.16907802,0.7877213,0,0,1,0,1,0.6666666666666666,0.33333333333333337,1,0.0975517,0.21227872,0.2804591,-2.7224288,58.708244,58.70824432373047,0.38470425138632164
tensor(16145),"tensor(16656., dtype=torch.float64)",tensor(9),1,0,0,0,0,0.99113464,0.004806191,0.0006422165,0.0031323486,0.120424874,1,0,0,0,0,1.0,0.0,0,0.027574241,0.12042487,0.09509826,-5.030186,222.88574,222.8857421875,0.25046210720887246
tensor(16153),"tensor(21398., dtype=torch.float64)",tensor(9),0,0,1,0,0,0.09155066,0.7459412,0.75082356,0.13873017,0.557213,0,1,1,0,0,0.6666666666666666,0.33333333333333337,1,0.2352606,0.442787,0.50470555,-1.3061346,29.644604,29.644603729248047,0.6878465804066544
tensor(16171),"tensor(13559., dtype=torch.float64)",tensor(9),0,1,0,1,0,0.013032008,0.64749116,0.6518122,0.96371657,0.5576953,0,1,1,1,0,0.8,0.19999999999999996,1,0.23846334,0.44230467,0.4414471,-1.8147043,18.212124,18.21212387084961,0.5954251386321626
tensor(16209),"tensor(12826., dtype=torch.float64)",tensor(9),0,0,1,1,0,0.7537622,0.29952952,0.24958554,0.101668306,0.24477582,1,0,0,0,0,0.0,1.0,1,0.2283594,0.29952955,0.5231529,-1.2749275,49.78283,495.8252258300781,0.7456099815157118
tensor(16253),"tensor(7307., dtype=torch.float64)",tensor(9),1,0,0,0,0,0.899518,0.32014796,0.008947569,0.044197176,0.02960609,1,0,0,0,0,1.0,0.0,0,0.10067618,0.320148,0.26373208,-2.8431942,140.06891,408.5660400390625,0.4297597042513863
tensor(16267),"tensor(1284., dtype=torch.float64)",tensor(9),1,0,0,0,0,0.7812688,0.042672157,0.015198218,0.72194064,0.20463799,1,0,0,1,0,0.6666666666666666,0.33333333333333337,1,0.15185976,0.27805936,0.37564594,-2.17332,73.05523,73.05522918701172,0.5681608133086876
tensor(16287),"tensor(9957., dtype=torch.float64)",tensor(9),1,0,0,0,0,0.9767754,0.05639241,0.025095263,0.021910448,0.0030360306,1,0,0,0,0,1.0,0.0,0,0.025931716,0.05639243,0.11410626,-3.9617767,349.57123,520.6324462890625,0.3109981515711645
tensor(16303),"tensor(8239., dtype=torch.float64)",tensor(9),0,0,0,0,1,0.98901933,0.007889409,0.0017588733,0.07637097,0.02675431,1,0,0,0,0,0.0,1.0,1,0.024750829,0.076370955,0.10250453,-4.3525724,309.3603,309.36029052734375,0.2858133086876155
tensor(16359),"tensor(5070., dtype=torch.float64)",tensor(9),0,0,1,1,0,0.0098805,0.43602037,0.8165137,0.97218204,0.62426674,0,0,1,1,0,1.0,0.0,0,0.20658767,0.43602037,0.40120775,-2.0838115,31.55215,31.55215072631836,0.560536044362292
tensor(16373),"tensor(6942., dtype=torch.float64)",tensor(9),0,1,0,0,0,0.0010343431,0.94525886,0.871023,0.85461897,0.8666126,0,1,1,1,1,0.4,0.6,1,0.09270418,0.14538103,0.28244296,-3.0548928,51.2448,51.24480056762695,0.3431146025878004
tensor(16437),"tensor(3878., dtype=torch.float64)",tensor(9),1,0,0,0,0,0.8160263,0.41488197,0.022416515,0.21774593,0.032066893,1,0,0,0,0,1.0,0.0,0,0.17421705,0.41488194,0.38582954,-2.0589898,108.619354,478.9538879394531,0.6353974121996303
tensor(16441),"tensor(20525., dtype=torch.float64)",tensor(9),0,0,0,0,1,0.9713495,0.0033493948,0.002628558,0.008707824,0.37711686,1,0,0,0,0,0.0,1.0,1,0.08409059,0.37711686,0.17666085,-4.0788827,223.02998,223.0299835205078,0.34889094269870613
tensor(16445),"tensor(19238., dtype=torch.float64)",tensor(9),0,0,0,0,0,0.15638271,0.24242948,0.071479596,0.24685629,0.022855971,0,0,0,0,0,1.0,0.0,0,0.14800084,0.24685627,0.38254926,-2.05197,103.44676,103.44676208496094,0.6042051756007394
tensor(16455),"tensor(1513., dtype=torch.float64)",tensor(9),0,0,0,1,0,0.014616563,0.641991,0.20220456,0.98571545,0.48186585,0,1,0,1,0,0.6666666666666666,0.33333333333333337,1,0.21419609,0.48186588,0.3998682,-2.0948439,12.021616,12.021615982055664,0.5210258780036968
tensor(16521),"tensor(20762., dtype=torch.float64)",tensor(9),0,1,0,0,0,0.12502316,0.20808552,0.9006712,0.043213077,0.6455412,0,0,1,0,0,0.0,1.0,1,0.16602194,0.3544588,0.40800348,-1.8367684,34.172043,57.008766174316406,0.5559149722735675
tensor(16527),"tensor(19167., dtype=torch.float64)",tensor(9),0,0,1,0,0,0.5394719,0.33186248,0.5685124,0.42678127,0.19649711,0,0,1,0,0,1.0,0.0,0,0.36943132,0.46052808,0.6374284,-0.56742066,40.360626,145.01614379882812,0.8140018484288354
tensor(16545),"tensor(6830., dtype=torch.float64)",tensor(9),1,0,0,0,0,0.88961816,0.13411304,0.07259485,0.17856957,0.11929358,1,0,0,0,0,1.0,0.0,0,0.12299061,0.17856956,0.36729532,-2.004924,71.72543,420.18804931640625,0.5411275415896488
tensor(16551),"tensor(4952., dtype=torch.float64)",tensor(9),1,0,0,0,0,0.9938564,0.0013179315,0.003349126,0.013069745,0.03576531,1,0,0,0,0,1.0,0.0,0,0.011929154,0.03576529,0.058763057,-5.0061827,320.3116,320.3116149902344,0.26062846580406657
tensor(16593),"tensor(3811., dtype=torch.float64)",tensor(9),0,1,0,1,0,0.0035294371,0.83537364,0.13541478,0.992562,0.42206237,0,1,0,1,0,1.0,0.0,0,0.1466142,0.4220624,0.31841618,-2.8658392,23.084682,23.08468246459961,0.35235674676524953
tensor(16623),"tensor(19247., dtype=torch.float64)",tensor(9),1,0,0,0,0,0.9855611,0.005422683,0.0035428435,0.012768693,0.09982513,1,0,0,0,0,1.0,0.0,0,0.027199745,0.099825144,0.10516353,-4.324273,240.04205,240.04205322265625,0.2737985212569316
tensor(16661),"tensor(19239., dtype=torch.float64)",tensor(9),0,1,1,1,1,0.012340882,0.2596328,0.09120025,0.99341387,0.4505335,0,0,0,1,0,0.4,0.6,1,0.16405869,0.4505335,0.3344739,-2.588812,22.65953,22.659530639648438,0.4057301293900185
tensor(16687),"tensor(10556., dtype=torch.float64)",tensor(9),0,0,1,0,0,0.6399184,0.18649927,0.14754921,0.139072,0.7171489,1,0,0,0,0,0.0,1.0,1,0.22321063,0.3600816,0.5103815,-1.311053,48.747604,379.5716552734375,0.7354436229205176
tensor(16711),"tensor(8826., dtype=torch.float64)",tensor(9),0,1,0,0,0,0.041877918,0.9628637,0.34092352,0.43554667,0.18912488,0,1,0,0,0,1.0,0.0,0,0.20892185,0.43554664,0.42880282,-1.7519354,29.208939,29.208938598632812,0.5993530499075786
tensor(16715),"tensor(10556., dtype=torch.float64)",tensor(9),0,0,1,0,0,0.38672507,0.6013919,0.5673961,0.34008124,0.2387528,0,1,1,0,0,0.6666666666666666,0.33333333333333337,1,0.3593542,0.4326039,0.64289325,-0.5932129,42.058907,43.67578125,0.8193160813308688
tensor(16719),"tensor(10556., dtype=torch.float64)",tensor(9),0,0,0,0,1,0.056464877,0.7540873,0.6485702,0.84160864,0.55005836,0,1,1,1,0,0.0,1.0,1,0.25242805,0.44994164,0.5096749,-1.284092,20.225422,20.225421905517578,0.6732902033271718
tensor(16741),"tensor(20893., dtype=torch.float64)",tensor(9),1,0,0,0,0,0.26451406,0.78220206,0.05310806,0.729829,0.13357733,0,1,0,1,0,0.0,1.0,1,0.1878336,0.270171,0.45719185,-1.6090972,35.734417,35.73441696166992,0.6321626617375231
tensor(16763),"tensor(4470., dtype=torch.float64)",tensor(9),1,0,0,0,0,0.9471422,0.22110336,0.0061021354,0.041938342,0.01057241,1,0,0,0,0,1.0,0.0,0,0.06651479,0.22110337,0.2010034,-3.381136,219.75372,442.7325134277344,0.3743068391866913
tensor(16773),"tensor(6550., dtype=torch.float64)",tensor(9),0,1,1,0,1,0.016232708,0.16744536,0.9801788,0.011782766,0.77772063,0,0,1,0,1,0.8,0.19999999999999996,1,0.087512314,0.22227937,0.24519303,-3.0581756,83.95671,83.95671081542969,0.35628465804066545
tensor(16797),"tensor(6828., dtype=torch.float64)",tensor(9),0,1,1,0,1,0.0089473715,0.93982255,0.64802146,0.7641212,0.7483548,0,1,1,1,0,0.6666666666666666,0.33333333333333337,1,0.1817255,0.35197854,0.40752858,-2.0662842,31.812027,31.812026977539062,0.5452865064695009
tensor(16877),"tensor(10045., dtype=torch.float64)",tensor(9),0,1,0,0,0,0.903943,0.3385701,0.0044366266,0.11350431,0.017193154,1,0,0,0,0,0.0,1.0,1,0.11395228,0.33857012,0.28511244,-2.8852496,180.81555,435.60992431640625,0.46811460258780035
tensor(16879),"tensor(8330., dtype=torch.float64)",tensor(9),0,0,0,0,0,0.11803952,0.23041052,0.053999633,0.058295235,0.008202086,0,0,0,0,0,1.0,0.0,0,0.0937894,0.23041052,0.27654338,-2.731538,165.39922,165.3992156982422,0.44731977818853974
tensor(16925),"tensor(12478., dtype=torch.float64)",tensor(9),1,0,0,0,0,0.80860645,0.11903073,0.0019139134,0.7274938,0.03830653,1,0,0,1,0,0.6666666666666666,0.33333333333333337,1,0.12463027,0.27250618,0.32307544,-2.7808661,146.08072,146.08071899414062,0.4946857670979667
tensor(16951),"tensor(6580., dtype=torch.float64)",tensor(9),0,1,0,0,0,0.5896383,0.57996094,0.083488844,0.44093907,0.17518094,0,1,0,0,0,1.0,0.0,0,0.30600184,0.44093907,0.5589329,-0.9735281,37.57097,44.10831069946289,0.772181146025878
tensor(16973),"tensor(15492., dtype=torch.float64)",tensor(9),1,0,0,1,0,0.8201004,0.074280165,0.012608168,0.70024186,0.084556185,1,0,0,1,0,1.0,0.0,0,0.13022053,0.29975814,0.34078002,-2.326184,85.052605,85.05260467529297,0.517097966728281
tensor(16989),"tensor(2324., dtype=torch.float64)",tensor(9),0,1,0,1,0,0.04035807,0.9207107,0.28434482,0.73767406,0.28422147,0,1,0,1,0,1.0,0.0,0,0.19010794,0.2843448,0.44309855,-1.700271,27.664906,27.664905548095703,0.5928835489833642
tensor(16995),"tensor(7426., dtype=torch.float64)",tensor(9),0,0,0,0,0,0.05187499,0.7248835,0.1732573,0.9066255,0.20087819,0,1,0,1,0,0.0,1.0,1,0.15890038,0.2751165,0.41303772,-1.8182217,15.648773,15.648773193359375,0.5053142329020333
tensor(17039),"tensor(10329., dtype=torch.float64)",tensor(9),1,0,0,0,0,0.9597559,0.019725291,0.0032206543,0.14950596,0.13168496,1,0,0,0,0,1.0,0.0,0,0.06887615,0.14950597,0.21976233,-3.2874427,197.72691,257.27972412109375,0.37731053604436227
tensor(17055),"tensor(21249., dtype=torch.float64)",tensor(9),1,0,0,0,0,0.8132556,0.1163961,0.034110226,0.5453214,0.14619887,1,0,0,1,0,0.6666666666666666,0.33333333333333337,1,0.18762559,0.4546786,0.41899872,-1.7576565,54.342743,54.342742919921875,0.6432532347504621
tensor(17059),"tensor(15201., dtype=torch.float64)",tensor(9),1,0,0,0,0,0.9614033,0.061339304,0.010032648,0.11829469,0.04282613,1,0,0,0,0,1.0,0.0,0,0.054217935,0.118294716,0.19811685,-3.1301205,170.66373,344.46435546875,0.3539741219963032
tensor(17165),"tensor(11161., dtype=torch.float64)",tensor(9),0,1,0,1,0,0.00559823,0.6609183,0.12777704,0.9931838,0.7336524,0,1,0,1,0,1.0,0.0,0,0.14912415,0.3390817,0.3355124,-2.752538,26.55138,26.551380157470703,0.3893253234750462
tensor(17181),"tensor(19598., dtype=torch.float64)",tensor(9),1,0,0,0,0,0.7064972,0.025497172,0.40379864,0.043046743,0.6500581,1,0,1,0,0,0.6666666666666666,0.33333333333333337,1,0.22315747,0.40379864,0.44468457,-1.7264433,71.127335,79.64578247070312,0.7121072088724584
tensor(17185),"tensor(20147., dtype=torch.float64)",tensor(9),1,0,0,0,0,0.6219726,0.023697175,0.68983495,0.051466372,0.5070858,1,0,1,0,0,0.6666666666666666,0.33333333333333337,1,0.25125408,0.4929142,0.45805568,-1.5916055,76.151245,96.2074203491211,0.753003696857671
tensor(17207),"tensor(15916., dtype=torch.float64)",tensor(9),0,1,0,0,0,0.3862171,0.5994774,0.15078565,0.5907683,0.56384885,0,1,0,1,0,0.6666666666666666,0.33333333333333337,1,0.35658157,0.43615115,0.6251735,-0.64378434,27.863392,27.863391876220703,0.770101663585952
tensor(17227),"tensor(17322., dtype=torch.float64)",tensor(9),0,0,1,1,0,0.14048764,0.49952874,0.8326242,0.32731915,0.410428,0,0,1,0,0,0.6666666666666666,0.33333333333333337,1,0.30902785,0.49952877,0.5719946,-0.9000006,44.89747,111.02415466308594,0.7989833641404807
tensor(17303),"tensor(11735., dtype=torch.float64)",tensor(9),0,1,0,1,0,0.038871292,0.76812595,0.5274662,0.87281317,0.25901017,0,1,1,1,0,0.8,0.19999999999999996,1,0.22589523,0.47253382,0.47010636,-1.4985542,20.842907,20.842906951904297,0.6277726432532348
tensor(17317),"tensor(20439., dtype=torch.float64)",tensor(9),1,0,0,0,0,0.7184005,0.022930002,0.022999492,0.29484153,0.7021401,1,0,0,0,0,1.0,0.0,0,0.18404609,0.2978599,0.4057308,-2.0334325,102.11537,296.7852783203125,0.6543438077634012
tensor(17335),"tensor(20273., dtype=torch.float64)",tensor(9),1,0,0,0,0,0.8243021,0.11563749,0.16328405,0.18675752,0.3198986,1,0,0,0,0,1.0,0.0,0,0.19225514,0.3198986,0.4752609,-1.4879253,58.462208,437.1414794921875,0.7047134935304992
tensor(17349),"tensor(18040., dtype=torch.float64)",tensor(9),1,0,0,0,0,0.5920246,0.07489297,0.0019916422,0.9576779,0.047829967,0,0,0,1,0,0.0,1.0,1,0.11500245,0.40797538,0.26478687,-3.0426571,154.2092,154.20919799804688,0.4362292051756008
tensor(17373),"tensor(17736., dtype=torch.float64)",tensor(9),1,0,0,0,0,0.92160517,0.0516176,0.059690997,0.0807002,0.17242454,1,0,0,0,0,1.0,0.0,0,0.08856565,0.17242455,0.28887695,-2.4267387,107.44412,356.283203125,0.4487060998151571
tensor(17411),"tensor(21463., dtype=torch.float64)",tensor(9),1,0,0,0,0,0.94989496,0.033225574,0.009760321,0.044083357,0.20964317,1,0,0,0,0,1.0,0.0,0,0.069363475,0.20964319,0.21873955,-3.0672326,158.27829,274.69024658203125,0.37384473197781887
tensor(17433),"tensor(21107., dtype=torch.float64)",tensor(9),1,0,0,0,0,0.890271,0.029825665,0.1095749,0.03530608,0.34467748,1,0,0,0,0,1.0,0.0,0,0.12582266,0.34467745,0.32450548,-2.3241966,109.37995,358.8565979003906,0.517097966728281
tensor(17523),"tensor(10229., dtype=torch.float64)",tensor(9),1,0,0,1,0,0.26197165,0.7059032,0.12367643,0.37325874,0.76023334,0,1,0,0,1,0.0,1.0,1,0.25855398,0.3732587,0.5533106,-1.1083205,42.760433,42.760433197021484,0.7661737523105361
tensor(17609),"tensor(19851., dtype=torch.float64)",tensor(9),1,0,0,0,0,0.84978765,0.04593415,0.005478241,0.12908597,0.59687966,1,0,0,0,0,1.0,0.0,0,0.1467663,0.40312034,0.34046647,-2.4538965,142.81453,236.304443359375,0.555452865064695
tensor(17613),"tensor(424., dtype=torch.float64)",tensor(9),1,0,0,0,0,0.5171724,0.13087262,0.7389176,0.25428396,0.26739997,0,0,1,0,0,0.0,1.0,1,0.2792933,0.4828276,0.5604868,-1.017216,62.42885,120.43009185791016,0.8160813308687616
tensor(17633),"tensor(21365., dtype=torch.float64)",tensor(9),0,0,0,1,0,0.7341879,0.09170164,0.23559555,0.47459763,0.23076442,1,0,0,0,0,0.0,1.0,1,0.25969422,0.47459763,0.53270197,-1.1583371,41.343266,495.19598388671875,0.7525415896487986
tensor(17639),"tensor(1728., dtype=torch.float64)",tensor(9),0,1,1,1,1,0.0037159014,0.6674425,0.9646541,0.6880403,0.77071583,0,1,1,1,1,1.0,0.0,0,0.18257266,0.3325575,0.3944809,-2.319594,40.57705,40.577049255371094,0.5432070240295749
tensor(17653),"tensor(2695., dtype=torch.float64)",tensor(9),0,0,1,0,0,0.0023177061,0.83300394,0.94883645,0.6547039,0.8298894,0,1,1,1,1,0.4,0.6,1,0.14717686,0.34529608,0.35398847,-2.5633516,36.826176,36.826175689697266,0.44778188539741215
tensor(17677),"tensor(11797., dtype=torch.float64)",tensor(9),1,0,0,0,0,0.98149717,0.0012180768,0.004399175,0.028409947,0.2130556,1,0,0,0,0,1.0,0.0,0,0.053117156,0.21305561,0.15539074,-4.1882286,257.14752,257.14752197265625,0.3290203327171904
tensor(17681),"tensor(18040., dtype=torch.float64)",tensor(9),0,1,0,0,0,0.5981992,0.10709988,0.0021882285,0.9427259,0.051732883,0,0,0,1,0,0.0,1.0,1,0.124019146,0.4018008,0.29054365,-2.8701243,136.86159,136.86158752441406,0.46210720887245843
tensor(17717),"tensor(4218., dtype=torch.float64)",tensor(9),1,0,0,0,0,0.99577636,0.0005281752,0.0017836322,0.018120894,0.030890433,1,0,0,0,0,1.0,0.0,0,0.011109352,0.030890405,0.05466938,-5.354806,357.02927,357.0292663574219,0.25947319778188543
tensor(17723),"tensor(5619., dtype=torch.float64)",tensor(9),1,0,0,0,0,0.9772149,0.008982932,0.0016071452,0.01580614,0.232326,1,0,0,0,0,1.0,0.0,0,0.056301475,0.23232603,0.15904275,-4.044068,207.71886,207.71885681152344,0.3140018484288355
tensor(17753),"tensor(2443., dtype=torch.float64)",tensor(9),1,0,0,0,0,0.98535085,0.045377534,0.0007877275,0.04399129,0.016808981,1,0,0,0,0,1.0,0.0,0,0.024322867,0.045377553,0.10665462,-4.3096304,321.09692,321.096923828125,0.2899722735674677
tensor(17777),"tensor(8213., dtype=torch.float64)",tensor(9),1,0,0,0,0,0.93827206,0.031925675,0.016398609,0.41186696,0.03030324,1,0,0,0,0,1.0,0.0,0,0.11044443,0.41186696,0.25401315,-2.8098412,168.26988,414.4845886230469,0.45032347504621073
tensor(17787),"tensor(2976., dtype=torch.float64)",tensor(9),0,1,0,0,0,0.43476158,0.814042,0.0064426824,0.38663265,0.21489424,0,1,0,0,0,1.0,0.0,0,0.24573791,0.43476158,0.47828612,-1.7068897,71.11084,71.11083984375,0.7432994454713494
tensor(17807),"tensor(5403., dtype=torch.float64)",tensor(9),1,0,0,0,0,0.6967992,0.568745,0.036797952,0.1761713,0.1937988,1,0,0,0,0,1.0,0.0,0,0.22824478,0.43125498,0.48241416,-1.4683349,46.8332,438.5140380859375,0.7121072088724585
tensor(17819),"tensor(4076., dtype=torch.float64)",tensor(9),0,0,1,0,0,0.69027567,0.096396424,0.43712613,0.31392562,0.33131564,1,0,1,0,0,0.6666666666666666,0.33333333333333337,1,0.29769766,0.43712616,0.5757009,-0.9552468,49.5588,118.7471923828125,0.8056839186691312
tensor(17821),"tensor(2477., dtype=torch.float64)",tensor(9),1,0,0,0,0,0.995291,0.0024134766,0.00068985444,0.009055847,0.037505098,1,0,0,0,0,1.0,0.0,0,0.010874629,0.03750509,0.052829195,-5.3192954,275.85764,275.8576354980469,0.24653419593345655
tensor(17823),"tensor(5136., dtype=torch.float64)",tensor(9),0,1,1,1,1,0.021793015,0.5831376,0.48361656,0.9553881,0.52397335,0,1,1,1,0,0.8571428571428571,0.1428571428571429,1,0.28858215,0.4836166,0.47022754,-1.4730883,11.059631,11.05963134765625,0.6490295748613679
tensor(17863),"tensor(1519., dtype=torch.float64)",tensor(9),1,0,0,0,0,0.8288839,0.3011167,0.101600066,0.086533904,0.14983502,1,0,0,0,0,1.0,0.0,0,0.16204041,0.3011167,0.42298213,-1.7383801,58.162933,447.27978515625,0.6256931608133087
tensor(17871),"tensor(4093., dtype=torch.float64)",tensor(9),1,0,0,0,0,0.9613166,0.043606486,0.0052534984,0.03277945,0.17267804,1,0,0,0,0,1.0,0.0,0,0.058600247,0.17267805,0.19603498,-3.2991676,177.47818,265.6915283203125,0.3479667282809612
tensor(17873),"tensor(2042., dtype=torch.float64)",tensor(9),0,0,0,1,0,0.1450438,0.196317,0.06171408,0.9758487,0.43572104,0,0,0,1,0,1.0,0.0,0,0.17258942,0.43572104,0.3879141,-1.9725091,20.868382,20.86838150024414,0.49907578558225507
tensor(17883),"tensor(830., dtype=torch.float64)",tensor(9),1,0,0,0,0,0.9941713,0.0030576047,0.0034473534,0.0181212,0.013665683,1,0,0,0,0,1.0,0.0,0,0.00882417,0.018121183,0.048483245,-4.9728737,364.789,364.78900146484375,0.25970425138632164
tensor(17905),"tensor(19051., dtype=torch.float64)",tensor(9),0,0,1,0,0,0.22407682,0.17361239,0.38532597,0.8960436,0.3415782,0,0,0,1,0,0.0,1.0,1,0.24570996,0.38532597,0.5271932,-1.2159185,19.178024,19.178024291992188,0.675369685767098
tensor(17939),"tensor(12781., dtype=torch.float64)",tensor(9),0,1,0,1,0,0.0018885075,0.9606005,0.09018112,0.9909238,0.472565,0,1,0,1,0,1.0,0.0,0,0.12262213,0.472565,0.24521442,-3.3156292,42.61821,42.61820983886719,0.31353974121996303
tensor(17949),"tensor(9108., dtype=torch.float64)",tensor(9),0,0,1,0,0,0.15686835,0.07197602,0.9240162,0.07497267,0.7743599,0,0,1,0,1,0.6666666666666666,0.33333333333333337,1,0.12108821,0.22564012,0.352456,-2.096489,33.172066,33.17206573486328,0.44385397412199634
tensor(17953),"tensor(3485., dtype=torch.float64)",tensor(9),0,0,0,1,0,0.10094584,0.23500282,0.2735143,0.9645085,0.3290212,0,0,0,1,0,1.0,0.0,0,0.19479513,0.32902122,0.4491909,-1.6717682,15.225178,15.225177764892578,0.5764787430683919
tensor(17957),"tensor(16563., dtype=torch.float64)",tensor(9),1,0,0,0,0,0.987263,0.0026963097,0.0024544871,0.017333113,0.12902679,1,0,0,0,0,1.0,0.0,0,0.03284949,0.12902677,0.11521578,-4.4436445,240.57768,240.5776824951172,0.2823475046210721
tensor(17961),"tensor(7758., dtype=torch.float64)",tensor(9),0,1,0,1,0,0.026514376,0.8455912,0.74079937,0.61755747,0.7835067,0,1,1,1,1,0.6666666666666666,0.33333333333333337,1,0.20781195,0.38244253,0.46251792,-1.6238337,32.02702,32.02701950073242,0.637014787430684
tensor(17979),"tensor(19775., dtype=torch.float64)",tensor(9),1,0,0,0,0,0.9826235,0.0050949845,0.0017728835,0.016976163,0.19358833,1,0,0,0,0,1.0,0.0,0,0.046961784,0.19358832,0.14200771,-4.2257123,209.7261,209.72610473632812,0.2936691312384473
tensor(18003),"tensor(16391., dtype=torch.float64)",tensor(9),0,0,0,1,0,0.6921735,0.080079414,0.001207594,0.930442,0.024136188,1,0,0,1,0,0.6666666666666666,0.33333333333333337,1,0.09656155,0.30782652,0.25437114,-3.2525191,193.77441,193.7744140625,0.4149722735674677
tensor(18029),"tensor(7206., dtype=torch.float64)",tensor(9),0,0,1,0,1,0.00850487,0.56731284,0.9638263,0.14644706,0.81641793,0,0,1,0,1,1.0,0.0,0,0.161479,0.43268716,0.35638705,-2.3134117,25.838398,25.838397979736328,0.44570240295748614
tensor(18037),"tensor(500., dtype=torch.float64)",tensor(9),0,0,0,1,1,0.02239228,0.23508957,0.12861826,0.9862868,0.33726603,0,0,0,1,0,0.6666666666666666,0.33333333333333337,1,0.14741582,0.33726603,0.34959182,-2.364102,18.356068,18.356067657470703,0.4078096118299446
tensor(18059),"tensor(993., dtype=torch.float64)",tensor(9),0,0,1,0,0,0.90934455,0.032064237,0.09616052,0.1443698,0.1887616,1,0,0,0,0,0.0,1.0,1,0.110402286,0.18876159,0.33194023,-2.2382505,99.469635,390.19073486328125,0.5115526802218114
tensor(18073),"tensor(19957., dtype=torch.float64)",tensor(9),1,0,0,0,0,0.96020156,0.0060519893,0.026662853,0.04008171,0.2169189,1,0,0,0,0,1.0,0.0,0,0.06590283,0.21691889,0.2036748,-3.2683425,197.41438,299.2408142089844,0.36991682070240295
tensor(18119),"tensor(17223., dtype=torch.float64)",tensor(9),0,0,1,0,0,0.11207071,0.069620915,0.9468825,0.052149598,0.76975524,0,0,1,0,1,0.6666666666666666,0.33333333333333337,1,0.10344064,0.23024476,0.31108856,-2.3299937,42.728584,42.72858428955078,0.4126617375231053
tensor(18137),"tensor(4638., dtype=torch.float64)",tensor(9),0,1,0,1,0,0.26360583,0.8980738,0.108534016,0.2500524,0.116196804,0,1,0,0,0,0.6666666666666666,0.33333333333333337,1,0.16806304,0.26360583,0.43423995,-1.6872799,32.53933,32.539329528808594,0.5845656192236599
tensor(18141),"tensor(3766., dtype=torch.float64)",tensor(9),0,0,0,0,1,0.9786689,0.007646059,0.015360285,0.11939365,0.030649384,1,0,0,0,0,0.0,1.0,1,0.038876057,0.11939365,0.14602974,-3.6609216,272.1158,363.93023681640625,0.3322550831792976
tensor(18171),"tensor(5229., dtype=torch.float64)",tensor(9),1,0,0,0,0,0.87171143,0.045042332,0.15206662,0.098236665,0.31601274,1,0,0,0,0,1.0,0.0,0,0.14792937,0.31601274,0.38761327,-1.9355707,86.88687,385.25439453125,0.6028188539741219
tensor(18183),"tensor(4388., dtype=torch.float64)",tensor(9),1,0,0,0,0,0.9207428,0.077892154,0.07520985,0.12016178,0.067380674,1,0,0,0,0,1.0,0.0,0,0.08398038,0.12016177,0.2863022,-2.4103284,102.44379,416.3587341308594,0.4417744916820703
tensor(18201),"tensor(7590., dtype=torch.float64)",tensor(9),1,0,0,0,0,0.9133296,0.06334685,0.0052881297,0.46050626,0.032533243,1,0,0,0,0,1.0,0.0,0,0.12966901,0.46050626,0.27946115,-2.7672765,151.51086,397.24005126953125,0.47504621072088726
tensor(18203),"tensor(14335., dtype=torch.float64)",tensor(9),0,1,0,0,0,0.010027673,0.98658854,0.55664116,0.14988732,0.55613923,0,1,1,0,0,0.6666666666666666,0.33333333333333337,1,0.21210921,0.44386077,0.38466728,-2.2158005,28.15329,28.153289794921875,0.5328096118299446
tensor(18235),"tensor(5366., dtype=torch.float64)",tensor(9),0,0,1,0,0,0.34411576,0.021421283,0.8918839,0.012579125,0.23600231,0,0,1,0,0,1.0,0.0,0,0.14444697,0.34411573,0.3407553,-2.4229267,143.5657,143.56570434570312,0.5556839186691312
tensor(18261),"tensor(2721., dtype=torch.float64)",tensor(9),0,0,1,0,0,0.03040864,0.19778967,0.9706815,0.079566,0.7007136,0,0,1,0,0,1.0,0.0,0,0.12727386,0.29928643,0.33076292,-2.3322103,38.550877,69.64472961425781,0.4343807763401109
tensor(18273),"tensor(5833., dtype=torch.float64)",tensor(9),0,0,1,0,0,0.0073784534,0.10647488,0.98899007,0.07703207,0.9611636,0,0,1,0,1,0.6666666666666666,0.33333333333333337,1,0.048146367,0.10647488,0.1757871,-3.443819,75.09643,75.09642791748047,0.26247689463955637
tensor(18277),"tensor(3802., dtype=torch.float64)",tensor(9),0,1,0,0,0,0.024661962,0.936239,0.56412226,0.69666666,0.48875484,0,1,1,1,0,0.5,0.5,1,0.26327783,0.48875487,0.46886334,-1.4997247,26.333752,26.333751678466797,0.6635859519408502
tensor(18289),"tensor(7597., dtype=torch.float64)",tensor(9),1,0,0,0,0,0.9769802,0.005188832,0.0070873396,0.009899143,0.20590363,1,0,0,0,0,1.0,0.0,0,0.050219715,0.20590365,0.14964026,-3.9803283,233.92978,254.02728271484375,0.319547134935305
tensor(18293),"tensor(500., dtype=torch.float64)",tensor(9),0,0,0,1,1,0.063278854,0.19476636,0.13186681,0.95908016,0.2685192,0,0,0,1,0,0.6666666666666666,0.33333333333333337,1,0.13987029,0.26851916,0.3743027,-2.0310454,15.377309,15.37730884552002,0.4401571164510166
tensor(18297),"tensor(21759., dtype=torch.float64)",tensor(9),0,0,1,0,0,0.08986222,0.106485754,0.95039076,0.023103077,0.6253041,0,0,1,0,0,1.0,0.0,0,0.12875116,0.3746959,0.3219951,-2.3303406,63.33229,73.40372467041016,0.4801293900184843
tensor(18343),"tensor(4659., dtype=torch.float64)",tensor(9),0,1,1,0,1,0.034130838,0.667455,0.8642879,0.5522658,0.7344277,0,1,1,1,0,0.6666666666666666,0.33333333333333337,1,0.24313891,0.44773418,0.4896736,-1.4235857,24.566013,37.629722595214844,0.6615064695009242
tensor(18377),"tensor(7295., dtype=torch.float64)",tensor(9),1,0,0,0,0,0.83222455,0.048499227,0.3308627,0.052231424,0.2522959,1,0,0,0,0,1.0,0.0,0,0.17033303,0.3308627,0.41021577,-1.853417,89.90773,444.2793273925781,0.6513401109057302
tensor(18383),"tensor(15090., dtype=torch.float64)",tensor(9),0,1,0,0,0,0.052463125,0.8322496,0.7463546,0.3296454,0.6238873,0,1,1,0,0,0.6666666666666666,0.33333333333333337,1,0.23592341,0.3761127,0.5040734,-1.3581088,27.646822,27.646821975708008,0.6788354898336414
tensor(18393),"tensor(12178., dtype=torch.float64)",tensor(9),1,0,0,0,0,0.8271762,0.21999785,0.15867352,0.052150566,0.101368055,1,0,0,0,0,1.0,0.0,0,0.14100277,0.21999788,0.3915165,-1.9163462,71.570816,461.2281188964844,0.5871072088724585
tensor(18397),"tensor(1495., dtype=torch.float64)",tensor(9),0,0,1,1,1,0.01892013,0.30910617,0.9283699,0.9118451,0.4138315,0,0,1,1,0,0.8,0.19999999999999996,1,0.18032855,0.41383147,0.38929918,-1.9998331,55.762527,55.76252746582031,0.5993530499075785
tensor(18401),"tensor(451., dtype=torch.float64)",tensor(9),0,1,0,0,0,0.37608293,0.5525876,0.6261516,0.38322747,0.32958722,0,0,1,0,0,0.0,1.0,1,0.38203168,0.44741237,0.66204005,-0.48380113,39.66507,132.49684143066406,0.8163123844731979
tensor(18405),"tensor(5452., dtype=torch.float64)",tensor(9),0,0,0,1,0,0.7889201,0.05199414,0.018987028,0.8126601,0.043104395,1,0,0,1,0,0.6666666666666666,0.33333333333333337,1,0.102501094,0.2110799,0.294766,-2.546789,117.85824,117.85823822021484,0.4653419593345656
tensor(18417),"tensor(9143., dtype=torch.float64)",tensor(9),0,0,0,1,1,0.0044291685,0.6949271,0.039194964,0.99617153,0.75217986,0,1,0,1,0,0.5,0.5,1,0.120069146,0.3050729,0.27879146,-3.2218614,45.413704,45.41370391845703,0.33803142329020336
tensor(18431),"tensor(16258., dtype=torch.float64)",tensor(9),0,1,0,0,0,0.06767046,0.77740306,0.71800244,0.030728525,0.3630538,0,1,1,0,0,0.6666666666666666,0.33333333333333337,1,0.19320947,0.3630538,0.43299937,-1.7643389,40.63537,40.63536834716797,0.6268484288354899
tensor(18463),"tensor(11061., dtype=torch.float64)",tensor(9),0,1,0,0,0,0.36196494,0.8653371,0.11742972,0.11201574,0.16900806,0,1,0,0,0,1.0,0.0,0,0.17901629,0.36196494,0.44329748,-1.6214354,27.200668,27.200668334960938,0.5852587800369686
tensor(18477),"tensor(14969., dtype=torch.float64)",tensor(9),0,0,0,1,0,0.81419396,0.18761955,0.12996244,0.38202593,0.03900732,1,0,0,0,0,0.0,1.0,1,0.18488425,0.38202596,0.43579516,-1.7059028,84.636116,523.8521728515625,0.6920055452865066
tensor(18521),"tensor(18988., dtype=torch.float64)",tensor(9),0,0,1,0,0,0.028534597,0.42252085,0.94848555,0.11886733,0.66942436,0,0,1,0,0,1.0,0.0,0,0.19040263,0.42252088,0.40258032,-1.8923814,29.555305,70.80249786376953,0.5589186691312384
tensor(18523),"tensor(8513., dtype=torch.float64)",tensor(9),0,0,0,1,0,0.8542946,0.05234547,0.008421172,0.5565145,0.14992763,1,0,0,1,0,0.6666666666666666,0.33333333333333337,1,0.15997696,0.4434855,0.35569876,-2.2791119,91.726364,91.72636413574219,0.5672365988909427
tensor(18525),"tensor(9251., dtype=torch.float64)",tensor(9),0,1,1,1,0,0.00083010714,0.954413,0.8616111,0.88066584,0.84190017,0,1,1,1,1,0.8571428571428571,0.1428571428571429,1,0.09244794,0.15809983,0.27923173,-3.1269042,55.814476,55.814476013183594,0.3401109057301294
tensor(18537),"tensor(21486., dtype=torch.float64)",tensor(9),0,0,1,0,0,0.880485,0.08566279,0.29287565,0.13469031,0.025253585,1,0,0,0,0,0.0,1.0,1,0.13159955,0.29287565,0.35521832,-2.1519177,140.40582,539.4131469726562,0.5748613678373382
tensor(18549),"tensor(16527., dtype=torch.float64)",tensor(9),0,0,0,1,0,0.971574,0.020130223,0.022472745,0.05009085,0.05131428,1,0,0,0,0,0.0,1.0,1,0.03448677,0.051314294,0.14728704,-3.4098344,208.73466,333.12451171875,0.31608133086876156
tensor(18597),"tensor(15210., dtype=torch.float64)",tensor(9),1,0,0,0,0,0.87496644,0.03658032,0.46377808,0.07879523,0.03287881,1,0,1,0,0,0.6666666666666666,0.33333333333333337,1,0.14741313,0.46377808,0.32894075,-2.2404099,176.51385,219.5340118408203,0.5843345656192236
tensor(18605),"tensor(9096., dtype=torch.float64)",tensor(9),1,0,0,0,0,0.91842055,0.024464099,0.01159517,0.12086448,0.3155371,1,0,0,0,0,1.0,0.0,0,0.110808074,0.3155371,0.29057208,-2.6621976,133.52188,276.86151123046875,0.46834565619223656
tensor(18609),"tensor(2919., dtype=torch.float64)",tensor(9),1,0,0,0,0,0.9963051,0.0009223778,0.0006898873,0.025194371,0.023379702,1,0,0,0,0,1.0,0.0,0,0.010776222,0.025194347,0.053199124,-5.4501743,335.50226,335.50225830078125,0.2557763401109057
tensor(18611),"tensor(21792., dtype=torch.float64)",tensor(9),0,0,0,1,0,0.0029710296,0.10942768,0.061621204,0.9985037,0.79591364,0,0,0,1,1,0.6666666666666666,0.33333333333333337,1,0.07592046,0.20408636,0.22284412,-3.6999664,81.24708,81.24707794189453,0.29921441774491686
tensor(18613),"tensor(3431., dtype=torch.float64)",tensor(9),1,0,0,0,0,0.9567012,0.03148275,0.010197623,0.043438513,0.15593661,1,0,0,0,0,1.0,0.0,0,0.05687082,0.1559366,0.19732971,-3.1755643,164.20798,278.35479736328125,0.3479667282809612
tensor(18625),"tensor(16153., dtype=torch.float64)",tensor(9),0,1,0,0,0,0.9599474,0.018864827,0.011896516,0.049503785,0.19633125,1,0,0,0,0,0.0,1.0,1,0.063329816,0.19633126,0.20371394,-3.1823914,178.35083,270.8584899902344,0.36321626617375236
tensor(18641),"tensor(3341., dtype=torch.float64)",tensor(9),1,0,0,0,0,0.65847915,0.08319671,0.004028301,0.91210204,0.09147269,1,0,0,1,0,0.6666666666666666,0.33333333333333337,1,0.12162334,0.34152085,0.3116721,-2.6403885,104.57297,104.57296752929688,0.4745841035120148
tensor(18709),"tensor(20133., dtype=torch.float64)",tensor(9),0,0,1,0,0,0.5192092,0.05586039,0.71457905,0.34438708,0.25612193,0,0,1,0,0,1.0,0.0,0,0.28451622,0.4807908,0.5437391,-1.1064098,71.87721,130.84970092773438,0.81862292051756
tensor(18711),"tensor(8638., dtype=torch.float64)",tensor(9),0,1,1,1,1,0.0050188703,0.92918396,0.86765,0.3152122,0.8548043,0,1,1,0,1,0.8571428571428571,0.1428571428571429,1,0.13371861,0.3152122,0.34312907,-2.4585462,34.07823,34.07823181152344,0.42536968576709794
tensor(18753),"tensor(13340., dtype=torch.float64)",tensor(9),1,0,0,0,0,0.9982679,0.0012814526,0.0004659431,0.012670073,0.003574846,1,0,0,0,0,1.0,0.0,0,0.003944874,0.0126701,0.023649301,-6.1344337,483.1765,483.176513671875,0.25277264325323473
tensor(18811),"tensor(10036., dtype=torch.float64)",tensor(9),0,0,1,0,0,0.027379416,0.7681092,0.85979897,0.3746506,0.44207913,0,1,1,0,0,0.6666666666666666,0.33333333333333337,1,0.24324018,0.44207913,0.4840395,-1.4653069,36.811478,36.81147766113281,0.6984750462107209
tensor(18851),"tensor(15223., dtype=torch.float64)",tensor(9),0,0,1,0,0,0.29320025,0.842537,0.28375775,0.13383874,0.32412794,0,1,0,0,0,0.0,1.0,1,0.23847759,0.3241279,0.532092,-1.2170634,21.592766,21.59276580810547,0.6776802218114603
tensor(18855),"tensor(15223., dtype=torch.float64)",tensor(9),1,0,0,0,0,0.9059912,0.057668082,0.0032306444,0.07139618,0.4301163,1,0,0,0,0,1.0,0.0,0,0.13128394,0.4301163,0.29891098,-2.7275891,162.74072,231.97662353515625,0.49907578558225507
tensor(18871),"tensor(20111., dtype=torch.float64)",tensor(9),0,1,0,1,0,0.075880654,0.10457967,0.021938076,0.9927383,0.41084355,0,0,0,1,0,0.6666666666666666,0.33333333333333337,1,0.124100685,0.41084355,0.285855,-2.7445405,47.989372,47.98937225341797,0.39117375231053597
tensor(18895),"tensor(21740., dtype=torch.float64)",tensor(9),0,1,0,0,0,0.005922037,0.9925062,0.46587405,0.24588233,0.33651668,0,1,1,0,0,0.6666666666666666,0.33333333333333337,1,0.21233779,0.46587408,0.39353937,-2.389111,32.313633,32.31363296508789,0.535351201478743
tensor(18913),"tensor(18566., dtype=torch.float64)",tensor(9),1,0,0,0,0,0.9504162,0.06618028,0.039741766,0.015156266,0.05956325,1,0,0,0,0,1.0,0.0,0,0.046045125,0.06618029,0.18247095,-3.1436622,159.35654,363.29913330078125,0.33109981515711645
tensor(18927),"tensor(15223., dtype=torch.float64)",tensor(9),1,0,0,0,0,0.8078546,0.5628565,0.0013494702,0.11276808,0.05900106,1,0,0,0,0,1.0,0.0,0,0.16048145,0.4371435,0.35225657,-2.6255488,151.85388,367.91180419921875,0.5681608133086876
tensor(18945),"tensor(19995., dtype=torch.float64)",tensor(9),0,0,1,0,0,0.71213686,0.21431662,0.25713173,0.45544282,0.28424,1,0,0,0,0,0.0,1.0,1,0.29979885,0.4554428,0.5951934,-0.8736087,33.361755,533.5016479492188,0.7668669131238447
tensor(18969),"tensor(9626., dtype=torch.float64)",tensor(9),1,0,0,0,0,0.9833166,0.010952735,0.017835412,0.01993123,0.022069251,1,0,0,0,0,1.0,0.0,0,0.01749438,0.022069275,0.08768363,-4.0549664,290.7356,357.52740478515625,0.2846580406654344
tensor(18975),"tensor(20676., dtype=torch.float64)",tensor(9),1,0,0,0,0,0.8197229,0.22765125,0.06659573,0.2928427,0.09029932,1,0,0,0,0,1.0,0.0,0,0.17153323,0.2928427,0.43217722,-1.7135788,59.597717,467.4568176269531,0.648105360443623
tensor(19013),"tensor(18558., dtype=torch.float64)",tensor(9),0,0,1,0,0,0.027475564,0.8005797,0.8522034,0.14857726,0.7140531,0,1,1,0,0,0.6666666666666666,0.33333333333333337,1,0.1618433,0.2859469,0.41260713,-1.8738925,27.700752,33.63558578491211,0.531192236598891
tensor(19025),"tensor(16024., dtype=torch.float64)",tensor(9),1,0,0,0,0,0.94599617,0.11796901,0.017519215,0.029088724,0.03910805,1,0,0,0,0,1.0,0.0,0,0.05153781,0.117969036,0.19157562,-3.1222382,148.13124,369.9031982421875,0.3380314232902033
tensor(19073),"tensor(10036., dtype=torch.float64)",tensor(9),0,0,1,0,0,0.20518288,0.42687094,0.7837491,0.17830397,0.14137709,0,0,1,0,0,1.0,0.0,0,0.23359716,0.42687094,0.5176612,-1.2536538,63.34112,129.78257751464844,0.7705637707948243
tensor(19113),"tensor(8820., dtype=torch.float64)",tensor(9),0,1,0,1,0,0.008680986,0.8825248,0.4732297,0.9559938,0.44517383,0,1,1,1,0,0.8,0.19999999999999996,1,0.21771318,0.4732297,0.39420456,-2.0320506,19.041368,19.04136848449707,0.5346580406654344
tensor(19161),"tensor(10396., dtype=torch.float64)",tensor(9),0,0,0,1,0,0.009424695,0.12900665,0.08381557,0.99552023,0.5012956,0,0,0,1,0,1.0,0.0,0,0.14508617,0.49870437,0.28953332,-2.8730412,39.119442,39.119441986083984,0.3837800369685767
tensor(19165),"tensor(17718., dtype=torch.float64)",tensor(9),1,0,0,0,0,0.99941623,0.000100957084,0.00013652847,0.0067489226,0.003131738,1,0,0,0,0,1.0,0.0,0,0.0021404028,0.0067489147,0.013791266,-7.2599106,640.1501,640.1500854492188,0.2516173752310536
tensor(19169),"tensor(13137., dtype=torch.float64)",tensor(9),1,0,0,0,0,0.9822229,0.0030970047,0.0028400603,0.0038447035,0.2607319,1,0,0,0,0,1.0,0.0,0,0.057658195,0.26073194,0.14575408,-4.4493175,236.10919,236.10919189453125,0.3123844731977819
tensor(19195),"tensor(17840., dtype=torch.float64)",tensor(9),1,0,0,0,0,0.80754346,0.39329404,0.0008605049,0.1124425,0.22672991,1,0,0,0,0,1.0,0.0,0,0.1851567,0.39329404,0.4107569,-2.4435287,155.46161,274.6006164550781,0.6508780036968577
tensor(19201),"tensor(14414., dtype=torch.float64)",tensor(9),0,1,1,0,0,0.027250562,0.825073,0.85033387,0.105471246,0.494059,0,1,1,0,0,1.0,0.0,0,0.19027483,0.49405897,0.4081622,-1.8050003,35.426407,35.42640686035156,0.5889556377079482
tensor(19205),"tensor(12709., dtype=torch.float64)",tensor(9),1,0,0,0,0,0.72370213,0.37734857,0.11739823,0.42915004,0.12784916,1,0,0,0,0,1.0,0.0,0,0.2656088,0.42915004,0.5358468,-1.1372902,41.774757,522.9847412109375,0.7580868761552682
tensor(19283),"tensor(10147., dtype=torch.float64)",tensor(9),1,0,0,0,0,0.8152014,0.073502935,0.22382791,0.27083334,0.15036452,1,0,0,0,0,1.0,0.0,0,0.18066537,0.27083337,0.45606732,-1.5967789,60.201195,473.7217102050781,0.6795286506469501
tensor(19289),"tensor(21104., dtype=torch.float64)",tensor(9),1,0,0,0,0,0.95513177,0.09537676,0.008843965,0.06150342,0.030260239,1,0,0,0,0,1.0,0.0,0,0.048170447,0.09537673,0.18305436,-3.2438636,169.20282,366.89697265625,0.33248613678373384
tensor(19309),"tensor(10780., dtype=torch.float64)",tensor(9),0,1,0,0,0,0.0032140026,0.4970862,0.9822916,0.03195058,0.93520457,0,0,1,0,1,0.0,1.0,1,0.12295091,0.49708617,0.23703828,-3.169029,65.359825,65.35982513427734,0.3590573012939002
tensor(19313),"tensor(12980., dtype=torch.float64)",tensor(9),1,0,0,0,0,0.95316005,0.10302756,0.012708455,0.029280953,0.07487257,1,0,0,0,0,1.0,0.0,0,0.05334586,0.10302758,0.19743839,-3.109003,147.0669,326.2311706542969,0.3440388170055453
tensor(19319),"tensor(21060., dtype=torch.float64)",tensor(9),0,0,0,0,1,0.93283993,0.051675927,0.025460722,0.042726606,0.22121243,1,0,0,0,0,0.0,1.0,1,0.0816471,0.22121245,0.25463882,-2.7107136,123.623,314.34918212890625,0.4091959334565619
tensor(19321),"tensor(9434., dtype=torch.float64)",tensor(9),0,1,0,0,0,0.057325467,0.9593145,0.403335,0.30281466,0.29258183,0,1,1,0,0,0.6666666666666666,0.33333333333333337,1,0.21934855,0.40333498,0.45633578,-1.6137441,22.20342,22.203420639038086,0.612985212569316
tensor(19343),"tensor(20644., dtype=torch.float64)",tensor(9),0,1,0,0,0,0.83503425,0.5313253,0.014054623,0.038441263,0.01771521,1,0,0,0,0,0.0,1.0,1,0.14077032,0.46867472,0.29297185,-2.6465461,147.38364,481.3515625,0.5067005545286506
tensor(19355),"tensor(20536., dtype=torch.float64)",tensor(9),0,0,0,0,1,0.9079712,0.008000727,0.011242085,0.5199475,0.12338601,1,0,0,1,0,0.0,1.0,1,0.14294207,0.48005247,0.29628152,-2.7253335,152.40024,152.40023803710938,0.5073937153419593
tensor(19357),"tensor(17064., dtype=torch.float64)",tensor(9),1,0,0,0,0,0.9493738,0.03346379,0.058622915,0.036953602,0.07442149,1,0,0,0,0,1.0,0.0,0,0.05081761,0.074421465,0.19863349,-2.9703834,152.18338,371.67010498046875,0.35489833641404805
tensor(19361),"tensor(16357., dtype=torch.float64)",tensor(9),1,0,0,0,0,0.9813369,0.0019598242,0.0026960094,0.01634982,0.26606026,1,0,0,0,0,1.0,0.0,0,0.061145782,0.26606023,0.15767607,-4.244069,223.82776,223.8277587890625,0.3188539741219963
tensor(19367),"tensor(11221., dtype=torch.float64)",tensor(9),1,0,0,0,0,0.9704103,0.009688911,0.05100117,0.011795355,0.06029856,1,0,0,0,0,1.0,0.0,0,0.032474697,0.060298562,0.1362437,-3.6430652,227.9495,354.7442626953125,0.30730129390018485
tensor(19399),"tensor(14833., dtype=torch.float64)",tensor(9),0,0,0,0,1,0.8880621,0.019813538,0.36927536,0.042186588,0.10046592,1,0,0,0,0,0.0,1.0,1,0.12873584,0.36927533,0.32147336,-2.3644824,151.9726,461.0977478027344,0.5346580406654344
tensor(19545),"tensor(21457., dtype=torch.float64)",tensor(9),0,1,0,0,0,0.011609119,0.9435207,0.089652315,0.92906976,0.18672222,0,1,0,1,0,0.6666666666666666,0.33333333333333337,1,0.08307856,0.18672222,0.26392913,-2.7243717,34.805923,34.80592346191406,0.3056839186691312
tensor(19553),"tensor(13739., dtype=torch.float64)",tensor(9),1,0,0,0,0,0.9885516,0.0011650126,0.0019755776,0.008564462,0.18588789,1,0,0,0,0,1.0,0.0,0,0.041808307,0.18588787,0.12307318,-4.733131,240.89499,240.89498901367188,0.28535120147874304
tensor(19599),"tensor(11586., dtype=torch.float64)",tensor(9),0,0,1,0,0,0.06342831,0.14488736,0.95870924,0.013055353,0.39114696,0,0,1,0,0,1.0,0.0,0,0.13076174,0.39114696,0.3121859,-2.47609,103.06673,103.06672668457031,0.49722735674676527
tensor(19649),"tensor(16633., dtype=torch.float64)",tensor(9),1,0,0,0,0,0.98511916,0.031365596,0.00089708716,0.04897299,0.031676203,1,0,0,0,0,1.0,0.0,0,0.02555859,0.048972964,0.11200665,-4.20492,284.4416,284.44158935546875,0.2920517560073937
tensor(19663),"tensor(8070., dtype=torch.float64)",tensor(9),0,1,0,0,0,0.13170335,0.9147425,0.3915518,0.18682218,0.28437117,0,1,0,0,0,1.0,0.0,0,0.21594119,0.3915518,0.4858183,-1.4186833,24.124489,24.124488830566406,0.6384011090573013
tensor(19665),"tensor(20455., dtype=torch.float64)",tensor(9),0,0,1,0,0,0.06648022,0.07772463,0.9683717,0.06667834,0.7226333,0,0,1,0,0,1.0,0.0,0,0.10397565,0.2773667,0.29867634,-2.4267452,49.602013,77.58721923828125,0.4121996303142329
tensor(19711),"tensor(9513., dtype=torch.float64)",tensor(9),0,0,0,1,0,0.0042415145,0.5275586,0.23881522,0.994985,0.70672333,0,0,0,1,0,1.0,0.0,0,0.20275795,0.47244138,0.3810718,-2.5795846,26.187313,26.187313079833984,0.4847504621072089
tensor(19719),"tensor(17715., dtype=torch.float64)",tensor(9),0,0,1,0,0,0.010053902,0.47089338,0.9719805,0.030145362,0.7310768,0,0,1,0,0,1.0,0.0,0,0.16160709,0.47089338,0.31858432,-2.5447783,57.024216,69.48302459716797,0.48706099815157117
tensor(19737),"tensor(14414., dtype=torch.float64)",tensor(9),0,1,0,0,1,0.20577884,0.4270553,0.8188986,0.12120276,0.29095095,0,0,1,0,0,0.0,1.0,1,0.24521786,0.4270553,0.5272304,-1.2050396,53.67028,101.88462829589844,0.7698706099815157
tensor(19785),"tensor(17428., dtype=torch.float64)",tensor(9),0,1,0,0,0,0.6470182,0.34814754,0.49732715,0.30466372,0.22179115,1,0,1,0,0,0.0,1.0,1,0.34498227,0.49732715,0.6265256,-0.6648574,45.783436,136.64822387695312,0.8223197781885397
tensor(19795),"tensor(17621., dtype=torch.float64)",tensor(9),1,0,0,0,0,0.989952,0.005531019,0.0050591817,0.016507022,0.02958255,1,0,0,0,0,1.0,0.0,0,0.01334554,0.02958256,0.06793574,-4.5282936,304.71085,304.7108459472656,0.2677911275415897
tensor(19811),"tensor(8036., dtype=torch.float64)",tensor(9),0,1,0,0,0,0.016836885,0.9173131,0.81038296,0.12496299,0.33074895,0,1,1,0,0,0.6666666666666666,0.33333333333333337,1,0.14897048,0.33074892,0.3735631,-2.1154277,36.381218,36.38121795654297,0.49907578558225507
tensor(19855),"tensor(10599., dtype=torch.float64)",tensor(9),1,0,0,0,0,0.92117155,0.010479529,0.0068886033,0.437495,0.13897622,1,0,0,0,0,1.0,0.0,0,0.13453358,0.437495,0.29273227,-2.8104596,148.36469,345.69287109375,0.4879852125693161
tensor(19859),"tensor(15817., dtype=torch.float64)",tensor(9),0,1,0,1,0,0.0025302481,0.9747864,0.7137051,0.46556956,0.91477776,0,1,1,0,1,0.4,0.6,1,0.17296612,0.46556956,0.34325248,-2.6113086,54.69721,54.697208404541016,0.5092421441774492
tensor(19953),"tensor(18220., dtype=torch.float64)",tensor(9),0,0,0,1,0,0.85588574,0.054764677,0.010932346,0.14860071,0.49433595,1,0,0,0,0,0.0,1.0,1,0.17054957,0.49433595,0.359655,-2.1806464,113.360306,273.93682861328125,0.6035120147874307
tensor(20089),"tensor(20671., dtype=torch.float64)",tensor(9),1,0,0,0,0,0.98430276,0.036732372,0.0019350629,0.016639303,0.019385671,1,0,0,0,0,1.0,0.0,0,0.01807797,0.036732376,0.08650326,-4.3307314,290.51477,322.9324951171875,0.27587800369685767
tensor(20105),"tensor(15413., dtype=torch.float64)",tensor(9),0,0,0,1,0,0.7779751,0.38672277,0.0212613,0.31091714,0.12837668,1,0,0,0,0,0.0,1.0,1,0.21386057,0.3867228,0.46054965,-1.6511227,64.57017,426.560302734375,0.7123382624768946
tensor(20111),"tensor(19251., dtype=torch.float64)",tensor(9),1,0,0,0,0,0.85146743,0.029204324,0.009896292,0.40471068,0.31781664,1,0,0,0,0,1.0,0.0,0,0.18203211,0.40471065,0.38154665,-2.201061,99.40342,332.7073974609375,0.6224584103512014
tensor(20131),"tensor(8941., dtype=torch.float64)",tensor(9),1,0,0,0,0,0.80665433,0.106526054,0.09454072,0.097713724,0.47429553,1,0,0,0,0,1.0,0.0,0,0.19328433,0.4742955,0.43100053,-1.6280706,66.681885,369.4091491699219,0.6862292051756007
tensor(20137),"tensor(10061., dtype=torch.float64)",tensor(9),0,1,1,1,1,0.0028162245,0.8278677,0.778666,0.93522894,0.86175716,0,1,1,1,1,1.0,0.0,0,0.11985922,0.22133398,0.32977033,-2.6395867,37.902245,37.902244567871094,0.3985674676524954
tensor(20143),"tensor(21455., dtype=torch.float64)",tensor(9),1,0,0,0,0,0.88244927,0.028612718,0.0051304977,0.7331474,0.033184793,1,0,0,1,0,0.6666666666666666,0.33333333333333337,1,0.09026623,0.26685262,0.24996361,-3.0381362,173.55115,173.5511474609375,0.41035120147874304
tensor(20151),"tensor(12750., dtype=torch.float64)",tensor(9),1,0,0,0,0,0.9571114,0.0007549267,0.0021650903,0.023122435,0.568241,1,0,0,0,0,1.0,0.0,0,0.10013801,0.431759,0.19848087,-4.0889616,240.16084,240.1608428955078,0.3826247689463955
tensor(20199),"tensor(9113., dtype=torch.float64)",tensor(9),1,0,0,0,0,0.90880686,0.06608694,0.0038155578,0.3275265,0.08638097,1,0,0,0,0,1.0,0.0,0,0.115000606,0.3275265,0.30004793,-2.7180903,125.29271,338.12835693359375,0.46950092421441775
tensor(20243),"tensor(16587., dtype=torch.float64)",tensor(9),0,0,0,1,0,0.0032151104,0.102931686,0.038724598,0.99813473,0.8534272,0,0,0,1,1,0.6666666666666666,0.33333333333333337,1,0.05866182,0.14657283,0.18946289,-3.831559,94.11632,94.11631774902344,0.2779574861367837
tensor(20245),"tensor(12917., dtype=torch.float64)",tensor(9),0,0,0,1,0,0.018278208,0.20293821,0.12752295,0.98894775,0.36799484,0,0,0,1,0,1.0,0.0,0,0.14555728,0.36799484,0.33920446,-2.4619002,21.711422,21.711421966552734,0.395101663585952
tensor(20247),"tensor(19945., dtype=torch.float64)",tensor(9),0,1,0,0,0,0.56854075,0.3691169,0.54105663,0.25443122,0.38337144,0,0,1,0,0,0.0,1.0,1,0.37946445,0.45894337,0.65296394,-0.5053767,47.459747,119.44080352783203,0.8354898336414048
tensor(20259),"tensor(18034., dtype=torch.float64)",tensor(9),1,0,0,0,0,0.9340344,0.0042899223,0.049843285,0.07439308,0.29586202,1,0,0,0,0,1.0,0.0,0,0.0980708,0.29586202,0.2681942,-2.8866959,182.93605,338.25946044921875,0.4433918669131238
tensor(20267),"tensor(9897., dtype=torch.float64)",tensor(9),1,0,0,0,0,0.5405306,0.130439,0.0139494315,0.9313313,0.07461339,0,0,0,1,0,0.0,1.0,1,0.14942801,0.45946938,0.33322406,-2.288609,78.48379,78.4837875366211,0.5341959334565619
tensor(20279),"tensor(21605., dtype=torch.float64)",tensor(9),0,0,1,0,0,0.71191883,0.11935763,0.3541486,0.053935137,0.4552775,1,0,0,0,0,0.0,1.0,1,0.25416,0.4552775,0.5030259,-1.3096,54.718445,448.0826721191406,0.76409426987061
tensor(20295),"tensor(17972., dtype=torch.float64)",tensor(9),0,0,1,1,1,0.0011510712,0.4930291,0.8974964,0.97676826,0.91983175,0,0,1,1,1,1.0,0.0,0,0.14001673,0.49302912,0.2844165,-3.0284605,65.62506,65.62506103515625,0.41566543438077636
tensor(20351),"tensor(8402., dtype=torch.float64)",tensor(9),1,0,0,0,0,0.74589545,0.61610377,0.006079571,0.22243723,0.035329774,1,1,0,0,0,0.6666666666666666,0.33333333333333337,1,0.1803695,0.38389623,0.390521,-2.2410371,122.829865,122.82986450195312,0.634011090573013
tensor(20355),"tensor(11738., dtype=torch.float64)",tensor(9),1,0,0,0,0,0.9879341,0.019507006,0.0004893479,0.047152814,0.033119395,1,0,0,0,0,1.0,0.0,0,0.022466838,0.047152817,0.10021887,-4.464896,270.0952,270.09521484375,0.27310536044362294
tensor(20393),"tensor(8850., dtype=torch.float64)",tensor(9),1,0,0,0,0,0.8024841,0.46169788,0.037164647,0.124367386,0.07718599,1,0,0,0,0,1.0,0.0,0,0.17958641,0.46169788,0.398671,-1.8485687,68.86919,453.54656982421875,0.6337800369685768
tensor(20403),"tensor(21545., dtype=torch.float64)",tensor(9),0,0,1,0,0,0.60262,0.030184345,0.7044582,0.069835864,0.55809075,0,0,1,0,0,1.0,0.0,0,0.2469703,0.44190925,0.47079077,-1.5154852,64.14723,90.4102783203125,0.7493068391866913
tensor(20451),"tensor(14069., dtype=torch.float64)",tensor(9),0,1,1,0,0,0.0005632844,0.9959479,0.7748684,0.25545517,0.78451884,0,1,1,0,1,0.8,0.19999999999999996,1,0.1401366,0.25545514,0.3307694,-3.3167107,57.85443,57.85443115234375,0.41451016635859517
tensor(20499),"tensor(8174., dtype=torch.float64)",tensor(9),0,0,1,0,0,0.013201262,0.91539544,0.79258114,0.015434613,0.30767524,0,1,1,0,0,0.6666666666666666,0.33333333333333337,1,0.12566692,0.30767524,0.31351092,-2.600535,68.716644,68.71664428710938,0.4560998151571165
tensor(20551),"tensor(18497., dtype=torch.float64)",tensor(9),0,1,1,0,0,0.03197122,0.5488144,0.9331347,0.06950347,0.4156505,0,0,1,0,0,0.6666666666666666,0.33333333333333337,1,0.20703524,0.45118558,0.40131173,-1.8354343,55.50609,86.03266906738281,0.6446395563770794
tensor(20561),"tensor(20449., dtype=torch.float64)",tensor(9),0,1,0,1,0,0.00090906466,0.94404536,0.82214624,0.952487,0.76742357,0,1,1,1,1,0.6666666666666666,0.33333333333333337,1,0.10296142,0.23257643,0.28491673,-3.1101332,47.066444,47.066444396972656,0.34265249537892795
tensor(20585),"tensor(13287., dtype=torch.float64)",tensor(9),0,1,0,1,0,0.002765174,0.86030406,0.8720985,0.8851571,0.85204273,0,1,1,1,1,0.6666666666666666,0.33333333333333337,1,0.10663253,0.14795727,0.31630212,-2.6836512,41.805206,41.805206298828125,0.3856284658040665
tensor(20587),"tensor(10766., dtype=torch.float64)",tensor(9),0,0,0,1,0,0.018618172,0.39787406,0.9477317,0.7986447,0.49307302,0,0,1,1,0,0.6666666666666666,0.33333333333333337,1,0.23263776,0.493073,0.43304387,-1.7364781,52.975853,52.975852966308594,0.6883086876155268
tensor(20645),"tensor(11255., dtype=torch.float64)",tensor(9),0,0,1,0,0,0.043586317,0.10882665,0.9683339,0.01939931,0.69941384,0,0,1,0,0,1.0,0.0,0,0.10081291,0.30058616,0.27415457,-2.6757994,69.17369,75.89108276367188,0.4006469500924214
tensor(20661),"tensor(13641., dtype=torch.float64)",tensor(9),0,1,1,0,0,0.010688538,0.562881,0.95813525,0.15936142,0.77473986,0,0,1,0,1,0.5,0.5,1,0.17485875,0.437119,0.37805614,-2.1619005,26.123856,26.123855590820312,0.4905268022181146
tensor(20737),"tensor(19353., dtype=torch.float64)",tensor(9),0,0,1,0,0,0.7575962,0.07347406,0.53527147,0.05168356,0.16710062,1,0,1,0,0,0.6666666666666666,0.33333333333333337,1,0.1998781,0.46472853,0.43234548,-1.6662483,93.61067,116.98311614990234,0.712800369685767
tensor(20787),"tensor(18283., dtype=torch.float64)",tensor(9),0,1,0,0,0,0.07387107,0.9581592,0.3103494,0.19525672,0.49657795,0,1,0,0,0,1.0,0.0,0,0.22357923,0.49657798,0.4487099,-1.5776433,16.937386,16.93738555908203,0.6060536044362292
tensor(20791),"tensor(17359., dtype=torch.float64)",tensor(9),0,0,1,0,0,0.76386875,0.5939681,0.0034160935,0.06770743,0.14701885,1,1,0,0,0,0.0,1.0,1,0.17206115,0.4060319,0.3819886,-2.322173,105.79107,105.79106903076172,0.6060536044362292
tensor(20809),"tensor(18589., dtype=torch.float64)",tensor(9),0,0,0,0,1,0.47074342,0.06275549,0.0814451,0.051976774,0.94078887,0,0,0,0,1,1.0,0.0,0,0.14522636,0.47074342,0.3274577,-2.1825843,91.050995,112.85848999023438,0.5429759704251387
tensor(20833),"tensor(21219., dtype=torch.float64)",tensor(9),0,0,0,0,1,0.7799665,0.0029712399,0.0016879917,0.05469764,0.9177064,1,0,0,0,1,0.6666666666666666,0.33333333333333337,1,0.07233679,0.22003353,0.2112253,-3.7450135,171.88396,171.8839569091797,0.341728280961183
tensor(20835),"tensor(14966., dtype=torch.float64)",tensor(9),0,1,1,0,1,0.017294671,0.73709923,0.9116763,0.21177809,0.70490474,0,1,1,0,0,0.8,0.19999999999999996,1,0.17507857,0.29509526,0.4169961,-1.9180276,25.57762,39.900543212890625,0.5365064695009242
tensor(20837),"tensor(11968., dtype=torch.float64)",tensor(9),0,1,0,1,0,0.0015309441,0.9713874,0.094500124,0.98954064,0.39966124,0,1,0,1,0,1.0,0.0,0,0.106952846,0.39966124,0.23702852,-3.4443455,47.121677,47.12167739868164,0.29852125693160814
tensor(20843),"tensor(13165., dtype=torch.float64)",tensor(9),0,1,0,0,0,0.87036467,0.43121615,0.00087095477,0.12303256,0.0419724,1,0,0,0,0,0.0,1.0,1,0.14534551,0.43121612,0.3246883,-2.8636024,187.07263,366.3218078613281,0.5321164510166358
tensor(20859),"tensor(19334., dtype=torch.float64)",tensor(9),0,1,0,0,0,0.9259502,0.066189826,0.016785985,0.12783875,0.18028246,1,0,0,0,0,0.0,1.0,1,0.09302938,0.18028247,0.2893983,-2.5355504,105.472244,322.8738708496094,0.44408502772643255
tensor(21023),"tensor(11080., dtype=torch.float64)",tensor(9),0,1,0,0,0,0.13176927,0.746342,0.6309747,0.30522117,0.17538959,0,1,1,0,0,0.6666666666666666,0.33333333333333337,1,0.24701267,0.3690253,0.5388086,-1.1742922,39.633827,39.633827209472656,0.7419131238447321
tensor(21061),"tensor(19627., dtype=torch.float64)",tensor(9),1,0,0,0,0,0.9292655,0.13826708,0.018881718,0.070501685,0.036656708,1,0,0,0,0,1.0,0.0,0,0.067008376,0.1382671,0.23261972,-2.8407078,131.09148,394.9584045410156,0.3821626617375231
tensor(21103),"tensor(12376., dtype=torch.float64)",tensor(9),1,0,0,0,0,0.9752273,0.048116904,0.005316367,0.017882021,0.03593252,1,0,0,0,0,1.0,0.0,0,0.026404202,0.048116922,0.11732443,-3.836961,219.65076,318.54046630859375,0.2825785582255083
tensor(21117),"tensor(9918., dtype=torch.float64)",tensor(9),0,0,1,0,0,0.027559642,0.61102355,0.9257775,0.032768264,0.50773853,0,1,1,0,0,0.6666666666666666,0.33333333333333337,1,0.20315766,0.49226147,0.37922665,-1.9909147,58.603786,68.14915466308594,0.6192236598890942
tensor(21161),"tensor(19024., dtype=torch.float64)",tensor(9),1,0,0,0,0,0.9544011,0.06514276,0.002293243,0.061961737,0.13284202,1,0,0,0,0,1.0,0.0,0,0.061567664,0.132842,0.21331,-3.2747676,181.51329,265.14410400390625,0.36252310536044363
tensor(21165),"tensor(8897., dtype=torch.float64)",tensor(9),0,1,1,0,1,0.0011210964,0.9828844,0.8766687,0.051281985,0.84999645,0,1,1,0,1,1.0,0.0,0,0.06857073,0.15000355,0.21876507,-3.491286,68.882454,68.88245391845703,0.2911275415896488
tensor(21267),"tensor(15383., dtype=torch.float64)",tensor(9),1,0,0,0,0,0.5117705,0.057738744,0.7369229,0.0337844,0.34340844,0,0,1,0,0,0.0,1.0,1,0.23724765,0.4882295,0.4561503,-1.5742022,72.712845,87.80136108398438,0.7435304990757856
tensor(21341),"tensor(17428., dtype=torch.float64)",tensor(9),1,0,0,0,0,0.8908466,0.07127654,0.121163495,0.26735613,0.09084844,1,0,0,0,0,1.0,0.0,0,0.13195956,0.26735616,0.37120295,-1.9919035,82.5253,444.40753173828125,0.5646950092421441
tensor(21349),"tensor(16124., dtype=torch.float64)",tensor(9),0,0,1,0,0,0.565694,0.103635326,0.63028556,0.23902161,0.482154,0,0,1,0,0,1.0,0.0,0,0.32576627,0.482154,0.58375037,-0.8369361,39.511475,96.30619812011719,0.7890480591497228
tensor(21489),"tensor(16419., dtype=torch.float64)",tensor(9),0,1,1,0,0,0.00084491324,0.8717078,0.9690795,0.23330033,0.9515624,0,1,1,0,1,0.8,0.19999999999999996,1,0.08835906,0.23330033,0.2530001,-3.3208199,50.958878,50.95887756347656,0.3031423290203327
tensor(21597),"tensor(11363., dtype=torch.float64)",tensor(9),1,0,0,0,0,0.9347509,0.07608735,0.0068156444,0.04917531,0.21801855,1,0,0,0,0,1.0,0.0,0,0.083069205,0.21801853,0.25430828,-2.8759377,139.96715,280.5136413574219,0.4034195933456562
tensor(21633),"tensor(8530., dtype=torch.float64)",tensor(9),0,0,1,1,0,0.38358796,0.7687924,0.31821638,0.24101198,0.37664527,0,1,0,0,0,0.0,1.0,1,0.31013387,0.38358796,0.60933673,-0.81775665,29.856808,29.856807708740234,0.7634011090573013
tensor(21657),"tensor(7941., dtype=torch.float64)",tensor(9),0,1,0,1,0,0.103526056,0.15994287,0.10963671,0.97612417,0.29251277,0,0,0,1,0,0.6666666666666666,0.33333333333333337,1,0.13789892,0.29251277,0.36704817,-2.1011386,21.331707,21.331707000732422,0.43461182994454717
tensor(21699),"tensor(9612., dtype=torch.float64)",tensor(9),0,1,0,1,0,0.014029241,0.68029755,0.10862546,0.98527575,0.33856207,0,1,0,1,0,1.0,0.0,0,0.15912867,0.33856207,0.35217354,-2.3971229,14.207613,14.207612991333008,0.4117375231053605
tensor(21765),"tensor(15902., dtype=torch.float64)",tensor(9),0,1,0,0,0,0.0014700363,0.9638603,0.870795,0.4613398,0.91140264,0,1,1,0,1,0.5,0.5,1,0.14335042,0.46133983,0.3081682,-2.8396783,49.00016,49.000160217285156,0.4239833641404806
tensor(21777),"tensor(8572., dtype=torch.float64)",tensor(9),1,0,0,0,0,0.9817639,0.018112991,0.004653504,0.0076123904,0.050962448,1,0,0,0,0,1.0,0.0,0,0.019915462,0.050962448,0.091476485,-4.2277923,259.81955,279.31976318359375,0.275184842883549
tensor(21817),"tensor(18354., dtype=torch.float64)",tensor(9),0,0,0,0,0,0.011122343,0.26716197,0.98122877,0.034215644,0.77989185,0,0,1,0,1,0.0,1.0,1,0.110275865,0.26716197,0.28217584,-2.811691,57.293026,57.293025970458984,0.3893253234750462
tensor(21831),"tensor(11905., dtype=torch.float64)",tensor(9),1,0,0,0,0,0.99755543,0.0012058251,0.0006765946,0.018364461,0.0065600188,1,0,0,0,0,1.0,0.0,0,0.005850315,0.01836449,0.032636825,-5.805513,424.54358,424.5435791015625,0.2539279112754159
tensor(21837),"tensor(11744., dtype=torch.float64)",tensor(9),1,0,0,0,0,0.976552,0.0073341043,0.009663154,0.004844557,0.13937554,1,0,0,0,0,1.0,0.0,0,0.036933124,0.13937557,0.12869127,-4.082471,233.12488,276.3720703125,0.29621072088724587
