ecg_id,patient_id,strat_fold,true_NORM,true_MI,true_STTC,true_CD,true_HYP,prob_NORM,prob_MI,prob_STTC,prob_CD,prob_HYP,pred_NORM,pred_MI,pred_STTC,pred_CD,pred_HYP,sample_f1,sample_error,exact_match_error,MSP_risk,MSP_risk_max,Entropy_risk,Energy_risk,Prototype_risk,Prototype_D_pred,Risk_rank_fusion
tensor(17),"tensor(13619., dtype=torch.float64)",tensor(9),0,0,0,0,0,0.018625336,0.5755174,0.4937897,0.041959584,0.0014541424,0,1,0,0,0,0.0,1.0,1,0.19606227,0.49378967,0.3304967,-2.790748,133.68036,133.68035888671875,0.6545748613678373
tensor(23),"tensor(13619., dtype=torch.float64)",tensor(9),0,0,0,0,0,0.047734387,0.32307497,0.84210736,0.051440902,0.021879474,0,0,1,0,0,0.0,1.0,1,0.12040454,0.32307494,0.31302327,-2.4242911,90.41619,163.88790893554688,0.563539741219963
tensor(39),"tensor(13619., dtype=torch.float64)",tensor(9),0,1,1,0,0,0.0062976438,0.97193426,0.71463203,0.10236864,0.21787812,0,1,1,0,0,1.0,0.0,0,0.12799561,0.28536797,0.3237124,-2.5946486,28.631416,28.63141632080078,0.4595656192236599
tensor(41),"tensor(8420., dtype=torch.float64)",tensor(9),0,0,0,1,0,0.060715985,0.051335223,0.019056544,0.99837804,0.08196505,0,0,0,1,0,1.0,0.0,0,0.042939007,0.08196503,0.16425768,-3.6870327,60.917603,60.9176025390625,0.2740295748613678
tensor(47),"tensor(8295., dtype=torch.float64)",tensor(9),1,0,0,0,0,0.9834335,0.030943802,0.013884387,0.008036,0.005143353,1,0,0,0,0,1.0,0.0,0,0.014914811,0.030943811,0.07490794,-4.374295,265.3376,3121.24462890625,0.2888170055452865
tensor(49),"tensor(13958., dtype=torch.float64)",tensor(9),0,0,0,1,0,0.98675144,0.016029034,0.013191308,0.03763822,0.000799927,1,0,0,0,0,0.0,1.0,1,0.01618135,0.037638247,0.077933125,-4.62284,340.1664,3235.87646484375,0.2966728280961183
tensor(51),"tensor(16750., dtype=torch.float64)",tensor(9),1,0,0,0,0,0.94982475,0.025852785,0.0018471914,0.028483031,0.2579722,1,0,0,0,0,1.0,0.0,0,0.07286614,0.25797224,0.20657463,-3.4896455,169.33801,2699.80615234375,0.40434380776340106
tensor(69),"tensor(8339., dtype=torch.float64)",tensor(9),1,0,0,0,0,0.36138427,0.09765559,0.82214206,0.14294122,0.5681012,0,0,1,0,0,0.0,1.0,1,0.2423476,0.43189877,0.5072702,-1.2778041,41.734554,120.42779541015625,0.7788817005545287
tensor(91),"tensor(8305., dtype=torch.float64)",tensor(9),1,0,0,0,0,0.9924096,0.010621689,0.015768716,0.0007381999,0.0020455448,1,0,0,0,0,1.0,0.0,0,0.007352948,0.015768707,0.0410598,-5.388372,423.938,3191.84619140625,0.2677911275415897
tensor(127),"tensor(11926., dtype=torch.float64)",tensor(9),0,0,1,0,0,0.5860649,0.16179158,0.65793115,0.011259994,0.095452555,1,0,0,0,0,0.0,1.0,1,0.20490164,0.41393512,0.4279949,-1.8741497,91.71741,3672.592529296875,0.768253234750462
tensor(151),"tensor(12152., dtype=torch.float64)",tensor(9),1,0,0,0,0,0.9854525,0.022897018,0.014095041,0.0018027149,0.014761539,1,0,0,0,0,1.0,0.0,0,0.013620734,0.022897005,0.069846556,-4.546904,277.95514,3090.378173828125,0.2816543438077634
tensor(153),"tensor(20254., dtype=torch.float64)",tensor(9),0,1,0,0,0,0.8599672,0.482573,0.01738341,0.028609151,0.0709951,1,0,0,0,0,0.0,1.0,1,0.1479187,0.48257303,0.31426302,-2.4031925,84.70517,3191.939453125,0.5961182994454713
tensor(155),"tensor(12640., dtype=torch.float64)",tensor(9),0,1,0,0,0,0.49787852,0.7792127,0.023796964,0.11003295,0.003971008,1,1,0,0,0,0.6666666666666666,0.33333333333333337,1,0.17129338,0.49787855,0.34120244,-2.519769,107.90303,107.90303039550781,0.6434842883548983
tensor(165),"tensor(9277., dtype=torch.float64)",tensor(9),1,0,0,0,0,0.9940602,0.0011480779,0.012160727,0.004821604,0.005818721,1,0,0,0,0,1.0,0.0,0,0.0059778094,0.012160718,0.0354559,-5.351323,405.71436,3095.18896484375,0.26085951940850277
tensor(171),"tensor(15591., dtype=torch.float64)",tensor(9),0,0,1,0,0,0.0019417206,0.0029199226,0.99531424,0.021420263,0.9909416,0,0,1,0,1,0.6666666666666666,0.33333333333333337,1,0.008005142,0.02142024,0.043794304,-5.190157,147.04156,147.04156494140625,0.20633086876155268
tensor(173),"tensor(10676., dtype=torch.float64)",tensor(9),0,0,1,0,1,0.030092927,0.44048834,0.927381,0.09331173,0.8213905,0,0,1,0,1,1.0,0.0,0,0.1630243,0.44048834,0.37217715,-2.0117755,21.139275,21.13927459716797,0.5577634011090573
tensor(189),"tensor(13112., dtype=torch.float64)",tensor(9),0,1,0,0,0,0.043566663,0.9771135,0.07500253,0.3763477,0.03342876,0,1,0,0,0,1.0,0.0,0,0.11024636,0.37634766,0.27265844,-2.6449323,36.840042,36.84004211425781,0.422365988909427
tensor(193),"tensor(17536., dtype=torch.float64)",tensor(9),1,0,0,0,0,0.9301419,0.013895843,0.006319603,0.036598794,0.40148732,1,0,0,0,0,1.0,0.0,0,0.10563195,0.40148735,0.23907685,-3.115706,159.98091,2841.43310546875,0.4817467652495379
tensor(195),"tensor(14472., dtype=torch.float64)",tensor(9),0,0,0,1,0,0.18920708,0.1640215,0.01816558,0.99076134,0.039707478,0,0,0,1,0,1.0,0.0,0,0.08406812,0.18920708,0.24832952,-2.9868898,55.456795,55.45679473876953,0.3914048059149723
tensor(205),"tensor(21222., dtype=torch.float64)",tensor(9),1,0,0,0,0,0.6663539,0.038627982,0.64415604,0.00040517288,0.033135947,1,0,0,0,0,1.0,0.0,0,0.15233183,0.35584396,0.3200657,-3.1367607,220.63544,3586.598876953125,0.6092883548983364
tensor(217),"tensor(21519., dtype=torch.float64)",tensor(9),0,0,1,0,0,0.015405968,0.9748137,0.53062916,0.2746148,0.39889526,0,1,0,0,0,0.0,1.0,1,0.23669463,0.46937084,0.42975807,-1.8634987,18.761873,18.761873245239258,0.6578096118299445
tensor(219),"tensor(21519., dtype=torch.float64)",tensor(9),1,0,0,0,0,0.5117253,0.7946435,0.11774844,0.05775865,0.101713195,1,1,0,0,0,0.6666666666666666,0.33333333333333337,1,0.1941703,0.4882747,0.4225224,-1.6768608,40.72643,40.7264289855957,0.6998613678373382
tensor(223),"tensor(16039., dtype=torch.float64)",tensor(9),0,1,1,0,1,0.00012377532,0.22459283,0.9957605,0.44458455,0.9862896,0,0,1,0,1,0.8,0.19999999999999996,1,0.13745022,0.44458455,0.26414204,-4.038691,59.561523,59.5615234375,0.4029574861367837
tensor(233),"tensor(20772., dtype=torch.float64)",tensor(9),1,0,0,0,0,0.93323076,0.037977647,0.005053945,0.14720282,0.16311511,1,0,0,0,0,1.0,0.0,0,0.08402377,0.16311514,0.2602107,-2.908782,117.56987,2924.6748046875,0.4669593345656192
tensor(281),"tensor(641., dtype=torch.float64)",tensor(9),0,1,0,1,0,0.004614773,0.9626313,0.24721855,0.96004176,0.052092057,0,1,0,1,0,1.0,0.0,0,0.076250434,0.24721855,0.2241228,-3.1633189,45.397404,45.397403717041016,0.3329482439926063
tensor(287),"tensor(6437., dtype=torch.float64)",tensor(9),0,1,0,1,0,0.010954318,0.27501103,0.03282588,0.9962394,0.80375797,0,0,0,1,1,0.5,0.5,1,0.10375881,0.27501106,0.2625703,-3.1689737,39.539536,39.53953552246094,0.37361367837338266
tensor(293),"tensor(1689., dtype=torch.float64)",tensor(9),1,0,0,0,0,0.9185918,0.09665537,0.005316768,0.025963679,0.29984924,1,0,0,0,0,1.0,0.0,0,0.10183871,0.29984927,0.2728335,-2.8725286,133.43683,2891.3994140625,0.5064695009242144
tensor(295),"tensor(603., dtype=torch.float64)",tensor(9),0,0,1,0,0,0.20817742,0.37136933,0.82718587,0.05821405,0.1452622,0,0,1,0,0,1.0,0.0,0,0.19116747,0.37136936,0.4535919,-1.5968025,60.849888,128.86764526367188,0.7490757855822551
tensor(303),"tensor(3327., dtype=torch.float64)",tensor(9),1,0,0,0,0,0.9953518,0.0023454265,0.0067189713,0.005663992,0.0022070988,1,0,0,0,0,1.0,0.0,0,0.004316807,0.006718993,0.027422795,-5.5394907,451.50967,3075.02783203125,0.2571626617375231
tensor(343),"tensor(4004., dtype=torch.float64)",tensor(9),1,0,0,0,0,0.9837812,0.010103641,0.005965558,0.20669143,0.00024505454,1,0,0,0,0,1.0,0.0,0,0.047844887,0.20669144,0.13754699,-4.692896,396.83746,3252.677734375,0.3555914972273567
tensor(365),"tensor(9158., dtype=torch.float64)",tensor(9),1,0,0,0,0,0.9743645,0.0046422533,0.0049050194,0.393367,0.0033556724,1,0,0,0,0,1.0,0.0,0,0.08638108,0.393367,0.17449449,-4.0890427,255.17468,3080.051025390625,0.405268022181146
tensor(383),"tensor(15446., dtype=torch.float64)",tensor(9),0,1,1,0,1,0.0012275138,0.74771655,0.9731319,0.07704657,0.9126667,0,1,1,0,1,1.0,0.0,0,0.08895177,0.25228345,0.25315714,-3.2414787,31.624172,31.62417221069336,0.3211645101663586
tensor(387),"tensor(14950., dtype=torch.float64)",tensor(9),1,0,0,0,0,0.9901732,0.0020213232,0.004161945,0.026880251,0.01913472,1,0,0,0,0,1.0,0.0,0,0.012405038,0.026880264,0.063021675,-4.763678,294.43323,2913.94580078125,0.27472273567467653
tensor(419),"tensor(1909., dtype=torch.float64)",tensor(9),1,0,0,0,0,0.93877256,0.08396958,0.019706333,0.17955197,0.02639213,1,0,0,0,0,1.0,0.0,0,0.07416946,0.17955196,0.24165317,-2.8307624,115.653854,3188.786865234375,0.4503234750462107
tensor(425),"tensor(2440., dtype=torch.float64)",tensor(9),0,1,1,0,1,0.010717039,0.8508699,0.7944964,0.5971085,0.7509817,0,1,1,0,0,0.8,0.19999999999999996,1,0.20345211,0.40289152,0.4447654,-1.8232235,30.878483,30.878482818603516,0.6772181146025879
tensor(437),"tensor(2990., dtype=torch.float64)",tensor(9),1,0,0,0,0,0.98109835,0.0028059685,0.019344203,0.016595319,0.07198669,1,0,0,0,0,1.0,0.0,0,0.025926769,0.071986675,0.11034433,-4.0773826,242.95337,3093.83935546875,0.324630314232902
tensor(441),"tensor(6036., dtype=torch.float64)",tensor(9),1,0,0,0,0,0.9603092,0.0023509595,0.117534496,0.01424978,0.10890101,1,0,0,0,0,1.0,0.0,0,0.056545436,0.11753452,0.19289151,-3.5182762,215.8917,3343.62451171875,0.40087800369685767
tensor(445),"tensor(3996., dtype=torch.float64)",tensor(9),1,0,0,0,0,0.570823,0.09093511,0.325858,0.24932362,0.68352,1,0,0,0,0,1.0,0.0,0,0.2823547,0.429177,0.56095254,-1.0373356,44.321014,3478.565185546875,0.8119223659889094
tensor(483),"tensor(19895., dtype=torch.float64)",tensor(9),0,1,0,1,0,0.0014781471,0.7117681,0.7808703,0.99424076,0.33648965,0,1,1,1,0,0.8,0.19999999999999996,1,0.1702177,0.33648968,0.36231953,-2.9040735,25.019218,25.01921844482422,0.49537892791127547
tensor(491),"tensor(3731., dtype=torch.float64)",tensor(9),1,0,0,0,0,0.9887706,0.0176679,0.00570135,0.0019331449,0.011889215,1,0,0,0,0,1.0,0.0,0,0.009684205,0.01766789,0.052812733,-4.8648553,304.2687,2964.864013671875,0.2696395563770795
tensor(515),"tensor(12266., dtype=torch.float64)",tensor(9),0,1,0,0,0,0.16427545,0.7177791,0.71327734,0.050179273,0.2336908,0,1,1,0,0,0.6666666666666666,0.33333333333333337,1,0.20341784,0.28672266,0.4767324,-1.5199678,41.532196,41.532196044921875,0.73590573012939
tensor(529),"tensor(13474., dtype=torch.float64)",tensor(9),0,0,1,0,0,0.03415236,0.9433112,0.57611746,0.09301634,0.4454875,0,1,0,0,0,0.0,1.0,1,0.21064556,0.4454875,0.4089636,-1.7914238,21.475689,21.475688934326172,0.6420979667282809
tensor(537),"tensor(21127., dtype=torch.float64)",tensor(9),0,1,1,0,1,0.00032857864,0.8157778,0.9749589,0.2906881,0.95101535,0,1,1,0,1,1.0,0.0,0,0.10985291,0.2906881,0.2792077,-3.4056702,32.201214,32.20121383666992,0.34912199630314233
tensor(545),"tensor(15734., dtype=torch.float64)",tensor(9),0,1,1,1,1,6.597264e-05,0.5882054,0.9782114,0.97290456,0.95689136,0,1,1,1,1,1.0,0.0,0,0.10077059,0.4117946,0.2170647,-4.0935974,49.72972,49.72972106933594,0.31353974121996303
tensor(553),"tensor(10977., dtype=torch.float64)",tensor(9),1,0,0,0,0,0.99000657,0.0034305737,0.014939153,0.024435367,0.005426141,1,0,0,0,0,1.0,0.0,0,0.011644959,0.024435341,0.061008204,-4.6708326,297.68777,3150.2265625,0.2784195933456562
tensor(563),"tensor(12015., dtype=torch.float64)",tensor(9),0,1,0,1,0,0.0003952258,0.9867818,0.75068206,0.84174573,0.7267987,0,1,1,1,0,0.8,0.19999999999999996,1,0.13887739,0.2732013,0.3317144,-3.1800961,32.665016,32.665016174316406,0.4387707948243993
tensor(587),"tensor(11694., dtype=torch.float64)",tensor(9),1,0,0,0,0,0.9902748,0.0012098887,0.015343634,0.033760183,0.010955505,1,0,0,0,0,1.0,0.0,0,0.014198899,0.03376019,0.070262894,-4.67158,291.81296,3142.38134765625,0.2825785582255083
tensor(601),"tensor(4261., dtype=torch.float64)",tensor(9),0,1,0,0,0,0.14746971,0.7431187,0.6581431,0.08967232,0.14300278,0,1,0,0,0,1.0,0.0,0,0.19577658,0.3418569,0.468496,-1.5160142,39.36393,39.363929748535156,0.7252772643253235
tensor(615),"tensor(7655., dtype=torch.float64)",tensor(9),1,0,0,0,0,0.8410999,0.10764276,0.31867367,0.044142514,0.16927187,1,0,0,0,0,1.0,0.0,0,0.15972614,0.31867367,0.40817767,-1.8414679,81.97325,3570.1630859375,0.7072550831792975
tensor(627),"tensor(2819., dtype=torch.float64)",tensor(9),0,1,1,0,0,0.0046837074,0.9989247,0.021593597,0.05265204,0.054629795,0,1,0,0,0,0.6666666666666666,0.33333333333333337,1,0.026926875,0.054629803,0.1121153,-4.3495164,79.96492,79.96492004394531,0.23012939001848431
tensor(633),"tensor(709., dtype=torch.float64)",tensor(9),0,0,0,1,0,0.82778585,0.0057407916,0.0068137757,0.9046002,0.010969567,1,0,0,1,0,0.6666666666666666,0.33333333333333337,1,0.05822766,0.17221415,0.18215548,-3.691481,158.51794,158.5179443359375,0.36991682070240295
tensor(673),"tensor(2745., dtype=torch.float64)",tensor(9),1,0,0,0,0,0.9954385,0.0017785302,0.01454606,0.0013615899,0.0023536808,1,0,0,0,0,1.0,0.0,0,0.0049201846,0.014546037,0.02901863,-5.7157335,479.02185,3181.36474609375,0.2592421441774492
tensor(705),"tensor(4874., dtype=torch.float64)",tensor(9),0,1,0,1,0,0.0028833037,0.21233529,0.875559,0.98174745,0.02506702,0,0,1,1,0,0.5,0.5,1,0.0765959,0.21233529,0.22415379,-3.3507435,82.40964,82.40963745117188,0.3715341959334566
tensor(717),"tensor(3795., dtype=torch.float64)",tensor(9),0,1,1,0,0,0.06502659,0.48570123,0.8207829,0.6800739,0.21114102,0,0,1,1,0,0.5,0.5,1,0.2522024,0.4857012,0.50916016,-1.2633533,34.091064,34.091064453125,0.7643253234750462
tensor(771),"tensor(3063., dtype=torch.float64)",tensor(9),1,0,0,0,0,0.33018646,0.49203822,0.6846417,0.04637145,0.03264064,0,0,0,0,0,0.0,1.0,1,0.24331903,0.49203825,0.45642924,-1.585396,70.23277,70.23277282714844,0.7971349353049908
tensor(787),"tensor(18804., dtype=torch.float64)",tensor(9),1,0,0,0,0,0.9606677,0.17771924,0.010429627,0.0127565805,0.011364945,1,0,0,0,0,1.0,0.0,0,0.050320506,0.17771924,0.1644398,-3.6189485,168.29095,3128.119140625,0.36252310536044363
tensor(823),"tensor(1791., dtype=torch.float64)",tensor(9),0,0,1,1,0,0.0119755445,0.37899238,0.84742576,0.96168387,0.7136002,0,0,1,1,0,1.0,0.0,0,0.17365158,0.37899238,0.3834126,-2.1513937,23.700665,23.700664520263672,0.5704713493530499
tensor(839),"tensor(1551., dtype=torch.float64)",tensor(9),1,0,0,0,0,0.8945836,0.013632166,0.35288677,0.044279303,0.060601156,1,0,0,0,0,1.0,0.0,0,0.11536312,0.3528868,0.2936128,-2.5678573,127.24485,3543.54638671875,0.5549907578558226
tensor(843),"tensor(1756., dtype=torch.float64)",tensor(9),1,0,0,0,0,0.95056236,0.005133473,0.25283274,0.0013917946,0.005281527,1,0,0,0,0,1.0,0.0,0,0.06281549,0.25283277,0.16759439,-4.2241488,310.011,3460.149658203125,0.38793900184842883
tensor(849),"tensor(7475., dtype=torch.float64)",tensor(9),0,0,1,0,0,0.3464694,0.05721839,0.8549793,0.0351983,0.37376082,0,0,1,0,0,1.0,0.0,0,0.19153345,0.37376082,0.41835004,-1.807559,63.276817,125.00534057617188,0.7275878003696858
tensor(881),"tensor(2682., dtype=torch.float64)",tensor(9),1,0,0,0,0,0.7350299,0.021599595,0.55074215,0.013171956,0.40980765,1,0,0,0,0,1.0,0.0,0,0.2317614,0.44925785,0.4234569,-1.9436748,96.45513,3568.58984375,0.7816543438077634
tensor(885),"tensor(2841., dtype=torch.float64)",tensor(9),0,0,1,0,1,0.22745106,0.108445756,0.7167948,0.30547237,0.84650165,0,0,1,0,1,1.0,0.0,0,0.21561456,0.30547237,0.50390923,-1.3573778,23.73907,23.739070892333984,0.708641404805915
tensor(889),"tensor(11105., dtype=torch.float64)",tensor(9),1,0,0,0,0,0.1758988,0.9609477,0.03705943,0.07975722,0.16771087,0,1,0,0,0,0.0,1.0,1,0.099895656,0.17589879,0.30378705,-2.410492,31.102274,31.10227394104004,0.4359981515711645
tensor(901),"tensor(5843., dtype=torch.float64)",tensor(9),1,0,0,0,0,0.96758926,0.23624992,0.0046949773,0.009810794,0.005760689,1,0,0,0,0,1.0,0.0,0,0.05778539,0.23624992,0.16203576,-3.9383118,217.55304,3046.64794921875,0.36668207024029575
tensor(913),"tensor(6560., dtype=torch.float64)",tensor(9),1,0,0,0,0,0.9632971,0.25175744,0.0039520836,0.015330421,0.005545697,1,0,0,0,0,1.0,0.0,0,0.062657654,0.25175744,0.17219827,-3.8475914,206.05304,3023.548828125,0.37707948243992606
tensor(925),"tensor(5897., dtype=torch.float64)",tensor(9),1,0,0,0,0,0.93722534,0.010080832,0.020631023,0.38868806,0.041134965,1,0,0,0,0,1.0,0.0,0,0.10466194,0.3886881,0.24621692,-2.9504387,116.86514,3192.39111328125,0.47550831792975967
tensor(927),"tensor(2826., dtype=torch.float64)",tensor(9),1,0,0,0,0,0.91137725,0.01968279,0.06524534,0.10068973,0.22815149,1,0,0,0,0,1.0,0.0,0,0.10047835,0.2281515,0.30018666,-2.4618385,99.39162,3293.8251953125,0.5348890942698706
tensor(985),"tensor(7407., dtype=torch.float64)",tensor(9),1,0,0,0,0,0.9420873,0.008896462,0.02443566,0.04380997,0.27045858,1,0,0,0,0,1.0,0.0,0,0.08110267,0.27045858,0.23009363,-3.0529385,153.67569,3091.305419921875,0.45286506469500926
tensor(987),"tensor(7818., dtype=torch.float64)",tensor(9),0,0,1,0,0,0.011977186,0.12318205,0.98209184,0.12658398,0.74434525,0,0,1,0,0,1.0,0.0,0,0.10706121,0.25565475,0.29524094,-2.6759899,36.64129,113.25516510009766,0.42952865064695006
tensor(999),"tensor(1497., dtype=torch.float64)",tensor(9),1,0,0,0,0,0.96803,0.002841246,0.0013758459,0.14635108,0.16738443,1,0,0,0,0,1.0,0.0,0,0.069984555,0.16738445,0.20790067,-3.8452466,218.87567,2707.050048828125,0.4029574861367837
tensor(1007),"tensor(10526., dtype=torch.float64)",tensor(9),1,0,0,0,0,0.9767839,0.0065502836,0.053371485,0.07327922,0.00042957647,1,0,0,0,0,1.0,0.0,0,0.03136933,0.0732792,0.12477896,-4.385276,352.18103,3441.51611328125,0.34450092421441775
tensor(1015),"tensor(5995., dtype=torch.float64)",tensor(9),0,0,1,0,1,0.013189161,0.20637904,0.98079634,0.027909286,0.5381737,0,0,1,0,0,0.6666666666666666,0.33333333333333337,1,0.14570153,0.46182632,0.29837197,-2.6597435,60.163414,113.62975311279297,0.5281885397412199
tensor(1103),"tensor(4833., dtype=torch.float64)",tensor(9),0,0,0,0,1,0.9549953,0.0016336489,0.017368793,0.028238269,0.34750384,1,0,0,0,0,0.0,1.0,1,0.08794987,0.34750384,0.21154332,-3.5348525,226.79175,2986.0634765625,0.4417744916820703
tensor(1109),"tensor(4267., dtype=torch.float64)",tensor(9),0,1,0,1,0,0.011892969,0.9436512,0.5966008,0.21490699,0.011125154,0,1,0,0,0,0.6666666666666666,0.33333333333333337,1,0.13953465,0.40339923,0.30743834,-2.6824634,64.65663,64.65663146972656,0.5335027726432532
tensor(1119),"tensor(16469., dtype=torch.float64)",tensor(9),1,0,0,0,0,0.92579734,0.5472542,0.0014347757,0.006368276,0.013060927,1,0,0,0,0,1.0,0.0,0,0.109562516,0.4527458,0.21441242,-3.726754,202.20114,2904.8603515625,0.44454713493530496
tensor(1123),"tensor(7009., dtype=torch.float64)",tensor(9),0,0,0,1,0,0.012342992,0.16792403,0.09146352,0.9979527,0.6865815,0,0,0,1,0,1.0,0.0,0,0.11743927,0.3134185,0.2923058,-3.0503895,24.57812,24.5781192779541,0.3729205175600739
tensor(1139),"tensor(4705., dtype=torch.float64)",tensor(9),1,0,0,0,0,0.9853769,0.014640351,0.0028528257,0.026133541,0.01712107,1,0,0,0,0,1.0,0.0,0,0.015074134,0.026133537,0.07597692,-4.388894,230.4328,2886.617431640625,0.2779574861367837
tensor(1159),"tensor(649., dtype=torch.float64)",tensor(9),0,1,0,0,0,0.101136856,0.94192934,0.21510673,0.42942405,0.26185036,0,1,0,0,0,1.0,0.0,0,0.21311772,0.42942405,0.4655958,-1.517183,20.63467,20.63467025756836,0.68137707948244
tensor(1205),"tensor(18791., dtype=torch.float64)",tensor(9),0,0,1,1,0,0.0017435596,0.33366463,0.9868802,0.007383261,0.96193016,0,0,1,0,1,0.5,0.5,1,0.07879621,0.33366466,0.18496156,-3.898562,57.83631,57.83631134033203,0.2964417744916821
tensor(1249),"tensor(19947., dtype=torch.float64)",tensor(9),1,0,0,0,0,0.9429405,0.0063271234,0.034411404,0.3379962,0.03804167,1,0,0,0,0,1.0,0.0,0,0.09476721,0.33799624,0.24165277,-3.0196693,127.457115,3255.77001953125,0.46164510166358597
tensor(1261),"tensor(8420., dtype=torch.float64)",tensor(9),0,1,0,1,0,0.03269619,0.49689174,0.02363459,0.9965951,0.18969662,0,0,0,1,0,0.6666666666666666,0.33333333333333337,1,0.14926481,0.49689174,0.29150337,-2.8503852,27.126545,27.126544952392578,0.4341497227356747
tensor(1295),"tensor(20870., dtype=torch.float64)",tensor(9),0,0,1,0,0,0.8811448,0.0099456925,0.40032727,0.051594686,0.058105323,1,0,0,0,0,0.0,1.0,1,0.12776566,0.40032727,0.30368802,-2.5410075,128.2045,3554.8720703125,0.583641404805915
tensor(1321),"tensor(5894., dtype=torch.float64)",tensor(9),1,0,0,0,0,0.6372225,0.10046392,0.24776617,0.6634139,0.23370999,1,0,0,1,0,0.6666666666666666,0.33333333333333337,1,0.25626075,0.36277747,0.54468673,-1.1463993,33.158024,33.158023834228516,0.7717190388170055
tensor(1367),"tensor(21233., dtype=torch.float64)",tensor(9),0,0,0,1,1,0.0060144984,0.19066224,0.129622,0.9989839,0.560718,0,0,0,1,0,0.6666666666666666,0.33333333333333337,1,0.15331936,0.439282,0.32067505,-3.1184855,22.87285,22.87285041809082,0.42467652495378927
tensor(1379),"tensor(7123., dtype=torch.float64)",tensor(9),1,0,0,0,0,0.63907915,0.89073724,0.005316324,0.00786909,0.013410742,1,1,0,0,0,0.6666666666666666,0.33333333333333337,1,0.09935588,0.36092085,0.22983336,-3.4072833,143.45564,143.4556427001953,0.43715341959334564
tensor(1399),"tensor(12213., dtype=torch.float64)",tensor(9),0,0,0,0,0,0.004346567,0.008969364,0.0068575656,0.0077791195,1.5848866e-05,0,0,0,0,0,1.0,0.0,0,0.0055936575,0.008969367,0.03318083,-6.203073,415.87006,415.87005615234375,0.253003696857671
tensor(1421),"tensor(4879., dtype=torch.float64)",tensor(9),1,0,0,0,0,0.17273962,0.087266296,0.8292972,0.18194711,0.8650518,0,0,1,0,1,0.0,1.0,1,0.14952087,0.18194711,0.41667777,-1.7711157,21.562943,21.562942504882812,0.5903419593345656
tensor(1427),"tensor(20044., dtype=torch.float64)",tensor(9),0,1,1,0,0,0.0011433341,0.9122972,0.93577904,0.2435522,0.8653346,0,1,1,0,1,0.8,0.19999999999999996,1,0.10625696,0.24355221,0.298961,-2.9574695,34.01544,34.01544189453125,0.40018484288354894
tensor(1433),"tensor(16989., dtype=torch.float64)",tensor(9),0,1,0,0,0,0.0014233515,0.9992473,0.060043134,0.053243823,0.011286903,0,1,0,0,0,1.0,0.0,0,0.025349975,0.060043156,0.10275929,-4.769227,109.88166,109.88166046142578,0.23521256931608134
tensor(1439),"tensor(16142., dtype=torch.float64)",tensor(9),0,1,1,0,1,0.0011250591,0.53212374,0.9819302,0.17560147,0.93464595,0,0,1,0,1,0.8,0.19999999999999996,1,0.14560527,0.46787626,0.29927683,-3.023906,25.097023,25.097023010253906,0.4170517560073937
tensor(1449),"tensor(18349., dtype=torch.float64)",tensor(9),0,0,1,0,0,0.002280003,0.2653941,0.98919314,0.12367911,0.8893006,0,0,1,0,1,0.6666666666666666,0.33333333333333337,1,0.102571845,0.2653941,0.27532312,-3.1315558,31.94482,31.944820404052734,0.3597504621072089
tensor(1451),"tensor(16916., dtype=torch.float64)",tensor(9),0,0,0,0,1,0.0013950098,0.91199434,0.9273246,0.15418245,0.9176483,0,1,1,0,1,0.5,0.5,1,0.07972205,0.15418243,0.2566684,-3.1141944,32.96836,32.968360900878906,0.32878927911275413
tensor(1453),"tensor(17864., dtype=torch.float64)",tensor(9),1,0,0,0,0,0.9046897,0.01427388,0.20263278,0.23134692,0.058742456,1,0,0,0,0,1.0,0.0,0,0.120461166,0.2313469,0.3315806,-2.3660195,98.73033,3499.99169921875,0.5873382624768946
tensor(1455),"tensor(20051., dtype=torch.float64)",tensor(9),1,0,0,0,0,0.7729585,0.002967272,0.04507525,0.11386337,0.7235326,1,0,0,0,0,1.0,0.0,0,0.13308299,0.27646738,0.33675268,-2.6218915,123.742966,3025.69970703125,0.6009704251386322
tensor(1469),"tensor(4058., dtype=torch.float64)",tensor(9),0,0,1,1,1,5.0667855e-05,0.5291994,0.9892981,0.9297266,0.9568046,0,0,1,1,1,1.0,0.0,0,0.11900437,0.47080058,0.23670211,-4.042808,51.340385,51.34038543701172,0.35166358595194086
tensor(1473),"tensor(17115., dtype=torch.float64)",tensor(9),0,1,1,0,0,0.0404241,0.97916085,0.11466785,0.3073034,0.07476309,0,1,0,0,0,0.6666666666666666,0.33333333333333337,1,0.111599565,0.30730343,0.30189127,-2.4778664,24.40755,24.407550811767578,0.42190388170055454
tensor(1497),"tensor(18668., dtype=torch.float64)",tensor(9),1,0,0,0,0,0.9948795,0.0019549523,0.009381651,0.018008638,0.0004697299,1,0,0,0,0,1.0,0.0,0,0.006987095,0.01800865,0.038731318,-5.5651994,456.9324,3218.72607421875,0.26709796672828096
tensor(1515),"tensor(668., dtype=torch.float64)",tensor(9),0,1,1,0,0,0.10203782,0.83809304,0.5466398,0.5538901,0.22178003,0,1,0,0,0,0.6666666666666666,0.33333333333333337,1,0.277039,0.4533602,0.53552514,-1.0955436,33.238728,33.23872756958008,0.7770332717190388
tensor(1541),"tensor(20956., dtype=torch.float64)",tensor(9),0,1,0,0,0,0.39635187,0.81998324,0.014661187,0.38235316,0.14348233,0,1,0,0,0,1.0,0.0,0,0.22337306,0.39635187,0.45916477,-1.682188,44.128414,44.128414154052734,0.7405268022181146
tensor(1577),"tensor(7809., dtype=torch.float64)",tensor(9),0,1,0,0,0,0.085870475,0.9077586,0.31963935,0.6484148,0.40788308,0,1,0,0,0,1.0,0.0,0,0.25144386,0.40788305,0.5103339,-1.2783866,23.805052,23.805051803588867,0.7322088724584103
tensor(1595),"tensor(3742., dtype=torch.float64)",tensor(9),1,0,1,0,0,0.3370063,0.017212905,0.8530186,0.0006888395,0.46782848,0,0,1,0,0,0.6666666666666666,0.33333333333333337,1,0.19394362,0.4678285,0.36804616,-2.77771,149.3017,167.25527954101562,0.6883086876155268
tensor(1611),"tensor(12706., dtype=torch.float64)",tensor(9),0,0,0,0,1,0.025960557,0.84758115,0.6350639,0.82604593,0.1816667,0,1,0,1,0,0.0,1.0,1,0.17978728,0.3649361,0.42790136,-1.7915173,29.744242,29.74424171447754,0.6451016635859519
tensor(1619),"tensor(2638., dtype=torch.float64)",tensor(9),1,0,0,0,0,0.95146424,0.04019918,0.046322815,0.00806584,0.12667845,1,0,0,0,0,1.0,0.0,0,0.053960443,0.12667847,0.19544697,-3.1831884,150.29529,3236.94140625,0.39648798521256934
tensor(1627),"tensor(6034., dtype=torch.float64)",tensor(9),0,1,1,0,0,0.0035679718,0.83422554,0.630285,0.98024726,0.075099245,0,1,0,1,0,0.5,0.5,1,0.12678182,0.36971498,0.299061,-2.8393772,35.432793,35.43279266357422,0.441543438077634
tensor(1645),"tensor(7424., dtype=torch.float64)",tensor(9),1,0,0,0,0,0.40862843,0.008522396,0.01901033,0.9633607,0.46489897,0,0,0,1,0,0.0,1.0,1,0.18753988,0.46489894,0.3334813,-2.495932,79.00012,79.0001220703125,0.6319316081330869
tensor(1699),"tensor(20837., dtype=torch.float64)",tensor(9),1,0,0,0,0,0.47098562,0.88717115,0.010669571,0.024411358,0.013421358,1,1,0,0,0,0.6666666666666666,0.33333333333333337,1,0.12646341,0.47098565,0.25776806,-2.938675,95.49307,95.49307250976562,0.49514787430683915
tensor(1701),"tensor(20919., dtype=torch.float64)",tensor(9),1,0,0,0,0,0.9809287,0.09154619,0.0064829295,0.015012013,0.004399793,1,0,0,0,0,1.0,0.0,0,0.027302384,0.09154618,0.109165326,-4.174573,242.18477,3077.005126953125,0.32047134935304994
tensor(1713),"tensor(7961., dtype=torch.float64)",tensor(9),0,0,1,1,0,0.132298,0.38809723,0.85499626,0.27434847,0.21190721,0,0,1,0,0,0.6666666666666666,0.33333333333333337,1,0.23033094,0.38809723,0.5153147,-1.279317,51.424232,133.20974731445312,0.7982902033271719
tensor(1763),"tensor(21187., dtype=torch.float64)",tensor(9),0,0,1,0,1,0.0019830537,0.9041507,0.8766323,0.4672709,0.9065246,0,1,1,0,1,0.8,0.19999999999999996,1,0.15638924,0.4672709,0.3410557,-2.5658584,26.087349,26.08734893798828,0.49930683918669133
tensor(1809),"tensor(361., dtype=torch.float64)",tensor(9),0,1,0,1,0,0.0019742327,0.9939507,0.5057474,0.42220852,0.07282202,0,1,0,0,0,0.6666666666666666,0.33333333333333337,1,0.19946134,0.49425262,0.33723015,-2.8416371,38.633972,38.63397216796875,0.5536044362292052
tensor(1817),"tensor(11885., dtype=torch.float64)",tensor(9),0,0,1,1,0,0.0005403604,0.9265797,0.7881894,0.98112065,0.75515926,0,1,1,1,0,0.8,0.19999999999999996,1,0.10989827,0.24484074,0.28671795,-3.289805,34.549347,34.549346923828125,0.3703789279112754
tensor(1841),"tensor(7070., dtype=torch.float64)",tensor(9),1,0,0,0,0,0.019587178,0.10370926,0.97781074,0.057072878,0.7949079,0,0,1,0,1,0.0,1.0,1,0.08153021,0.20509207,0.2524488,-2.8029819,31.36005,31.360050201416016,0.34750462107208874
tensor(1871),"tensor(1585., dtype=torch.float64)",tensor(9),1,0,0,0,0,0.9165306,0.0027951302,0.19725549,0.011813549,0.29721385,1,0,0,0,0,1.0,0.0,0,0.11850959,0.29721385,0.2951251,-2.992791,178.70984,3366.826171875,0.5480591497227356
tensor(1889),"tensor(2348., dtype=torch.float64)",tensor(9),0,0,1,0,0,0.6645578,0.13849966,0.32948345,0.19587412,0.55043554,1,0,0,0,0,0.0,1.0,1,0.2897728,0.44956446,0.57133776,-0.96734315,54.377724,3579.5478515625,0.838724584103512
tensor(1907),"tensor(7931., dtype=torch.float64)",tensor(9),0,1,0,1,0,0.0021920684,0.8604735,0.08120828,0.9986992,0.45749977,0,1,0,1,0,1.0,0.0,0,0.1363455,0.45749974,0.28017977,-3.4359818,29.550781,29.55078125,0.37292051756007394
tensor(1977),"tensor(847., dtype=torch.float64)",tensor(9),0,1,0,1,0,6.1942774e-05,0.6993744,0.9488418,0.99610776,0.8830162,0,1,1,1,1,0.6666666666666666,0.33333333333333337,1,0.09454429,0.30062562,0.24006414,-4.204008,63.120186,63.12018585205078,0.3347966728280961
tensor(1981),"tensor(459., dtype=torch.float64)",tensor(9),0,0,1,0,0,0.034321506,0.6171269,0.89889646,0.055440962,0.32643357,0,1,1,0,0,0.6666666666666666,0.33333333333333337,1,0.18003452,0.38287312,0.39765397,-1.9118426,50.284695,50.28469467163086,0.6746765249537894
tensor(1995),"tensor(389., dtype=torch.float64)",tensor(9),0,0,0,1,0,0.28596514,0.022038799,0.00727357,0.9779028,0.5077813,0,0,0,1,0,1.0,0.0,0,0.16591865,0.49221867,0.30930948,-2.6890054,70.92482,70.92481994628906,0.5690850277264325
tensor(2033),"tensor(5507., dtype=torch.float64)",tensor(9),0,1,1,1,0,0.0010532897,0.91179234,0.6919114,0.9899629,0.48039657,0,1,0,1,0,0.8,0.19999999999999996,1,0.1775567,0.48039657,0.33455166,-2.9338803,25.868393,25.868392944335938,0.479898336414048
tensor(2051),"tensor(389., dtype=torch.float64)",tensor(9),0,0,0,0,0,0.013503953,0.51186395,0.83338463,0.7009725,0.022219101,0,0,1,1,0,0.0,1.0,1,0.19790041,0.48813605,0.38629606,-2.116943,66.73529,66.73529052734375,0.7012476894639555
tensor(2089),"tensor(1651., dtype=torch.float64)",tensor(9),1,0,0,0,0,0.9752549,0.10483692,0.01277402,0.004445781,0.007138232,1,0,0,0,0,1.0,0.0,0,0.030788064,0.10483694,0.11817014,-4.102525,219.1048,3152.084228515625,0.32324399260628467
tensor(2099),"tensor(13882., dtype=torch.float64)",tensor(9),0,1,0,0,0,0.027100032,0.6540793,0.77171034,0.73140055,0.07296555,0,1,1,1,0,0.5,0.5,1,0.18857509,0.34592068,0.42994052,-1.7959007,40.600517,40.60051727294922,0.6903881700554529
tensor(2107),"tensor(2719., dtype=torch.float64)",tensor(9),1,0,0,0,0,0.34407583,0.52397794,0.6066898,0.27515203,0.66781366,0,0,0,0,0,0.0,1.0,1,0.36414927,0.47602206,0.6459874,-0.56830776,47.262344,47.26234436035156,0.8313308687615526
tensor(2111),"tensor(4920., dtype=torch.float64)",tensor(9),0,1,1,1,1,0.0007952304,0.50589204,0.77758116,0.9954667,0.8865372,0,0,1,1,1,0.8571428571428571,0.1428571428571429,1,0.1670636,0.49410796,0.32243618,-3.1717813,34.74569,34.745689392089844,0.47227356746765253
tensor(2115),"tensor(20329., dtype=torch.float64)",tensor(9),1,0,0,0,0,0.9783481,0.0060522337,0.0043267743,0.027533097,0.086012326,1,0,0,0,0,1.0,0.0,0,0.02911532,0.086012304,0.117697105,-4.0556803,212.64336,2880.2216796875,0.3211645101663586
tensor(2123),"tensor(4949., dtype=torch.float64)",tensor(9),0,0,0,1,1,0.74771357,0.4559597,0.14527841,0.08701283,0.23781323,1,0,0,0,0,0.0,1.0,1,0.23567009,0.45595968,0.50252897,-1.310114,49.111702,3501.8837890625,0.79228280961183
tensor(2135),"tensor(8046., dtype=torch.float64)",tensor(9),0,0,0,1,0,0.011685342,0.5972563,0.04979309,0.99769646,0.32373777,0,1,0,1,0,0.6666666666666666,0.33333333333333337,1,0.15805274,0.4027437,0.31631392,-2.9176342,20.430302,20.430301666259766,0.43715341959334564
tensor(2139),"tensor(20870., dtype=torch.float64)",tensor(9),1,0,0,0,0,0.2908298,0.03839395,0.91678464,0.03011555,0.18711887,0,0,1,0,0,0.0,1.0,1,0.12593472,0.29082978,0.33388278,-2.2904959,93.37783,146.47247314453125,0.5991219963031422
tensor(2149),"tensor(7231., dtype=torch.float64)",tensor(9),1,0,0,0,0,0.99590355,0.037468333,0.0012435907,0.0031042385,4.89758e-05,1,0,0,0,0,1.0,0.0,0,0.009192288,0.037468314,0.043509085,-6.2248244,650.73596,3145.04541015625,0.2719500924214418
tensor(2161),"tensor(20411., dtype=torch.float64)",tensor(9),1,0,0,0,0,0.9860212,0.0021041518,0.0030628052,0.0066639986,0.104122154,1,0,0,0,0,1.0,0.0,0,0.025986373,0.10412216,0.09670274,-4.6719637,295.87238,2791.56201171875,0.3077634011090573
tensor(2169),"tensor(6021., dtype=torch.float64)",tensor(9),0,0,1,0,0,0.18460803,0.7856338,0.60269994,0.057734698,0.19764599,0,1,0,0,0,0.0,1.0,1,0.21033096,0.39730006,0.47754112,-1.4788935,37.03562,37.035621643066406,0.7308225508317928
tensor(2181),"tensor(2652., dtype=torch.float64)",tensor(9),1,0,0,0,0,0.699953,0.016803017,0.24505308,0.29958838,0.55193263,1,0,0,0,0,1.0,0.0,0,0.26191175,0.44806737,0.5102638,-1.4198477,70.976074,3431.88623046875,0.8324861367837338
tensor(2205),"tensor(4376., dtype=torch.float64)",tensor(9),0,0,0,0,0,0.032608416,0.8355074,0.6056747,0.2647943,0.026191095,0,1,0,0,0,0.0,1.0,1,0.17648238,0.39432532,0.39212763,-2.016273,48.17851,48.17850875854492,0.6564232902033272
tensor(2233),"tensor(5310., dtype=torch.float64)",tensor(9),0,0,0,1,0,0.31515145,0.19745733,0.60381114,0.7910086,0.12543893,0,0,0,1,0,1.0,0.0,0,0.24864566,0.39618886,0.5363389,-1.1745392,33.33082,33.33081817626953,0.7666358595194085
tensor(2237),"tensor(2202., dtype=torch.float64)",tensor(9),1,0,0,0,0,0.9312731,0.26853737,0.037463605,0.0032972482,0.032966197,1,0,0,0,0,1.0,0.0,0,0.08219832,0.2685374,0.23179415,-3.188957,151.75325,3300.75244140625,0.44131238447319776
tensor(2261),"tensor(3857., dtype=torch.float64)",tensor(9),1,0,0,0,0,0.9846228,0.023656573,0.0041770875,0.008518215,0.017278764,1,0,0,0,0,1.0,0.0,0,0.013801575,0.023656547,0.07095622,-4.430269,237.75696,2917.880615234375,0.27610905730129387
tensor(2273),"tensor(16350., dtype=torch.float64)",tensor(9),0,1,0,0,0,0.057265665,0.28964683,0.860187,0.1867383,0.03538069,0,0,1,0,0,0.0,1.0,1,0.14176893,0.28964686,0.37205392,-2.0583878,76.48624,156.57046508789062,0.6469500924214417
tensor(2283),"tensor(3200., dtype=torch.float64)",tensor(9),1,0,0,0,0,0.50588936,0.75751233,0.19676992,0.00046801416,0.008233005,1,1,0,0,0,0.6666666666666666,0.33333333333333337,1,0.1884138,0.49411064,0.3589341,-3.005427,195.60661,195.6066131591797,0.6735212569316081
tensor(2297),"tensor(4963., dtype=torch.float64)",tensor(9),0,0,0,1,1,0.055523004,0.5013181,0.52643746,0.91673297,0.06533689,0,0,0,1,0,0.6666666666666666,0.33333333333333337,1,0.23527426,0.4986819,0.42548853,-1.6008695,28.04861,28.04861068725586,0.6931608133086876
tensor(2301),"tensor(2793., dtype=torch.float64)",tensor(9),1,0,0,0,0,0.33848813,0.035638344,0.9028451,0.039640177,0.049896017,0,0,1,0,0,0.0,1.0,1,0.11216354,0.3384881,0.2955295,-2.4662845,119.617325,171.0048065185547,0.558456561922366
tensor(2309),"tensor(1134., dtype=torch.float64)",tensor(9),1,0,0,0,0,0.7484109,0.14914803,0.49191472,0.03293924,0.13970521,1,0,0,0,0,1.0,0.0,0,0.2130593,0.49191475,0.44551247,-1.6122271,79.00786,3651.197265625,0.7848890942698706
tensor(2311),"tensor(4897., dtype=torch.float64)",tensor(9),0,1,0,1,0,0.0004487203,0.9714931,0.5424107,0.9904727,0.6865007,0,1,0,1,0,1.0,0.0,0,0.16191435,0.45758933,0.29973125,-3.3670468,40.619774,40.619773864746094,0.450554528650647
tensor(2319),"tensor(2577., dtype=torch.float64)",tensor(9),1,0,0,0,0,0.8549241,0.00029552402,0.54393554,0.004733066,0.29791307,1,0,0,0,0,1.0,0.0,0,0.18081647,0.45606446,0.34903902,-3.2564225,252.56805,3488.38916015625,0.6596580406654344
tensor(2335),"tensor(11190., dtype=torch.float64)",tensor(9),0,0,0,1,0,0.0014368403,0.87306243,0.83365047,0.96732616,0.26507026,0,1,1,1,0,0.5,0.5,1,0.118493676,0.26507026,0.312725,-2.8983293,31.471445,31.471445083618164,0.422365988909427
tensor(2357),"tensor(18869., dtype=torch.float64)",tensor(9),1,0,0,0,0,0.98958683,0.0019563353,0.003540881,0.02887703,0.024275,1,0,0,0,0,1.0,0.0,0,0.013812423,0.02887702,0.06812414,-4.7275834,298.7857,2878.36279296875,0.2800369685767098
tensor(2359),"tensor(13668., dtype=torch.float64)",tensor(9),0,1,0,1,0,0.08542645,0.48623288,0.84332836,0.23282132,0.7574986,0,0,1,0,0,0.0,1.0,1,0.24073076,0.48623288,0.5030626,-1.2881104,27.933365,105.41287231445312,0.7365988909426986
tensor(2361),"tensor(13039., dtype=torch.float64)",tensor(9),1,0,0,0,0,0.9781994,0.005772598,0.06781362,0.019219737,0.0025993327,1,0,0,0,0,1.0,0.0,0,0.023441136,0.067813635,0.10029588,-4.2911396,286.5667,3359.675048828125,0.3172365988909427
tensor(2377),"tensor(20400., dtype=torch.float64)",tensor(9),1,0,0,0,0,0.68095326,0.714687,0.02579954,0.017931195,0.22315565,1,1,0,0,0,0.6666666666666666,0.33333333333333337,1,0.17424929,0.31904674,0.39292416,-2.1116328,70.85016,70.85015869140625,0.6834565619223659
tensor(2389),"tensor(19437., dtype=torch.float64)",tensor(9),1,0,0,0,0,0.9088774,0.45008865,0.0032172077,0.014017275,0.04804053,1,0,0,0,0,1.0,0.0,0,0.12129724,0.45008862,0.25628042,-3.095232,138.86876,2944.96533203125,0.5018484288354899
tensor(2395),"tensor(17170., dtype=torch.float64)",tensor(9),1,0,0,0,0,0.9513941,0.042837247,0.0006364086,0.5134398,0.0010866708,1,0,0,0,0,1.0,0.0,0,0.11594534,0.48656023,0.21557125,-4.0634203,292.2764,2903.849853515625,0.4658040665434381
tensor(2397),"tensor(9357., dtype=torch.float64)",tensor(9),0,1,0,0,0,0.687079,0.7449139,0.047150433,0.0330774,0.005741733,1,1,0,0,0,0.6666666666666666,0.33333333333333337,1,0.13079536,0.312921,0.31198886,-2.6787567,109.13536,109.13536071777344,0.5640018484288355
tensor(2421),"tensor(17173., dtype=torch.float64)",tensor(9),1,0,0,1,0,0.8387349,0.018963132,0.0061092423,0.8578562,0.0008385166,1,0,0,1,0,1.0,0.0,0,0.06586397,0.16126508,0.19771738,-3.9134834,240.1652,240.1652069091797,0.3999537892791128
tensor(2429),"tensor(8456., dtype=torch.float64)",tensor(9),1,0,0,0,0,0.97126627,0.09367756,0.016972734,0.0016682898,0.020773783,1,0,0,0,0,1.0,0.0,0,0.032365203,0.09367758,0.12813224,-4.01929,215.95767,3159.509033203125,0.33433456561922364
tensor(2443),"tensor(21046., dtype=torch.float64)",tensor(9),0,0,1,0,0,0.1476188,0.009586335,0.748817,0.06915793,0.9542508,0,0,1,0,1,0.6666666666666666,0.33333333333333337,1,0.10465908,0.25118297,0.2947076,-2.6241894,62.045753,62.045753479003906,0.48151571164510165
tensor(2465),"tensor(1298., dtype=torch.float64)",tensor(9),1,0,0,0,0,0.983594,0.02013114,0.041070078,0.0011997833,0.0040363786,1,0,0,0,0,1.0,0.0,0,0.01656866,0.041070104,0.0778254,-4.6724067,310.79456,3299.066650390625,0.29089648798521256
tensor(2467),"tensor(7513., dtype=torch.float64)",tensor(9),1,0,0,0,0,0.8621769,0.108567804,0.10797387,0.0018124327,0.3286721,1,0,0,0,0,1.0,0.0,0,0.13696986,0.3286721,0.34664953,-2.6152036,154.90192,3304.04443359375,0.6312384473197782
tensor(2505),"tensor(20101., dtype=torch.float64)",tensor(9),0,0,1,0,1,0.022303607,0.0122599695,0.98099154,0.019671896,0.92951417,0,0,1,0,1,1.0,0.0,0,0.02874595,0.07048583,0.12376549,-3.720232,60.6672,60.667198181152344,0.24584103512014788
tensor(2543),"tensor(13440., dtype=torch.float64)",tensor(9),0,0,1,0,0,0.009541304,0.7218028,0.86194515,0.5455813,0.04239258,0,1,1,0,0,0.6666666666666666,0.33333333333333337,1,0.1845209,0.45441872,0.38220066,-2.1455595,62.71083,62.71083068847656,0.6730591497227356
tensor(2577),"tensor(8053., dtype=torch.float64)",tensor(9),1,0,0,0,0,0.98795986,0.0029965318,0.0058785714,0.04045975,0.022554299,1,0,0,0,0,1.0,0.0,0,0.0167858,0.040459752,0.07977207,-4.4560804,243.87627,2990.156982421875,0.28373382624768945
tensor(2591),"tensor(17271., dtype=torch.float64)",tensor(9),0,1,0,0,0,0.0018404032,0.9992291,0.084126666,0.02753739,0.026272153,0,1,0,0,0,1.0,0.0,0,0.02810955,0.08412665,0.11121391,-4.6055107,94.9382,94.93820190429688,0.23613678373382624
tensor(2613),"tensor(21108., dtype=torch.float64)",tensor(9),1,0,0,0,0,0.8482977,0.00882118,0.44369653,0.04665526,0.17805113,1,0,0,0,0,1.0,0.0,0,0.1657852,0.4436965,0.3639855,-2.2432046,124.72695,3554.970703125,0.6906192236598891
tensor(2623),"tensor(7433., dtype=torch.float64)",tensor(9),0,1,0,1,0,0.0042264666,0.3981331,0.787758,0.99157554,0.7370609,0,0,1,1,0,0.5,0.5,1,0.17719305,0.3981331,0.3682437,-2.5971541,22.537483,22.53748321533203,0.5226432532347505
tensor(2629),"tensor(17864., dtype=torch.float64)",tensor(9),1,0,0,0,0,0.95710915,0.004141702,0.080228485,0.1962025,0.019493574,1,0,0,0,0,1.0,0.0,0,0.068591475,0.19620252,0.21487269,-3.2710376,170.74033,3363.05224609375,0.4198243992606285
tensor(2669),"tensor(585., dtype=torch.float64)",tensor(9),0,1,0,1,0,0.00037444275,0.9784928,0.5339083,0.992512,0.4933243,0,1,0,1,0,1.0,0.0,0,0.19775712,0.49332428,0.3070381,-3.3513603,43.08221,43.082210540771484,0.49930683918669133
tensor(2697),"tensor(5609., dtype=torch.float64)",tensor(9),1,0,0,0,0,0.9670049,0.0021012002,0.008998074,0.025815178,0.22843638,1,0,0,0,0,1.0,0.0,0,0.059669197,0.22843635,0.17373247,-3.8180988,229.11438,2921.095703125,0.3893253234750462
tensor(2707),"tensor(20920., dtype=torch.float64)",tensor(9),0,1,0,0,0,0.9756949,0.09355617,0.010774257,0.027177917,0.0033911078,1,0,0,0,0,0.0,1.0,1,0.03184092,0.093556166,0.12640607,-3.9488387,232.60587,3157.5966796875,0.3424214417744917
tensor(2721),"tensor(12807., dtype=torch.float64)",tensor(9),1,0,0,0,0,0.9164469,0.06521452,0.11825238,0.041533455,0.120383345,1,0,0,0,0,1.0,0.0,0,0.085787416,0.12038332,0.2864694,-2.4388762,96.75879,3383.355224609375,0.5071626617375231
tensor(2727),"tensor(4424., dtype=torch.float64)",tensor(9),0,1,0,0,0,0.07859301,0.36991927,0.8844779,0.31716397,0.5797325,0,0,1,0,0,0.0,1.0,1,0.2602932,0.42026752,0.51944613,-1.2236459,41.08355,122.13609313964844,0.7888170055452866
tensor(2745),"tensor(2158., dtype=torch.float64)",tensor(9),0,0,1,0,0,0.00664171,0.44893,0.9578568,0.32027683,0.89532405,0,0,1,0,1,0.6666666666666666,0.33333333333333337,1,0.18453348,0.44893003,0.37297148,-2.2470315,17.225122,17.225122451782227,0.5559149722735676
tensor(2801),"tensor(9053., dtype=torch.float64)",tensor(9),1,0,0,0,0,0.99024385,0.010244646,0.029488523,0.0019229521,0.0014542588,1,0,0,0,0,1.0,0.0,0,0.010573268,0.029488504,0.053972326,-5.0936685,387.06207,3277.437744140625,0.27657116451016633
tensor(2825),"tensor(7860., dtype=torch.float64)",tensor(9),0,0,1,0,0,0.0021648072,0.47632754,0.9765801,0.35301447,0.8805746,0,0,1,0,1,0.6666666666666666,0.33333333333333337,1,0.19487035,0.47632754,0.36672154,-2.5124369,22.385262,22.38526153564453,0.5522181146025877
tensor(2841),"tensor(5273., dtype=torch.float64)",tensor(9),1,0,0,0,0,0.85257375,0.29167834,0.14444847,0.0009766007,0.039398454,1,0,0,0,0,1.0,0.0,0,0.1247856,0.2916783,0.3217193,-2.909058,166.92288,3460.52099609375,0.5780961182994454
tensor(2849),"tensor(7390., dtype=torch.float64)",tensor(9),1,0,0,0,0,0.9835148,0.0010230979,0.0035797276,0.06445039,0.08140763,1,0,0,0,0,1.0,0.0,0,0.03338921,0.08140761,0.12741259,-4.340012,269.38293,2866.62890625,0.33826247689463956
tensor(2851),"tensor(14209., dtype=torch.float64)",tensor(9),1,0,0,0,0,0.84260696,0.60153306,0.0064076274,0.026156424,0.037113566,1,1,0,0,0,0.6666666666666666,0.33333333333333337,1,0.12510759,0.39846694,0.28524604,-2.8013117,104.7438,104.7437973022461,0.5265711645101664
tensor(2895),"tensor(15808., dtype=torch.float64)",tensor(9),0,0,0,1,0,0.0037204376,0.8965988,0.7958774,0.8948436,0.30172226,0,1,1,1,0,0.5,0.5,1,0.1436246,0.3017223,0.36233324,-2.4182427,31.03881,31.03881072998047,0.5284195933456561
tensor(2899),"tensor(20652., dtype=torch.float64)",tensor(9),0,1,1,0,0,0.0025871696,0.82719946,0.94626695,0.084618665,0.86446565,0,1,1,0,1,0.8,0.19999999999999996,1,0.08985472,0.17280054,0.27486792,-2.9246151,31.373251,31.37325096130371,0.36113678373382624
tensor(2907),"tensor(21195., dtype=torch.float64)",tensor(9),1,0,0,0,0,0.9788807,0.017233407,0.023786798,0.01900819,0.014062238,1,0,0,0,0,1.0,0.0,0,0.019042015,0.023786783,0.093988836,-3.957618,207.17358,3161.498291015625,0.29898336414048055
tensor(2911),"tensor(13978., dtype=torch.float64)",tensor(9),0,0,0,0,1,0.26409253,0.0046993466,0.24729677,0.03537105,0.96665925,0,0,0,0,1,1.0,0.0,0,0.11696017,0.26409256,0.2931262,-2.8332844,118.20317,118.20317077636719,0.5295748613678373
tensor(2933),"tensor(13267., dtype=torch.float64)",tensor(9),1,0,0,0,0,0.35685873,0.8229897,0.22329488,0.23037525,0.2855035,0,1,0,0,0,0.0,1.0,1,0.2546085,0.35685873,0.5574543,-1.099169,29.148617,29.148616790771484,0.7608595194085028
tensor(2949),"tensor(1627., dtype=torch.float64)",tensor(9),0,0,1,0,0,0.6246929,0.008433983,0.77180785,0.017785622,0.26883048,1,0,1,0,0,0.6666666666666666,0.33333333333333337,1,0.17970979,0.37530708,0.38377213,-2.3014126,109.10678,164.94561767578125,0.7012476894639558
tensor(2967),"tensor(7635., dtype=torch.float64)",tensor(9),0,1,1,0,0,0.07980682,0.25430593,0.9158394,0.05364497,0.7094018,0,0,1,0,0,0.6666666666666666,0.33333333333333337,1,0.15250331,0.2905982,0.38918528,-1.9341152,30.82822,97.8382568359375,0.5901109057301294
tensor(2971),"tensor(13926., dtype=torch.float64)",tensor(9),0,1,0,0,0,0.0043881326,0.9595893,0.7472651,0.20778815,0.8470594,0,1,1,0,1,0.5,0.5,1,0.13165253,0.2527349,0.3403111,-2.5451953,33.09013,33.09012985229492,0.49353049907578556
tensor(3003),"tensor(20949., dtype=torch.float64)",tensor(9),1,0,0,0,0,0.94585186,0.32381338,0.022399306,0.0049781133,0.0015340501,1,0,0,0,0,1.0,0.0,0,0.081374645,0.32381338,0.19806698,-3.8297515,235.27864,3315.45947265625,0.41751386321626616
tensor(3029),"tensor(3385., dtype=torch.float64)",tensor(9),0,0,0,1,0,0.0016130436,0.50207806,0.053338595,0.99947983,0.7587766,0,0,0,1,0,1.0,0.0,0,0.15892345,0.49792194,0.29405826,-3.603888,42.642406,42.64240646362305,0.43391866913123844
tensor(3041),"tensor(3851., dtype=torch.float64)",tensor(9),0,0,0,1,0,0.0005562787,0.7646688,0.76800084,0.99755126,0.3714326,0,1,1,1,0,0.5,0.5,1,0.16835368,0.3714326,0.35378513,-3.280997,31.209301,31.209300994873047,0.47458410351201485
tensor(3053),"tensor(21329., dtype=torch.float64)",tensor(9),1,0,0,0,0,0.9946741,0.00112841,0.0071982304,0.031209629,0.0011928128,1,0,0,0,0,1.0,0.0,0,0.009210944,0.031209648,0.046562266,-5.4215837,419.2506,3138.207763671875,0.2707948243992606
tensor(3083),"tensor(10698., dtype=torch.float64)",tensor(9),1,0,0,0,0,0.9742547,0.028109588,0.008076869,0.010282647,0.052820176,1,0,0,0,0,1.0,0.0,0,0.02500695,0.052820206,0.111746356,-3.88815,189.78175,2971.390625,0.3140018484288355
tensor(3089),"tensor(2095., dtype=torch.float64)",tensor(9),1,0,0,0,0,0.7480438,0.004205593,0.19046356,0.03304662,0.7432221,1,0,0,0,0,1.0,0.0,0,0.14728993,0.25677788,0.35868257,-2.4882693,109.30601,3265.75341796875,0.6374768946395564
tensor(3111),"tensor(5711., dtype=torch.float64)",tensor(9),1,0,0,0,0,0.76485866,0.0039856983,0.3963707,0.24056977,0.3602503,1,0,0,0,0,1.0,0.0,0,0.24726355,0.3963707,0.48964477,-1.769,109.5716,3495.330078125,0.8343345656192237
tensor(3127),"tensor(17465., dtype=torch.float64)",tensor(9),0,1,0,0,0,0.06768552,0.91652995,0.52374667,0.10846154,0.3031049,0,1,0,0,0,1.0,0.0,0,0.20779508,0.47625333,0.43671042,-1.6106144,24.030216,24.030216217041016,0.6698243992606285
tensor(3155),"tensor(732., dtype=torch.float64)",tensor(9),0,0,0,1,0,0.0005899311,0.4913243,0.8563233,0.9954764,0.8861349,0,0,1,1,1,0.5,0.5,1,0.15079594,0.4913243,0.2986018,-3.3400936,38.801548,38.80154800415039,0.4357670979667283
tensor(3169),"tensor(8852., dtype=torch.float64)",tensor(9),1,0,0,0,0,0.8776417,0.022920437,0.41281226,0.0005769613,0.005821014,1,0,0,0,0,1.0,0.0,0,0.11289775,0.41281223,0.2398601,-3.734555,273.83572,3529.038818359375,0.4898336414048059
tensor(3189),"tensor(21285., dtype=torch.float64)",tensor(9),1,0,0,0,0,0.9735197,0.02594251,0.03366181,0.05495221,0.0020163925,1,0,0,0,0,1.0,0.0,0,0.028610587,0.054952204,0.12345041,-3.9272912,235.03104,3313.6318359375,0.33964879852125696
tensor(3203),"tensor(10042., dtype=torch.float64)",tensor(9),1,0,0,0,0,0.6115374,0.002915391,0.8493866,0.015009235,0.15719846,1,0,1,0,0,0.6666666666666666,0.33333333333333337,1,0.14283979,0.3884626,0.32493472,-2.7763195,153.64432,204.3262939453125,0.6085951940850277
tensor(3233),"tensor(14392., dtype=torch.float64)",tensor(9),1,0,0,1,0,0.9125712,0.005716982,0.00049796596,0.9141737,0.0005822088,1,0,0,1,0,1.0,0.0,0,0.036010444,0.08742881,0.12675005,-4.9844594,402.07465,402.07464599609375,0.33548983364140483
tensor(3265),"tensor(1353., dtype=torch.float64)",tensor(9),0,1,0,0,1,0.2512778,0.5291898,0.70542717,0.060406066,0.51398915,0,0,0,0,0,0.0,1.0,1,0.3126155,0.48601085,0.55644226,-0.9764616,47.067307,47.06730651855469,0.8211645101663586
tensor(3271),"tensor(10309., dtype=torch.float64)",tensor(9),1,0,0,0,0,0.9797121,0.0052923756,0.079145506,0.021912033,0.00026117588,1,0,0,0,0,1.0,0.0,0,0.025379777,0.07914549,0.10333177,-4.7232103,420.46625,3481.431884765625,0.32393715341959334
tensor(3273),"tensor(1040., dtype=torch.float64)",tensor(9),1,0,0,0,0,0.99174553,0.010316754,0.007284904,0.0033780197,0.0049958946,1,0,0,0,0,1.0,0.0,0,0.006845951,0.01031673,0.040487062,-5.049635,338.11624,3037.051513671875,0.2620147874306839
tensor(3283),"tensor(1792., dtype=torch.float64)",tensor(9),1,0,0,0,0,0.98866314,0.0039120484,0.015140835,0.046783008,0.002678148,1,0,0,0,0,1.0,0.0,0,0.01597023,0.04678303,0.07471775,-4.623488,315.5451,3183.1787109375,0.291358595194085
tensor(3337),"tensor(746., dtype=torch.float64)",tensor(9),0,0,1,1,0,0.010208553,0.10470335,0.9615407,0.85695535,0.36771402,0,0,1,1,0,1.0,0.0,0,0.13282603,0.36771405,0.32469,-2.454299,50.015102,50.01510238647461,0.534195933456562
tensor(3345),"tensor(7784., dtype=torch.float64)",tensor(9),1,0,0,0,0,0.95644575,0.014227621,0.014611865,0.20315583,0.043075103,1,0,0,0,0,1.0,0.0,0,0.063724875,0.20315582,0.20246115,-3.2012248,134.00046,3107.749267578125,0.4011090573012939
tensor(3349),"tensor(4835., dtype=torch.float64)",tensor(9),0,0,0,1,0,0.9381952,0.07305205,0.07970834,0.05886671,0.03489984,1,0,0,0,0,0.0,1.0,1,0.06166637,0.07970834,0.22932884,-2.7597156,110.81533,3380.921875,0.43761552680221816
tensor(3389),"tensor(10644., dtype=torch.float64)",tensor(9),0,1,0,0,0,0.007161297,0.927194,0.627355,0.8986128,0.33455458,0,1,0,1,0,0.6666666666666666,0.33333333333333337,1,0.17771083,0.37264502,0.38583383,-2.1733377,28.357464,28.357463836669922,0.5884935304990758
tensor(3401),"tensor(7511., dtype=torch.float64)",tensor(9),0,0,1,0,0,0.00043968656,0.98253495,0.7320471,0.5533247,0.94226074,0,1,1,0,1,0.5,0.5,1,0.15805447,0.4466753,0.3162406,-3.1540864,53.91485,53.91484832763672,0.503003696857671
tensor(3409),"tensor(7108., dtype=torch.float64)",tensor(9),0,0,0,1,0,0.094266914,0.23356722,0.56255704,0.95366746,0.6114926,0,0,0,1,0,1.0,0.0,0,0.24002343,0.43744296,0.4793597,-1.4361,18.62604,18.626039505004883,0.699630314232902
tensor(3411),"tensor(4377., dtype=torch.float64)",tensor(9),0,1,0,1,0,0.00057644304,0.94064623,0.5247488,0.99702567,0.3750716,0,1,0,1,0,1.0,0.0,0,0.1826455,0.4752512,0.3207713,-3.3290896,33.85971,33.859710693359375,0.4695009242144178
tensor(3417),"tensor(1044., dtype=torch.float64)",tensor(9),1,0,0,1,0,0.8360597,0.27419204,0.031497397,0.24370249,0.042600647,1,0,0,0,0,0.6666666666666666,0.33333333333333337,1,0.15118659,0.27419204,0.38097456,-2.0546677,74.32644,3307.09033203125,0.6621996303142329
tensor(3433),"tensor(2663., dtype=torch.float64)",tensor(9),0,0,1,0,0,0.0004970412,0.027143953,0.99727255,0.10829462,0.9818293,0,0,1,0,1,0.6666666666666666,0.33333333333333337,1,0.031366825,0.108294606,0.116308354,-4.6369963,80.642365,80.64236450195312,0.227818853974122
tensor(3443),"tensor(4536., dtype=torch.float64)",tensor(9),0,1,0,1,0,0.08270488,0.54133254,0.048638064,0.98424226,0.33524173,0,0,0,1,0,0.6666666666666666,0.33333333333333337,1,0.18820202,0.45866746,0.37768024,-2.0728908,17.257622,17.25762176513672,0.5767097966728281
tensor(3447),"tensor(21065., dtype=torch.float64)",tensor(9),1,0,0,0,0,0.9212347,0.0036792867,0.007070919,0.45255888,0.21221453,1,0,0,0,0,1.0,0.0,0,0.15085775,0.45255888,0.30952254,-2.9014456,142.23836,2950.30224609375,0.5910351201478743
tensor(3457),"tensor(6881., dtype=torch.float64)",tensor(9),0,0,1,0,1,0.00546872,0.15894276,0.9878033,0.032136723,0.80298775,0,0,1,0,1,1.0,0.0,0,0.081151485,0.19701225,0.23520894,-3.2147648,43.21249,43.21249008178711,0.3359519408502773
tensor(3475),"tensor(10208., dtype=torch.float64)",tensor(9),1,0,0,0,0,0.429945,0.83161587,0.17085017,0.0007693471,0.007284035,0,1,0,0,0,0.0,1.0,1,0.15544653,0.429945,0.32864824,-3.108554,178.56699,178.56698608398438,0.6035120147874307
tensor(3495),"tensor(17675., dtype=torch.float64)",tensor(9),0,1,0,1,0,0.86645675,0.038304836,0.29721156,0.07355872,0.16643785,1,0,0,0,0,0.0,1.0,1,0.14181119,0.29721153,0.37540206,-2.0196147,90.13606,3542.285400390625,0.6635859519408502
tensor(3531),"tensor(5612., dtype=torch.float64)",tensor(9),0,0,1,0,0,0.0010670354,0.11680716,0.9924063,0.013265776,0.98464096,0,0,1,0,1,0.6666666666666666,0.33333333333333337,1,0.030818582,0.11680716,0.11268169,-4.441485,69.17494,69.17494201660156,0.22088724584103514
tensor(3587),"tensor(13541., dtype=torch.float64)",tensor(9),1,0,0,0,0,0.9908057,0.0023854452,0.01605818,0.0047418005,0.014496753,1,0,0,0,0,1.0,0.0,0,0.009375274,0.016058207,0.051439874,-4.8794165,336.05768,3089.84521484375,0.272181146025878
tensor(3595),"tensor(19798., dtype=torch.float64)",tensor(9),1,0,0,0,0,0.9624422,0.005253728,0.011933033,0.010664646,0.2469298,1,0,0,0,0,1.0,0.0,0,0.062467754,0.24692976,0.17511925,-3.7097473,202.50006,2955.368408203125,0.3851663585951941
tensor(3597),"tensor(14329., dtype=torch.float64)",tensor(9),0,0,0,1,1,0.0002976155,0.409673,0.95715785,0.9872416,0.92917794,0,0,1,1,1,0.8,0.19999999999999996,1,0.107278645,0.40967298,0.2360821,-3.702806,48.170773,48.170772552490234,0.3488909426987061
tensor(3607),"tensor(12194., dtype=torch.float64)",tensor(9),1,0,0,0,0,0.41142404,0.10700435,0.47716627,0.77253616,0.021723494,0,0,0,1,0,0.0,1.0,1,0.24895632,0.4771663,0.47010985,-1.5202557,60.41297,60.41297149658203,0.7950554528650646
tensor(3611),"tensor(14707., dtype=torch.float64)",tensor(9),1,0,0,0,0,0.9626228,0.0068751285,0.19209892,0.0037256093,0.003754606,1,0,0,0,0,1.0,0.0,0,0.048766315,0.19209892,0.14782563,-4.165556,283.35577,3455.875732421875,0.3646025878003697
tensor(3637),"tensor(14504., dtype=torch.float64)",tensor(9),0,0,0,0,1,0.9708754,0.010137515,0.050495863,0.009256898,0.07240942,1,0,0,0,0,0.0,1.0,1,0.03428477,0.07240939,0.14013532,-3.649065,195.5458,3235.41259765625,0.35004621072088726
tensor(3651),"tensor(9624., dtype=torch.float64)",tensor(9),0,1,0,0,0,0.0052133948,0.9706467,0.7430455,0.1570179,0.63399154,0,1,1,0,0,0.6666666666666666,0.33333333333333337,1,0.16290951,0.36600846,0.36528546,-2.4083352,25.283855,25.283855438232422,0.5346580406654344
tensor(3663),"tensor(14521., dtype=torch.float64)",tensor(9),0,0,1,0,0,0.05171173,0.10552032,0.91427016,0.75191087,0.6159386,0,0,1,1,0,0.6666666666666666,0.33333333333333337,1,0.17502248,0.3840614,0.41187185,-1.7988825,39.228928,39.22892761230469,0.6601201478743068
tensor(3687),"tensor(20965., dtype=torch.float64)",tensor(9),0,0,1,0,0,0.01284452,0.0051011103,0.99256927,0.004273095,0.8563432,0,0,1,0,1,0.6666666666666666,0.33333333333333337,1,0.034661293,0.14365679,0.11673242,-4.349228,114.78395,114.78395080566406,0.2705637707948244
tensor(3715),"tensor(11558., dtype=torch.float64)",tensor(9),0,1,0,0,0,0.15218933,0.97028065,0.05188276,0.007823973,0.006912782,0,1,0,0,0,1.0,0.0,0,0.049705625,0.15218931,0.17025897,-3.583793,109.64918,109.64917755126953,0.3350277264325323
tensor(3727),"tensor(15447., dtype=torch.float64)",tensor(9),1,0,0,0,0,0.9846037,0.13522126,0.004119772,0.0052233734,5.4685566e-05,1,0,0,0,0,1.0,0.0,0,0.032003105,0.13522124,0.10714264,-5.3129473,513.8306,3280.985595703125,0.3285582255083179
tensor(3739),"tensor(19781., dtype=torch.float64)",tensor(9),0,0,1,0,0,0.0201041,0.9190014,0.7345577,0.020959545,0.009782832,0,1,1,0,0,0.6666666666666666,0.33333333333333337,1,0.07945746,0.2654423,0.22301397,-3.1589048,91.40298,91.4029769897461,0.3955637707948244
tensor(3741),"tensor(4989., dtype=torch.float64)",tensor(9),1,0,0,1,0,0.8462132,0.012237844,0.0008187516,0.9254057,0.004462237,1,0,0,1,0,1.0,0.0,0,0.04918003,0.15378678,0.15917492,-4.2257648,228.72757,228.72756958007812,0.3514325323475046
tensor(3747),"tensor(16811., dtype=torch.float64)",tensor(9),1,0,0,1,0,0.5316469,0.008055067,0.0063031786,0.9823339,0.06973864,1,0,0,1,0,1.0,0.0,0,0.11402321,0.4683531,0.22359915,-3.3219,116.03433,116.03433227539062,0.4417744916820703
tensor(3757),"tensor(1187., dtype=torch.float64)",tensor(9),1,0,0,0,0,0.6944531,0.0052763186,0.0047741123,0.014611419,0.90592635,1,0,0,0,1,0.6666666666666666,0.33333333333333337,1,0.08485651,0.30554688,0.21336353,-3.5752263,181.13051,218.255615234375,0.41890018484288355
tensor(3771),"tensor(8569., dtype=torch.float64)",tensor(9),1,0,0,0,0,0.9976076,0.003184127,0.0042781415,0.0014309284,0.00010398858,1,0,0,0,0,1.0,0.0,0,0.0022779703,0.0042781234,0.015555513,-6.5897093,717.81445,3223.23828125,0.25231053604436227
tensor(3783),"tensor(14136., dtype=torch.float64)",tensor(9),0,1,0,0,0,0.49183753,0.7884801,0.16697763,0.025678543,0.06897914,1,1,0,0,0,0.6666666666666666,0.33333333333333337,1,0.19299859,0.4918375,0.40608245,-1.8388408,52.389015,52.389015197753906,0.7056377079482439
tensor(3789),"tensor(12138., dtype=torch.float64)",tensor(9),0,1,0,0,0,0.005899908,0.7535851,0.9300408,0.054957148,0.88227177,0,1,1,0,1,0.5,0.5,1,0.09899187,0.2464149,0.28465912,-2.7381682,28.36848,28.368480682373047,0.3819316081330869
tensor(3799),"tensor(17602., dtype=torch.float64)",tensor(9),0,0,1,0,0,0.0020172438,0.9929778,0.61835283,0.061209954,0.03169627,0,1,0,0,0,0.0,1.0,1,0.09671849,0.38164717,0.21841824,-3.5575662,62.64513,62.6451301574707,0.35605360443622924
tensor(3807),"tensor(1717., dtype=torch.float64)",tensor(9),1,0,0,0,0,0.9901738,0.004295026,0.001629053,0.018882621,0.021048618,1,0,0,0,0,1.0,0.0,0,0.011136353,0.021048605,0.05814653,-4.8534083,298.82092,2785.15380859375,0.27310536044362294
tensor(3821),"tensor(15040., dtype=torch.float64)",tensor(9),0,1,0,1,0,0.0032458294,0.9764449,0.533313,0.7850299,0.7603823,0,1,0,1,1,0.8,0.19999999999999996,1,0.18961513,0.46668702,0.37908855,-2.4070315,25.02394,25.02393913269043,0.5732439926062846
tensor(3833),"tensor(2162., dtype=torch.float64)",tensor(9),1,0,0,0,0,0.8305566,0.016428923,0.009384932,0.17165433,0.57238686,1,0,0,0,0,1.0,0.0,0,0.15890491,0.42761314,0.3466167,-2.4412978,121.239296,2874.66259765625,0.6520332717190388
tensor(3835),"tensor(3490., dtype=torch.float64)",tensor(9),0,0,0,1,0,0.00076821866,0.29129997,0.61837256,0.9988551,0.8396346,0,0,0,1,1,0.6666666666666666,0.33333333333333337,1,0.16704118,0.38162744,0.3447234,-3.3938477,35.595383,35.59538269042969,0.4743530499075786
tensor(3857),"tensor(12069., dtype=torch.float64)",tensor(9),1,0,0,1,0,0.93791145,0.0064977002,0.0049800053,0.43906775,0.09393905,1,0,0,0,0,0.6666666666666666,0.33333333333333337,1,0.121314645,0.43906772,0.2601022,-3.110724,136.5645,2942.99365234375,0.5027726432532347
tensor(3877),"tensor(13533., dtype=torch.float64)",tensor(9),0,1,0,0,0,0.0030878081,0.007806864,0.98832965,0.0502931,0.99157715,0,0,1,0,1,0.0,1.0,1,0.016256154,0.050293088,0.07562695,-4.553543,105.66264,105.66264343261719,0.2151109057301294
tensor(3883),"tensor(17269., dtype=torch.float64)",tensor(9),0,1,1,0,0,0.0021739535,0.79016656,0.9519286,0.2854737,0.66722006,0,1,1,0,0,1.0,0.0,0,0.17566651,0.33277994,0.39124244,-2.4107742,37.905594,47.070011138916016,0.6000462107208873
tensor(3889),"tensor(10581., dtype=torch.float64)",tensor(9),1,0,0,1,0,0.57998914,0.22994424,0.031932905,0.83262306,0.052977044,1,0,0,1,0,1.0,0.0,0,0.18044835,0.42001086,0.4039589,-1.8861634,42.351494,42.35149383544922,0.661275415896488
tensor(3891),"tensor(19879., dtype=torch.float64)",tensor(9),0,1,0,1,0,0.044023015,0.97723365,0.1742458,0.30787766,0.13198288,0,1,0,0,0,0.6666666666666666,0.33333333333333337,1,0.13617915,0.30787766,0.35184586,-2.2173789,18.61842,18.618419647216797,0.4953789279112754
tensor(3893),"tensor(17201., dtype=torch.float64)",tensor(9),0,0,0,0,0,0.019698035,0.03425304,0.022659162,0.014639788,0.00013180912,0,0,0,0,0,1.0,0.0,0,0.018276334,0.03425306,0.086397074,-4.830806,263.65872,263.6587219238281,0.2835027726432532
tensor(3899),"tensor(18692., dtype=torch.float64)",tensor(9),0,1,0,0,0,0.001526271,0.99792933,0.25067607,0.2429904,0.22127709,0,1,0,0,0,1.0,0.0,0,0.14370811,0.25067604,0.33447728,-3.2301598,34.576324,34.576324462890625,0.4514787430683919
tensor(3903),"tensor(21345., dtype=torch.float64)",tensor(9),1,0,0,0,0,0.93149954,0.05543821,0.06812261,0.014725548,0.14813131,1,0,0,0,0,1.0,0.0,0,0.07098371,0.14813131,0.24178202,-2.802794,120.040344,3310.908203125,0.45286506469500926
tensor(3905),"tensor(16933., dtype=torch.float64)",tensor(9),0,0,1,0,1,0.0006038239,0.015324692,0.995109,0.42794654,0.9818154,0,0,1,0,1,1.0,0.0,0,0.09339011,0.42794657,0.17776652,-4.233801,79.932304,79.93230438232422,0.3211645101663586
tensor(3917),"tensor(14457., dtype=torch.float64)",tensor(9),1,0,0,0,0,0.3103767,0.03678741,0.8786034,0.042649556,0.45339558,0,0,1,0,0,0.0,1.0,1,0.19292116,0.4533956,0.40235367,-1.868172,58.28428,124.80360412597656,0.7081792975970426
tensor(3919),"tensor(12865., dtype=torch.float64)",tensor(9),0,1,0,0,0,0.6723773,0.77936333,0.029545682,0.01624441,0.025512671,1,1,0,0,0,0.6666666666666666,0.33333333333333337,1,0.12391245,0.3276227,0.29903454,-2.6438217,85.45854,85.45854187011719,0.5339648798521257
tensor(3939),"tensor(12807., dtype=torch.float64)",tensor(9),0,0,1,0,0,0.80310696,0.037075806,0.250821,0.047476877,0.46591255,1,0,0,0,0,0.0,1.0,1,0.19963586,0.46591258,0.41993532,-1.7785017,79.49051,3429.424072265625,0.7569316081330869
tensor(3979),"tensor(3495., dtype=torch.float64)",tensor(9),0,0,1,1,1,0.26908904,0.17743449,0.35874146,0.34246883,0.8498168,0,0,0,0,1,0.5,0.5,1,0.25958335,0.35874146,0.5536417,-1.0998766,30.448624,30.448623657226562,0.7643253234750462
tensor(4005),"tensor(1030., dtype=torch.float64)",tensor(9),1,0,0,0,0,0.12283701,0.5882148,0.81441545,0.06944041,0.26329315,0,1,1,0,0,0.0,1.0,1,0.2105881,0.4117852,0.47169214,-1.4851248,46.621773,46.62177276611328,0.7532347504621072
tensor(4057),"tensor(21263., dtype=torch.float64)",tensor(9),1,0,0,0,0,0.8413939,0.49545464,0.0033964845,0.08230523,0.09024716,1,0,0,0,0,1.0,0.0,0,0.16600192,0.49545467,0.348126,-2.418096,99.28581,2977.947998046875,0.6478743068391867
tensor(4105),"tensor(5419., dtype=torch.float64)",tensor(9),0,1,0,1,0,0.00037540315,0.9313583,0.94205767,0.32045346,0.9481261,0,1,1,0,1,0.4,0.6,1,0.09985733,0.32045346,0.2611845,-3.3881714,36.151222,36.151222229003906,0.3426524953789279
tensor(4117),"tensor(19574., dtype=torch.float64)",tensor(9),0,0,0,0,0,0.5609402,0.028533295,0.7363329,0.026284156,0.33157468,1,0,1,0,0,0.0,1.0,1,0.21782386,0.4390598,0.42980632,-1.8225868,77.21942,133.9276123046875,0.7710258780036968
tensor(4145),"tensor(1022., dtype=torch.float64)",tensor(9),0,0,1,0,0,0.010432783,0.9861458,0.39628258,0.24300493,0.3670359,0,1,0,0,0,0.0,1.0,1,0.20612204,0.39628255,0.40287533,-2.183947,17.347918,17.347917556762695,0.6002772643253235
tensor(4161),"tensor(18532., dtype=torch.float64)",tensor(9),0,1,0,0,0,0.041151248,0.8386296,0.6871633,0.013618624,0.014303741,0,1,0,0,0,1.0,0.0,0,0.10865611,0.3128367,0.27637205,-2.8197737,83.82679,83.82678985595703,0.4831330868761553
tensor(4185),"tensor(8611., dtype=torch.float64)",tensor(9),1,0,0,0,0,0.9925828,0.001098063,0.0029225536,0.14742678,0.00068488804,1,0,0,0,0,1.0,0.0,0,0.031909943,0.14742678,0.099241935,-5.316498,411.5573,3072.41650390625,0.3174676524953789
tensor(4195),"tensor(17410., dtype=torch.float64)",tensor(9),0,1,1,0,0,0.0010868453,0.98761487,0.8073676,0.10330307,0.62184054,0,1,1,0,0,1.0,0.0,0,0.13751334,0.37815946,0.31213036,-3.05872,35.814632,35.814632415771484,0.44639556377079487
tensor(4209),"tensor(17668., dtype=torch.float64)",tensor(9),0,1,0,0,0,0.049379364,0.9671175,0.25909936,0.19611932,0.1376454,0,1,0,0,0,1.0,0.0,0,0.13502514,0.25909936,0.36181226,-2.1270661,18.202568,18.20256805419922,0.5064695009242145
tensor(4223),"tensor(17367., dtype=torch.float64)",tensor(9),0,0,0,1,0,0.18330796,0.16084766,0.022363046,0.9900572,0.07697096,0,0,0,1,0,1.0,0.0,0,0.09068644,0.18330795,0.27031815,-2.8017795,39.1428,39.142799377441406,0.39348428835489835
tensor(4233),"tensor(14717., dtype=torch.float64)",tensor(9),0,1,0,0,1,0.18953645,0.9064244,0.29112732,0.0688774,0.20880468,0,1,0,0,0,0.6666666666666666,0.33333333333333337,1,0.17038429,0.29112732,0.4325071,-1.7099775,26.39177,26.391769409179688,0.6384011090573013
tensor(4243),"tensor(12033., dtype=torch.float64)",tensor(9),1,0,0,0,0,0.9195997,0.53359306,0.00831802,0.00491489,0.0089698285,1,0,0,0,0,1.0,0.0,0,0.113801956,0.46640694,0.22019911,-3.473582,182.00761,3140.861083984375,0.46187615526802217
tensor(4279),"tensor(3040., dtype=torch.float64)",tensor(9),0,0,0,1,0,0.20677698,0.6733543,0.41880906,0.08661432,0.8036,0,1,0,0,1,0.0,1.0,1,0.24704921,0.41880906,0.5222684,-1.232033,41.13209,41.1320915222168,0.7839648798521256
tensor(4281),"tensor(10812., dtype=torch.float64)",tensor(9),0,0,0,1,0,0.59235626,0.009790267,0.20693837,0.86589295,0.13858844,1,0,0,1,0,0.6666666666666666,0.33333333333333337,1,0.17941362,0.40764374,0.407482,-2.0051818,65.314926,65.31492614746094,0.69547134935305
tensor(4307),"tensor(13866., dtype=torch.float64)",tensor(9),0,1,1,0,0,0.001501225,0.9816442,0.831922,0.033542708,0.43676445,0,1,1,0,0,1.0,0.0,0,0.13164842,0.43676448,0.27752647,-3.1387365,44.196556,44.196556091308594,0.4253696857670979
tensor(4333),"tensor(4365., dtype=torch.float64)",tensor(9),0,1,1,0,0,0.00290387,0.3109359,0.97288734,0.83182734,0.6032969,0,0,1,1,0,0.5,0.5,1,0.18116558,0.39670312,0.37777948,-2.4465346,47.244804,48.774566650390625,0.6162199630314232
tensor(4367),"tensor(14477., dtype=torch.float64)",tensor(9),0,0,1,0,0,0.5200569,0.081940204,0.7695924,0.052385744,0.06876148,1,0,1,0,0,0.6666666666666666,0.33333333333333337,1,0.18268758,0.4799431,0.3942995,-1.8407478,89.65425,151.543701171875,0.7282809611829943
tensor(4395),"tensor(7589., dtype=torch.float64)",tensor(9),0,0,1,0,0,0.038838927,0.49170977,0.8557432,0.71522605,0.26711258,0,0,1,1,0,0.6666666666666666,0.33333333333333337,1,0.24533844,0.49170977,0.48952675,-1.3904967,33.000397,33.000396728515625,0.7472273567467651
tensor(4415),"tensor(2405., dtype=torch.float64)",tensor(9),0,0,0,1,0,6.374246e-05,0.7608802,0.9718826,0.9782074,0.8851919,0,1,1,1,1,0.4,0.6,1,0.08078039,0.23911983,0.22805314,-4.04153,55.134445,55.13444519042969,0.30914972273567465
tensor(4439),"tensor(9118., dtype=torch.float64)",tensor(9),1,0,0,0,0,0.74964625,0.015021463,0.004718094,0.028748117,0.82493794,1,0,0,0,1,0.6666666666666666,0.33333333333333337,1,0.094780624,0.25035375,0.25297207,-3.1403337,142.83423,173.55792236328125,0.46534195933456557
tensor(4447),"tensor(18578., dtype=torch.float64)",tensor(9),1,0,0,0,0,0.98201996,0.0068204333,0.005539594,0.26133394,0.0005504888,1,0,0,0,0,1.0,0.0,0,0.058444977,0.26133394,0.14886451,-4.542963,340.89633,3188.943359375,0.3662199630314233
tensor(4483),"tensor(9206., dtype=torch.float64)",tensor(9),1,0,0,0,0,0.7248495,0.5579193,0.12053335,0.048833914,0.23921211,1,0,0,0,0,1.0,0.0,0,0.22516209,0.44208068,0.47759217,-1.4630048,51.33925,3485.0791015625,0.777264325323475
tensor(4485),"tensor(5786., dtype=torch.float64)",tensor(9),1,0,0,0,0,0.9620826,0.028726086,0.025488688,0.017734256,0.07164779,1,0,0,0,0,1.0,0.0,0,0.036302865,0.07164776,0.15144232,-3.3948417,150.34908,3124.95947265625,0.350739371534196
tensor(4507),"tensor(15898., dtype=torch.float64)",tensor(9),1,0,0,0,0,0.9851387,0.006605263,0.04270754,0.01913893,0.0021861764,1,0,0,0,0,1.0,0.0,0,0.017099857,0.042707562,0.08074842,-4.475427,306.40167,3316.7470703125,0.29921441774491686
tensor(4543),"tensor(7514., dtype=torch.float64)",tensor(9),1,0,0,0,0,0.91751546,0.0048758714,0.002097183,0.70743155,0.041893944,1,0,0,1,0,0.6666666666666666,0.33333333333333337,1,0.08478391,0.29256845,0.22179954,-3.5810895,174.5213,174.52130126953125,0.42121072088724587
tensor(4571),"tensor(1606., dtype=torch.float64)",tensor(9),0,1,0,1,1,0.0030708076,0.9047426,0.24119495,0.995719,0.28061146,0,1,0,1,0,0.8,0.19999999999999996,1,0.124883175,0.28061146,0.3017941,-3.1141326,23.464436,23.464435577392578,0.381007393715342
tensor(4587),"tensor(761., dtype=torch.float64)",tensor(9),1,0,0,0,0,0.9795274,0.38826808,0.00070105743,0.0024293005,0.00032891086,1,0,0,0,0,1.0,0.0,0,0.08244002,0.3882681,0.15873,-5.124383,435.49677,2997.2724609375,0.3837800369685767
tensor(4647),"tensor(531., dtype=torch.float64)",tensor(9),1,0,0,0,0,0.9422257,0.015578498,0.17782906,0.026095582,0.07250155,1,0,0,0,0,1.0,0.0,0,0.069955826,0.17782903,0.230027,-2.927484,147.16049,3450.2802734375,0.4493992606284658
tensor(4651),"tensor(6944., dtype=torch.float64)",tensor(9),0,0,1,1,0,0.0007860359,0.43447894,0.9414737,0.9882131,0.69950473,0,0,1,1,0,1.0,0.0,0,0.16121465,0.43447894,0.3178355,-3.092629,38.589615,38.58961486816406,0.47828096118299446
tensor(4661),"tensor(15993., dtype=torch.float64)",tensor(9),0,1,0,0,1,0.00018470493,0.98976505,0.8024406,0.72716427,0.8539934,0,1,1,1,1,0.6666666666666666,0.33333333333333337,1,0.1253643,0.27283573,0.31152588,-3.4632797,42.99309,42.99309158325195,0.41843807763401114
tensor(4663),"tensor(5941., dtype=torch.float64)",tensor(9),0,0,0,0,1,0.9902722,0.00076246937,0.00874481,0.001973529,0.076079436,1,0,0,0,0,0.0,1.0,1,0.019457638,0.07607943,0.0788968,-5.050901,361.85934,2966.017822265625,0.2941312384473198
tensor(4677),"tensor(4670., dtype=torch.float64)",tensor(9),1,0,0,0,0,0.6832316,0.011468609,0.068907596,0.1196256,0.7527202,1,0,0,0,0,1.0,0.0,0,0.15280998,0.3167684,0.37267295,-2.187603,83.81183,3087.316162109375,0.6585027726432533
tensor(4681),"tensor(5632., dtype=torch.float64)",tensor(9),0,0,0,1,0,0.7242828,0.012022576,0.7114655,0.06053238,0.027960276,1,0,1,0,0,0.0,1.0,1,0.13295346,0.28853452,0.32216144,-2.5135877,131.05548,204.2893524169922,0.6051293900184842
tensor(4695),"tensor(4798., dtype=torch.float64)",tensor(9),0,0,1,0,0,0.017945165,0.5201625,0.91480416,0.33522645,0.11023362,0,0,1,0,0,1.0,0.0,0,0.20568764,0.47983748,0.41167316,-1.8459549,59.750896,135.20765686035156,0.7262014787430684
tensor(4733),"tensor(21541., dtype=torch.float64)",tensor(9),0,0,0,1,0,0.003027429,0.906277,0.47701433,0.9780682,0.815428,0,1,0,1,1,0.5,0.5,1,0.15605372,0.4770143,0.3214922,-2.688267,30.2803,30.28030014038086,0.48336414048059145
tensor(4751),"tensor(3264., dtype=torch.float64)",tensor(9),0,0,1,0,0,0.2753332,0.7435885,0.5074032,0.017188046,0.047748264,0,1,0,0,0,0.0,1.0,1,0.21785557,0.4925968,0.42590275,-1.820228,62.349037,62.349037170410156,0.7504621072088724
tensor(4761),"tensor(9303., dtype=torch.float64)",tensor(9),0,0,1,0,0,0.03961263,0.6301945,0.89012,0.057581972,0.53661746,0,1,1,0,0,0.6666666666666666,0.33333333333333337,1,0.20805252,0.46338254,0.4165105,-1.7510359,46.87465,48.08069610595703,0.7151109057301294
tensor(4861),"tensor(8484., dtype=torch.float64)",tensor(9),0,1,0,0,0,0.051399317,0.93823165,0.32318932,0.5294079,0.5592004,0,1,0,0,0,1.0,0.0,0,0.26954973,0.47059208,0.48824176,-1.3461615,17.582878,17.58287811279297,0.7148798521256932
tensor(4863),"tensor(16346., dtype=torch.float64)",tensor(9),0,0,0,0,1,0.03190758,0.55775386,0.9100869,0.16343486,0.57906115,0,0,1,0,0,0.0,1.0,1,0.22968817,0.44224614,0.45120496,-1.5822085,38.56806,106.54684448242188,0.732902033271719
tensor(4925),"tensor(13415., dtype=torch.float64)",tensor(9),0,1,0,0,0,0.06971044,0.9069489,0.577362,0.111256935,0.11399908,0,1,0,0,0,1.0,0.0,0,0.16213101,0.422638,0.389498,-1.861706,31.378082,31.378082275390625,0.6065157116451017
tensor(4953),"tensor(16348., dtype=torch.float64)",tensor(9),0,1,0,0,0,0.023310408,0.4936982,0.921615,0.1884759,0.80214673,0,0,1,0,1,0.0,1.0,1,0.19634455,0.49369824,0.41198987,-1.8169365,22.19818,22.198179244995117,0.6337800369685768
tensor(4961),"tensor(6777., dtype=torch.float64)",tensor(9),1,0,0,0,0,0.47361252,0.86596775,0.051475976,0.0024398968,0.001171254,1,1,0,0,0,0.6666666666666666,0.33333333333333337,1,0.13254642,0.47361255,0.2629528,-3.5294144,203.81937,203.81936645507812,0.5138632162661738
tensor(4989),"tensor(21679., dtype=torch.float64)",tensor(9),0,0,1,0,0,0.011463592,0.34777257,0.9476759,0.3907599,0.12077184,0,0,1,0,0,1.0,0.0,0,0.18461835,0.3907599,0.39030594,-2.0823421,64.42757,139.5034942626953,0.6853049907578558
tensor(5109),"tensor(17295., dtype=torch.float64)",tensor(9),0,1,0,0,0,0.40439424,0.31695974,0.25551787,0.072076716,0.78937274,0,0,0,0,1,0.0,1.0,1,0.25191522,0.40439427,0.5282781,-1.2201462,43.344696,43.344696044921875,0.7918207024029575
tensor(5139),"tensor(21190., dtype=torch.float64)",tensor(9),0,1,0,0,0,0.012463878,0.9591024,0.54980135,0.5593443,0.7026732,0,1,0,0,0,1.0,0.0,0,0.24830854,0.45019865,0.44413462,-1.7651469,21.596355,21.596355438232422,0.6820702402957487
tensor(5161),"tensor(16546., dtype=torch.float64)",tensor(9),1,0,0,0,0,0.99483454,0.0038656215,0.013508802,0.0029033346,0.0004508413,1,0,0,0,0,1.0,0.0,0,0.005178809,0.013508797,0.030607024,-5.7292175,508.3024,3238.490234375,0.26085951940850277
tensor(5199),"tensor(13233., dtype=torch.float64)",tensor(9),1,0,0,0,0,0.8007394,0.07167287,0.013540673,0.71730894,0.006404018,1,0,0,1,0,0.6666666666666666,0.33333333333333337,1,0.11471385,0.28269106,0.29264557,-2.843235,117.43761,117.43760681152344,0.5249537892791127
tensor(5211),"tensor(12626., dtype=torch.float64)",tensor(9),0,1,1,0,1,0.0005798864,0.057124875,0.9958521,0.038967427,0.9906775,0,0,1,0,1,0.8,0.19999999999999996,1,0.022028446,0.057124853,0.093657576,-4.721604,82.214874,82.21487426757812,0.20517560073937155
tensor(5253),"tensor(8175., dtype=torch.float64)",tensor(9),1,0,0,0,0,0.77073497,0.006261468,0.0058719814,0.85233223,0.22486518,1,0,0,1,0,0.6666666666666666,0.33333333333333337,1,0.12278634,0.22926503,0.31281134,-2.8803496,108.63813,108.63813018798828,0.5406654343807764
tensor(5263),"tensor(15753., dtype=torch.float64)",tensor(9),1,0,0,0,0,0.967198,0.0043238583,0.14250423,0.04400285,0.0031024052,1,0,0,0,0,1.0,0.0,0,0.045347035,0.14250422,0.15663305,-3.8937607,240.52824,3463.603759765625,0.3673752310536045
tensor(5293),"tensor(14465., dtype=torch.float64)",tensor(9),0,1,1,0,1,0.00021031017,0.9338848,0.95335805,0.59097075,0.9118692,0,1,1,0,1,1.0,0.0,0,0.12202549,0.40902925,0.2817329,-3.367363,37.817215,37.81721496582031,0.38562846580406657
tensor(5335),"tensor(19037., dtype=torch.float64)",tensor(9),0,0,1,1,0,0.84898114,0.1386062,0.34093204,0.012953323,0.036897134,1,0,0,0,0,0.0,1.0,1,0.13608152,0.340932,0.33913463,-2.3616166,109.69743,3566.25927734375,0.6224584103512014
tensor(5345),"tensor(20329., dtype=torch.float64)",tensor(9),1,0,0,0,0,0.9767741,0.034576982,0.013908284,0.0029764713,0.0344681,1,0,0,0,0,1.0,0.0,0,0.021831155,0.034577012,0.10083101,-4.0952616,212.62961,3075.51708984375,0.3006007393715342
tensor(5347),"tensor(17734., dtype=torch.float64)",tensor(9),0,1,0,0,0,0.13034253,0.7754785,0.6242068,0.4085328,0.1772796,0,1,0,0,0,1.0,0.0,0,0.26329392,0.4085328,0.54502785,-1.1099615,36.894608,36.89460754394531,0.7846580406654343
tensor(5371),"tensor(8992., dtype=torch.float64)",tensor(9),1,0,0,0,0,0.9286563,0.025170803,0.014051928,0.005317759,0.44512156,1,0,0,0,0,1.0,0.0,0,0.112201095,0.44512153,0.23375598,-3.1850848,166.16624,2987.118896484375,0.48151571164510165
tensor(5377),"tensor(12289., dtype=torch.float64)",tensor(9),1,0,0,0,0,0.91709447,0.5019015,0.010452221,0.011724047,0.0020273244,1,0,0,0,0,1.0,0.0,0,0.12104148,0.4980985,0.2230793,-3.5189755,202.37686,3227.12548828125,0.47573937153419593
tensor(5403),"tensor(19194., dtype=torch.float64)",tensor(9),1,0,0,0,0,0.9870057,0.032904364,0.0017367118,0.013055594,0.008220066,1,0,0,0,0,1.0,0.0,0,0.013782203,0.032904387,0.0688164,-4.636641,261.14548,2865.560546875,0.2737985212569316
tensor(5405),"tensor(19508., dtype=torch.float64)",tensor(9),1,0,0,0,0,0.97651064,0.07775921,0.007335618,0.0061278613,0.0060513895,1,0,0,0,0,1.0,0.0,0,0.024152637,0.07775921,0.10044406,-4.259687,221.42401,3083.68505859375,0.30013863216266173
tensor(5427),"tensor(14119., dtype=torch.float64)",tensor(9),1,0,0,0,0,0.98945063,0.016843952,0.016651714,0.0031590986,0.001774763,1,0,0,0,0,1.0,0.0,0,0.009795785,0.016843975,0.052612253,-4.9545846,353.7724,3190.8662109375,0.2740295748613678
tensor(5437),"tensor(14197., dtype=torch.float64)",tensor(9),0,0,1,0,0,0.10283348,0.4329512,0.8960627,0.016168581,0.20483164,0,0,1,0,0,1.0,0.0,0,0.17214453,0.4329512,0.3877596,-2.0109844,72.0511,120.0974349975586,0.6862292051756007
tensor(5487),"tensor(10480., dtype=torch.float64)",tensor(9),1,0,0,0,0,0.2973451,0.9505082,0.0060396483,0.015487681,0.100739546,0,1,0,0,0,0.0,1.0,1,0.09382075,0.2973451,0.24982294,-3.0519297,84.40912,84.40911865234375,0.43276340110905726
tensor(5579),"tensor(12253., dtype=torch.float64)",tensor(9),1,0,0,0,0,0.97641695,0.0024838995,0.002330862,0.08221031,0.11816336,1,0,0,0,0,1.0,0.0,0,0.045754254,0.11816335,0.15857878,-4.040122,224.08286,2799.125,0.3544362292051756
tensor(5589),"tensor(17964., dtype=torch.float64)",tensor(9),1,0,0,0,0,0.8447769,0.052177716,0.06259677,0.3839868,0.2587408,1,0,0,0,0,1.0,0.0,0,0.18254507,0.38398683,0.4216625,-1.765061,59.791985,3316.37646484375,0.7160351201478742
tensor(5621),"tensor(16080., dtype=torch.float64)",tensor(9),1,0,0,0,0,0.996635,0.0007028409,0.0070373565,0.014962448,0.0004421955,1,0,0,0,0,1.0,0.0,0,0.0053019524,0.014962435,0.03036045,-5.962108,581.3036,3199.2919921875,0.2620147874306839
tensor(5625),"tensor(20009., dtype=torch.float64)",tensor(9),0,0,1,0,1,0.061382584,0.16207004,0.9403352,0.119838186,0.6893211,0,0,1,0,0,0.6666666666666666,0.33333333333333337,1,0.1427269,0.3106789,0.37722617,-1.9837185,30.200235,108.18355560302734,0.5667744916820703
tensor(5655),"tensor(10654., dtype=torch.float64)",tensor(9),1,0,0,0,0,0.97699046,0.001968286,0.0048139202,0.17190827,0.053163342,1,0,0,0,0,1.0,0.0,0,0.05097276,0.17190826,0.16417539,-3.952105,231.48895,2929.2353515625,0.368992606284658
tensor(5665),"tensor(17295., dtype=torch.float64)",tensor(9),0,1,0,0,0,0.06821808,0.27475128,0.92275256,0.045816403,0.6070535,0,0,1,0,0,0.0,1.0,1,0.17179596,0.39294648,0.39299655,-1.9073083,37.74079,98.85368347167969,0.6335489833641405
tensor(5687),"tensor(16438., dtype=torch.float64)",tensor(9),0,0,1,1,1,8.6344386e-05,0.138761,0.9955688,0.89090127,0.9774801,0,0,1,1,1,1.0,0.0,0,0.054979444,0.13876098,0.17687075,-4.49358,69.04689,69.04689025878906,0.26317005545286504
tensor(5731),"tensor(7028., dtype=torch.float64)",tensor(9),1,0,0,0,0,0.979621,0.020330012,0.0122214975,0.014164934,0.02533661,1,0,0,0,0,1.0,0.0,0,0.01848638,0.025336623,0.09146195,-4.0065193,200.3882,3054.711181640625,0.2945933456561922
tensor(5733),"tensor(11021., dtype=torch.float64)",tensor(9),1,0,0,0,0,0.99524224,0.006843593,0.011680079,0.000469695,0.0005276866,1,0,0,0,0,1.0,0.0,0,0.004855752,0.011680067,0.028657567,-5.993667,551.7219,3227.615234375,0.25808687615526804
tensor(5755),"tensor(6338., dtype=torch.float64)",tensor(9),0,1,0,0,0,0.27904916,0.05191796,0.85829854,0.028017338,0.6801919,0,0,1,0,0,0.0,1.0,1,0.16409886,0.31980813,0.3917447,-1.9912714,44.62803,109.12303161621094,0.6367837338262478
tensor(5769),"tensor(8484., dtype=torch.float64)",tensor(9),0,1,1,0,1,9.031397e-05,0.9564765,0.8548994,0.97175884,0.9274123,0,1,1,1,1,0.8571428571428571,0.1428571428571429,1,0.057908654,0.1451006,0.19657747,-4.052314,51.90478,51.904781341552734,0.2680221811460259
tensor(5825),"tensor(823., dtype=torch.float64)",tensor(9),1,0,0,0,0,0.92408013,0.008213522,0.0043644933,0.014765959,0.5695198,1,0,0,0,0,1.0,0.0,0,0.10674876,0.43048018,0.22094679,-3.4406345,179.81778,2742.190185546875,0.4551756007393715
tensor(5857),"tensor(14338., dtype=torch.float64)",tensor(9),0,1,0,1,0,0.04106861,0.6931785,0.0071681584,0.9836623,0.58100253,0,1,0,1,0,1.0,0.0,0,0.15807867,0.41899747,0.31875733,-2.6642404,49.24874,49.248741149902344,0.5390480591497228
tensor(5861),"tensor(19492., dtype=torch.float64)",tensor(9),0,0,1,0,0,0.14310427,0.88094246,0.4336097,0.14694746,0.48661155,0,1,0,0,0,0.0,1.0,1,0.2658661,0.48661155,0.5140147,-1.1741159,25.418243,25.418243408203125,0.7456099815157117
tensor(5863),"tensor(9194., dtype=torch.float64)",tensor(9),0,1,0,0,0,0.0001750103,0.99018025,0.24966915,0.9966538,0.5768394,0,1,0,1,0,0.6666666666666666,0.33333333333333337,1,0.13723409,0.4231606,0.26450744,-4.074152,62.205475,62.205474853515625,0.405268022181146
tensor(5889),"tensor(17657., dtype=torch.float64)",tensor(9),0,1,0,0,0,0.00026887143,0.9932133,0.40081674,0.893916,0.89118475,0,1,0,1,1,0.5,0.5,1,0.12455428,0.40081674,0.27974975,-3.568667,48.902367,48.902366638183594,0.4045748613678373
tensor(5923),"tensor(20812., dtype=torch.float64)",tensor(9),1,0,0,1,0,0.8357538,0.023078274,0.049347904,0.52733827,0.24281004,1,0,0,0,0,0.6666666666666666,0.33333333333333337,1,0.19042885,0.47266173,0.39979458,-1.9155066,66.13942,3260.072509765625,0.7128003696857671
tensor(5925),"tensor(16910., dtype=torch.float64)",tensor(9),0,0,0,1,0,0.00399873,0.06717559,0.05148547,0.99971145,0.4776091,0,0,0,1,0,1.0,0.0,0,0.120111465,0.4776091,0.23399849,-3.8604293,46.98963,46.98963165283203,0.35050831792975967
tensor(5927),"tensor(13482., dtype=torch.float64)",tensor(9),0,1,0,0,0,0.0017489925,0.99873096,0.15162294,0.07893899,0.12666726,0,1,0,0,0,1.0,0.0,0,0.07204944,0.15162295,0.22085388,-3.824942,52.332897,52.3328971862793,0.30429759704251386
tensor(5943),"tensor(7252., dtype=torch.float64)",tensor(9),0,0,0,1,0,0.1813659,0.057734415,0.09027381,0.9860271,0.3191768,0,0,0,1,0,1.0,0.0,0,0.13250476,0.3191768,0.3394224,-2.3247952,25.999777,25.99977684020996,0.4921441774491682
tensor(5945),"tensor(3122., dtype=torch.float64)",tensor(9),1,0,0,0,0,0.95492005,0.0029847312,0.009060105,0.13902335,0.18264574,1,0,0,0,0,1.0,0.0,0,0.075758755,0.18264574,0.22686085,-3.376234,161.91936,2980.576171875,0.4228280961182994
tensor(5949),"tensor(3483., dtype=torch.float64)",tensor(9),0,0,1,0,0,0.028238848,0.2925703,0.9525441,0.03986962,0.20013334,0,0,1,0,0,1.0,0.0,0,0.12165356,0.2925703,0.31841493,-2.3975189,81.61958,127.87721252441406,0.5630776340110906
tensor(5955),"tensor(20843., dtype=torch.float64)",tensor(9),0,0,0,0,1,0.37484753,0.2553762,0.6326316,0.15787633,0.7412182,0,0,0,0,0,0.0,1.0,1,0.2828501,0.37484753,0.57902014,-0.97031325,34.446632,34.446632385253906,0.7925138632162662
tensor(5961),"tensor(9038., dtype=torch.float64)",tensor(9),1,0,0,1,0,0.9107801,0.016109455,0.007932836,0.63206935,0.009191184,1,0,0,0,0,0.6666666666666666,0.33333333333333337,1,0.09807682,0.36793065,0.22791605,-3.2970932,147.87561,3123.8388671875,0.44477818853974116
tensor(6011),"tensor(7745., dtype=torch.float64)",tensor(9),0,1,0,0,0,0.0010238932,0.98964244,0.74516594,0.45434746,0.36141515,0,1,1,0,0,0.6666666666666666,0.33333333333333337,1,0.21639562,0.4543475,0.39529902,-2.653616,28.572613,28.572612762451172,0.5912661737523105
tensor(6031),"tensor(14402., dtype=torch.float64)",tensor(9),1,0,0,0,0,0.77369696,0.0074148565,0.6923147,0.020813871,0.015119796,1,0,0,0,0,1.0,0.0,0,0.11546743,0.30768532,0.27506632,-2.9929423,178.10782,3639.409423828125,0.5304990757855823
tensor(6057),"tensor(7969., dtype=torch.float64)",tensor(9),0,0,0,1,0,0.67172927,0.13136846,0.0059586167,0.77212316,0.0024178077,1,0,0,1,0,0.6666666666666666,0.33333333333333337,1,0.13917845,0.32827073,0.3224147,-2.9929366,149.57422,149.57421875,0.5813308687615527
tensor(6067),"tensor(3191., dtype=torch.float64)",tensor(9),0,1,0,0,0,0.58988297,0.80332494,0.06585099,0.034670167,0.029770078,1,1,0,0,0,0.6666666666666666,0.33333333333333337,1,0.14741671,0.41011703,0.33999848,-2.2467098,65.940445,65.94044494628906,0.6065157116451017
tensor(6073),"tensor(1107., dtype=torch.float64)",tensor(9),0,0,1,1,0,0.008033431,0.84019166,0.23646775,0.9900114,0.16754234,0,1,0,1,0,0.5,0.5,1,0.116368115,0.23646772,0.3081997,-2.7694592,19.230755,19.230754852294922,0.39487060998151574
tensor(6097),"tensor(4982., dtype=torch.float64)",tensor(9),1,0,0,0,0,0.8741068,0.07380443,0.010276781,0.107075,0.39592707,1,0,0,0,0,1.0,0.0,0,0.14259529,0.39592707,0.3421652,-2.3156824,101.681145,2989.306640625,0.6317005545286507
tensor(6109),"tensor(7594., dtype=torch.float64)",tensor(9),1,0,0,1,0,0.7423436,0.14427742,0.04683826,0.17898488,0.55180746,1,0,0,0,0,0.6666666666666666,0.33333333333333337,1,0.21518993,0.44819254,0.46599254,-1.5165389,70.88075,3203.4619140625,0.7927449168207024
tensor(6111),"tensor(2090., dtype=torch.float64)",tensor(9),1,0,0,0,0,0.6962863,0.0029616992,0.15248145,0.061815545,0.7972124,1,0,0,0,1,0.6666666666666666,0.33333333333333337,1,0.14475203,0.30371368,0.3594689,-2.4905448,108.29461,108.29460906982422,0.6344731977818854
tensor(6115),"tensor(4861., dtype=torch.float64)",tensor(9),0,1,0,1,0,0.026972214,0.9468016,0.04113412,0.81943893,0.7564615,0,1,0,1,0,1.0,0.0,0,0.10908091,0.2435385,0.30615622,-2.4519012,34.788483,34.788482666015625,0.45563770794824393
tensor(6135),"tensor(5382., dtype=torch.float64)",tensor(9),0,0,1,0,1,0.0005109373,0.28673148,0.9882935,0.67335564,0.96256715,0,0,1,1,1,0.8,0.19999999999999996,1,0.1326052,0.32664436,0.29175216,-3.3792725,32.172394,32.172393798828125,0.38585951940850277
tensor(6153),"tensor(3064., dtype=torch.float64)",tensor(9),0,0,0,1,0,0.00052299915,0.069961384,0.28766066,0.9998234,0.8256745,0,0,0,1,1,0.6666666666666666,0.33333333333333337,1,0.106529415,0.28766066,0.26448783,-4.2492547,65.50747,65.5074691772461,0.3655268022181146
tensor(6187),"tensor(13784., dtype=torch.float64)",tensor(9),1,0,0,0,0,0.96976656,0.1566811,0.010402206,0.0055636847,0.004550248,1,0,0,0,0,1.0,0.0,0,0.041486144,0.15668112,0.1382058,-4.05609,217.66176,3151.7861328125,0.341728280961183
tensor(6191),"tensor(7156., dtype=torch.float64)",tensor(9),1,0,0,0,0,0.9090042,0.011856153,0.08408517,0.1291349,0.24144526,1,0,0,0,0,1.0,0.0,0,0.11150342,0.24144524,0.31906325,-2.4332025,105.28087,3321.189453125,0.5660813308687616
tensor(6221),"tensor(11885., dtype=torch.float64)",tensor(9),0,1,1,0,0,0.0027848603,0.8709514,0.7551511,0.95687747,0.70396584,0,1,1,1,0,0.8,0.19999999999999996,1,0.1431678,0.29603416,0.34911102,-2.5764656,25.540998,25.540998458862305,0.49029574861367836
tensor(6233),"tensor(18411., dtype=torch.float64)",tensor(9),0,0,1,0,0,0.6695561,0.032721907,0.42491305,0.08692657,0.63070107,1,0,0,0,0,0.0,1.0,1,0.24886084,0.42491305,0.4828702,-1.4564469,57.428524,3522.79736328125,0.7987523105360443
tensor(6241),"tensor(14331., dtype=torch.float64)",tensor(9),0,1,0,0,1,0.02197394,0.98766184,0.1436477,0.060001526,0.52539593,0,1,0,0,0,0.6666666666666666,0.33333333333333337,1,0.1425131,0.47460407,0.3004945,-2.5633645,27.238832,27.238832473754883,0.4597966728280961
tensor(6255),"tensor(8492., dtype=torch.float64)",tensor(9),0,1,0,0,0,0.81140393,0.31925997,0.06754263,0.018865447,0.37406734,1,0,0,0,0,0.0,1.0,1,0.19366628,0.3740673,0.4224804,-1.8615166,80.0909,3318.40673828125,0.7474584103512014
tensor(6263),"tensor(13296., dtype=torch.float64)",tensor(9),1,0,0,1,0,0.97131,0.002691987,0.040959883,0.23726627,0.0011445045,1,0,0,0,0,0.6666666666666666,0.33333333333333337,1,0.062150598,0.2372663,0.17531261,-4.105916,281.66544,3377.59716796875,0.3914048059149723
tensor(6281),"tensor(16104., dtype=torch.float64)",tensor(9),1,0,0,0,0,0.948114,0.083418205,0.008096203,0.011480269,0.15127769,1,0,0,0,0,1.0,0.0,0,0.061231732,0.15127766,0.20514908,-3.2581267,148.4219,2961.216552734375,0.4018022181146026
tensor(6285),"tensor(13634., dtype=torch.float64)",tensor(9),0,1,0,0,1,0.0069202823,0.97356105,0.5654372,0.6209705,0.3979698,0,1,0,0,0,0.6666666666666666,0.33333333333333337,1,0.24898434,0.4345628,0.43675503,-1.9486675,19.850344,19.850343704223633,0.6624306839186691
tensor(6289),"tensor(10880., dtype=torch.float64)",tensor(9),1,0,0,0,0,0.4171201,0.22344548,0.7670382,0.22392082,0.16970228,0,0,1,0,0,0.0,1.0,1,0.25343013,0.4171201,0.5481299,-1.120534,54.88767,141.11729431152344,0.821626617375231
tensor(6319),"tensor(10181., dtype=torch.float64)",tensor(9),0,0,0,0,1,0.9937896,0.00048727807,0.0040829456,0.03093395,0.015231246,1,0,0,0,0,0.0,1.0,1,0.011389136,0.030933976,0.05706192,-5.1623735,357.46628,2954.52392578125,0.275184842883549
tensor(6323),"tensor(2713., dtype=torch.float64)",tensor(9),1,0,0,0,0,0.98484206,0.0042596282,0.010205417,0.081697,0.010454495,1,0,0,0,0,1.0,0.0,0,0.024354935,0.08169699,0.10079243,-4.2345123,228.55861,3095.37548828125,0.30614602587800366
tensor(6329),"tensor(6421., dtype=torch.float64)",tensor(9),1,0,1,0,0,0.0064264764,0.95300066,0.78568536,0.20482968,0.46416515,0,1,1,0,0,0.5,0.5,1,0.18734705,0.46416515,0.389129,-2.1698873,24.735401,24.735401153564453,0.592652495378928
tensor(6335),"tensor(6787., dtype=torch.float64)",tensor(9),0,0,1,0,0,0.07785103,0.6879454,0.8149441,0.19441658,0.43009838,0,1,1,0,0,0.6666666666666666,0.33333333333333337,1,0.23989534,0.4300984,0.50982094,-1.2895832,38.652664,38.65266418457031,0.769177449168207
tensor(6359),"tensor(2267., dtype=torch.float64)",tensor(9),0,0,1,0,0,0.0403888,0.6734725,0.87915546,0.05910182,0.21535562,0,1,1,0,0,0.6666666666666666,0.33333333333333337,1,0.1524437,0.32652748,0.38298598,-1.9873759,48.343132,48.34313201904297,0.6319316081330868
tensor(6365),"tensor(13919., dtype=torch.float64)",tensor(9),1,0,0,0,0,0.9966114,0.0021200094,0.0061306325,0.008067645,0.00010629479,1,0,0,0,0,1.0,0.0,0,0.003962636,0.0080676675,0.02463343,-6.1774893,617.6581,3256.34619140625,0.256007393715342
tensor(6377),"tensor(629., dtype=torch.float64)",tensor(9),0,0,1,0,0,0.54823524,0.6812142,0.2548006,0.08978087,0.061709706,1,1,0,0,0,0.0,1.0,1,0.23536831,0.45176476,0.48313236,-1.4128006,47.31424,47.314239501953125,0.7777264325323474
tensor(6431),"tensor(19907., dtype=torch.float64)",tensor(9),1,0,0,0,0,0.9393679,0.014552585,0.008898986,0.038618732,0.30121297,1,0,0,0,0,1.0,0.0,0,0.08478308,0.30121297,0.22620063,-3.1449504,156.77406,2931.173828125,0.44593345656192235
tensor(6439),"tensor(19985., dtype=torch.float64)",tensor(9),0,0,0,1,0,0.6424627,0.012746923,0.005262929,0.9750938,0.00263323,1,0,0,1,0,0.6666666666666666,0.33333333333333337,1,0.08061731,0.35753733,0.17759165,-3.9563642,200.71912,200.7191162109375,0.3853974121996303
tensor(6445),"tensor(18186., dtype=torch.float64)",tensor(9),0,1,1,1,0,0.00085859746,0.8997063,0.9404027,0.22438204,0.9323106,0,1,1,0,1,0.6666666666666666,0.33333333333333337,1,0.09056425,0.22438204,0.26770505,-3.175012,30.369564,30.369564056396484,0.3338724584103512
tensor(6469),"tensor(4330., dtype=torch.float64)",tensor(9),0,1,0,1,0,0.23187186,0.9230597,0.095539354,0.1395551,0.14026128,0,1,0,0,0,0.6666666666666666,0.33333333333333337,1,0.13683355,0.23187184,0.38750452,-1.9124699,24.760391,24.760391235351562,0.5554528650646952
tensor(6481),"tensor(2133., dtype=torch.float64)",tensor(9),1,0,0,0,0,0.30040538,0.006972328,0.14769815,0.048238087,0.9574243,0,0,0,0,1,0.0,1.0,1,0.10917789,0.30040538,0.2881627,-2.7304153,110.31209,110.31208801269531,0.5191774491682071
tensor(6487),"tensor(7131., dtype=torch.float64)",tensor(9),0,1,1,0,1,0.0048536616,0.9244181,0.8408887,0.29124904,0.8191953,0,1,1,0,1,1.0,0.0,0,0.14232004,0.29124904,0.36252347,-2.3784378,32.790554,32.79055404663086,0.5390480591497228
tensor(6493),"tensor(15171., dtype=torch.float64)",tensor(9),1,0,0,0,0,0.96018595,0.0042975433,0.07611613,0.17068617,0.006175287,1,0,0,0,0,1.0,0.0,0,0.059417903,0.17068619,0.19175692,-3.5572834,189.22462,3370.63720703125,0.39094269870609977
tensor(6505),"tensor(11903., dtype=torch.float64)",tensor(9),0,0,0,1,0,0.004008709,0.023595383,0.5006632,0.99931407,0.16447544,0,0,0,1,0,1.0,0.0,0,0.13842046,0.49933678,0.25673833,-3.6300232,75.71194,75.7119369506836,0.4420055452865065
tensor(6515),"tensor(12961., dtype=torch.float64)",tensor(9),0,0,1,0,0,0.5521569,0.49321252,0.4246659,0.16777472,0.086562365,1,0,0,0,0,0.0,1.0,1,0.32401168,0.49321252,0.5618713,-0.899604,48.92526,3721.83984375,0.8315619223659889
tensor(6517),"tensor(1033., dtype=torch.float64)",tensor(9),0,0,0,1,0,0.00073296204,0.64230525,0.92156166,0.97882825,0.8476366,0,1,1,1,1,0.4,0.6,1,0.12208021,0.35769475,0.29247886,-3.1633384,37.7875,37.787498474121094,0.4075785582255083
tensor(6547),"tensor(5383., dtype=torch.float64)",tensor(9),0,1,0,0,0,0.0010809004,0.99540097,0.5092153,0.52248925,0.37728408,0,1,0,0,0,1.0,0.0,0,0.27025187,0.4907847,0.41712683,-2.5668314,28.061188,28.061187744140625,0.6312384473197782
tensor(6563),"tensor(6070., dtype=torch.float64)",tensor(9),0,0,0,1,0,0.01950437,0.17612697,0.053993054,0.99860877,0.028021881,0,0,0,1,0,1.0,0.0,0,0.05580747,0.17612696,0.18200412,-3.6892266,61.969,61.96900177001953,0.29390018484288355
tensor(6581),"tensor(20675., dtype=torch.float64)",tensor(9),0,0,0,0,1,0.7895391,0.016017644,0.022330735,0.12679666,0.65290385,1,0,0,0,0,0.0,1.0,1,0.14454043,0.34709615,0.34590635,-2.356137,103.93876,2982.48095703125,0.6344731977818854
tensor(6585),"tensor(14204., dtype=torch.float64)",tensor(9),0,1,0,0,0,0.0002900776,0.97330093,0.86863035,0.8302255,0.80696034,0,1,1,1,1,0.4,0.6,1,0.104234576,0.19303966,0.29216748,-3.3295288,39.614006,39.61400604248047,0.3786968576709797
tensor(6589),"tensor(853., dtype=torch.float64)",tensor(9),0,0,0,1,0,0.00079952035,0.022293326,0.10074588,0.99987125,0.8344135,0,0,0,1,1,0.6666666666666666,0.33333333333333337,1,0.05791074,0.16558647,0.17803101,-4.735009,89.70627,89.70626831054688,0.2786506469500924
tensor(6615),"tensor(15212., dtype=torch.float64)",tensor(9),0,0,1,0,0,0.117044196,0.33493617,0.8764757,0.12095128,0.70268613,0,0,1,0,0,1.0,0.0,0,0.19875395,0.33493614,0.46997786,-1.5019424,30.963022,106.42581939697266,0.7019408502772643
tensor(6667),"tensor(3794., dtype=torch.float64)",tensor(9),1,0,0,0,0,0.8586603,0.03981265,0.25261202,0.003357858,0.24637501,1,0,0,0,0,1.0,0.0,0,0.1366995,0.252612,0.3441441,-2.5766017,146.87422,3445.722900390625,0.6263863216266174
tensor(6697),"tensor(4314., dtype=torch.float64)",tensor(9),0,0,1,0,0,0.04715393,0.40249366,0.86396074,0.15273447,0.9122472,0,0,1,0,1,0.6666666666666666,0.33333333333333337,1,0.16523486,0.40249366,0.39729935,-1.8608812,14.681427,14.681427001953125,0.5767097966728282
tensor(6731),"tensor(6579., dtype=torch.float64)",tensor(9),0,0,1,0,0,0.1633534,0.13475983,0.9013019,0.08697266,0.5717178,0,0,1,0,0,1.0,0.0,0,0.18241322,0.4282822,0.42820787,-1.6689618,38.902496,111.59457397460938,0.6848428835489834
tensor(6753),"tensor(14774., dtype=torch.float64)",tensor(9),1,0,0,0,0,0.84551656,0.015585982,0.031258166,0.06811271,0.58439875,1,0,0,0,0,1.0,0.0,0,0.13700831,0.41560125,0.31547636,-2.4472318,109.92443,3050.40478515625,0.5984288354898337
tensor(6771),"tensor(13065., dtype=torch.float64)",tensor(9),1,0,0,0,0,0.98075587,0.02578212,0.003528218,0.15792127,0.0013609105,1,0,0,0,0,1.0,0.0,0,0.041567326,0.15792125,0.13696724,-4.295703,285.63116,3066.259033203125,0.35050831792975967
tensor(6781),"tensor(3051., dtype=torch.float64)",tensor(9),0,0,0,1,0,0.69010055,0.16881692,0.2519858,0.19847919,0.52422184,1,0,0,0,0,0.0,1.0,1,0.2809919,0.47577816,0.5655583,-0.99509287,56.882492,3517.22265625,0.838724584103512
tensor(6803),"tensor(10368., dtype=torch.float64)",tensor(9),0,1,0,1,0,0.6220869,0.71216905,0.00461927,0.25686133,0.002717202,1,1,0,0,0,0.5,0.5,1,0.1859883,0.37791312,0.37623912,-2.7490048,148.27504,148.27503967285156,0.688539741219963
tensor(6837),"tensor(12779., dtype=torch.float64)",tensor(9),1,0,0,1,0,0.44110006,0.41405758,0.027917612,0.853322,0.05428912,1,0,0,1,0,1.0,0.0,0,0.21680844,0.44110006,0.42395607,-1.7505219,42.30313,42.303131103515625,0.7178835489833642
tensor(6865),"tensor(18726., dtype=torch.float64)",tensor(9),1,0,0,0,0,0.995786,0.0009970636,0.0082230065,0.019972447,0.00024907716,1,0,0,0,0,1.0,0.0,0,0.0067311525,0.019972444,0.036610745,-5.8716245,579.9293,3237.682861328125,0.26686691312384475
tensor(6953),"tensor(18245., dtype=torch.float64)",tensor(9),0,0,1,0,0,0.04908741,0.27407312,0.9242882,0.40486318,0.36052373,0,0,1,0,0,1.0,0.0,0,0.23285186,0.40486318,0.4759819,-1.4796597,47.19111,125.46284484863281,0.770101663585952
tensor(6985),"tensor(14958., dtype=torch.float64)",tensor(9),1,0,0,0,0,0.6597104,0.0060631656,0.6302151,0.02646411,0.5840956,1,0,0,0,0,1.0,0.0,0,0.23170125,0.4159044,0.4276464,-2.047868,93.65715,3549.09619140625,0.7751848428835489
tensor(6987),"tensor(13822., dtype=torch.float64)",tensor(9),0,1,1,0,0,0.015325844,0.54544586,0.937525,0.19239591,0.78694296,0,0,1,0,1,0.5,0.5,1,0.18756163,0.45455414,0.40192693,-1.9589293,24.498182,24.49818229675293,0.6134473197781884
tensor(6999),"tensor(18284., dtype=torch.float64)",tensor(9),1,0,0,0,0,0.42979765,0.03767346,0.59552646,0.018144941,0.8309328,0,0,0,0,1,0.0,1.0,1,0.21183133,0.42979765,0.41273063,-1.8986477,57.91969,57.9196891784668,0.7245841035120149
tensor(7023),"tensor(13908., dtype=torch.float64)",tensor(9),0,1,1,0,0,0.0022106932,0.73375654,0.96571934,0.044681944,0.91584116,0,1,1,0,1,0.8,0.19999999999999996,1,0.086315155,0.26624346,0.24317841,-3.1827812,32.73454,32.73453903198242,0.3211645101663586
tensor(7027),"tensor(13822., dtype=torch.float64)",tensor(9),0,0,1,0,0,0.0045648613,0.31796226,0.9683526,0.69274735,0.5210908,0,0,1,1,0,0.6666666666666666,0.33333333333333337,1,0.22806728,0.4789092,0.42080897,-2.0932586,47.393986,49.34652328491211,0.7091035120147875
tensor(7045),"tensor(19599., dtype=torch.float64)",tensor(9),1,0,0,0,0,0.97970927,0.014641383,0.0058233263,0.15608725,0.005739295,1,0,0,0,0,1.0,0.0,0,0.040516376,0.15608728,0.13595653,-4.013717,249.75815,3046.48828125,0.354898336414048
tensor(7091),"tensor(1866., dtype=torch.float64)",tensor(9),1,0,0,0,0,0.89460987,0.089487195,0.13475485,0.13747248,0.075076945,1,0,0,0,0,1.0,0.0,0,0.108436406,0.13747251,0.340074,-2.1331654,75.38298,3469.115234375,0.5767097966728281
tensor(7093),"tensor(2001., dtype=torch.float64)",tensor(9),0,1,0,1,0,0.0035902099,0.92559814,0.71569645,0.93332285,0.6049527,0,1,1,1,0,0.8,0.19999999999999996,1,0.16480398,0.3950473,0.36031127,-2.427031,29.095486,29.09548568725586,0.5425138632162663
tensor(7123),"tensor(11142., dtype=torch.float64)",tensor(9),0,1,0,0,0,0.2328533,0.8814177,0.13158043,0.028634753,0.55471915,0,1,0,0,0,1.0,0.0,0,0.19138634,0.44528085,0.42265654,-1.7658176,37.373787,37.37378692626953,0.6816081330868761
tensor(7129),"tensor(19643., dtype=torch.float64)",tensor(9),1,0,0,0,0,0.93664974,0.010258271,0.018552307,0.53799975,0.006929333,1,0,0,0,0,1.0,0.0,0,0.11221808,0.46200025,0.22344749,-3.269751,166.34375,3229.32177734375,0.46811460258780035
tensor(7153),"tensor(8651., dtype=torch.float64)",tensor(9),0,1,0,0,0,0.7944522,0.25773108,0.2433408,0.01989729,0.010990363,1,0,0,0,0,0.0,1.0,1,0.14750147,0.25773108,0.35834238,-2.3881955,109.37575,3579.111083984375,0.6476432532347505
tensor(7183),"tensor(8651., dtype=torch.float64)",tensor(9),0,1,0,0,0,0.8604871,0.23693296,0.19743046,0.012619441,0.04638244,1,0,0,0,0,0.0,1.0,1,0.12657565,0.236933,0.34077144,-2.3549004,96.81923,3515.669921875,0.6048983364140481
tensor(7191),"tensor(17069., dtype=torch.float64)",tensor(9),0,0,1,0,0,0.045141447,0.17237523,0.90433764,0.11608496,0.0144056,0,0,1,0,0,1.0,0.0,0,0.08873397,0.1723752,0.27869323,-2.6245387,112.01092,183.95155334472656,0.5011552680221811
tensor(7205),"tensor(21697., dtype=torch.float64)",tensor(9),1,0,0,0,0,0.9872953,0.06844648,0.010216854,0.00017574357,0.0028938844,1,0,0,0,0,1.0,0.0,0,0.01888752,0.06844646,0.079237394,-5.205163,407.09457,3178.752197265625,0.2941312384473198
tensor(7245),"tensor(10190., dtype=torch.float64)",tensor(9),1,0,0,0,0,0.97763926,0.008675334,0.01806058,0.028580675,0.046950363,1,0,0,0,0,1.0,0.0,0,0.02492553,0.04695034,0.113302544,-3.809758,190.6143,3115.2109375,0.31931608133086875
tensor(7263),"tensor(19612., dtype=torch.float64)",tensor(9),1,0,0,0,0,0.9811381,0.044925738,0.0050402796,0.0011273754,0.041185778,1,0,0,0,0,1.0,0.0,0,0.022228241,0.04492575,0.09780722,-4.4455853,261.82275,2963.5380859375,0.30291127541589646
tensor(7279),"tensor(9621., dtype=torch.float64)",tensor(9),1,0,0,0,0,0.9728927,0.030859392,0.06383388,0.0134341,0.0033330794,1,0,0,0,0,1.0,0.0,0,0.027713597,0.06383389,0.11864537,-3.9419808,230.97595,3364.463623046875,0.3338724584103512
tensor(7281),"tensor(11903., dtype=torch.float64)",tensor(9),0,0,1,0,0,0.18970974,0.031168954,0.034860097,0.99289894,0.19723018,0,0,0,1,0,0.0,1.0,1,0.092014015,0.19723016,0.26291624,-2.9107156,51.0551,51.05509948730469,0.4096580406654344
tensor(7347),"tensor(14255., dtype=torch.float64)",tensor(9),1,0,0,0,0,0.9876702,0.043181453,0.012745908,0.00085565564,0.0034111755,1,0,0,0,0,1.0,0.0,0,0.01450479,0.04318148,0.06846599,-4.9142632,345.3844,3171.2392578125,0.283271719038817
tensor(7411),"tensor(9068., dtype=torch.float64)",tensor(9),0,0,1,1,0,0.0036988754,0.27941105,0.9648848,0.87190837,0.48249844,0,0,1,1,0,1.0,0.0,0,0.185763,0.4824984,0.36883488,-2.3689508,45.185555,45.18555450439453,0.6185304990757856
tensor(7419),"tensor(17395., dtype=torch.float64)",tensor(9),0,0,0,1,0,0.9770801,0.1283039,0.0052392865,0.0042260913,0.0088785775,1,0,0,0,0,0.0,1.0,1,0.033913612,0.12830389,0.12063722,-4.2184715,229.93857,3033.04736328125,0.3290203327171904
tensor(7421),"tensor(9659., dtype=torch.float64)",tensor(9),1,0,0,0,0,0.92372906,0.04331432,0.025865508,0.31078267,0.0372573,1,0,0,0,0,1.0,0.0,0,0.09869814,0.31078267,0.26936382,-2.6532319,94.51853,3231.988525390625,0.4914510166358595
tensor(7435),"tensor(13885., dtype=torch.float64)",tensor(9),1,0,0,0,0,0.9873453,0.00054405845,0.0024838028,0.022418799,0.10782023,1,0,0,0,0,1.0,0.0,0,0.029184341,0.10782021,0.107825235,-4.751353,337.0127,2796.8212890625,0.3200092421441775
tensor(7437),"tensor(8219., dtype=torch.float64)",tensor(9),0,0,1,0,0,0.00958562,0.8940044,0.8538732,0.06506178,0.5976001,0,1,1,0,0,0.6666666666666666,0.33333333333333337,1,0.14583397,0.4023999,0.34454536,-2.3192198,36.31774,36.31774139404297,0.5466728280961183
tensor(7441),"tensor(8219., dtype=torch.float64)",tensor(9),0,1,0,0,1,0.058176093,0.42942035,0.92569804,0.0014551163,0.10721221,0,0,1,0,0,0.0,1.0,1,0.13411313,0.42942035,0.3042608,-2.8483448,132.27115,158.93252563476562,0.5656192236598891
tensor(7493),"tensor(8748., dtype=torch.float64)",tensor(9),0,0,0,1,0,0.701458,0.020507293,0.001801696,0.9421905,0.0006334438,1,0,0,1,0,0.6666666666666666,0.33333333333333337,1,0.07585877,0.29854202,0.1898022,-4.2384977,265.35107,265.35107421875,0.3955637707948244
tensor(7505),"tensor(12474., dtype=torch.float64)",tensor(9),0,0,0,0,0,0.19652422,0.55490816,0.6851258,0.24058577,0.08534193,0,0,0,0,0,1.0,0.0,0,0.2564836,0.44509184,0.5297954,-1.1854936,48.03888,48.03887939453125,0.807532347504621
tensor(7601),"tensor(15914., dtype=torch.float64)",tensor(9),0,1,1,1,0,0.00093649956,0.97925913,0.74878085,0.83509284,0.5655962,0,1,1,1,0,1.0,0.0,0,0.17444152,0.43440378,0.36085612,-2.7610598,28.0349,28.034900665283203,0.5175600739371534
tensor(7649),"tensor(15009., dtype=torch.float64)",tensor(9),1,0,0,0,0,0.9942106,0.017690528,0.0038494405,0.0067196367,0.00044567315,1,0,0,0,0,1.0,0.0,0,0.006898999,0.01769054,0.03878992,-5.4860435,446.4934,3109.57861328125,0.2659426987060998
tensor(7653),"tensor(14935., dtype=torch.float64)",tensor(9),0,1,0,0,0,0.00032883685,0.95631254,0.9317016,0.21396227,0.9415703,0,1,1,0,1,0.5,0.5,1,0.07694131,0.21396226,0.23469123,-3.5599399,45.648186,45.64818572998047,0.3153881700554529
tensor(7671),"tensor(13622., dtype=torch.float64)",tensor(9),1,0,0,0,0,0.97362995,0.29035145,0.0032067131,0.011583083,5.3722033e-05,1,0,0,0,0,1.0,0.0,0,0.06631297,0.29035145,0.16194159,-4.9039946,517.6372,3262.7314453125,0.381007393715342
tensor(7675),"tensor(10206., dtype=torch.float64)",tensor(9),1,0,0,0,0,0.9196687,0.37519526,0.031918503,0.0036339872,0.029814124,1,0,0,0,0,1.0,0.0,0,0.10417861,0.37519526,0.24814525,-3.0912533,145.74835,3295.829833984375,0.4801293900184843
tensor(7701),"tensor(1299., dtype=torch.float64)",tensor(9),1,0,0,0,0,0.9438428,0.01276546,0.09634683,0.018913077,0.16122575,1,0,0,0,0,1.0,0.0,0,0.069081604,0.16122574,0.2274141,-3.001281,155.32446,3301.663330078125,0.44454713493530496
tensor(7725),"tensor(16393., dtype=torch.float64)",tensor(9),0,0,0,1,0,0.10061849,0.015987242,0.04739938,0.9967871,0.28941876,0,0,0,1,0,1.0,0.0,0,0.09132737,0.28941876,0.24449778,-3.1892695,60.302143,60.30214309692383,0.3856284658040665
tensor(7753),"tensor(16513., dtype=torch.float64)",tensor(9),0,1,0,0,0,0.15950002,0.8853154,0.21630664,0.092950396,0.02434881,0,1,0,0,0,1.0,0.0,0,0.12155807,0.21630663,0.3482112,-2.192357,45.27237,45.272369384765625,0.5494454713493531
tensor(7767),"tensor(17183., dtype=torch.float64)",tensor(9),0,0,1,1,1,0.00057352206,0.96021247,0.7479428,0.90983355,0.8940294,0,1,1,1,1,0.8571428571428571,0.1428571428571429,1,0.09771097,0.2520572,0.27552718,-3.2357185,39.194935,39.1949348449707,0.3657578558225508
tensor(7771),"tensor(14938., dtype=torch.float64)",tensor(9),1,0,0,0,0,0.96610236,0.011583634,0.10892421,0.010328777,0.03497201,1,0,0,0,0,1.0,0.0,0,0.03994119,0.10892421,0.15291734,-3.555652,193.29727,3380.65283203125,0.36021256931608137
tensor(7821),"tensor(18347., dtype=torch.float64)",tensor(9),0,0,1,0,1,0.00036929644,0.01900203,0.9969709,0.26285523,0.98551404,0,0,1,0,1,1.0,0.0,0,0.059948325,0.26285523,0.15395078,-4.5790358,87.71666,87.71665954589844,0.27148798521256934
tensor(7829),"tensor(11445., dtype=torch.float64)",tensor(9),0,1,0,1,0,0.0035452717,0.40204832,0.7990014,0.9917447,0.55565095,0,0,1,1,0,0.5,0.5,1,0.21183932,0.44434905,0.3867841,-2.4855454,19.736282,19.736282348632812,0.5739371534195934
tensor(7839),"tensor(10550., dtype=torch.float64)",tensor(9),1,0,0,0,0,0.90762913,0.0055043544,0.018709866,0.02361878,0.5382664,1,0,0,0,0,1.0,0.0,0,0.120387435,0.46173358,0.24742207,-3.063343,158.43365,2976.37548828125,0.5083179297597042
tensor(7855),"tensor(16859., dtype=torch.float64)",tensor(9),1,0,0,0,0,0.880169,0.3823307,0.024714319,0.014330111,0.09098569,1,0,0,0,0,1.0,0.0,0,0.12643832,0.38233066,0.3055033,-2.5363326,92.60202,3231.828857421875,0.5579944547134935
tensor(7871),"tensor(10463., dtype=torch.float64)",tensor(9),1,0,0,0,0,0.9904985,0.00053765235,0.03239932,0.019597393,0.005997839,1,0,0,0,0,1.0,0.0,0,0.013606727,0.032399297,0.06688084,-4.918822,334.84015,3258.85791015625,0.27749537892791126
tensor(7879),"tensor(20610., dtype=torch.float64)",tensor(9),1,0,0,0,0,0.9712064,0.003797191,0.010627304,0.0112555185,0.1926359,1,0,0,0,0,1.0,0.0,0,0.049421906,0.1926359,0.15321162,-3.906054,223.98135,2953.502685546875,0.3618299445471349
tensor(7937),"tensor(2359., dtype=torch.float64)",tensor(9),1,0,0,0,0,0.21733662,0.88575095,0.2557361,0.05834972,0.072839275,0,1,0,0,0,0.0,1.0,1,0.14370215,0.2557361,0.38613963,-1.9445221,35.480526,35.480525970458984,0.5942698706099815
tensor(7941),"tensor(7244., dtype=torch.float64)",tensor(9),1,0,0,0,0,0.9959781,0.0029855147,0.010369389,0.0062210513,5.947043e-05,1,0,0,0,0,1.0,0.0,0,0.0047314763,0.01036936,0.028534193,-6.1369996,670.0348,3369.392578125,0.25970425138632164
tensor(7945),"tensor(6212., dtype=torch.float64)",tensor(9),0,0,1,1,1,0.014659715,0.1584509,0.97967166,0.091060646,0.56607795,0,0,1,0,0,0.5,0.5,1,0.14368439,0.43392205,0.32044697,-2.463901,49.978897,117.99398803710938,0.5457486136783734
tensor(7953),"tensor(4939., dtype=torch.float64)",tensor(9),0,1,1,0,0,0.01274478,0.9918434,0.034923177,0.5634159,0.3360379,0,1,0,0,0,0.6666666666666666,0.33333333333333337,1,0.16568929,0.43658412,0.31810522,-2.6811287,27.162075,27.16207504272461,0.4824399260628466
tensor(8007),"tensor(632., dtype=torch.float64)",tensor(9),0,0,1,1,0,0.014141587,0.6370857,0.49310723,0.97093976,0.76306635,0,1,0,1,1,0.4,0.6,1,0.22723138,0.4931072,0.42027467,-1.9026321,19.064194,19.064193725585938,0.6437153419593346
tensor(8017),"tensor(1683., dtype=torch.float64)",tensor(9),0,0,0,0,1,0.69486445,0.0028113867,0.061095994,0.003446662,0.910475,1,0,0,0,1,0.6666666666666666,0.33333333333333337,1,0.092402816,0.30513555,0.23777385,-3.4825668,196.09384,205.06649780273438,0.4528650646950092
tensor(8063),"tensor(9540., dtype=torch.float64)",tensor(9),0,0,0,1,0,0.15953761,0.61883795,0.012297861,0.9336832,0.44562167,0,1,0,1,0,0.6666666666666666,0.33333333333333337,1,0.21298724,0.44562167,0.42021433,-1.8790636,39.335663,39.335662841796875,0.6931608133086876
tensor(8081),"tensor(512., dtype=torch.float64)",tensor(9),0,1,1,1,1,0.0002505859,0.99270904,0.75828856,0.85060495,0.5384996,0,1,1,1,0,0.8571428571428571,0.1428571428571429,1,0.17202967,0.4615004,0.342071,-3.2484486,37.40464,37.404640197753906,0.4896025878003697
tensor(8111),"tensor(9221., dtype=torch.float64)",tensor(9),1,0,0,1,0,0.83087444,0.009023319,0.006549527,0.68957883,0.28888467,1,0,0,1,0,1.0,0.0,0,0.15680087,0.31042117,0.35320187,-2.6022933,104.64076,104.64076232910156,0.6275415896487986
tensor(8159),"tensor(14818., dtype=torch.float64)",tensor(9),0,0,0,0,1,0.982454,0.0074167233,0.02160546,0.008604041,0.032417025,1,0,0,0,0,0.0,1.0,1,0.017517865,0.032417,0.085768424,-4.175554,226.49084,3153.720458984375,0.29390018484288355
tensor(8171),"tensor(19447., dtype=torch.float64)",tensor(9),0,0,1,0,0,0.32895267,0.037497956,0.82436854,0.36319244,0.62377155,0,0,1,0,0,1.0,0.0,0,0.25630057,0.37622845,0.5150937,-1.3143055,46.28959,136.82516479492188,0.7952865064695009
tensor(8177),"tensor(10035., dtype=torch.float64)",tensor(9),0,0,0,0,1,0.16424786,0.43147147,0.82320386,0.05505395,0.058502365,0,0,1,0,0,0.0,1.0,1,0.17721432,0.43147147,0.406567,-1.8124462,68.34975,143.931396484375,0.711645101663586
tensor(8181),"tensor(16043., dtype=torch.float64)",tensor(9),1,0,0,1,0,0.99362177,0.0033071106,0.0038859642,0.09960871,4.204497e-05,1,0,0,0,0,0.6666666666666666,0.33333333333333337,1,0.0226444,0.09960872,0.082184955,-5.716325,622.1841,3320.691650390625,0.3052218114602588
tensor(8225),"tensor(13741., dtype=torch.float64)",tensor(9),0,1,0,1,0,0.027124412,0.44842118,0.1289386,0.9936773,0.06338823,0,0,0,1,0,0.6666666666666666,0.33333333333333337,1,0.13483906,0.44842118,0.29425785,-2.6895027,25.451374,25.451374053955078,0.42629390018484287
tensor(8233),"tensor(14717., dtype=torch.float64)",tensor(9),0,0,0,1,0,0.29122916,0.86223644,0.25864765,0.10075917,0.20589359,0,1,0,0,0,0.0,1.0,1,0.19885862,0.29122913,0.4821964,-1.4630196,27.78282,27.782819747924805,0.6993992606284658
tensor(8235),"tensor(3500., dtype=torch.float64)",tensor(9),1,0,0,0,0,0.9797702,0.012030498,0.02135212,0.033093836,0.014773536,1,0,0,0,0,1.0,0.0,0,0.020295918,0.03309381,0.097918935,-3.937636,225.69391,3144.53369140625,0.31215341959334564
tensor(8243),"tensor(16762., dtype=torch.float64)",tensor(9),1,0,0,0,0,0.059834026,0.044819724,0.9693615,0.10322502,0.41056386,0,0,1,0,0,0.0,1.0,1,0.12981623,0.41056383,0.31112203,-2.3583283,62.528214,130.56344604492188,0.5499075785582256
tensor(8251),"tensor(12459., dtype=torch.float64)",tensor(9),0,0,0,1,1,0.9667081,0.026869973,0.003974204,0.2510277,0.012326559,1,0,0,0,0,0.0,1.0,1,0.065498054,0.2510277,0.18510546,-3.591755,182.23468,2986.90869140625,0.39048059149722736
tensor(8255),"tensor(11256., dtype=torch.float64)",tensor(9),1,0,0,0,0,0.94743806,0.020363847,0.15891212,0.030215628,0.026802544,1,0,0,0,0,1.0,0.0,0,0.057771206,0.15891212,0.20044807,-3.0984676,152.08139,3435.94482421875,0.4124306839186691
tensor(8257),"tensor(8500., dtype=torch.float64)",tensor(9),0,1,0,0,0,0.21380392,0.052365497,0.9163627,0.006160473,0.1411499,0,0,1,0,0,0.0,1.0,1,0.09942341,0.21380389,0.29129615,-2.696197,118.20322,150.34645080566406,0.5170979667282809
tensor(8323),"tensor(3061., dtype=torch.float64)",tensor(9),0,0,1,1,0,0.0016291615,0.55585206,0.86543787,0.99140596,0.2836366,0,0,1,1,0,1.0,0.0,0,0.174514,0.44414794,0.34794822,-2.8356338,30.678524,30.678524017333984,0.5099353049907579
tensor(8337),"tensor(7254., dtype=torch.float64)",tensor(9),0,0,0,1,1,0.011607719,0.25599745,0.060784828,0.997891,0.6474324,0,0,0,1,0,0.6666666666666666,0.33333333333333337,1,0.13661325,0.3525676,0.30506763,-3.0032353,24.101776,24.101776123046875,0.40711645101663585
tensor(8357),"tensor(384., dtype=torch.float64)",tensor(9),0,0,1,0,0,0.013385852,0.025156159,0.98245746,0.15843984,0.92016935,0,0,1,0,1,0.6666666666666666,0.33333333333333337,1,0.05887109,0.15843987,0.19845173,-3.2194438,38.49067,38.49066925048828,0.2855822550831793
tensor(8393),"tensor(21692., dtype=torch.float64)",tensor(9),0,0,0,0,1,0.49061763,0.10088321,0.7583988,0.064477526,0.15760754,1,0,1,0,0,0.0,1.0,1,0.2110374,0.49061763,0.4495408,-1.543966,75.697426,137.73995971679688,0.7844269870609981
tensor(8425),"tensor(12891., dtype=torch.float64)",tensor(9),0,1,0,0,0,0.10309334,0.9352184,0.3017481,0.027909027,0.17389777,0,1,0,0,0,1.0,0.0,0,0.13428593,0.3017481,0.35470033,-2.1561627,32.103928,32.10392761230469,0.535351201478743
tensor(8427),"tensor(2515., dtype=torch.float64)",tensor(9),1,0,0,0,0,0.88782185,0.018715631,0.32890108,0.010506914,0.16783881,1,0,0,0,0,1.0,0.0,0,0.12762815,0.32890105,0.31764024,-2.5775054,139.87218,3496.54833984375,0.592652495378928
tensor(8439),"tensor(5534., dtype=torch.float64)",tensor(9),1,0,0,1,0,0.4299834,0.1794249,0.17019819,0.27219883,0.79993117,0,0,0,0,1,0.0,1.0,1,0.2503748,0.42998338,0.5391925,-1.1511501,43.51722,43.51721954345703,0.794362292051756
tensor(8441),"tensor(9819., dtype=torch.float64)",tensor(9),1,0,0,0,0,0.99460185,0.0012392517,0.0151712205,0.017229337,0.00020873078,1,0,0,0,0,1.0,0.0,0,0.007849336,0.017229319,0.04214611,-5.719875,563.2034,3319.02978515625,0.27195009242144175
tensor(8467),"tensor(5966., dtype=torch.float64)",tensor(9),1,0,0,0,0,0.9829978,0.0014082976,0.001980647,0.510557,0.00056382123,1,0,0,0,0,1.0,0.0,0,0.10207957,0.489443,0.16175935,-4.8732033,412.7901,3085.25537109375,0.4096580406654344
tensor(8483),"tensor(4970., dtype=torch.float64)",tensor(9),1,0,0,1,0,0.53269947,0.06835732,0.005369988,0.95438945,0.038607024,1,0,0,1,0,1.0,0.0,0,0.12504911,0.46730053,0.26453477,-2.8441224,76.242355,76.24235534667969,0.4896025878003697
tensor(8525),"tensor(2407., dtype=torch.float64)",tensor(9),0,0,1,0,0,0.067968614,0.69920063,0.8133184,0.11018779,0.15038675,0,1,1,0,0,0.6666666666666666,0.33333333333333337,1,0.16320479,0.30079937,0.42231098,-1.7507856,43.135063,43.13506317138672,0.6679759704251386
tensor(8543),"tensor(2284., dtype=torch.float64)",tensor(9),0,0,0,0,0,0.012020607,0.017822795,0.04234113,0.0049752183,5.498756e-05,0,0,0,0,0,1.0,0.0,0,0.015442967,0.042341113,0.07235791,-5.328742,339.60083,339.600830078125,0.2784195933456562
tensor(8551),"tensor(4265., dtype=torch.float64)",tensor(9),0,1,0,1,1,0.0008355057,0.4421346,0.019926894,0.99991953,0.46586606,0,0,0,1,0,0.5,0.5,1,0.18576872,0.4658661,0.29652014,-4.155791,64.463295,64.46329498291016,0.47481515711645106
tensor(8563),"tensor(7919., dtype=torch.float64)",tensor(9),1,0,0,0,0,0.65738535,0.59774745,0.058713287,0.0209641,0.44407758,1,1,0,0,0,0.6666666666666666,0.33333333333333337,1,0.25372446,0.4440776,0.46574575,-1.5781441,64.40795,64.40795135498047,0.797365988909427
tensor(8565),"tensor(6422., dtype=torch.float64)",tensor(9),1,0,0,0,0,0.8712915,0.5936455,0.00025845302,0.05916589,0.0020149443,1,1,0,0,0,0.6666666666666666,0.33333333333333337,1,0.119300485,0.4063545,0.2602016,-3.904718,255.92267,255.92266845703125,0.49792051756007394
tensor(8581),"tensor(385., dtype=torch.float64)",tensor(9),0,0,0,1,0,0.00510189,0.54979193,0.76042634,0.9786659,0.81927454,0,0,1,1,1,0.5,0.5,1,0.17938864,0.45020807,0.36929289,-2.3930397,23.018333,23.018333435058594,0.5466728280961184
tensor(8583),"tensor(5915., dtype=torch.float64)",tensor(9),1,0,0,0,0,0.9817794,0.02004535,0.022698311,0.004571208,0.012557,1,0,0,0,0,1.0,0.0,0,0.015618503,0.022698283,0.07884896,-4.2774134,260.05096,3138.5087890625,0.2941312384473198
tensor(8603),"tensor(11296., dtype=torch.float64)",tensor(9),1,0,0,0,0,0.97299904,0.022788158,0.0047983285,0.060563773,0.035953395,1,0,0,0,0,1.0,0.0,0,0.030220985,0.060563803,0.12932888,-3.7416294,180.72815,2933.978515625,0.33225508317929764
tensor(8627),"tensor(5404., dtype=torch.float64)",tensor(9),1,0,0,0,0,0.9052784,0.13319935,0.091101326,0.023550121,0.135932,1,0,0,0,0,1.0,0.0,0,0.09570086,0.13593197,0.30397815,-2.4009626,89.67454,3357.785400390625,0.530268022181146
tensor(8683),"tensor(3922., dtype=torch.float64)",tensor(9),0,1,0,0,0,0.006187446,0.9641431,0.68014365,0.55688995,0.389867,0,1,0,0,0,1.0,0.0,0,0.23897558,0.44311005,0.4348577,-1.9603167,21.939922,21.939922332763672,0.660351201478743
tensor(8689),"tensor(8609., dtype=torch.float64)",tensor(9),1,0,0,0,0,0.99621284,0.0017873411,0.0042696777,0.0061142677,0.0013869604,1,0,0,0,0,1.0,0.0,0,0.0034691095,0.0061142445,0.02266452,-5.8039536,515.7503,3036.27001953125,0.2541589648798521
tensor(8739),"tensor(2030., dtype=torch.float64)",tensor(9),1,0,0,0,0,0.9703029,0.0031255777,0.10765368,0.030807199,0.03334022,1,0,0,0,0,1.0,0.0,0,0.040924728,0.10765368,0.1560247,-3.6364589,199.18863,3379.63134765625,0.3585951940850277
tensor(8757),"tensor(18426., dtype=torch.float64)",tensor(9),1,0,0,0,0,0.3849202,0.014152533,0.52773196,0.096327014,0.8891033,0,0,0,0,1,0.0,1.0,1,0.2157129,0.47226804,0.41953284,-1.8287398,54.573845,54.57384490966797,0.7322088724584104
tensor(8761),"tensor(18223., dtype=torch.float64)",tensor(9),0,1,0,0,0,0.012920691,0.9750411,0.12621446,0.88540214,0.20767881,0,1,0,1,0,0.6666666666666666,0.33333333333333337,1,0.097274125,0.2076788,0.2863595,-2.6639218,21.21963,21.219629287719727,0.3673752310536045
tensor(8763),"tensor(18245., dtype=torch.float64)",tensor(9),0,0,1,0,0,0.072185196,0.13446358,0.87727565,0.67521477,0.75630254,0,0,1,1,0,0.6666666666666666,0.33333333333333337,1,0.17957115,0.32478523,0.44241723,-1.6493828,27.564358,39.65229797363281,0.6529574861367838
tensor(8767),"tensor(6690., dtype=torch.float64)",tensor(9),1,0,0,0,0,0.65015745,0.3817584,0.21614365,0.18113972,0.51828647,1,0,0,0,0,1.0,0.0,0,0.3221196,0.48171353,0.5999693,-0.79438573,51.621475,3540.38134765625,0.8384935304990758
tensor(8779),"tensor(17952., dtype=torch.float64)",tensor(9),0,0,1,0,0,0.092163235,0.45108196,0.8890666,0.02053832,0.23427086,0,0,1,0,0,1.0,0.0,0,0.18179762,0.451082,0.39776856,-1.9228214,66.29866,117.40921020507812,0.7003234750462107
tensor(8789),"tensor(20786., dtype=torch.float64)",tensor(9),1,0,0,0,0,0.783931,0.04454054,0.06095535,0.046154656,0.63625467,1,0,0,0,0,1.0,0.0,0,0.14629298,0.36374533,0.35523328,-2.1353772,86.306114,3168.607177734375,0.6451016635859519
tensor(8809),"tensor(14680., dtype=torch.float64)",tensor(9),1,0,0,0,0,0.97921365,0.023211299,0.005670061,0.09508544,0.0051141344,1,0,0,0,0,1.0,0.0,0,0.029973507,0.09508544,0.1185167,-4.056528,221.03879,3047.949951171875,0.3260166358595194
tensor(8863),"tensor(9899., dtype=torch.float64)",tensor(9),0,0,0,1,0,0.0005170151,0.24256456,0.8040736,0.9989467,0.85507184,0,0,1,1,1,0.5,0.5,1,0.1169979,0.24256456,0.29504675,-3.7494583,48.3379,48.33789825439453,0.39487060998151574
tensor(8887),"tensor(18703., dtype=torch.float64)",tensor(9),0,1,0,0,0,0.11149317,0.3731463,0.86707443,0.15980849,0.74319136,0,0,1,0,0,0.0,1.0,1,0.2068364,0.3731463,0.482238,-1.4383866,27.877214,105.5750732421875,0.7051756007393716
tensor(8907),"tensor(11141., dtype=torch.float64)",tensor(9),0,0,0,1,1,0.0033355276,0.3559938,0.6873184,0.99525815,0.77834594,0,0,0,1,1,1.0,0.0,0,0.17968142,0.3559938,0.37075195,-2.7365649,21.862917,21.862916946411133,0.5138632162661738
tensor(8931),"tensor(7018., dtype=torch.float64)",tensor(9),1,0,0,0,0,0.05431237,0.3285102,0.9051123,0.39792895,0.19341448,0,0,1,0,0,0.0,1.0,1,0.21381074,0.39792895,0.46422848,-1.5339066,48.91535,132.858154296875,0.7564695009242145
tensor(8935),"tensor(12835., dtype=torch.float64)",tensor(9),1,0,0,0,0,0.9146156,0.13762036,0.0046277186,0.44759902,0.0043890015,1,0,0,0,0,1.0,0.0,0,0.13592404,0.44759905,0.28753847,-3.0424442,174.0134,3108.169189453125,0.5577634011090573
tensor(8967),"tensor(21654., dtype=torch.float64)",tensor(9),0,0,0,0,0,0.0068288944,0.013906741,0.014037481,0.014283396,3.178751e-05,0,0,0,0,0,1.0,0.0,0,0.009817719,0.014283419,0.052634895,-5.6167364,357.86725,357.86724853515625,0.26709796672828096
tensor(8977),"tensor(7062., dtype=torch.float64)",tensor(9),0,1,0,0,0,0.8734923,0.7456498,0.0029733528,0.0006940663,0.00024090022,1,1,0,0,0,0.6666666666666666,0.33333333333333337,1,0.07695323,0.2543502,0.19500306,-4.8851924,381.10733,381.1073303222656,0.3923290203327172
tensor(9007),"tensor(11412., dtype=torch.float64)",tensor(9),1,0,0,0,0,0.98965466,0.001376488,0.0072014886,0.116459586,0.0036200578,1,0,0,0,0,1.0,0.0,0,0.02780056,0.11645961,0.09890086,-4.7435875,309.67572,3095.359375,0.30961182994454717
tensor(9011),"tensor(1688., dtype=torch.float64)",tensor(9),1,0,0,0,0,0.80180264,0.12852249,0.1050064,0.5121047,0.027170978,1,0,0,0,0,1.0,0.0,0,0.18935853,0.4878953,0.4070056,-1.8161933,67.56131,3475.72802734375,0.726894639556377
tensor(9043),"tensor(21546., dtype=torch.float64)",tensor(9),1,0,0,0,0,0.8880646,0.22387809,0.15267266,0.0013785431,0.0014021444,1,0,0,0,0,1.0,0.0,0,0.09825343,0.22387809,0.2661406,-3.636364,248.69235,3529.041748046875,0.48844731977818856
tensor(9073),"tensor(15003., dtype=torch.float64)",tensor(9),1,0,0,0,0,0.7784612,0.12700249,0.1712646,0.12386736,0.44723895,1,0,0,0,0,1.0,0.0,0,0.21818244,0.44723892,0.48590255,-1.3858556,69.231476,3465.54150390625,0.80637707948244
tensor(9081),"tensor(19253., dtype=torch.float64)",tensor(9),0,0,0,1,0,0.000868998,0.20040901,0.8718193,0.9951793,0.9015718,0,0,1,1,1,0.5,0.5,1,0.08654153,0.200409,0.24860363,-3.5785968,45.43264,45.432640075683594,0.3322550831792976
tensor(9085),"tensor(6911., dtype=torch.float64)",tensor(9),1,0,1,1,0,0.081852674,0.14118162,0.64767736,0.9585783,0.34238058,0,0,0,1,0,0.5,0.5,1,0.19183189,0.35232264,0.43085694,-1.7252287,19.203375,19.2033748626709,0.6407116451016636
tensor(9127),"tensor(6277., dtype=torch.float64)",tensor(9),1,0,0,0,0,0.9826873,0.011651731,0.015367723,0.002997518,0.03768854,1,0,0,0,0,1.0,0.0,0,0.017003715,0.037688553,0.08224018,-4.337277,251.46933,3078.204833984375,0.2941312384473198
tensor(9155),"tensor(15982., dtype=torch.float64)",tensor(9),1,0,0,0,0,0.9559323,0.103469364,0.006015528,0.052097734,0.022409491,1,0,0,0,0,1.0,0.0,0,0.045611978,0.10346937,0.17239594,-3.404066,141.63914,3014.32470703125,0.36044362292051757
tensor(9197),"tensor(19232., dtype=torch.float64)",tensor(9),1,0,0,0,0,0.96563375,0.24676481,0.02270377,0.000679283,0.0009803524,1,0,0,0,0,1.0,0.0,0,0.061098874,0.24676478,0.16602954,-4.4868646,342.92123,3341.75146484375,0.3786968576709797
tensor(9225),"tensor(21500., dtype=torch.float64)",tensor(9),1,0,0,0,0,0.9669621,0.015861342,0.0146484645,0.027290128,0.09072145,1,0,0,0,0,1.0,0.0,0,0.036311805,0.09072143,0.14648283,-3.5182934,168.40237,3048.8427734375,0.3507393715341959
tensor(9417),"tensor(10093., dtype=torch.float64)",tensor(9),1,0,0,0,0,0.8156168,0.3478018,0.1257211,0.033328183,0.20815526,1,0,0,0,0,1.0,0.0,0,0.17987788,0.3478018,0.4319702,-1.7517029,63.059433,3449.89697265625,0.7259704251386322
tensor(9431),"tensor(20520., dtype=torch.float64)",tensor(9),1,0,0,0,0,0.3526322,0.0021650367,0.8795231,0.0053668586,0.6458654,0,0,1,0,0,0.0,1.0,1,0.16695511,0.35413462,0.34315142,-2.9103215,126.0105,181.8531951904297,0.6203789279112754
tensor(9459),"tensor(9206., dtype=torch.float64)",tensor(9),1,0,0,0,0,0.8790497,0.4151419,0.02331417,0.011657576,0.10450512,1,0,0,0,0,1.0,0.0,0,0.13511384,0.41514194,0.31130353,-2.5299053,97.759705,3212.85400390625,0.5760166358595193
tensor(9479),"tensor(16595., dtype=torch.float64)",tensor(9),1,0,0,0,0,0.051468886,0.86297214,0.6410876,0.479088,0.1337107,0,1,0,0,0,0.0,1.0,1,0.2320416,0.479088,0.46815825,-1.457292,31.578186,31.57818603515625,0.7280499075785583
tensor(9521),"tensor(19367., dtype=torch.float64)",tensor(9),1,0,0,0,0,0.9913852,0.007344304,0.010017864,0.005180364,0.0045428458,1,0,0,0,0,1.0,0.0,0,0.007139981,0.010017872,0.042098433,-4.978547,342.23407,3071.530029296875,0.26524953789279115
tensor(9555),"tensor(19999., dtype=torch.float64)",tensor(9),1,0,0,0,0,0.9823179,0.002393814,0.029081272,0.022418557,0.038754083,1,0,0,0,0,1.0,0.0,0,0.022065938,0.038754106,0.10170381,-4.108834,232.77284,3170.509765625,0.31192236598890943
tensor(9615),"tensor(18393., dtype=torch.float64)",tensor(9),0,0,0,0,1,0.10303886,0.0022325774,0.8245804,0.018649422,0.97540265,0,0,1,0,1,0.6666666666666666,0.33333333333333337,1,0.06478751,0.17541963,0.20402166,-3.4914577,122.88838,122.88838195800781,0.37615526802218113
tensor(9645),"tensor(14816., dtype=torch.float64)",tensor(9),1,0,0,0,0,0.05527293,0.6161143,0.869978,0.115562625,0.32864434,0,1,1,0,0,0.0,1.0,1,0.20267755,0.38388568,0.4514649,-1.5923854,44.61194,44.6119384765625,0.7294362292051756
tensor(9667),"tensor(15687., dtype=torch.float64)",tensor(9),1,0,0,0,0,0.9974443,0.0037672964,0.00044137193,0.039324433,8.281267e-05,1,0,0,0,0,1.0,0.0,0,0.009234309,0.039324403,0.042619806,-6.3728585,718.1152,3008.017578125,0.2724121996303142
tensor(9671),"tensor(20833., dtype=torch.float64)",tensor(9),1,0,0,0,0,0.88720137,0.4643811,0.012306494,0.0090426635,0.075922355,1,0,0,0,0,1.0,0.0,0,0.13489026,0.4643811,0.28590694,-2.7572465,113.319466,3127.79736328125,0.5492144177449167
tensor(9673),"tensor(9402., dtype=torch.float64)",tensor(9),0,0,1,0,0,0.0003609078,0.44257498,0.9647445,0.98687965,0.7665256,0,0,1,1,1,0.5,0.5,1,0.14495724,0.44257498,0.2911305,-3.3951325,49.6615,49.6614990234375,0.44708872458410354
tensor(9677),"tensor(17012., dtype=torch.float64)",tensor(9),1,0,0,0,0,0.88849753,0.008137738,0.12829842,0.025710134,0.43434232,1,0,0,0,0,1.0,0.0,0,0.14159822,0.43434232,0.31680802,-2.5387251,126.36577,3289.26953125,0.6069778188539741
tensor(9699),"tensor(10577., dtype=torch.float64)",tensor(9),0,0,0,1,0,0.017922247,0.0785145,0.3020406,0.9949661,0.70405924,0,0,0,1,0,1.0,0.0,0,0.13989037,0.30204058,0.32331848,-2.6914284,23.531563,23.53156280517578,0.4480129390018484
tensor(9759),"tensor(17113., dtype=torch.float64)",tensor(9),1,0,0,0,0,0.9950722,0.0042437427,0.0031353172,0.015748696,0.0006561077,1,0,0,0,0,1.0,0.0,0,0.005742252,0.01574868,0.03323576,-5.5983047,480.0113,3037.623291015625,0.26386321626617376
tensor(9771),"tensor(10614., dtype=torch.float64)",tensor(9),1,0,0,0,0,0.9813157,0.14619727,0.002945906,0.014370787,0.0021079017,1,0,0,0,0,1.0,0.0,0,0.0368613,0.14619726,0.123873666,-4.387675,288.9405,3016.725341796875,0.3394177449168207
tensor(9789),"tensor(14683., dtype=torch.float64)",tensor(9),0,0,1,0,0,0.8252727,0.027564008,0.23486401,0.37654272,0.11327567,1,0,0,0,0,0.0,1.0,1,0.18539464,0.3765427,0.43004316,-1.7717571,65.03077,3516.57177734375,0.7340573012939001
tensor(9813),"tensor(13317., dtype=torch.float64)",tensor(9),0,0,0,1,1,0.022694461,0.47554898,0.10801949,0.99328774,0.38633657,0,0,0,1,0,0.6666666666666666,0.33333333333333337,1,0.1998623,0.47554898,0.3700022,-2.286304,12.037128,12.037128448486328,0.5658502772643255
tensor(9841),"tensor(7877., dtype=torch.float64)",tensor(9),1,0,0,0,0,0.5837771,0.0018534423,0.46194944,0.07963869,0.8156102,1,0,0,0,1,0.6666666666666666,0.33333333333333337,1,0.2288109,0.46194947,0.4277349,-2.1427603,105.22174,105.22174072265625,0.7749537892791127
tensor(9845),"tensor(1152., dtype=torch.float64)",tensor(9),0,0,1,0,0,0.3407016,0.00639419,0.86560094,0.08587778,0.7553096,0,0,1,0,0,1.0,0.0,0,0.16241264,0.34070158,0.38483307,-2.2121806,66.20342,151.0352020263672,0.6538817005545287
tensor(9847),"tensor(4660., dtype=torch.float64)",tensor(9),0,0,1,0,0,0.2855156,0.056665555,0.87121975,0.028055647,0.5532685,0,0,1,0,0,1.0,0.0,0,0.18914974,0.4467315,0.40304393,-1.88006,50.930878,113.81819152832031,0.6931608133086876
tensor(9879),"tensor(13111., dtype=torch.float64)",tensor(9),0,1,0,0,0,0.036330927,0.9670144,0.39506066,0.25361577,0.36523494,0,1,0,0,0,1.0,0.0,0,0.2166456,0.39506066,0.43893534,-1.742889,17.03001,17.030010223388672,0.658271719038817
tensor(9895),"tensor(8141., dtype=torch.float64)",tensor(9),0,1,0,1,1,0.002015841,0.14153711,0.27619565,0.9981407,0.90841573,0,0,0,1,1,0.8,0.19999999999999996,1,0.10263842,0.27619565,0.26626596,-3.5101705,45.211655,45.21165466308594,0.36598890942698703
tensor(9899),"tensor(19456., dtype=torch.float64)",tensor(9),0,0,1,1,0,0.0032557426,0.19587797,0.9850064,0.49672115,0.38013577,0,0,1,0,0,0.6666666666666666,0.33333333333333337,1,0.21819681,0.49672115,0.39032874,-2.364689,69.74925,134.84237670898438,0.7033271719038817
tensor(9913),"tensor(12994., dtype=torch.float64)",tensor(9),0,1,1,0,1,0.00020893727,0.95924205,0.89910555,0.868268,0.86826295,0,1,1,1,1,0.8571428571428571,0.1428571428571429,1,0.08106613,0.13173705,0.255742,-3.5181003,44.20507,44.20507049560547,0.3304066543438078
tensor(9915),"tensor(9979., dtype=torch.float64)",tensor(9),0,1,1,0,0,0.017793253,0.99248755,0.13056439,0.0031157003,0.11425174,0,1,0,0,0,0.6666666666666666,0.33333333333333337,1,0.054647565,0.13056439,0.17948297,-3.7213643,87.253235,87.25323486328125,0.3188539741219963
tensor(9955),"tensor(16214., dtype=torch.float64)",tensor(9),1,0,0,0,0,0.95693356,0.08159677,0.0136450725,0.003512221,0.09782908,1,0,0,0,0,1.0,0.0,0,0.047929943,0.0978291,0.17520252,-3.534409,172.23915,3059.533447265625,0.37315157116451014
tensor(9965),"tensor(10897., dtype=torch.float64)",tensor(9),0,1,0,0,0,0.3546643,0.70029,0.14170346,0.7420605,0.26395032,0,1,0,1,0,0.6666666666666666,0.33333333333333337,1,0.26359355,0.35466433,0.5633975,-1.0661466,32.23017,32.23017120361328,0.7763401109057301
tensor(9989),"tensor(3936., dtype=torch.float64)",tensor(9),0,0,0,1,0,0.048875134,0.99101466,0.010141376,0.15393484,0.099354416,0,1,0,0,0,0.0,1.0,1,0.06425822,0.15393484,0.21125226,-3.2321866,51.701897,51.70189666748047,0.32647874306839186
tensor(10003),"tensor(5760., dtype=torch.float64)",tensor(9),0,0,0,1,0,0.0025985145,0.52652,0.6957564,0.99593496,0.55833954,0,0,0,1,0,1.0,0.0,0,0.24520952,0.47348,0.40739626,-2.523848,18.131208,18.131208419799805,0.5963493530499077
tensor(10005),"tensor(4499., dtype=torch.float64)",tensor(9),1,0,0,0,0,0.9980123,0.0013427383,0.004167865,0.002672049,0.00012789643,1,0,0,0,0,1.0,0.0,0,0.0020596385,0.004167855,0.014269432,-6.638617,695.2506,3212.02392578125,0.2513863216266174
tensor(10013),"tensor(17483., dtype=torch.float64)",tensor(9),1,0,0,0,0,0.97972566,0.045637943,0.0019386995,0.019400194,0.01824259,1,0,0,0,0,1.0,0.0,0,0.021098733,0.045637965,0.09708593,-4.214097,227.51653,2811.32861328125,0.3008317929759704
tensor(10025),"tensor(7110., dtype=torch.float64)",tensor(9),0,1,0,0,0,0.46740463,0.025945485,0.41348082,0.06576026,0.85574335,1,0,0,0,1,0.0,1.0,1,0.22336948,0.4674046,0.42892417,-1.7079449,50.816105,50.816104888916016,0.7472273567467653
tensor(10035),"tensor(6230., dtype=torch.float64)",tensor(9),1,0,0,0,0,0.70631814,0.016983693,0.38425654,0.0764693,0.6378893,1,0,0,0,0,1.0,0.0,0,0.22670043,0.38425654,0.45645276,-1.6929979,68.49984,3465.01513671875,0.7835027726432532
tensor(10039),"tensor(21412., dtype=torch.float64)",tensor(9),1,0,0,0,0,0.95382226,0.0149796335,0.018235892,0.08441545,0.118758254,1,0,0,0,0,1.0,0.0,0,0.05651343,0.11875826,0.2019718,-3.1175926,127.14286,3110.765625,0.39625693160813313
tensor(10045),"tensor(11479., dtype=torch.float64)",tensor(9),0,0,0,1,1,0.9811365,0.018258568,0.027861964,0.0011229871,0.01933544,1,0,0,0,0,0.0,1.0,1,0.017088413,0.027861953,0.08323701,-4.4410677,278.16656,3193.49169921875,0.29690388170055454
tensor(10057),"tensor(4158., dtype=torch.float64)",tensor(9),0,0,1,0,0,0.12996985,0.13802287,0.9260819,0.015352283,0.07728902,0,0,1,0,0,1.0,0.0,0,0.08691043,0.1380229,0.28055912,-2.5803647,107.781006,149.41555786132812,0.49884473197781887
tensor(10103),"tensor(18832., dtype=torch.float64)",tensor(9),1,0,0,0,0,0.9580679,0.034752313,0.015229587,0.020679051,0.1032247,1,0,0,0,0,1.0,0.0,0,0.043163598,0.103224695,0.16731028,-3.328362,143.98859,3064.513916015625,0.36390942698706097
tensor(10111),"tensor(495., dtype=torch.float64)",tensor(9),0,0,1,0,0,0.6974958,0.022161458,0.66638505,0.106015354,0.19041301,1,0,0,0,0,0.0,1.0,1,0.19094181,0.33361495,0.43618804,-1.7787409,88.64378,3656.17919921875,0.7657116451016636
tensor(10125),"tensor(12855., dtype=torch.float64)",tensor(9),1,0,0,0,0,0.9820747,0.050989114,0.0200918,0.013831994,0.0017730447,1,0,0,0,0,1.0,0.0,0,0.020922184,0.05098909,0.09512317,-4.282907,281.47388,3264.441650390625,0.31215341959334564
tensor(10145),"tensor(1347., dtype=torch.float64)",tensor(9),1,0,0,0,0,0.9959914,0.0006999773,0.0010560161,0.015149009,0.008636646,1,0,0,0,0,1.0,0.0,0,0.005910039,0.015148997,0.033669226,-5.709777,434.07123,2767.471923828125,0.2601663585951941
tensor(10155),"tensor(4993., dtype=torch.float64)",tensor(9),1,0,0,0,0,0.69208634,0.0016688758,0.24155241,0.051479567,0.8069698,1,0,0,0,1,0.6666666666666666,0.33333333333333337,1,0.15912896,0.30791366,0.37521213,-2.5384343,124.99184,124.99183654785156,0.666358595194085
tensor(10191),"tensor(11124., dtype=torch.float64)",tensor(9),1,0,0,0,0,0.9823846,0.0019009636,0.060551815,0.008057714,0.030193964,1,0,0,0,0,1.0,0.0,0,0.023663878,0.060551822,0.10263766,-4.261797,292.86078,3278.6875,0.32324399260628467
tensor(10203),"tensor(17437., dtype=torch.float64)",tensor(9),1,0,0,1,0,0.6900457,0.050087348,0.076438524,0.5228331,0.51204133,1,0,0,0,0,0.6666666666666666,0.33333333333333337,1,0.28032112,0.48795867,0.49455625,-1.2748511,52.585533,3279.83935546875,0.8130776340110906
tensor(10209),"tensor(12421., dtype=torch.float64)",tensor(9),1,0,0,0,0,0.08752011,0.9299256,0.20350887,0.75009835,0.15919201,0,1,0,1,0,0.0,1.0,1,0.15403938,0.24990165,0.41127533,-1.8115482,26.06594,26.065940856933594,0.6014325323475046
tensor(10217),"tensor(9238., dtype=torch.float64)",tensor(9),1,0,0,0,0,0.98588735,0.0033260204,0.013480749,0.06018765,0.0076985536,1,0,0,0,0,1.0,0.0,0,0.019761086,0.060187638,0.088100806,-4.3698487,244.43303,3131.59619140625,0.2945933456561922
tensor(10235),"tensor(17371., dtype=torch.float64)",tensor(9),1,0,0,0,0,0.77693087,0.49400535,0.08788749,0.0628804,0.1964297,1,0,0,0,0,1.0,0.0,0,0.21285439,0.49400532,0.45033932,-1.5443783,52.59381,3422.05322265625,0.7564695009242144
tensor(10263),"tensor(18245., dtype=torch.float64)",tensor(9),0,0,1,0,0,0.013421655,0.1434555,0.9708237,0.5157345,0.5710162,0,0,1,0,0,1.0,0.0,0,0.21986055,0.4842655,0.39798456,-1.9876,44.029015,121.0912857055664,0.6896950092421442
tensor(10273),"tensor(10471., dtype=torch.float64)",tensor(9),0,1,1,1,0,0.010701414,0.7611063,0.54654205,0.9818485,0.36190224,0,1,0,1,0,0.8,0.19999999999999996,1,0.21662134,0.45345795,0.40861407,-2.0859768,15.104525,15.104524612426758,0.6166820702402958
tensor(10277),"tensor(13646., dtype=torch.float64)",tensor(9),1,0,0,0,0,0.6115541,0.0216266,0.74476707,0.06334856,0.19974335,1,0,1,0,0,0.6666666666666666,0.33333333333333337,1,0.18567955,0.3884459,0.41529855,-1.883654,88.59976,152.43446350097656,0.7382162661737524
tensor(10279),"tensor(21447., dtype=torch.float64)",tensor(9),0,0,0,1,1,0.010799626,0.032946706,0.0015609368,0.99970764,0.6655142,0,0,0,1,0,0.6666666666666666,0.33333333333333337,1,0.07601708,0.33448583,0.17122272,-4.6365676,120.65715,120.65715026855469,0.3142329020332717
tensor(10297),"tensor(20406., dtype=torch.float64)",tensor(9),1,0,0,0,0,0.95335597,0.066225365,0.01610477,0.0351989,0.05193502,1,0,0,0,0,1.0,0.0,0,0.043221653,0.06622535,0.17425781,-3.198271,124.88464,3122.03466796875,0.3676062846580407
tensor(10301),"tensor(21606., dtype=torch.float64)",tensor(9),0,1,0,1,0,0.00095047825,0.8371414,0.8503756,0.9678553,0.8321493,0,1,1,1,1,0.6666666666666666,0.33333333333333337,1,0.10268575,0.16785067,0.29371652,-3.0676055,32.775383,32.77538299560547,0.3821626617375231
tensor(10305),"tensor(12632., dtype=torch.float64)",tensor(9),0,0,0,1,0,0.83143246,0.057625767,0.030533733,0.39147532,0.31176627,1,0,0,0,0,0.0,1.0,1,0.19199371,0.39147532,0.42009887,-1.81623,63.199028,3192.61328125,0.7275878003696857
tensor(10313),"tensor(8207., dtype=torch.float64)",tensor(9),0,1,0,1,0,0.034480285,0.8942606,0.014406542,0.9726055,0.32856974,0,1,0,1,0,1.0,0.0,0,0.102118134,0.32856977,0.2643227,-2.7954314,41.002205,41.00220489501953,0.408271719038817
tensor(10331),"tensor(3237., dtype=torch.float64)",tensor(9),0,0,0,1,0,0.027868569,0.452476,0.6137569,0.9741478,0.5829528,0,0,0,1,0,1.0,0.0,0,0.26189744,0.45247602,0.4564499,-1.6339738,16.178352,16.17835235595703,0.6862292051756007
tensor(10347),"tensor(18563., dtype=torch.float64)",tensor(9),0,1,0,1,0,0.010634806,0.96907836,0.3851453,0.76805323,0.057109617,0,1,0,1,0,1.0,0.0,0,0.14315158,0.3851453,0.32478282,-2.489383,34.645874,34.6458740234375,0.508086876155268
tensor(10349),"tensor(13867., dtype=torch.float64)",tensor(9),0,0,1,0,1,0.027531987,0.017175486,0.98526996,0.022283453,0.751866,0,0,1,0,0,0.6666666666666666,0.33333333333333337,1,0.06597102,0.24813402,0.19134244,-3.3408852,64.9456,132.50106811523438,0.3299445471349353
tensor(10361),"tensor(9565., dtype=torch.float64)",tensor(9),0,1,0,0,0,0.43033814,0.8392586,0.11921667,0.072916016,0.039777648,0,1,0,0,0,1.0,0.0,0,0.16459799,0.43033814,0.38360456,-1.9319317,47.70172,47.70172119140625,0.6446395563770795
tensor(10375),"tensor(6566., dtype=torch.float64)",tensor(9),1,0,0,0,0,0.0951529,0.014251858,0.70232224,0.09203393,0.9684497,0,0,0,0,1,0.0,1.0,1,0.10613334,0.29767776,0.28904516,-2.6120682,58.14836,58.14836120605469,0.4745841035120148
tensor(10395),"tensor(7375., dtype=torch.float64)",tensor(9),0,0,0,1,0,0.007244167,0.11922074,0.110490225,0.9989918,0.5501543,0,0,0,1,0,1.0,0.0,0,0.1375618,0.44984567,0.29037887,-3.221136,26.397823,26.397823333740234,0.3867837338262477
tensor(10413),"tensor(889., dtype=torch.float64)",tensor(9),1,0,0,0,0,0.99672097,0.0006585185,0.007630679,0.0040487754,0.0013763793,1,0,0,0,0,1.0,0.0,0,0.0033987164,0.007630706,0.021821637,-6.0003805,554.6214,3116.19873046875,0.2525415896487985
tensor(10439),"tensor(3789., dtype=torch.float64)",tensor(9),0,0,0,1,0,0.83980244,0.01834582,0.025835263,0.23213162,0.47298524,1,0,0,0,0,0.0,1.0,1,0.18189907,0.47298527,0.37700114,-2.114183,93.188866,3087.5439453125,0.7012476894639557
tensor(10453),"tensor(2058., dtype=torch.float64)",tensor(9),0,1,1,0,0,0.00662944,0.9831671,0.39250863,0.0036091239,0.0022235997,0,1,0,0,0,0.6666666666666666,0.33333333333333337,1,0.08436072,0.39250863,0.16697359,-4.2481775,157.88861,157.88861083984375,0.3555914972273567
tensor(10483),"tensor(17168., dtype=torch.float64)",tensor(9),1,0,0,0,0,0.988008,0.022689447,0.0022595483,0.08579972,0.0009029425,1,0,0,0,0,1.0,0.0,0,0.024728775,0.085799694,0.097852334,-4.7279344,353.106,3037.48291015625,0.3126155268022181
tensor(10491),"tensor(17007., dtype=torch.float64)",tensor(9),1,0,0,0,0,0.8982753,0.012528273,0.009959769,0.12067167,0.45034942,1,0,0,0,0,1.0,0.0,0,0.13904679,0.45034945,0.30169258,-2.6659803,132.47357,2929.33349609375,0.5854898336414048
tensor(10509),"tensor(5450., dtype=torch.float64)",tensor(9),1,0,0,0,0,0.9554975,0.014589145,0.053282805,0.027754541,0.13262455,1,0,0,0,0,1.0,0.0,0,0.054550648,0.13262457,0.19688389,-3.1182027,151.56995,3253.673583984375,0.40411275415896486
tensor(10529),"tensor(3175., dtype=torch.float64)",tensor(9),0,1,1,1,1,3.7510785e-05,0.7611093,0.95716625,0.99517363,0.92024446,0,1,1,1,1,1.0,0.0,0,0.07326871,0.23889071,0.20715883,-4.4461513,69.502426,69.50242614746094,0.2904343807763401
tensor(10535),"tensor(5145., dtype=torch.float64)",tensor(9),1,0,0,0,0,0.623028,0.76224226,0.04913989,0.14862287,0.09442395,1,1,0,0,0,0.6666666666666666,0.33333333333333337,1,0.18138325,0.37697202,0.4279974,-1.7272698,46.07519,46.075191497802734,0.6968576709796673
tensor(10549),"tensor(1218., dtype=torch.float64)",tensor(9),1,0,0,0,0,0.82508093,0.13334152,0.34116688,0.0076745027,0.05019115,1,0,0,0,0,1.0,0.0,0,0.14145863,0.34116685,0.3484387,-2.3767116,110.87584,3564.610595703125,0.6379390018484288
tensor(10575),"tensor(19785., dtype=torch.float64)",tensor(9),0,0,1,0,0,0.3488549,0.25760236,0.74832976,0.004565343,0.033539034,0,0,1,0,0,1.0,0.0,0,0.1792463,0.3488549,0.3914854,-2.303577,112.26505,163.86285400390625,0.7091035120147874
tensor(10595),"tensor(16144., dtype=torch.float64)",tensor(9),1,0,0,0,0,0.98448205,0.013040494,0.007515019,0.0211679,0.012107399,1,0,0,0,0,1.0,0.0,0,0.013869762,0.021167874,0.07237092,-4.319126,244.23395,3004.90625,0.2830406654343808
tensor(10605),"tensor(11139., dtype=torch.float64)",tensor(9),0,0,0,0,0,0.007954361,0.89815634,0.382906,0.9651882,0.124704465,0,1,0,1,0,0.0,1.0,1,0.13044405,0.38290596,0.31364852,-2.5502338,26.21421,26.214210510253906,0.45147874306839186
tensor(10609),"tensor(2817., dtype=torch.float64)",tensor(9),0,1,1,0,1,0.0033207007,0.9899631,0.60243714,0.03619532,0.538902,0,1,0,0,0,0.5,0.5,1,0.18164283,0.46109802,0.3192452,-2.8298326,37.62534,37.62533950805664,0.5182532347504621
tensor(10621),"tensor(524., dtype=torch.float64)",tensor(9),1,0,0,0,0,0.1728745,0.0026034578,0.9390036,0.020280918,0.8427188,0,0,1,0,1,0.0,1.0,1,0.08280736,0.17287451,0.24849454,-3.1607773,93.67224,93.6722412109375,0.4179759704251386
tensor(10627),"tensor(14290., dtype=torch.float64)",tensor(9),1,0,0,0,0,0.955151,0.0077826567,0.21318057,0.0019722185,0.010811084,1,0,0,0,0,1.0,0.0,0,0.055719078,0.21318054,0.16413881,-3.9910812,261.8744,3432.23388671875,0.37985212569316085
tensor(10641),"tensor(20211., dtype=torch.float64)",tensor(9),1,0,0,0,0,0.99230325,0.00434063,0.0028763725,0.09389364,0.00073752657,1,0,0,0,0,1.0,0.0,0,0.021909058,0.09389365,0.08205675,-5.1242843,476.11618,3064.09326171875,0.30591497227356745
tensor(10643),"tensor(5972., dtype=torch.float64)",tensor(9),0,0,1,0,0,0.8797321,0.020825572,0.43880793,0.0029893664,0.015466536,1,0,0,0,0,0.0,1.0,1,0.119671464,0.43880796,0.2509043,-3.2099228,202.81862,3545.9541015625,0.5124768946395564
tensor(10653),"tensor(924., dtype=torch.float64)",tensor(9),1,0,0,0,0,0.9657668,0.023714563,0.10719855,0.0048968475,0.01256867,1,0,0,0,0,1.0,0.0,0,0.03652239,0.10719854,0.1400744,-3.7710457,213.42963,3392.2294921875,0.35189463955637706
tensor(10695),"tensor(17440., dtype=torch.float64)",tensor(9),0,0,0,1,1,0.68529934,0.29439938,0.01161792,0.23674932,0.5439757,1,0,0,0,0,0.0,1.0,1,0.2626983,0.4560243,0.50574857,-1.4885619,74.63338,2957.14794921875,0.8304066543438078
tensor(10711),"tensor(6815., dtype=torch.float64)",tensor(9),1,0,0,0,0,0.60567796,0.041122686,0.24945052,0.036365528,0.77689517,1,0,0,0,1,0.6666666666666666,0.33333333333333337,1,0.18887311,0.39432204,0.41817895,-1.8409367,61.46895,61.46894836425781,0.7174214417744916
tensor(10749),"tensor(1203., dtype=torch.float64)",tensor(9),1,0,0,0,0,0.969496,0.07204475,0.0028237535,0.03211405,0.021656327,1,0,0,0,0,1.0,0.0,0,0.031828582,0.07204473,0.13224262,-3.8195717,189.74548,2870.03759765625,0.3350277264325323
tensor(10761),"tensor(20664., dtype=torch.float64)",tensor(9),0,1,0,0,1,0.12437523,0.8789457,0.47992977,0.30814728,0.43231317,0,1,0,0,0,0.6666666666666666,0.33333333333333337,1,0.293164,0.4799298,0.5476961,-1.0191317,26.610737,26.610736846923828,0.7634011090573013
tensor(10763),"tensor(6426., dtype=torch.float64)",tensor(9),0,0,1,0,1,0.017204462,0.5423656,0.9361856,0.13684434,0.76846725,0,0,1,0,1,1.0,0.0,0,0.18140614,0.4576344,0.39083102,-1.9884729,26.058664,26.058664321899414,0.6002772643253235
tensor(10775),"tensor(344., dtype=torch.float64)",tensor(9),0,0,0,1,0,0.4650257,0.23662764,0.0116690025,0.9268071,0.090287924,1,0,0,1,0,0.6666666666666666,0.33333333333333337,1,0.17536056,0.46502566,0.3732843,-2.1198475,44.583263,44.5832633972168,0.6273105360443623
tensor(10783),"tensor(5960., dtype=torch.float64)",tensor(9),1,0,0,0,0,0.81744856,0.0061346143,0.45079237,0.043915175,0.31154805,1,0,0,0,0,1.0,0.0,0,0.19898832,0.45079237,0.40028563,-2.1315515,113.42677,3519.344482421875,0.7518484288354899
tensor(10867),"tensor(19906., dtype=torch.float64)",tensor(9),0,1,0,0,0,0.011372576,0.9141709,0.79262424,0.35994762,0.29726344,0,1,1,0,0,0.6666666666666666,0.33333333333333337,1,0.19235772,0.35994762,0.42547446,-1.9215088,27.227606,27.22760581970215,0.642097966728281
tensor(10873),"tensor(21528., dtype=torch.float64)",tensor(9),0,1,0,0,0,0.017553201,0.04158782,0.98126674,0.029575232,0.8762949,0,0,1,0,1,0.0,1.0,1,0.046230912,0.12370509,0.17237756,-3.3138843,38.648064,38.64806365966797,0.25831792975970425
tensor(10881),"tensor(13043., dtype=torch.float64)",tensor(9),0,1,0,0,0,0.0026077256,0.87104577,0.89915854,0.537544,0.84708244,0,1,1,0,1,0.5,0.5,1,0.16955537,0.462456,0.36950046,-2.3814342,27.193222,27.193222045898438,0.5524491682070239
tensor(10919),"tensor(20855., dtype=torch.float64)",tensor(9),0,1,0,0,0,0.2725614,0.8837522,0.20874462,0.09647892,0.050687645,0,1,0,0,0,1.0,0.0,0,0.14894408,0.27256143,0.3950544,-1.9019318,36.576096,36.57609558105469,0.61090573012939
tensor(10987),"tensor(2017., dtype=torch.float64)",tensor(9),1,0,0,1,0,0.76482093,0.5990506,0.011309733,0.11150044,0.0688027,1,1,0,0,0,0.5,0.5,1,0.1655482,0.40094942,0.3761924,-2.1464512,69.7763,69.77629852294922,0.661275415896488
tensor(10995),"tensor(9936., dtype=torch.float64)",tensor(9),0,1,0,1,0,0.0012943854,0.90412056,0.4982096,0.99386483,0.6547375,0,1,0,1,0,1.0,0.0,0,0.18935621,0.4982096,0.34016138,-2.9253902,24.814539,24.814538955688477,0.497920517560074
tensor(11023),"tensor(9936., dtype=torch.float64)",tensor(9),0,1,1,1,0,0.0011499801,0.7968332,0.81343156,0.9899559,0.5088113,0,1,1,1,0,1.0,0.0,0,0.17842358,0.4911887,0.34881967,-2.8463726,24.455162,24.455162048339844,0.4956099815157117
tensor(11045),"tensor(9439., dtype=torch.float64)",tensor(9),0,0,0,1,0,0.0021259421,0.56176466,0.6027794,0.99774915,0.5457085,0,0,0,1,0,1.0,0.0,0,0.25882488,0.45429152,0.41550112,-2.618869,19.947636,19.947635650634766,0.6014325323475046
tensor(11049),"tensor(3685., dtype=torch.float64)",tensor(9),1,0,0,0,0,0.9758828,0.013257166,0.035203967,0.03603741,0.00894466,1,0,0,0,0,1.0,0.0,0,0.023512065,0.036037385,0.108552516,-3.8630517,195.49576,3253.17919921875,0.3126155268022181
tensor(11061),"tensor(15571., dtype=torch.float64)",tensor(9),0,1,0,0,1,0.18468237,0.51119196,0.12340332,0.08433844,0.91782886,0,0,0,0,1,0.6666666666666666,0.33333333333333337,1,0.19268066,0.48880804,0.42364955,-1.6576641,53.99965,58.86389923095703,0.7273567467652495
tensor(11069),"tensor(9534., dtype=torch.float64)",tensor(9),1,0,0,0,0,0.6483516,0.11917337,0.3494215,0.15003772,0.61935014,1,0,0,0,0,1.0,0.0,0,0.2701862,0.38064986,0.54959595,-1.0909523,50.420967,3538.935791015625,0.821626617375231
tensor(11079),"tensor(11908., dtype=torch.float64)",tensor(9),1,0,0,0,0,0.8099531,0.71631604,0.0077941394,0.009879255,0.007951546,1,1,0,0,0,0.6666666666666666,0.33333333333333337,1,0.09987116,0.28368396,0.24601924,-3.3312638,143.34628,143.34628295898438,0.452634011090573
tensor(11133),"tensor(12331., dtype=torch.float64)",tensor(9),0,0,1,0,0,0.0005831506,0.45027685,0.9871587,0.18100673,0.9777579,0,0,1,0,1,0.6666666666666666,0.33333333333333337,1,0.13339007,0.45027685,0.26827225,-3.456202,33.75589,33.755889892578125,0.3766173752310536
tensor(11179),"tensor(15488., dtype=torch.float64)",tensor(9),0,1,0,0,0,0.77036816,0.12544666,0.35609928,0.06558969,0.40010947,1,0,0,0,0,0.0,1.0,1,0.2353754,0.40010947,0.49654895,-1.361213,71.20793,3591.606201171875,0.8207024029574861
tensor(11201),"tensor(20037., dtype=torch.float64)",tensor(9),0,0,1,0,0,0.021960534,0.30503762,0.9128579,0.4735806,0.07328585,0,0,1,0,0,1.0,0.0,0,0.19220132,0.4735806,0.3940658,-1.922364,59.695824,148.83621215820312,0.6989371534195933
tensor(11225),"tensor(20691., dtype=torch.float64)",tensor(9),1,0,0,0,0,0.8770491,0.179545,0.121964574,0.02764183,0.15819661,1,0,0,0,0,1.0,0.0,0,0.1220597,0.17954499,0.3554803,-2.138054,79.21211,3421.21142578125,0.6081330868761553
tensor(11235),"tensor(10078., dtype=torch.float64)",tensor(9),0,1,0,1,1,0.298971,0.09838078,0.5711619,0.7311346,0.687602,0,0,0,1,0,0.5,0.5,1,0.28149062,0.42883807,0.56352365,-1.0286922,37.124374,37.12437438964844,0.7952865064695009
tensor(11245),"tensor(20464., dtype=torch.float64)",tensor(9),1,0,0,0,0,0.9737922,0.03694239,0.049008805,0.009107081,0.008561451,1,0,0,0,0,1.0,0.0,0,0.025965512,0.049008787,0.11522577,-3.856568,211.55101,3292.9453125,0.3257855822550832
tensor(11293),"tensor(21175., dtype=torch.float64)",tensor(9),0,1,1,0,0,0.0015491532,0.55092293,0.96609825,0.6087879,0.10357516,0,0,1,0,0,0.6666666666666666,0.33333333333333337,1,0.19586307,0.44907707,0.3699464,-2.5246067,75.89046,149.24472045898438,0.6640480591497228
tensor(11303),"tensor(14859., dtype=torch.float64)",tensor(9),0,1,0,1,1,0.0036492448,0.9591645,0.03133016,0.9804113,0.7923858,0,1,0,1,1,1.0,0.0,0,0.0606035,0.20761418,0.18825307,-3.4899642,52.891956,52.8919563293457,0.3006007393715342
tensor(11331),"tensor(12114., dtype=torch.float64)",tensor(9),1,0,0,0,0,0.94831944,0.02213979,0.0024856986,0.019993074,0.33710876,1,0,0,0,0,1.0,0.0,0,0.086681545,0.33710873,0.21283779,-3.4521382,171.35056,2758.582763671875,0.42467652495378927
tensor(11333),"tensor(11908., dtype=torch.float64)",tensor(9),1,0,0,0,0,0.9357751,0.2673956,0.02308948,0.0035204734,0.031281225,1,0,0,0,0,1.0,0.0,0,0.07790232,0.26739562,0.21829788,-3.302094,151.4443,3221.580322265625,0.4198243992606284
tensor(11369),"tensor(15677., dtype=torch.float64)",tensor(9),1,0,0,0,0,0.97933286,0.00043507194,0.010224282,0.10884117,0.08506904,1,0,0,0,0,1.0,0.0,0,0.045047402,0.10884118,0.15930407,-4.1297245,259.4192,3053.7763671875,0.3611367837338262
tensor(11397),"tensor(14859., dtype=torch.float64)",tensor(9),0,1,0,1,1,0.036786005,0.9432888,0.115904585,0.7723686,0.064036794,0,1,0,1,0,0.8,0.19999999999999996,1,0.100214005,0.22763139,0.30168587,-2.402442,28.894344,28.894344329833984,0.4299907578558226
tensor(11405),"tensor(9162., dtype=torch.float64)",tensor(9),0,0,1,0,0,0.24384841,0.07653535,0.8686366,0.0203723,0.30068222,0,0,1,0,0,1.0,0.0,0,0.15456027,0.3006822,0.38511926,-2.0456161,70.77028,121.60222625732422,0.6635859519408503
tensor(11433),"tensor(11719., dtype=torch.float64)",tensor(9),1,0,0,1,0,0.7677008,0.011105866,0.004549423,0.9141263,0.05226911,1,0,0,1,0,1.0,0.0,0,0.077219486,0.23229921,0.22603297,-3.2670875,107.97872,107.97872161865234,0.3990295748613678
tensor(11473),"tensor(20855., dtype=torch.float64)",tensor(9),1,0,0,0,0,0.85728663,0.42453685,0.014362072,0.05209114,0.029264443,1,0,0,0,0,1.0,0.0,0,0.13259351,0.42453682,0.30071497,-2.5457509,87.312805,3195.8896484375,0.5545286506469501
tensor(11505),"tensor(8637., dtype=torch.float64)",tensor(9),0,0,1,0,1,0.005984218,0.01247457,0.9922347,0.0035004728,0.9508111,0,0,1,0,1,1.0,0.0,0,0.015782714,0.049188912,0.07371034,-4.589487,99.88678,99.88677978515625,0.20864140480591498
tensor(11519),"tensor(16802., dtype=torch.float64)",tensor(9),1,0,0,0,0,0.087951854,0.9751658,0.13325423,0.017292742,0.02799715,0,1,0,0,0,0.0,1.0,1,0.058266044,0.13325423,0.20432305,-3.0938115,60.186882,60.18688201904297,0.3421903881700555
tensor(11527),"tensor(20074., dtype=torch.float64)",tensor(9),0,1,0,1,0,0.05243268,0.8343303,0.051616993,0.96381676,0.07340002,0,1,0,1,0,1.0,0.0,0,0.0758605,0.16566968,0.25515673,-2.6479628,32.66574,32.665740966796875,0.36159889094269865
tensor(11529),"tensor(15795., dtype=torch.float64)",tensor(9),0,0,0,1,0,0.015073315,0.17333557,0.1544609,0.99770516,0.59279174,0,0,0,1,0,1.0,0.0,0,0.15047455,0.40720826,0.3323518,-2.7784302,18.748116,18.74811553955078,0.44755083179297594
tensor(11541),"tensor(8637., dtype=torch.float64)",tensor(9),0,0,1,0,0,0.02230487,0.025958465,0.9884278,0.011998665,0.3306691,0,0,1,0,0,1.0,0.0,0,0.0805006,0.3306691,0.19800654,-3.3937817,112.02705,159.31777954101562,0.3837800369685767
tensor(11671),"tensor(9821., dtype=torch.float64)",tensor(9),0,1,0,0,0,0.9634071,0.2854831,0.014437822,0.00034348926,0.0021802709,1,0,0,0,0,0.0,1.0,1,0.067807555,0.28548312,0.16983199,-4.5027084,327.44415,3272.779296875,0.381007393715342
tensor(11685),"tensor(10021., dtype=torch.float64)",tensor(9),0,0,1,0,0,0.4970968,0.46482858,0.54614264,0.09715167,0.054102015,1,0,0,0,0,0.0,1.0,1,0.31340724,0.49709678,0.5203768,-1.0856346,57.639126,3747.8251953125,0.83271719038817
tensor(11693),"tensor(10172., dtype=torch.float64)",tensor(9),1,0,0,0,0,0.99740773,0.005594088,0.003396031,0.0012963401,0.00018761988,1,0,0,0,0,1.0,0.0,0,0.0026132464,0.0055940747,0.017404921,-6.4085274,636.06506,3154.38427734375,0.25207948243992606
tensor(11773),"tensor(19270., dtype=torch.float64)",tensor(9),0,1,0,0,0,0.10366111,0.9599565,0.024903877,0.3541872,0.035344347,0,1,0,0,0,1.0,0.0,0,0.111628056,0.3541872,0.28410906,-2.5817888,41.41703,41.417030334472656,0.44685767097966733
tensor(11783),"tensor(18381., dtype=torch.float64)",tensor(9),1,0,0,0,0,0.9908199,0.0026182674,0.014385263,0.008164303,0.0073205917,1,0,0,0,0,1.0,0.0,0,0.008333683,0.014385283,0.04727032,-4.912136,365.73932,3086.35009765625,0.27333641404805914
tensor(11791),"tensor(3007., dtype=torch.float64)",tensor(9),1,0,0,0,0,0.99672264,0.014107829,0.002780589,0.00037033838,0.00035271104,1,0,0,0,0,1.0,0.0,0,0.004177749,0.014107823,0.024347246,-6.3393555,593.933,3087.55126953125,0.25531423290203326
tensor(11797),"tensor(13293., dtype=torch.float64)",tensor(9),1,0,0,0,0,0.976227,0.002324455,0.020171234,0.01894011,0.11793451,1,0,0,0,0,1.0,0.0,0,0.036628723,0.117934525,0.13683546,-3.9239388,223.5206,3112.93017578125,0.34773567467652494
tensor(11823),"tensor(11996., dtype=torch.float64)",tensor(9),0,1,1,1,0,0.037853446,0.53070045,0.8439267,0.74451154,0.61357075,0,0,1,1,0,0.8,0.19999999999999996,1,0.26102883,0.46929955,0.5041663,-1.3156078,30.77561,30.775609970092773,0.7509242144177448
tensor(11825),"tensor(7918., dtype=torch.float64)",tensor(9),1,0,0,0,0,0.9785259,0.11935661,0.013912025,0.0015016033,0.0052544978,1,0,0,0,0,1.0,0.0,0,0.032299817,0.11935663,0.11734687,-4.36437,269.11395,3178.36279296875,0.3313308687615527
tensor(11839),"tensor(15034., dtype=torch.float64)",tensor(9),0,1,0,0,0,0.7923608,0.8073887,0.006865943,0.0033288556,0.0041304454,1,1,0,0,0,0.6666666666666666,0.33333333333333337,1,0.08291513,0.20763922,0.21819043,-3.7867324,192.96625,192.96624755859375,0.4117375231053605
tensor(11865),"tensor(20063., dtype=torch.float64)",tensor(9),0,0,0,0,0,0.05372828,0.13145198,0.2967588,0.2570895,0.007135124,0,0,0,0,0,1.0,0.0,0,0.14923269,0.29675877,0.36378953,-2.3232536,83.64865,83.64865112304688,0.6386321626617375
tensor(11871),"tensor(18724., dtype=torch.float64)",tensor(9),0,1,0,0,0,0.67797476,0.5272515,0.013577059,0.07144297,0.52207786,1,0,0,0,0,0.0,1.0,1,0.27154315,0.47792214,0.4682865,-1.5584798,71.2362,3055.278076171875,0.8158502772643254
tensor(11873),"tensor(15280., dtype=torch.float64)",tensor(9),0,0,0,0,1,0.9340538,0.0009162321,0.008357913,0.0724351,0.46839353,1,0,0,0,0,0.0,1.0,1,0.123209774,0.46839356,0.2499404,-3.4195275,214.59631,2882.67333984375,0.505083179297597
tensor(11879),"tensor(15704., dtype=torch.float64)",tensor(9),0,0,0,0,0,0.020645898,0.032508153,0.024516303,0.024029542,0.00028711866,0,0,0,0,0,1.0,0.0,0,0.020397365,0.032508135,0.09499766,-4.5591326,224.00203,224.0020294189453,0.2828096118299446
tensor(11883),"tensor(15317., dtype=torch.float64)",tensor(9),0,1,1,0,0,0.001009962,0.9732346,0.7267809,0.90498215,0.32605395,0,1,1,1,0,0.8,0.19999999999999996,1,0.14441329,0.32605398,0.33261347,-2.8897276,32.04769,32.047691345214844,0.47111829944547134
tensor(11889),"tensor(19458., dtype=torch.float64)",tensor(9),0,0,0,1,0,0.0022273224,0.64473855,0.89127326,0.94527525,0.8285041,0,1,1,1,1,0.4,0.6,1,0.13848722,0.35526145,0.3361528,-2.6457505,32.66874,32.668739318847656,0.488909426987061
tensor(11891),"tensor(16321., dtype=torch.float64)",tensor(9),1,0,0,0,0,0.97661614,0.03572851,0.020694906,0.0040301844,0.024742685,1,0,0,0,0,1.0,0.0,0,0.021715999,0.035728514,0.101598516,-4.0137005,209.81404,3135.14794921875,0.3047597042513863
tensor(11911),"tensor(12403., dtype=torch.float64)",tensor(9),0,0,0,0,0,0.0008173345,0.611107,0.9263355,0.9699145,0.87267905,0,1,1,1,1,0.0,1.0,1,0.124156296,0.388893,0.29083914,-3.0980694,35.450535,35.45053482055664,0.4087338262476895
tensor(11915),"tensor(12403., dtype=torch.float64)",tensor(9),0,0,0,0,0,0.0050822305,0.3230859,0.7160318,0.99002457,0.7817623,0,0,1,1,1,0.0,1.0,1,0.16806996,0.3230859,0.36766133,-2.5629933,20.279087,20.27908706665039,0.51409426987061
tensor(11921),"tensor(14359., dtype=torch.float64)",tensor(9),1,0,0,0,0,0.9859007,0.0025400647,0.004492567,0.19015358,0.0041961684,1,0,0,0,0,1.0,0.0,0,0.043096364,0.1901536,0.12683356,-4.5079346,325.37256,3020.98876953125,0.3456561922365989
tensor(11941),"tensor(11811., dtype=torch.float64)",tensor(9),1,0,0,0,0,0.81744504,0.014443867,0.0396205,0.030966507,0.69019824,1,0,0,0,0,1.0,0.0,0,0.11547756,0.30980176,0.2949109,-2.630898,115.27615,3051.623046875,0.5439001848428835
tensor(11947),"tensor(10077., dtype=torch.float64)",tensor(9),0,0,1,0,1,0.0015352834,0.05048856,0.9949602,0.0029465382,0.9730287,0,0,1,0,1,1.0,0.0,0,0.017396271,0.05048859,0.07745705,-4.82137,99.95174,99.95173645019531,0.20633086876155268
tensor(11949),"tensor(15545., dtype=torch.float64)",tensor(9),0,0,1,0,0,0.661085,0.5700419,0.2886782,0.02574868,0.0415454,1,1,0,0,0,0.0,1.0,1,0.22496903,0.4299581,0.44340864,-1.7247578,70.91434,70.91433715820312,0.781192236598891
tensor(11951),"tensor(16130., dtype=torch.float64)",tensor(9),1,0,0,0,0,0.9506913,0.017953593,0.010461502,0.023146171,0.21588346,1,0,0,0,0,1.0,0.0,0,0.06335068,0.2158835,0.19524834,-3.3085601,161.94016,2956.638671875,0.4029574861367837
tensor(11959),"tensor(359., dtype=torch.float64)",tensor(9),1,0,0,0,0,0.0055730427,0.45447055,0.6837023,0.97858787,0.8762596,0,0,0,1,1,0.0,1.0,1,0.1842987,0.45447052,0.36506405,-2.3834636,26.299126,26.29912567138672,0.5616913123844731
tensor(11963),"tensor(3204., dtype=torch.float64)",tensor(9),0,1,0,1,0,0.001757612,0.44059026,0.025141176,0.9997706,0.536291,0,0,0,1,0,0.6666666666666666,0.33333333333333337,1,0.1862855,0.463709,0.30181274,-3.7527192,47.60688,47.60688018798828,0.47342883548983367
tensor(11969),"tensor(5051., dtype=torch.float64)",tensor(9),0,1,0,0,0,0.21242012,0.58200216,0.7361184,0.10558419,0.54326904,0,1,1,0,0,0.6666666666666666,0.33333333333333337,1,0.2913229,0.45673096,0.5600883,-0.99549186,43.817783,43.81778335571289,0.8121534195933456
tensor(11989),"tensor(18210., dtype=torch.float64)",tensor(9),1,0,0,0,0,0.9619312,0.012228442,0.13102753,0.045499295,0.006399086,1,0,0,0,0,1.0,0.0,0,0.04664457,0.13102752,0.16796954,-3.5203629,210.14218,3421.5400390625,0.38031423290203326
tensor(11997),"tensor(6971., dtype=torch.float64)",tensor(9),0,0,1,0,0,0.004213031,0.18073699,0.9693998,0.88590306,0.58043194,0,0,1,1,0,0.6666666666666666,0.33333333333333337,1,0.14984304,0.41956806,0.3343455,-2.5612977,48.067207,48.06720733642578,0.5485212569316081
tensor(12011),"tensor(2215., dtype=torch.float64)",tensor(9),0,0,0,1,0,0.36013463,0.03767312,0.005225849,0.98997,0.034557737,0,0,0,1,0,1.0,0.0,0,0.08952427,0.3601346,0.21060526,-3.3972275,95.580505,95.58050537109375,0.38609057301293903
tensor(12035),"tensor(5976., dtype=torch.float64)",tensor(9),0,1,1,0,0,0.0060198833,0.8855451,0.8996478,0.068255916,0.49039382,0,1,1,0,0,1.0,0.0,0,0.15589535,0.49039382,0.33208632,-2.3996422,39.712475,39.71247482299805,0.5475970425138632
tensor(12073),"tensor(4161., dtype=torch.float64)",tensor(9),1,0,0,0,0,0.9960145,0.00041704113,0.0071479715,0.02067411,0.0019136574,1,0,0,0,0,1.0,0.0,0,0.0068276525,0.02067411,0.03732809,-5.6703086,455.17722,3113.41796875,0.26478743068391863
tensor(12085),"tensor(658., dtype=torch.float64)",tensor(9),0,0,0,0,0,0.09192503,0.08357326,0.5051524,0.8759241,0.27487424,0,0,0,1,0,0.0,1.0,1,0.2138592,0.4948476,0.4500978,-1.526028,21.741493,21.741493225097656,0.6776802218114603
tensor(12115),"tensor(17825., dtype=torch.float64)",tensor(9),1,0,0,0,0,0.958371,0.029616153,0.022480005,0.037245814,0.084665515,1,0,0,0,0,1.0,0.0,0,0.04312724,0.08466554,0.17262828,-3.2062085,132.00787,3145.1083984375,0.36968576709796674
tensor(12123),"tensor(14146., dtype=torch.float64)",tensor(9),1,0,0,0,0,0.99401605,0.0054331394,0.0071816333,0.005691606,0.00097343803,1,0,0,0,0,1.0,0.0,0,0.0050527453,0.0071816444,0.031154538,-5.46965,429.8642,3113.339599609375,0.2592421441774492
tensor(12131),"tensor(9054., dtype=torch.float64)",tensor(9),0,0,1,0,1,0.10976015,0.13711962,0.93394864,0.01391139,0.4174094,0,0,1,0,0,0.6666666666666666,0.33333333333333337,1,0.14885032,0.41740942,0.34834898,-2.2352118,64.93384,113.00386810302734,0.613909426987061
tensor(12145),"tensor(9895., dtype=torch.float64)",tensor(9),0,1,0,0,0,0.54806936,0.5683574,0.36912173,0.36448047,0.033027545,1,0,0,0,0,0.0,1.0,1,0.33004063,0.45193064,0.56636876,-0.9873621,64.4294,3720.380126953125,0.853743068391867
tensor(12151),"tensor(5289., dtype=torch.float64)",tensor(9),0,1,1,1,0,0.0020942958,0.92281246,0.8585643,0.7390754,0.7246663,0,1,1,1,0,1.0,0.0,0,0.15139514,0.2753337,0.37138635,-2.4919887,31.596611,31.59661102294922,0.5390480591497228
tensor(12167),"tensor(6286., dtype=torch.float64)",tensor(9),0,1,0,1,0,0.006981522,0.594124,0.63116163,0.98885417,0.1977452,0,1,0,1,0,1.0,0.0,0,0.19811738,0.40587598,0.38674742,-2.3523297,18.755447,18.755447387695312,0.5757855822550831
tensor(12171),"tensor(9970., dtype=torch.float64)",tensor(9),1,0,0,0,0,0.945039,0.09384674,0.040997744,0.07026298,0.0050434563,1,0,0,0,0,1.0,0.0,0,0.053022385,0.09384674,0.19626991,-3.2263577,158.89395,3334.18798828125,0.39741219963031427
tensor(12173),"tensor(13066., dtype=torch.float64)",tensor(9),0,1,0,0,0,0.00054166507,0.9930356,0.5860085,0.8381874,0.36808163,0,1,0,1,0,0.6666666666666666,0.33333333333333337,1,0.19027835,0.4139915,0.36500317,-3.0026064,31.356579,31.356578826904297,0.5270332717190388
tensor(12191),"tensor(17566., dtype=torch.float64)",tensor(9),0,1,0,0,0,0.49630603,0.07637242,0.7751392,0.0043244152,0.014487109,1,0,1,0,0,0.0,1.0,1,0.16327018,0.49630606,0.3199025,-2.6808145,157.21387,203.79690551757812,0.634011090573013
tensor(12209),"tensor(10632., dtype=torch.float64)",tensor(9),0,1,0,0,0,0.0153714605,0.64075243,0.90269446,0.3981559,0.8212955,0,1,1,0,1,0.5,0.5,1,0.20975697,0.39815593,0.4386437,-1.7808434,23.188456,23.18845558166504,0.661275415896488
tensor(12253),"tensor(9743., dtype=torch.float64)",tensor(9),1,0,0,0,0,0.72899574,0.0009810401,0.005279025,0.8080362,0.46353513,1,0,0,1,0,0.6666666666666666,0.33333333333333337,1,0.1865527,0.46353513,0.3609046,-2.9475179,171.12169,171.12168884277344,0.6719038817005545
tensor(12261),"tensor(19080., dtype=torch.float64)",tensor(9),1,0,0,0,0,0.98723036,0.003173144,0.010272601,0.07520489,0.0067788656,1,0,0,0,0,1.0,0.0,0,0.021639824,0.07520491,0.09091078,-4.4324274,259.59772,3102.5087890625,0.2989833641404806
tensor(12263),"tensor(8090., dtype=torch.float64)",tensor(9),1,0,0,0,0,0.98752975,0.001944468,0.0054867193,0.10577106,0.010821215,1,0,0,0,0,1.0,0.0,0,0.027298748,0.105771065,0.102500774,-4.49253,247.15999,3018.49169921875,0.3061460258780037
tensor(12269),"tensor(1234., dtype=torch.float64)",tensor(9),0,0,1,0,1,0.018344542,0.025786696,0.9703269,0.03505413,0.9689377,0,0,1,0,1,1.0,0.0,0,0.027984142,0.035054147,0.12704289,-3.5708916,49.262836,49.26283645629883,0.23844731977818856
tensor(12271),"tensor(17468., dtype=torch.float64)",tensor(9),1,0,0,0,0,0.8322258,0.0019563094,0.3990249,0.0024810596,0.4743619,1,0,0,0,0,1.0,0.0,0,0.20911968,0.4743619,0.36966056,-2.868996,191.54846,3416.1044921875,0.7093345656192237
tensor(12305),"tensor(19763., dtype=torch.float64)",tensor(9),0,0,1,0,0,0.13529284,0.71299696,0.6812843,0.119110234,0.6823051,0,1,0,0,0,0.0,1.0,1,0.23556334,0.3187157,0.5223876,-1.2579764,37.072723,37.072723388671875,0.7684842883548983
tensor(12311),"tensor(2026., dtype=torch.float64)",tensor(9),0,0,0,0,1,0.9268577,0.015759565,0.009601437,0.030121984,0.4039531,1,0,0,0,0,0.0,1.0,1,0.106515706,0.40395308,0.24132879,-3.0341895,154.36728,2938.1201171875,0.48775415896487984
tensor(12321),"tensor(3292., dtype=torch.float64)",tensor(9),1,0,0,0,0,0.9796963,0.025838405,0.040754277,0.013062706,0.0019759566,1,0,0,0,0,1.0,0.0,0,0.020386994,0.04075426,0.094687484,-4.2428617,264.80386,3321.896484375,0.30914972273567465
tensor(12357),"tensor(5461., dtype=torch.float64)",tensor(9),1,0,0,0,0,0.9478719,0.1244743,0.022086594,0.002674452,0.08689637,1,0,0,0,0,1.0,0.0,0,0.057651997,0.12447429,0.20006888,-3.3830314,169.9624,3140.40673828125,0.39671903881700554
tensor(12361),"tensor(2262., dtype=torch.float64)",tensor(9),1,0,0,0,0,0.70422685,0.7733593,0.013654882,0.01709214,0.031028694,1,1,0,0,0,0.6666666666666666,0.33333333333333337,1,0.11683786,0.29577315,0.28788236,-2.7736027,93.49655,93.49655151367188,0.5108595194085028
tensor(12363),"tensor(2264., dtype=torch.float64)",tensor(9),0,0,0,0,1,0.8619449,0.028076572,0.0032367846,0.035277463,0.64195746,1,0,0,0,0,0.0,1.0,1,0.11253774,0.35804254,0.27122283,-2.9996555,143.24269,2699.57470703125,0.5094731977818854
tensor(12441),"tensor(3680., dtype=torch.float64)",tensor(9),0,0,1,0,0,0.6918579,0.0047501884,0.61428756,0.032663785,0.50372094,1,0,0,0,0,0.0,1.0,1,0.2455095,0.49627906,0.4303101,-2.0044327,101.47309,3546.02099609375,0.7911275415896487
tensor(12453),"tensor(4790., dtype=torch.float64)",tensor(9),1,0,0,0,0,0.87439907,0.29699254,0.020107163,0.02550597,0.21500576,1,0,0,0,0,1.0,0.0,0,0.13664246,0.29699254,0.34479147,-2.3252945,85.20329,3152.661865234375,0.6122920517560073
tensor(12455),"tensor(414., dtype=torch.float64)",tensor(9),1,0,0,0,0,0.972975,0.0037952452,0.022488661,0.05629165,0.07884218,1,0,0,0,0,1.0,0.0,0,0.037688553,0.07884216,0.14986615,-3.6406503,181.7431,3138.9423828125,0.35027726432532347
tensor(12459),"tensor(13741., dtype=torch.float64)",tensor(9),0,0,0,1,0,0.53109473,0.24585007,0.084226884,0.8287219,0.018923258,1,0,0,1,0,0.6666666666666666,0.33333333333333337,1,0.1978367,0.46890527,0.41792822,-1.8313036,56.326942,56.326942443847656,0.7204251386321627
tensor(12465),"tensor(21107., dtype=torch.float64)",tensor(9),1,0,0,0,0,0.8732121,0.34919477,0.00846652,0.031896867,0.19045189,1,0,0,0,0,1.0,0.0,0,0.14135951,0.34919477,0.3408328,-2.4350567,96.96999,3022.93310546875,0.6136783733826248
tensor(12469),"tensor(19728., dtype=torch.float64)",tensor(9),1,0,0,0,0,0.6483613,0.28469464,0.46974188,0.014150769,0.02546904,1,0,0,0,0,1.0,0.0,0,0.22913903,0.46974188,0.42600545,-1.9085087,92.93617,3654.26220703125,0.7809611829944547
tensor(12493),"tensor(20738., dtype=torch.float64)",tensor(9),0,1,0,0,1,0.16085903,0.8241483,0.049810685,0.34122774,0.7960055,0,1,0,0,1,1.0,0.0,0,0.18634874,0.34122777,0.45036608,-1.6328663,41.44334,41.44334030151367,0.705637707948244
tensor(12499),"tensor(6396., dtype=torch.float64)",tensor(9),1,0,0,0,0,0.9942253,0.0011482572,0.005378874,0.016079305,0.004161088,1,0,0,0,0,1.0,0.0,0,0.0065084696,0.016079307,0.03744746,-5.345707,447.97678,3005.73193359375,0.26686691312384475
tensor(12525),"tensor(359., dtype=torch.float64)",tensor(9),0,0,0,0,0,0.08201961,0.31848556,0.70029753,0.71492034,0.08402984,0,0,0,1,0,0.0,1.0,1,0.21386349,0.31848556,0.48123986,-1.4665775,35.585087,35.585086822509766,0.7335951940850278
tensor(12579),"tensor(4269., dtype=torch.float64)",tensor(9),1,0,0,0,0,0.7462897,0.15470271,0.060190402,0.35064858,0.41408476,1,0,0,0,0,1.0,0.0,0,0.24666739,0.4140848,0.51016086,-1.2977126,51.87744,3304.349609375,0.802449168207024
tensor(12583),"tensor(5961., dtype=torch.float64)",tensor(9),0,0,1,0,0,0.00023922315,0.3210443,0.9930448,0.45129254,0.9723867,0,0,1,0,1,0.6666666666666666,0.33333333333333337,1,0.16142893,0.4512925,0.29722282,-3.5610096,40.62168,40.621681213378906,0.4366913123844731
tensor(12615),"tensor(3872., dtype=torch.float64)",tensor(9),0,1,0,0,0,0.0013876191,0.6178304,0.97859186,0.0056492775,0.9573312,0,1,1,0,1,0.5,0.5,1,0.09065664,0.3821696,0.19806275,-3.8325431,67.27458,67.27458190917969,0.333641404805915
tensor(12645),"tensor(1961., dtype=torch.float64)",tensor(9),1,0,0,0,0,0.47479334,0.0057430756,0.8719764,0.020817274,0.3012915,1,0,1,0,0,0.6666666666666666,0.33333333333333337,1,0.18613374,0.47479331,0.36460105,-2.3731103,107.61437,166.62843322753906,0.6892329020332717
tensor(12693),"tensor(5739., dtype=torch.float64)",tensor(9),0,0,1,0,0,0.031418435,0.08536944,0.9733137,0.16502215,0.6492374,0,0,1,0,0,1.0,0.0,0,0.13185179,0.3507626,0.33003595,-2.3267074,41.876335,119.81645202636719,0.5286506469500925
tensor(12741),"tensor(15976., dtype=torch.float64)",tensor(9),0,1,1,0,0,0.028533462,0.9328147,0.569576,0.03726437,0.0132720135,0,1,0,0,0,0.6666666666666666,0.33333333333333337,1,0.11533576,0.43042397,0.25780687,-2.7998161,67.01379,67.01378631591797,0.4658040665434381
tensor(12753),"tensor(6261., dtype=torch.float64)",tensor(9),0,0,1,0,1,0.0037678275,0.3315333,0.9810532,0.05843721,0.9147681,0,0,1,0,1,1.0,0.0,0,0.09958345,0.3315333,0.2535943,-3.0757232,24.92351,24.92350959777832,0.32878927911275413
tensor(12789),"tensor(11149., dtype=torch.float64)",tensor(9),1,0,0,0,0,0.757738,0.71976525,0.011909246,0.014924005,0.048915822,1,1,0,0,0,0.6666666666666666,0.33333333333333337,1,0.11964911,0.28023475,0.2968648,-2.7318647,92.80944,92.80944061279297,0.5244916820702403
tensor(12805),"tensor(21686., dtype=torch.float64)",tensor(9),1,0,0,0,0,0.8871281,0.2829658,0.0835914,0.044658743,0.033620954,1,0,0,0,0,1.0,0.0,0,0.11154175,0.28296578,0.3130508,-2.361496,84.92279,3423.482421875,0.5549907578558225
tensor(12863),"tensor(10495., dtype=torch.float64)",tensor(9),0,0,1,0,0,0.9693326,0.0047540898,0.024899706,0.013549619,0.15957801,1,0,0,0,0,0.0,1.0,1,0.04668981,0.15957803,0.15889482,-3.6828399,208.2618,3120.845703125,0.36691312384473196
tensor(12869),"tensor(13894., dtype=torch.float64)",tensor(9),0,0,0,0,0,0.13147867,0.25912067,0.22505644,0.49584386,0.02716959,0,0,0,0,0,1.0,0.0,0,0.22773391,0.4958439,0.46248612,-1.5539334,47.547455,47.547454833984375,0.7583179297597042
tensor(12871),"tensor(14167., dtype=torch.float64)",tensor(9),0,1,1,0,1,0.0026114662,0.86030716,0.8526966,0.85862064,0.76624185,0,1,1,1,1,0.8571428571428571,0.1428571428571429,1,0.13294905,0.23375815,0.35835725,-2.5020146,33.514797,33.51479721069336,0.5134011090573013
tensor(12873),"tensor(8770., dtype=torch.float64)",tensor(9),0,1,0,0,0,0.038921285,0.97072226,0.016616382,0.62044126,0.6557272,0,1,0,0,0,1.0,0.0,0,0.16172945,0.37955874,0.33779216,-2.3848138,40.86,40.86000061035156,0.561460258780037
tensor(12903),"tensor(1242., dtype=torch.float64)",tensor(9),0,0,1,0,0,0.0026821871,0.49589103,0.97120273,0.3323222,0.89288384,0,0,1,0,1,0.6666666666666666,0.33333333333333337,1,0.19336176,0.49589103,0.3636928,-2.4542742,20.571865,20.57186508178711,0.5487523105360443
tensor(12913),"tensor(17771., dtype=torch.float64)",tensor(9),1,0,0,0,0,0.9788223,0.003423078,0.10627691,0.0016582442,0.010469867,1,0,0,0,0,1.0,0.0,0,0.02860117,0.10627693,0.106904194,-4.5171204,330.27838,3366.661376953125,0.3250924214417745
tensor(12947),"tensor(4622., dtype=torch.float64)",tensor(9),1,0,0,0,0,0.99039626,0.0023744025,0.008061602,0.1890405,0.00025380164,1,0,0,0,0,1.0,0.0,0,0.04186678,0.18904048,0.120993495,-5.044818,481.25195,3286.999267578125,0.3438077634011091
tensor(12965),"tensor(15797., dtype=torch.float64)",tensor(9),1,0,0,0,0,0.99330235,0.002356604,0.009459331,0.015725952,0.0016553103,1,0,0,0,0,1.0,0.0,0,0.0071789026,0.01572597,0.04069501,-5.2474813,399.9425,3124.4296875,0.266173752310536
tensor(12973),"tensor(15118., dtype=torch.float64)",tensor(9),0,1,0,0,0,0.59985244,0.85340166,0.0032246138,0.03981606,0.030560957,1,1,0,0,0,0.6666666666666666,0.33333333333333337,1,0.12406957,0.40014756,0.28311983,-2.907989,101.884254,101.8842544555664,0.5136321626617375
tensor(13013),"tensor(12125., dtype=torch.float64)",tensor(9),0,1,1,0,0,0.000315854,0.9081851,0.92256665,0.865502,0.9102579,0,1,1,1,1,0.6666666666666666,0.33333333333333337,1,0.0787608,0.134498,0.25576466,-3.4015763,32.664543,32.66454315185547,0.30268022181146026
tensor(13029),"tensor(2363., dtype=torch.float64)",tensor(9),1,0,0,0,0,0.20594698,0.012657583,0.013649118,0.07952441,0.9793463,0,0,0,0,1,0.0,1.0,1,0.06648636,0.20594698,0.20535322,-3.258889,156.83072,186.13223266601562,0.40988909426987064
tensor(13041),"tensor(702., dtype=torch.float64)",tensor(9),0,0,1,1,0,0.0031185108,0.97388726,0.7930879,0.10066765,0.5387564,0,1,1,0,0,0.5,0.5,1,0.15961093,0.46124363,0.33371824,-2.6149907,29.307476,29.307476043701172,0.5002310536044362
tensor(13051),"tensor(18138., dtype=torch.float64)",tensor(9),1,0,0,0,0,0.92332643,0.16641569,0.022776363,0.0071155746,0.15143731,1,0,0,0,0,1.0,0.0,0,0.08488369,0.16641569,0.25937122,-2.904073,124.42584,3160.555908203125,0.4720425138632163
tensor(13069),"tensor(12204., dtype=torch.float64)",tensor(9),0,1,0,1,0,0.0027653778,0.7589369,0.7055588,0.9904151,0.42037278,0,1,0,1,0,1.0,0.0,0,0.19364548,0.42037278,0.38238627,-2.5735512,18.901829,18.90182876586914,0.5471349353049908
tensor(13073),"tensor(7003., dtype=torch.float64)",tensor(9),1,0,0,0,0,0.89553577,0.0042779017,0.012520643,0.00776563,0.6897383,1,0,0,0,0,1.0,0.0,0,0.08785802,0.31026173,0.21888849,-3.5231018,188.93082,2851.9697265625,0.43091497227356745
tensor(13099),"tensor(10047., dtype=torch.float64)",tensor(9),0,1,0,0,0,0.41102457,0.55720526,0.07076381,0.5499247,0.6063279,0,0,0,0,0,0.0,1.0,1,0.35366613,0.45007533,0.5955888,-0.75936854,44.40603,44.406028747558594,0.8223197781885397
tensor(13119),"tensor(2094., dtype=torch.float64)",tensor(9),1,0,0,0,0,0.9873065,0.0020513183,0.027135897,0.09874292,0.001441688,1,0,0,0,0,1.0,0.0,0,0.028412998,0.0987429,0.10812225,-4.574453,325.30453,3327.138671875,0.32324399260628467
tensor(13137),"tensor(18138., dtype=torch.float64)",tensor(9),0,0,1,0,0,0.78338975,0.11008759,0.45396212,0.034499373,0.15763709,1,0,0,0,0,0.0,1.0,1,0.19455928,0.4539621,0.42879313,-1.7135347,83.135254,3626.64990234375,0.7668669131238447
tensor(13159),"tensor(20691., dtype=torch.float64)",tensor(9),0,1,0,0,0,0.28949285,0.84204745,0.29924515,0.0024671406,0.046590105,0,1,0,0,0,1.0,0.0,0,0.15914953,0.29924512,0.37076154,-2.4886336,101.01811,101.01811218261719,0.6506469500924215
tensor(13201),"tensor(11587., dtype=torch.float64)",tensor(9),0,0,1,1,0,0.00013942651,0.13338648,0.99745184,0.30092812,0.9796525,0,0,1,0,1,0.5,0.5,1,0.09146994,0.30092812,0.22459033,-4.2872276,66.45828,66.45828247070312,0.3241682070240296
tensor(13229),"tensor(18388., dtype=torch.float64)",tensor(9),1,0,0,0,0,0.14935216,0.9049606,0.3726159,0.025994278,0.059895847,0,1,0,0,0,0.0,1.0,1,0.14057958,0.37261593,0.34863442,-2.178245,45.899956,45.89995574951172,0.5760166358595195
tensor(13281),"tensor(13547., dtype=torch.float64)",tensor(9),0,0,0,1,0,0.0046479045,0.30240598,0.30648428,0.99854577,0.5669645,0,0,0,1,0,1.0,0.0,0,0.20960552,0.4330355,0.3907712,-2.7640908,18.392439,18.392438888549805,0.5452865064695008
tensor(13321),"tensor(19906., dtype=torch.float64)",tensor(9),0,0,1,1,0,0.00581389,0.3046147,0.9720496,0.32861277,0.88139117,0,0,1,0,1,0.5,0.5,1,0.15712011,0.3286128,0.35506546,-2.4472404,19.316097,19.316097259521484,0.5034658040665435
tensor(13329),"tensor(21176., dtype=torch.float64)",tensor(9),0,1,0,0,0,0.029379554,0.9928014,0.051088896,0.030962374,0.14800349,0,1,0,0,0,1.0,0.0,0,0.053326607,0.14800346,0.18685582,-3.3079822,43.031868,43.03186798095703,0.2807301293900185
tensor(13345),"tensor(11725., dtype=torch.float64)",tensor(9),0,1,0,0,0,0.15983911,0.7262608,0.66866755,0.19352415,0.5656469,0,1,0,0,0,1.0,0.0,0,0.2785576,0.4343531,0.56745195,-1.0057415,37.672203,37.672203063964844,0.7969038817005545
tensor(13417),"tensor(20901., dtype=torch.float64)",tensor(9),0,1,0,0,0,0.00082859106,0.99769044,0.51031595,0.079361275,0.28691772,0,1,0,0,0,1.0,0.0,0,0.17182028,0.48968405,0.31850895,-3.313214,44.996864,44.996864318847656,0.48590573012939
tensor(13427),"tensor(8047., dtype=torch.float64)",tensor(9),1,0,0,0,0,0.9782656,0.0023134407,0.03801853,0.027760176,0.03628909,1,0,0,0,0,1.0,0.0,0,0.025223136,0.038018525,0.113098845,-3.987957,240.83711,3188.09814453125,0.32971349353049906
tensor(13445),"tensor(11929., dtype=torch.float64)",tensor(9),0,1,0,0,1,0.00831828,0.98123574,0.57938194,0.06438677,0.49815497,0,1,0,0,0,0.6666666666666666,0.33333333333333337,1,0.20204848,0.498155,0.3507629,-2.3483436,26.355942,26.355941772460938,0.5750924214417745
tensor(13487),"tensor(11859., dtype=torch.float64)",tensor(9),0,0,0,1,0,0.97981673,0.019812912,0.0027127285,0.24389385,0.0001515158,1,0,0,0,0,0.0,1.0,1,0.057350814,0.24389386,0.15436265,-4.7234244,423.6059,3187.56689453125,0.36829944547134935
tensor(13503),"tensor(13889., dtype=torch.float64)",tensor(9),0,1,0,0,0,0.00042271556,0.98699886,0.6303699,0.97394466,0.11351225,0,1,0,1,0,0.6666666666666666,0.33333333333333337,1,0.104524314,0.3696301,0.2412777,-3.661663,56.51971,56.519710540771484,0.36437153419593343
tensor(13505),"tensor(19172., dtype=torch.float64)",tensor(9),1,0,0,0,0,0.6203902,0.35915568,0.36448938,0.00060453336,0.0032339185,1,0,0,0,0,1.0,0.0,0,0.22141868,0.37960982,0.3999236,-2.9534874,218.56473,3599.94482421875,0.7414510166358595
tensor(13515),"tensor(9759., dtype=torch.float64)",tensor(9),0,1,0,1,1,0.002509092,0.976152,0.035517476,0.9891388,0.6095472,0,1,0,1,0,0.8,0.19999999999999996,1,0.09263772,0.3904528,0.20249765,-3.5911694,48.306126,48.30612564086914,0.32070240295748614
tensor(13563),"tensor(10023., dtype=torch.float64)",tensor(9),0,1,0,1,0,0.011429319,0.7375144,0.020677565,0.99553865,0.6533541,0,1,0,1,0,1.0,0.0,0,0.1291399,0.3466459,0.28254384,-3.0785282,39.416153,39.41615295410156,0.42352125693160814
tensor(13581),"tensor(14982., dtype=torch.float64)",tensor(9),0,1,0,0,0,0.0008991932,0.9603694,0.7116139,0.96648085,0.49707714,0,1,1,1,0,0.5,0.5,1,0.17190236,0.4970771,0.3229149,-2.8954606,35.565125,35.56512451171875,0.5027726432532347
tensor(13585),"tensor(20709., dtype=torch.float64)",tensor(9),0,1,0,0,0,0.030689823,0.95230293,0.06911785,0.85073185,0.37524182,0,1,0,1,0,0.6666666666666666,0.33333333333333337,1,0.13440293,0.37524182,0.332657,-2.2594266,19.563,19.562999725341797,0.4775878003696858
tensor(13605),"tensor(13177., dtype=torch.float64)",tensor(9),1,0,0,0,0,0.94942594,0.0016424567,0.11137353,0.00080160797,0.29212114,1,0,0,0,0,1.0,0.0,0,0.091302514,0.29212117,0.23446146,-3.8864636,292.63312,3256.387939453125,0.4600277264325323
tensor(13621),"tensor(17422., dtype=torch.float64)",tensor(9),1,0,0,0,0,0.983392,0.006253515,0.039078593,0.029247157,0.0026760462,1,0,0,0,0,1.0,0.0,0,0.018772721,0.039078593,0.08762775,-4.3549614,270.51215,3300.6875,0.30175600739371533
tensor(13641),"tensor(11537., dtype=torch.float64)",tensor(9),0,0,1,1,0,0.44494623,0.024999106,0.5655817,0.81706166,0.046640567,1,0,0,1,0,0.5,0.5,1,0.22678852,0.44494623,0.43056384,-1.7325287,65.85527,65.85527038574219,0.7710258780036968
tensor(13725),"tensor(2836., dtype=torch.float64)",tensor(9),0,0,0,1,1,0.302915,0.16527666,0.05169358,0.9690944,0.1897961,0,0,0,1,0,0.6666666666666666,0.33333333333333337,1,0.14811736,0.30291498,0.37778127,-2.0518079,23.53902,23.539020538330078,0.5517560073937153
tensor(13771),"tensor(15680., dtype=torch.float64)",tensor(9),0,1,0,0,0,0.039876215,0.9633742,0.14745413,0.46322966,0.4024794,0,1,0,0,0,1.0,0.0,0,0.21793306,0.46322966,0.42146626,-1.749635,12.431608,12.431608200073242,0.6467190388170055
tensor(13785),"tensor(13454., dtype=torch.float64)",tensor(9),1,0,0,0,0,0.13450378,0.952182,0.19017492,0.014576891,0.05531424,0,1,0,0,0,0.0,1.0,1,0.08847749,0.19017494,0.27267122,-2.6706786,52.513573,52.513572692871094,0.43368761552680224
tensor(13787),"tensor(15036., dtype=torch.float64)",tensor(9),0,1,0,0,0,0.02947816,0.8304689,0.53034663,0.8969271,0.5577042,0,1,0,1,0,0.6666666666666666,0.33333333333333337,1,0.24280626,0.46965337,0.45952502,-1.5200125,22.94818,22.948179244995117,0.6991682070240295
tensor(13789),"tensor(19137., dtype=torch.float64)",tensor(9),0,0,1,0,0,0.26582655,0.042703457,0.91563076,0.0009643996,0.039111987,0,0,1,0,0,1.0,0.0,0,0.08659518,0.26582658,0.24351831,-3.3309226,199.99968,210.06484985351562,0.45910351201478744
tensor(13815),"tensor(1271., dtype=torch.float64)",tensor(9),0,1,0,0,0,0.34751597,0.93452597,0.030940792,0.0017289944,0.045904938,0,1,0,0,0,1.0,0.0,0,0.098312974,0.34751594,0.24493289,-3.2250576,126.419785,126.41978454589844,0.44986136783733827
tensor(13829),"tensor(11216., dtype=torch.float64)",tensor(9),0,0,0,1,0,0.9521476,0.038132347,0.060018886,0.01572059,0.05867892,1,0,0,0,0,0.0,1.0,1,0.044080615,0.060018897,0.17706442,-3.176351,137.61961,3269.161376953125,0.3786968576709797
tensor(13831),"tensor(1672., dtype=torch.float64)",tensor(9),0,1,0,1,0,0.0014500436,0.74082434,0.2845,0.99899775,0.46472543,0,1,0,1,0,1.0,0.0,0,0.20217073,0.46472543,0.37577048,-3.1106162,22.75367,22.75366973876953,0.5138632162661737
tensor(13839),"tensor(8114., dtype=torch.float64)",tensor(9),0,1,0,0,0,0.11530109,0.9670274,0.10305435,0.04556325,0.076136336,0,1,0,0,0,1.0,0.0,0,0.074605584,0.11530107,0.25771916,-2.62361,32.61062,32.610618591308594,0.36390942698706097
tensor(13883),"tensor(12521., dtype=torch.float64)",tensor(9),0,0,1,0,0,0.015920924,0.022244837,0.98522955,0.14475156,0.8286438,0,0,1,0,1,0.6666666666666666,0.33333333333333337,1,0.07380885,0.1713562,0.22736116,-3.0919774,47.93843,47.93843078613281,0.3484288354898336
tensor(13909),"tensor(3380., dtype=torch.float64)",tensor(9),1,0,0,0,0,0.9899567,0.007019187,0.042946562,0.0011476617,0.0017495103,1,0,0,0,0,1.0,0.0,0,0.012581229,0.042946577,0.05939464,-5.1524553,400.06635,3323.326416015625,0.2795748613678373
tensor(13925),"tensor(18847., dtype=torch.float64)",tensor(9),1,0,0,0,0,0.91766584,0.007782811,0.05657888,0.013370721,0.45561823,1,0,0,0,0,1.0,0.0,0,0.123137,0.45561826,0.2615201,-2.910434,157.67598,3149.71630859375,0.5328096118299446
tensor(13929),"tensor(11984., dtype=torch.float64)",tensor(9),1,0,0,0,0,0.9618053,0.005314504,0.11812866,0.0021797079,0.092881866,1,0,0,0,0,1.0,0.0,0,0.051339805,0.11812866,0.17663373,-3.7747397,245.58995,3345.43115234375,0.39071164510166356
tensor(13953),"tensor(610., dtype=torch.float64)",tensor(9),0,1,0,1,0,0.0010733252,0.9204371,0.78573984,0.9572177,0.76874363,0,1,1,1,1,0.6666666666666666,0.33333333333333337,1,0.113786995,0.23125637,0.3046272,-2.978559,34.119896,34.119895935058594,0.41243068391866916
tensor(13977),"tensor(19446., dtype=torch.float64)",tensor(9),1,0,0,0,0,0.97533345,0.013815081,0.08491288,0.009692815,0.0033506274,1,0,0,0,0,1.0,0.0,0,0.027287602,0.084912896,0.11123792,-4.128938,276.78308,3367.36767578125,0.3331792975970425
tensor(13983),"tensor(2799., dtype=torch.float64)",tensor(9),0,1,1,1,1,0.055693533,0.71976906,0.0775614,0.9783131,0.2834804,0,1,0,1,0,0.6666666666666666,0.33333333333333337,1,0.14373052,0.2834804,0.35632756,-2.197247,17.150274,17.1502742767334,0.5083179297597042
tensor(13991),"tensor(5973., dtype=torch.float64)",tensor(9),1,0,0,0,0,0.9012602,0.088687874,0.0062688864,0.046285935,0.35827863,1,0,0,0,0,1.0,0.0,0,0.11965215,0.35827863,0.29993892,-2.6430612,122.12161,2890.822265625,0.5570702402957486
tensor(14013),"tensor(13685., dtype=torch.float64)",tensor(9),1,0,0,0,0,0.9752466,0.005166848,0.00591775,0.044553414,0.09313142,1,0,0,0,0,1.0,0.0,0,0.034704566,0.09313142,0.13529932,-3.879876,215.3028,2912.53076171875,0.34450092421441775
tensor(14019),"tensor(7628., dtype=torch.float64)",tensor(9),0,1,1,1,0,0.0072825383,0.75960964,0.82976687,0.8341358,0.7843646,0,1,1,1,1,0.8571428571428571,0.1428571428571429,1,0.15988111,0.24039036,0.40429664,-2.111199,30.292929,30.29292869567871,0.5949630314232901
tensor(14033),"tensor(10493., dtype=torch.float64)",tensor(9),0,0,0,1,0,0.96452314,0.1834121,0.01976593,0.01475008,0.0030431051,1,0,0,0,0,0.0,1.0,1,0.05128956,0.18341208,0.16489103,-3.7386918,215.12518,3263.15576171875,0.37315157116451014
tensor(14047),"tensor(15010., dtype=torch.float64)",tensor(9),0,0,0,1,0,0.0025439889,0.041428085,0.00347027,0.9998907,0.6329725,0,0,0,1,0,1.0,0.0,0,0.0829159,0.36702752,0.17435485,-4.887844,107.559456,107.55945587158203,0.30568391866913125
tensor(14059),"tensor(10131., dtype=torch.float64)",tensor(9),0,0,0,1,0,0.2588872,0.27633268,0.0325111,0.97366863,0.12128104,0,0,0,1,0,1.0,0.0,0,0.14306867,0.27633268,0.35918596,-2.1996546,28.324715,28.32471466064453,0.5355822550831792
tensor(14075),"tensor(7883., dtype=torch.float64)",tensor(9),1,0,0,0,0,0.5354615,0.038287614,0.29623535,0.8183673,0.2196786,1,0,0,1,0,0.6666666666666666,0.33333333333333337,1,0.24007457,0.4645385,0.49221903,-1.4007657,36.79799,36.79798889160156,0.756007393715342
tensor(14093),"tensor(2048., dtype=torch.float64)",tensor(9),0,1,1,1,0,0.056291323,0.47321296,0.66437703,0.93083596,0.13121828,0,0,0,1,0,0.5,0.5,1,0.21310198,0.47321296,0.43732134,-1.6198444,24.478111,24.478111267089844,0.6756007393715341
tensor(14109),"tensor(3581., dtype=torch.float64)",tensor(9),0,1,0,1,0,0.0055454797,0.648619,0.16663349,0.9982102,0.22801274,0,1,0,1,0,1.0,0.0,0,0.15067255,0.351381,0.3366233,-2.9910507,19.217323,19.217323303222656,0.4366913123844732
tensor(14113),"tensor(5562., dtype=torch.float64)",tensor(9),1,0,0,0,0,0.9675532,0.047115516,0.029495737,0.0061436854,0.033426188,1,0,0,0,0,1.0,0.0,0,0.029725552,0.047115505,0.12998652,-3.6692436,174.7286,3192.39453125,0.3352587800369686
tensor(14129),"tensor(19019., dtype=torch.float64)",tensor(9),1,0,0,0,0,0.99518967,0.003526991,0.012775053,0.00017916715,0.002504147,1,0,0,0,0,1.0,0.0,0,0.0047591925,0.0127750635,0.02830622,-5.9875336,519.90485,3188.727294921875,0.2573937153419593
tensor(14155),"tensor(16498., dtype=torch.float64)",tensor(9),0,1,0,0,0,0.30853295,0.9577153,0.0065097786,0.01733693,0.0121145295,0,1,0,0,0,1.0,0.0,0,0.07735574,0.30853295,0.19706279,-3.478724,110.62564,110.62564086914062,0.3752310536044362
tensor(14161),"tensor(15261., dtype=torch.float64)",tensor(9),0,0,1,0,1,0.00032926226,0.10088546,0.9964651,0.12790197,0.9864871,0,0,1,0,1,1.0,0.0,0,0.04923296,0.12790197,0.16148762,-4.411484,65.379105,65.37910461425781,0.24953789279112754
tensor(14169),"tensor(17962., dtype=torch.float64)",tensor(9),1,0,0,0,0,0.9963903,0.0012075002,0.0030568298,0.007410007,0.0031018064,1,0,0,0,0,1.0,0.0,0,0.0036771894,0.00740999,0.0237435,-5.7591963,455.14743,2964.025390625,0.25207948243992606
tensor(14207),"tensor(18528., dtype=torch.float64)",tensor(9),1,0,0,0,0,0.9333729,0.18579885,0.025301855,0.024912886,0.04834654,1,0,0,0,0,1.0,0.0,0,0.07019746,0.18579888,0.23062304,-2.883087,104.711006,3222.18798828125,0.4288354898336414
tensor(14219),"tensor(10518., dtype=torch.float64)",tensor(9),0,0,0,1,0,0.0021950912,0.040262718,0.0773641,0.99978155,0.7049733,0,0,0,1,0,1.0,0.0,0,0.083013415,0.29502672,0.21306863,-4.2137923,61.66954,61.66954040527344,0.3022181146025878
tensor(14235),"tensor(8371., dtype=torch.float64)",tensor(9),1,0,0,0,0,0.0218031,0.057697285,0.98180676,0.07258031,0.5744081,0,0,1,0,0,0.0,1.0,1,0.11917317,0.4255919,0.2717554,-2.686538,55.64841,124.20916748046875,0.4699630314232902
tensor(14297),"tensor(7800., dtype=torch.float64)",tensor(9),0,0,1,0,0,0.20747328,0.0068406085,0.9545189,0.011487278,0.07729373,0,0,1,0,0,1.0,0.0,0,0.0697152,0.20747328,0.21426663,-3.2593617,160.42014,199.19667053222656,0.41705175600739375
tensor(14339),"tensor(8081., dtype=torch.float64)",tensor(9),1,0,0,0,0,0.96608824,0.014135971,0.12584946,0.0018464967,0.020871876,1,0,0,0,0,1.0,0.0,0,0.03932315,0.12584949,0.14312579,-3.9346664,249.54779,3384.629150390625,0.35975046210720885
tensor(14349),"tensor(529., dtype=torch.float64)",tensor(9),0,1,1,0,0,0.029315125,0.5732768,0.6748031,0.6439193,0.02037594,0,1,0,0,0,0.6666666666666666,0.33333333333333337,1,0.23153841,0.42672318,0.43921524,-1.7980703,58.69648,67.07327270507812,0.7603974121996303
tensor(14385),"tensor(3687., dtype=torch.float64)",tensor(9),1,0,0,0,0,0.8819735,0.002410113,0.5749459,0.00090356695,0.0069274753,1,0,0,0,0,1.0,0.0,0,0.11066437,0.42505407,0.2220732,-4.062509,343.6242,3563.546875,0.47088724584103514
tensor(14403),"tensor(488., dtype=torch.float64)",tensor(9),1,0,0,0,0,0.45394477,0.44265196,0.43896988,0.61919886,0.49597067,1,0,0,0,0,1.0,0.0,0,0.4424677,0.49597067,0.6837406,-0.23255225,40.95114,3724.309814453125,0.8179297597042514
tensor(14407),"tensor(9815., dtype=torch.float64)",tensor(9),1,0,0,0,0,0.9420047,0.047536798,0.0016407171,0.5154094,0.000989583,1,0,0,0,0,1.0,0.0,0,0.1185506,0.4845906,0.22505626,-3.8350136,274.28802,3021.4873046875,0.4833641404805915
tensor(14435),"tensor(20180., dtype=torch.float64)",tensor(9),1,0,0,0,0,0.9445288,0.018458022,0.024081161,0.021316327,0.24399878,1,0,0,0,0,1.0,0.0,0,0.072665036,0.24399877,0.21571665,-3.0936024,150.59222,3118.275390625,0.43091497227356745
tensor(14449),"tensor(488., dtype=torch.float64)",tensor(9),1,0,0,0,0,0.8046253,0.10974362,0.26885226,0.16558428,0.282305,1,0,0,0,0,1.0,0.0,0,0.20437199,0.282305,0.49318963,-1.4119164,62.364666,3578.67529296875,0.7867375231053604
tensor(14461),"tensor(3403., dtype=torch.float64)",tensor(9),1,0,0,0,0,0.22922009,0.93539476,0.03315698,0.023759088,0.34026617,0,1,0,0,0,0.0,1.0,1,0.13820153,0.34026617,0.3353757,-2.3272057,45.259136,45.25913619995117,0.5501386321626617
tensor(14467),"tensor(1716., dtype=torch.float64)",tensor(9),0,0,0,1,1,0.006269632,0.047826424,0.09953904,0.9992762,0.66276515,0,0,0,1,0,0.6666666666666666,0.33333333333333337,1,0.098318756,0.33723485,0.23986502,-3.633056,42.292694,42.292694091796875,0.32878927911275413
tensor(14487),"tensor(15893., dtype=torch.float64)",tensor(9),0,1,0,1,0,0.006619672,0.83171487,0.7137956,0.9529141,0.18635873,0,1,1,1,0,0.8,0.19999999999999996,1,0.13891077,0.2862044,0.3524863,-2.4008372,25.574486,25.574485778808594,0.5041589648798521
tensor(14493),"tensor(3716., dtype=torch.float64)",tensor(9),0,0,0,1,1,0.0035374137,0.09870005,0.072484136,0.9995209,0.72119266,0,0,0,1,0,0.6666666666666666,0.33333333333333337,1,0.0908016,0.27880734,0.2403394,-3.7990594,43.508484,43.50848388671875,0.31585027726432535
tensor(14495),"tensor(17466., dtype=torch.float64)",tensor(9),0,1,0,0,0,0.69775003,0.8453314,0.0043590614,0.012625116,0.0013882892,1,1,0,0,0,0.6666666666666666,0.33333333333333337,1,0.09505826,0.30224997,0.22995785,-3.780767,202.64651,202.64651489257812,0.43692236598890943
tensor(14509),"tensor(5555., dtype=torch.float64)",tensor(9),1,0,0,0,0,0.36269635,0.36856458,0.69452804,0.1644212,0.5488876,0,0,0,0,0,0.0,1.0,1,0.33045328,0.4511124,0.61277187,-0.749061,47.26667,47.26667022705078,0.8304066543438077
tensor(14519),"tensor(19301., dtype=torch.float64)",tensor(9),1,0,0,0,0,0.9829759,0.008556478,0.04368517,0.011399403,0.0047223414,1,0,0,0,0,1.0,0.0,0,0.017077446,0.043685198,0.08146002,-4.3415904,265.85312,3281.534423828125,0.297365988909427
tensor(14549),"tensor(4932., dtype=torch.float64)",tensor(9),1,0,0,0,0,0.3592157,0.1619204,0.7816762,0.0008695352,0.04690011,0,0,1,0,0,0.0,1.0,1,0.15744591,0.35921574,0.36337325,-2.7113242,158.66278,184.20489501953125,0.6580406654343808
tensor(14589),"tensor(4395., dtype=torch.float64)",tensor(9),0,1,1,0,1,0.0031827516,0.9744543,0.7626045,0.3469919,0.44156992,0,1,1,0,0,0.8,0.19999999999999996,1,0.21093714,0.44156992,0.40406114,-2.2844644,24.157528,24.157527923583984,0.6122920517560074
tensor(14601),"tensor(6780., dtype=torch.float64)",tensor(9),0,0,1,0,0,0.04022043,0.13548316,0.9572237,0.17491579,0.7267293,0,0,1,0,0,1.0,0.0,0,0.13333333,0.27327073,0.3584145,-2.1325955,29.48843,110.44297790527344,0.5311922365988909
tensor(14615),"tensor(11573., dtype=torch.float64)",tensor(9),0,0,1,0,0,0.031676814,0.34278223,0.9307243,0.26409078,0.77764225,0,0,1,0,1,0.6666666666666666,0.33333333333333337,1,0.1860367,0.34278226,0.42846337,-1.7891124,21.859852,21.859851837158203,0.6337800369685767
tensor(14671),"tensor(14147., dtype=torch.float64)",tensor(9),0,0,1,1,0,0.009200246,0.38744295,0.92054844,0.8894244,0.33944836,0,0,1,1,0,1.0,0.0,0,0.18522376,0.38744295,0.39713955,-2.0675616,31.746935,31.74693489074707,0.6224584103512015
tensor(14741),"tensor(6796., dtype=torch.float64)",tensor(9),0,0,0,1,1,4.9876176e-05,0.6036679,0.9465958,0.9904817,0.97924966,0,1,1,1,1,0.6666666666666666,0.33333333333333337,1,0.09601098,0.3963321,0.20703621,-4.340173,62.036877,62.0368766784668,0.30730129390018485
tensor(14777),"tensor(12067., dtype=torch.float64)",tensor(9),0,1,0,0,0,0.0012086873,0.99249953,0.69927114,0.10849884,0.4293537,0,1,0,0,0,1.0,0.0,0,0.16945809,0.4293537,0.33829528,-2.9673514,33.977707,33.97770690917969,0.49815157116451014
tensor(14791),"tensor(16256., dtype=torch.float64)",tensor(9),1,0,0,0,0,0.9728916,0.17697865,0.0066553084,0.0033866775,0.0036113313,1,0,0,0,0,1.0,0.0,0,0.043548107,0.17697865,0.13557456,-4.285524,246.63812,3114.873779296875,0.3433456561922366
tensor(14809),"tensor(21216., dtype=torch.float64)",tensor(9),1,0,0,0,0,0.9807226,0.01968761,0.009600624,0.0041860845,0.044130787,1,0,0,0,0,1.0,0.0,0,0.019376576,0.044130802,0.090829894,-4.2041554,223.8432,3016.9677734375,0.2948243992606285
tensor(14835),"tensor(10164., dtype=torch.float64)",tensor(9),1,0,0,0,0,0.7272673,0.7375104,0.01790047,0.03691591,0.003335775,1,1,0,0,0,0.6666666666666666,0.33333333333333337,1,0.118674934,0.27273268,0.28634486,-2.9959886,135.27753,135.27752685546875,0.5214879852125693
tensor(14887),"tensor(1841., dtype=torch.float64)",tensor(9),0,0,0,1,0,0.00528157,0.5256365,0.73860896,0.98991007,0.5165974,0,0,1,1,0,0.6666666666666666,0.33333333333333337,1,0.24690568,0.4834026,0.40966225,-2.2064228,15.992086,15.992086410522461,0.6222273567467652
tensor(14901),"tensor(1075., dtype=torch.float64)",tensor(9),1,0,0,0,0,0.7745832,0.60288686,0.024442447,0.020253045,0.1689531,1,1,0,0,0,0.6666666666666666,0.33333333333333337,1,0.16723567,0.39711314,0.374721,-2.162125,74.563286,74.56328582763672,0.6665896487985213
tensor(14921),"tensor(6074., dtype=torch.float64)",tensor(9),1,0,0,0,0,0.77590746,0.15395592,0.025524814,0.13574325,0.5230899,1,0,0,0,0,1.0,0.0,0,0.20324534,0.4769101,0.43392283,-1.7063315,76.8835,3112.65966796875,0.7705637707948243
tensor(14969),"tensor(6531., dtype=torch.float64)",tensor(9),0,0,1,0,0,0.6499349,0.021227678,0.65451765,0.0026046603,0.24468306,1,0,0,0,0,0.0,1.0,1,0.19281256,0.3500651,0.3938779,-2.4327445,133.85431,3564.99462890625,0.727818853974122
tensor(14979),"tensor(475., dtype=torch.float64)",tensor(9),1,0,0,0,0,0.73107666,0.3178447,0.3041841,0.015979292,0.022923544,1,0,0,0,0,1.0,0.0,0,0.18597096,0.3178447,0.40258884,-2.0927982,91.288246,3601.8173828125,0.7225046210720887
tensor(15005),"tensor(2055., dtype=torch.float64)",tensor(9),1,0,1,0,0,0.1695394,0.025706595,0.93939465,0.0115287425,0.43236303,0,0,1,0,0,0.6666666666666666,0.33333333333333337,1,0.13994867,0.43236303,0.31003076,-2.5376492,78.92396,131.4176483154297,0.5642329020332717
tensor(15009),"tensor(9561., dtype=torch.float64)",tensor(9),1,0,0,0,0,0.71677774,0.17157422,0.043267995,0.69788486,0.03501775,1,0,0,1,0,0.6666666666666666,0.33333333333333337,1,0.16703951,0.30211514,0.39939162,-1.9505312,55.346878,55.34687805175781,0.6693622920517559
tensor(15071),"tensor(19222., dtype=torch.float64)",tensor(9),0,0,1,0,0,0.15286233,0.064715385,0.9414725,0.0068807723,0.11696372,0,0,1,0,0,1.0,0.0,0,0.07998991,0.15286231,0.25844723,-2.8309495,120.6454,154.00485229492188,0.4688077634011091
tensor(15079),"tensor(6194., dtype=torch.float64)",tensor(9),0,0,1,0,0,0.18271439,0.07549716,0.9057025,0.27995232,0.45558923,0,0,1,0,0,1.0,0.0,0,0.21761012,0.45558923,0.46751827,-1.4776583,47.164215,126.43402862548828,0.7599353049907578
tensor(15093),"tensor(3321., dtype=torch.float64)",tensor(9),0,1,0,0,0,0.34319574,0.28544378,0.78814936,0.15205166,0.22409359,0,0,1,0,0,0.0,1.0,1,0.24332702,0.34319574,0.54316884,-1.168215,58.009598,133.29891967773438,0.819547134935305
tensor(15119),"tensor(7803., dtype=torch.float64)",tensor(9),0,0,0,0,1,0.98020715,0.0027608261,0.0023370364,0.18343157,0.0406143,1,0,0,0,0,0.0,1.0,1,0.049787343,0.18343157,0.15583983,-4.1007757,226.77335,2857.32763671875,0.3544362292051756
tensor(15125),"tensor(960., dtype=torch.float64)",tensor(9),0,1,1,0,1,0.0146238385,0.6415251,0.8946317,0.17957436,0.8974656,0,1,1,0,1,1.0,0.0,0,0.15211517,0.3584749,0.37338474,-2.123984,16.401747,16.40174674987793,0.5344269870609981
tensor(15137),"tensor(14274., dtype=torch.float64)",tensor(9),1,0,0,0,0,0.9905247,0.006524737,0.0040018493,0.05169792,0.002631584,1,0,0,0,0,1.0,0.0,0,0.014866233,0.05169791,0.068149194,-4.8077865,311.21487,3010.228515625,0.2814232902033272
tensor(15153),"tensor(21608., dtype=torch.float64)",tensor(9),1,0,0,0,0,0.9259964,0.56727403,0.009564827,0.002652508,0.0030209008,1,0,0,0,0,1.0,0.0,0,0.1043936,0.43272597,0.20817253,-3.833263,231.0037,3215.9111328125,0.4450092421441775
tensor(15171),"tensor(9442., dtype=torch.float64)",tensor(9),1,0,0,0,0,0.988863,0.0480428,0.0029399178,0.043333273,0.00031800318,1,0,0,0,0,1.0,0.0,0,0.021154225,0.048042774,0.09104475,-4.8893614,472.37918,3132.41943359375,0.3109981515711645
tensor(15211),"tensor(20875., dtype=torch.float64)",tensor(9),1,0,0,0,0,0.8758902,0.12849607,0.022282228,0.034258753,0.3674528,1,0,0,0,0,1.0,0.0,0,0.13531989,0.3674528,0.33443576,-2.3063884,94.899055,3108.69580078125,0.6111367837338262
tensor(15251),"tensor(11092., dtype=torch.float64)",tensor(9),0,0,1,1,1,0.0032191945,0.72944707,0.8607011,0.9504951,0.547263,0,1,1,1,0,0.6666666666666666,0.33333333333333337,1,0.18306255,0.45273697,0.37898242,-2.338575,23.583158,23.583158493041992,0.5672365988909427
tensor(15301),"tensor(15228., dtype=torch.float64)",tensor(9),0,0,1,0,0,0.015418984,0.115344465,0.9767909,0.154819,0.6048295,0,0,1,0,0,1.0,0.0,0,0.14079249,0.3951705,0.32988727,-2.4113088,45.998016,120.14195251464844,0.5406654343807763
tensor(15341),"tensor(13753., dtype=torch.float64)",tensor(9),0,0,1,0,1,0.00026591748,0.78537506,0.97063094,0.7479272,0.92457217,0,1,1,1,1,0.6666666666666666,0.33333333333333337,1,0.11435211,0.2520728,0.2974152,-3.324215,29.992203,29.992202758789062,0.3662199630314233
tensor(15343),"tensor(13897., dtype=torch.float64)",tensor(9),1,0,0,0,0,0.7354989,0.25436744,0.37604228,0.2582771,0.1643964,1,0,0,0,0,1.0,0.0,0,0.26351678,0.37604225,0.5650048,-1.057071,52.304115,3694.83740234375,0.8274029574861368
tensor(15361),"tensor(9500., dtype=torch.float64)",tensor(9),1,0,0,0,0,0.89351714,0.03409116,0.09506179,0.11031434,0.22412713,1,0,0,0,0,1.0,0.0,0,0.11401546,0.22412711,0.336227,-2.2107723,85.49214,3366.312255859375,0.5847966728280961
tensor(15363),"tensor(15507., dtype=torch.float64)",tensor(9),1,0,0,0,0,0.9425753,0.0035835395,0.0010853191,0.028109632,0.5179164,1,0,0,0,0,1.0,0.0,0,0.11445731,0.48208362,0.21453714,-3.7731152,218.16345,2555.97998046875,0.45586876155268025
tensor(15403),"tensor(16292., dtype=torch.float64)",tensor(9),1,0,0,0,0,0.7644326,0.26868725,0.19341709,0.09289981,0.32784986,1,0,0,0,0,1.0,0.0,0,0.22368425,0.32784986,0.51216936,-1.3206089,54.242737,3518.95068359375,0.7957486136783734
tensor(15413),"tensor(14145., dtype=torch.float64)",tensor(9),1,0,0,0,0,0.9639622,0.061131347,0.022324543,0.0010609496,0.07080998,1,0,0,0,0,1.0,0.0,0,0.038272977,0.07080996,0.15124369,-3.8438935,221.81679,3139.693359375,0.3553604436229205
tensor(15417),"tensor(13133., dtype=torch.float64)",tensor(9),0,0,1,0,0,0.6941434,0.502793,0.25632074,0.1454909,0.149527,1,0,0,0,0,0.0,1.0,1,0.27088046,0.497207,0.542949,-1.0809288,46.75261,3640.34765625,0.811460258780037
tensor(15465),"tensor(18102., dtype=torch.float64)",tensor(9),1,0,0,0,0,0.9795323,0.004215648,0.015105823,0.15835473,0.0071175722,1,0,0,0,0,1.0,0.0,0,0.04105234,0.15835476,0.13693243,-4.0237947,236.3812,3162.996826171875,0.3509704251386322
tensor(15471),"tensor(13133., dtype=torch.float64)",tensor(9),0,0,1,0,0,0.1247318,0.18949693,0.86389124,0.07449449,0.05221438,0,0,1,0,0,1.0,0.0,0,0.115409255,0.18949693,0.34593478,-2.133605,84.58502,150.33836364746094,0.5986598890942699
tensor(15479),"tensor(17997., dtype=torch.float64)",tensor(9),0,1,1,0,0,0.0021818173,0.9807616,0.7532114,0.3733669,0.11180341,0,1,1,0,0,1.0,0.0,0,0.1506759,0.3733669,0.3360762,-2.7525802,34.796753,34.7967529296875,0.5009242144177449
tensor(15485),"tensor(12579., dtype=torch.float64)",tensor(9),0,0,0,1,1,0.0013985176,0.445466,0.79172945,0.997288,0.6300499,0,0,1,1,0,0.5,0.5,1,0.20555943,0.44546604,0.37741965,-2.9130225,26.037994,26.037994384765625,0.5420517560073937
tensor(15515),"tensor(17393., dtype=torch.float64)",tensor(9),0,1,0,0,0,0.0300535,0.9807099,0.266183,0.059063017,0.0716326,0,1,0,0,0,1.0,0.0,0,0.089244485,0.26618302,0.258368,-2.7494335,31.71693,31.716930389404297,0.3676062846580407
tensor(15525),"tensor(8004., dtype=torch.float64)",tensor(9),1,0,0,0,0,0.7675969,0.068491116,0.2006054,0.5250584,0.10437761,1,0,0,0,0,1.0,0.0,0,0.21616381,0.4749416,0.46392196,-1.4874458,47.583122,3543.5576171875,0.7576247689463955
tensor(15537),"tensor(14188., dtype=torch.float64)",tensor(9),0,1,0,0,0,0.0019431178,0.9804134,0.43154827,0.95169824,0.4827228,0,1,0,1,0,0.6666666666666666,0.33333333333333337,1,0.19682044,0.48272276,0.3360559,-2.6960196,29.48832,29.488319396972656,0.5330406654343808
tensor(15553),"tensor(17012., dtype=torch.float64)",tensor(9),1,0,0,0,0,0.9736332,0.0008577768,0.030339751,0.023430374,0.16313459,1,0,0,0,0,1.0,0.0,0,0.04882586,0.16313457,0.16412961,-3.8997655,255.467,3151.4658203125,0.37731053604436227
tensor(15563),"tensor(14188., dtype=torch.float64)",tensor(9),0,1,0,0,0,0.0016641556,0.97595334,0.4227635,0.9719509,0.32274306,0,1,0,1,0,0.6666666666666666,0.33333333333333337,1,0.15985328,0.42276347,0.3127376,-2.9396348,33.727985,33.72798538208008,0.4731977818853974
tensor(15597),"tensor(14188., dtype=torch.float64)",tensor(9),0,1,1,1,0,0.00012600896,0.9597687,0.81682736,0.98484486,0.8541754,0,1,1,1,1,0.8571428571428571,0.1428571428571429,1,0.07690191,0.18317264,0.22800693,-3.9175904,52.7685,52.76850128173828,0.30868761552680224
tensor(15609),"tensor(12619., dtype=torch.float64)",tensor(9),1,0,0,0,0,0.99324846,0.034645516,0.00485252,0.0026331113,0.0004984986,1,0,0,0,0,1.0,0.0,0,0.009876251,0.034645498,0.04885278,-5.4364595,453.74863,3130.50537109375,0.2754158964879852
tensor(15679),"tensor(18575., dtype=torch.float64)",tensor(9),1,0,0,0,0,0.9875202,0.008790835,0.028671023,0.014203311,0.0011929715,1,0,0,0,0,1.0,0.0,0,0.0130675435,0.028671026,0.06626357,-4.717833,361.08038,3285.508544921875,0.28766173752310537
tensor(15687),"tensor(16502., dtype=torch.float64)",tensor(9),0,0,1,0,0,0.12834416,0.07331865,0.9390226,0.06101686,0.07062669,0,0,1,0,0,1.0,0.0,0,0.078856766,0.12834418,0.27200574,-2.4995122,102.55266,156.32135009765625,0.4909889094269871
tensor(15697),"tensor(8547., dtype=torch.float64)",tensor(9),1,0,0,0,0,0.9883299,0.011308598,0.020855486,0.00081928744,0.00938042,1,0,0,0,0,1.0,0.0,0,0.010806739,0.020855486,0.05732007,-4.904965,326.61087,3196.021484375,0.2740295748613678
tensor(15699),"tensor(16502., dtype=torch.float64)",tensor(9),1,0,0,0,0,0.9772076,0.012908608,0.07669874,0.0032613394,0.006843836,1,0,0,0,0,1.0,0.0,0,0.024501026,0.07669872,0.10223706,-4.2566195,266.11258,3348.7685546875,0.3186229205175601
tensor(15731),"tensor(14804., dtype=torch.float64)",tensor(9),0,1,0,1,0,0.0038592482,0.8834233,0.7536187,0.9478946,0.2061378,0,1,1,1,0,0.8,0.19999999999999996,1,0.1250121,0.24638128,0.33142686,-2.5892034,29.8298,29.82979965209961,0.4625693160813309
tensor(15763),"tensor(8258., dtype=torch.float64)",tensor(9),0,0,1,1,0,0.00042315238,0.14844047,0.9913282,0.78483355,0.9534121,0,0,1,1,1,0.8,0.19999999999999996,1,0.083857894,0.21516645,0.2365149,-3.713195,41.86113,41.86112976074219,0.3061460258780037
tensor(15775),"tensor(7056., dtype=torch.float64)",tensor(9),1,0,0,0,1,0.9248596,0.017375177,0.2716462,0.0050127623,0.06937781,1,0,0,0,0,0.6666666666666666,0.33333333333333337,1,0.0877105,0.2716462,0.24456787,-3.083757,176.98596,3473.013916015625,0.47550831792975967
tensor(15783),"tensor(15287., dtype=torch.float64)",tensor(9),0,1,0,0,0,0.077493094,0.9834963,0.035424314,0.043922026,0.042967983,0,1,0,0,0,1.0,0.0,0,0.043262184,0.07749307,0.17346041,-3.210506,48.44535,48.445350646972656,0.291358595194085
tensor(15785),"tensor(16502., dtype=torch.float64)",tensor(9),1,0,0,0,0,0.93041563,0.027111933,0.24488662,0.0029521356,0.0049316706,1,0,0,0,0,1.0,0.0,0,0.06989336,0.24488664,0.1970053,-3.6857727,228.45903,3492.587646484375,0.4105822550831793
tensor(15799),"tensor(17354., dtype=torch.float64)",tensor(9),0,0,1,1,0,0.13295251,0.12110564,0.43403283,0.9540627,0.38353518,0,0,0,1,0,0.6666666666666666,0.33333333333333337,1,0.22351265,0.4340328,0.45952883,-1.5261084,15.856573,15.856573104858398,0.6762939001848429
tensor(15805),"tensor(8258., dtype=torch.float64)",tensor(9),0,0,1,1,0,2.7913105e-05,0.09109314,0.9978066,0.85083425,0.9910946,0,0,1,1,1,0.8,0.19999999999999996,1,0.050277114,0.14916575,0.15863359,-5.0720277,102.43115,102.43115234375,0.2647874306839187
tensor(15811),"tensor(20799., dtype=torch.float64)",tensor(9),0,1,0,0,0,0.016904403,0.99235547,0.10395056,0.012222914,0.023802547,0,1,0,0,0,1.0,0.0,0,0.032904983,0.10395056,0.12855142,-3.8378632,72.35418,72.35417938232422,0.26548059149722736
tensor(15813),"tensor(7937., dtype=torch.float64)",tensor(9),1,0,0,0,0,0.98427194,0.002797147,0.06260101,0.011142873,0.0068242,1,0,0,0,0,1.0,0.0,0,0.019818604,0.06260103,0.08724784,-4.437063,312.36734,3311.0419921875,0.3077634011090573
tensor(15819),"tensor(8682., dtype=torch.float64)",tensor(9),1,0,0,0,0,0.8146651,0.0206859,0.0007203597,0.93621016,0.0006086091,1,0,0,1,0,0.6666666666666666,0.33333333333333337,1,0.05422795,0.18533492,0.16568036,-4.532605,309.68256,309.68255615234375,0.3646025878003697
tensor(15831),"tensor(13204., dtype=torch.float64)",tensor(9),0,0,1,0,0,0.6396679,0.007605016,0.7454069,0.007136765,0.23990098,1,0,1,0,0,0.6666666666666666,0.33333333333333337,1,0.1739136,0.36033207,0.37179297,-2.521611,128.12401,174.29736328125,0.6811460258780037
tensor(15853),"tensor(21223., dtype=torch.float64)",tensor(9),0,0,1,1,1,0.00047714065,0.3070855,0.9012779,0.99681634,0.886836,0,0,1,1,1,1.0,0.0,0,0.10452652,0.3070855,0.2635409,-3.6955733,48.343704,48.34370422363281,0.3643715341959335
tensor(15855),"tensor(9629., dtype=torch.float64)",tensor(9),0,0,1,0,0,0.09956593,0.7188485,0.77412575,0.14779888,0.31077823,0,1,1,0,0,0.6666666666666666,0.33333333333333337,1,0.2130338,0.31077826,0.49820048,-1.3842047,36.227837,36.22783660888672,0.7414510166358595
tensor(15859),"tensor(12268., dtype=torch.float64)",tensor(9),0,0,1,0,1,0.0003191269,0.0076607177,0.9984888,0.009689708,0.9932915,0,0,1,0,1,1.0,0.0,0,0.0051778555,0.009689689,0.030798685,-5.8063073,161.3682,161.36819458007812,0.19731977818853974
tensor(15867),"tensor(16720., dtype=torch.float64)",tensor(9),0,0,0,0,0,0.0069466108,0.009600908,0.000800357,0.0020162736,2.3355956e-06,0,0,0,0,0,1.0,0.0,0,0.003873229,0.009600878,0.02333417,-7.1800323,579.7899,579.7899169921875,0.2516173752310536
tensor(15875),"tensor(11128., dtype=torch.float64)",tensor(9),1,0,0,0,0,0.65836346,0.23027134,0.028112665,0.18813826,0.63684106,1,0,0,0,0,1.0,0.0,0,0.23026353,0.36315894,0.48971286,-1.4859283,69.61099,3050.909423828125,0.8079944547134936
tensor(15889),"tensor(17166., dtype=torch.float64)",tensor(9),0,0,1,0,0,0.15227233,0.06977465,0.9463095,0.012555775,0.14971825,0,0,1,0,0,1.0,0.0,0,0.08760232,0.15227234,0.27571765,-2.6556263,105.27554,144.90249633789062,0.4900646950092421
tensor(15895),"tensor(13953., dtype=torch.float64)",tensor(9),1,0,0,0,0,0.9822812,0.047715653,0.0024714004,0.047579557,0.004358857,1,0,0,0,0,1.0,0.0,0,0.023968875,0.047715664,0.10348566,-4.287427,261.36194,2939.97998046875,0.3153881700554529
tensor(15905),"tensor(7434., dtype=torch.float64)",tensor(9),0,0,1,0,0,0.007302919,0.7444317,0.9416356,0.051274218,0.5884501,0,1,1,0,0,0.6666666666666666,0.33333333333333337,1,0.15681201,0.41154993,0.3427368,-2.4075377,47.902157,51.82958221435547,0.5764787430683919
tensor(15909),"tensor(17166., dtype=torch.float64)",tensor(9),1,0,0,0,0,0.124404095,0.23725693,0.8044227,0.06669945,0.013929181,0,0,1,0,0,0.0,1.0,1,0.12757337,0.23725694,0.3472189,-2.2863178,99.56532,177.51220703125,0.6173752310536045
tensor(15921),"tensor(16502., dtype=torch.float64)",tensor(9),1,0,0,0,0,0.96353376,0.028963445,0.09885207,0.0025152338,0.010079757,1,0,0,0,0,1.0,0.0,0,0.035375416,0.09885204,0.13683087,-3.9133122,226.87695,3367.231689453125,0.3495841035120148
tensor(15945),"tensor(8665., dtype=torch.float64)",tensor(9),0,0,1,0,0,0.8750235,0.037433766,0.39437905,0.004027614,0.01093884,1,0,0,0,0,0.0,1.0,1,0.11435115,0.39437902,0.25871888,-3.127416,183.96059,3545.7451171875,0.5115526802218114
tensor(15967),"tensor(3717., dtype=torch.float64)",tensor(9),1,0,0,0,0,0.9802178,0.00078865624,0.03999122,0.06888202,0.027390009,1,0,0,0,0,1.0,0.0,0,0.031366706,0.06888199,0.12956326,-4.0798926,244.48393,3246.462890625,0.34057301293900183
tensor(15989),"tensor(15877., dtype=torch.float64)",tensor(9),0,0,0,1,0,0.2071422,0.0335091,0.043956697,0.9923206,0.019719416,0,0,0,1,0,1.0,0.0,0,0.062401414,0.20714223,0.19583806,-3.3102863,87.936615,87.93661499023438,0.3553604436229205
tensor(15995),"tensor(3757., dtype=torch.float64)",tensor(9),0,0,0,1,1,0.9670884,0.007243067,0.010714042,0.37931222,0.00054320454,1,0,0,0,0,0.0,1.0,1,0.086144805,0.37931222,0.18304822,-4.1672564,314.3907,3280.349609375,0.41774491682070236
tensor(16011),"tensor(10532., dtype=torch.float64)",tensor(9),0,0,0,1,0,0.3686959,0.0032787928,0.012589085,0.9911981,0.13033085,0,0,0,1,0,1.0,0.0,0,0.10473937,0.3686959,0.2370617,-3.4478104,124.05817,124.05816650390625,0.43761552680221816
tensor(16057),"tensor(16563., dtype=torch.float64)",tensor(9),1,0,0,0,0,0.9820409,0.0112758605,0.0032318393,0.06441916,0.018682763,1,0,0,0,0,1.0,0.0,0,0.023113847,0.06441915,0.1010714,-4.1687603,210.72028,2889.84326171875,0.29852125693160814
tensor(16067),"tensor(2847., dtype=torch.float64)",tensor(9),1,0,0,0,0,0.26772863,0.784132,0.24104229,0.6161887,0.49379435,0,1,0,0,0,0.0,1.0,1,0.32044888,0.49379432,0.6027725,-0.7882575,32.71675,32.71675109863281,0.791358595194085
tensor(16069),"tensor(2393., dtype=torch.float64)",tensor(9),0,0,0,1,0,0.074299514,0.1877617,0.7818934,0.84543234,0.7274144,0,0,1,1,0,0.6666666666666666,0.33333333333333337,1,0.1814642,0.27258557,0.45768952,-1.5889121,28.993511,28.993511199951172,0.6668207024029575
tensor(16085),"tensor(2718., dtype=torch.float64)",tensor(9),0,0,0,1,0,0.049866475,0.18611808,0.17524233,0.99520797,0.19341756,0,0,0,1,0,1.0,0.0,0,0.12188721,0.19341755,0.33285666,-2.5471113,20.734402,20.73440170288086,0.4399260628465804
tensor(16109),"tensor(11473., dtype=torch.float64)",tensor(9),1,0,0,0,0,0.9712326,0.0027617193,0.002777662,0.05532078,0.17888872,1,0,0,0,0,1.0,0.0,0,0.05370319,0.17888874,0.17043638,-3.9306831,222.61768,2788.51708984375,0.3703789279112754
tensor(16115),"tensor(8867., dtype=torch.float64)",tensor(9),0,0,1,0,0,0.030388623,0.25225392,0.95243937,0.010820816,0.049267948,0,0,1,0,0,1.0,0.0,0,0.07805836,0.2522539,0.2296503,-3.0043678,121.34872,163.34698486328125,0.4343807763401109
tensor(16145),"tensor(16656., dtype=torch.float64)",tensor(9),1,0,0,0,0,0.9854118,0.0056529837,0.008638166,0.0055180616,0.0535531,1,0,0,0,0,1.0,0.0,0,0.017590046,0.053553104,0.08074713,-4.4383764,266.4691,2967.0009765625,0.294362292051756
tensor(16153),"tensor(21398., dtype=torch.float64)",tensor(9),0,0,1,0,0,0.20673491,0.3722746,0.7745412,0.121523954,0.15218768,0,0,1,0,0,1.0,0.0,0,0.21563607,0.37227464,0.49998397,-1.3593893,57.996185,135.7769775390625,0.7908964879852126
tensor(16171),"tensor(13559., dtype=torch.float64)",tensor(9),0,1,0,1,0,0.0010316726,0.8949842,0.8332471,0.9357936,0.85887516,0,1,1,1,1,0.6666666666666666,0.33333333333333337,1,0.095626354,0.16675287,0.28803596,-3.0224648,34.825874,34.82587432861328,0.3773105360443623
tensor(16209),"tensor(12826., dtype=torch.float64)",tensor(9),0,0,1,1,0,0.31737816,0.60502064,0.59300005,0.045637846,0.49315268,0,1,0,0,0,0.0,1.0,1,0.33162957,0.49315268,0.5700134,-0.92727077,45.841522,45.841522216796875,0.8239371534195934
tensor(16253),"tensor(7307., dtype=torch.float64)",tensor(9),1,0,0,0,0,0.8861103,0.42802507,0.025130695,0.040454697,0.010891802,1,0,0,0,0,1.0,0.0,0,0.123678386,0.42802507,0.27683073,-2.7349617,111.720856,3293.61962890625,0.5318853974121995
tensor(16267),"tensor(1284., dtype=torch.float64)",tensor(9),1,0,0,0,0,0.69995457,0.018078735,0.041967615,0.7689603,0.35213518,1,0,0,1,0,0.6666666666666666,0.33333333333333337,1,0.18865335,0.35213518,0.41296062,-1.9563911,62.482807,62.48280715942383,0.708641404805915
tensor(16287),"tensor(9957., dtype=torch.float64)",tensor(9),1,0,0,0,0,0.9561366,0.04933238,0.08140631,0.02994039,0.009436344,1,0,0,0,0,1.0,0.0,0,0.042795777,0.081406295,0.16933982,-3.3191304,161.60092,3398.52783203125,0.37361367837338266
tensor(16303),"tensor(8239., dtype=torch.float64)",tensor(9),0,0,0,0,1,0.98405635,0.023711594,0.014460459,0.024259133,0.003308939,1,0,0,0,0,0.0,1.0,1,0.016336739,0.02425915,0.08119021,-4.292881,261.66238,3175.11572265625,0.2964417744916821
tensor(16359),"tensor(5070., dtype=torch.float64)",tensor(9),0,0,1,1,0,0.0008552778,0.59622854,0.8970604,0.9897572,0.8013771,0,1,1,1,1,0.6666666666666666,0.33333333333333337,1,0.1432864,0.40377146,0.3137008,-3.1167595,32.331696,32.331695556640625,0.4387707948243993
tensor(16373),"tensor(6942., dtype=torch.float64)",tensor(9),0,1,0,0,0,0.0003323114,0.95396626,0.7158422,0.98284906,0.84888935,0,1,1,1,1,0.4,0.6,1,0.099757016,0.2841578,0.25957254,-3.5477219,44.16799,44.167991638183594,0.35166358595194086
tensor(16437),"tensor(3878., dtype=torch.float64)",tensor(9),1,0,0,0,0,0.69538695,0.76689357,0.02189261,0.016682435,0.008556009,1,1,0,0,0,0.6666666666666666,0.33333333333333337,1,0.11697006,0.30461305,0.27942544,-2.9289708,110.67636,110.67636108398438,0.5076247689463955
tensor(16441),"tensor(20525., dtype=torch.float64)",tensor(9),0,0,0,0,1,0.9567766,0.003621183,0.0022391982,0.039631464,0.36908817,1,0,0,0,0,0.0,1.0,1,0.09156066,0.36908817,0.20863292,-3.7075474,213.56711,2728.025390625,0.4286044362292052
tensor(16445),"tensor(19238., dtype=torch.float64)",tensor(9),0,0,0,0,0,0.006992231,0.011841738,0.005791457,0.013480807,2.7626937e-05,0,0,0,0,0,1.0,0.0,0,0.0076267123,0.0134807825,0.04266865,-5.863065,370.42877,370.42877197265625,0.25970425138632164
tensor(16455),"tensor(1513., dtype=torch.float64)",tensor(9),0,0,0,1,0,0.0148990825,0.63213485,0.26377136,0.99216825,0.32065883,0,1,0,1,0,0.6666666666666666,0.33333333333333337,1,0.19500524,0.36786515,0.3970762,-2.2703474,10.820566,10.820566177368164,0.5799445471349353
tensor(16521),"tensor(20762., dtype=torch.float64)",tensor(9),0,1,0,0,0,0.055191994,0.29664487,0.92817605,0.12880494,0.5670163,0,0,1,0,0,0.0,1.0,1,0.19708985,0.4329837,0.4296201,-1.6887497,38.804195,110.73429870605469,0.7021719038817006
tensor(16527),"tensor(19167., dtype=torch.float64)",tensor(9),0,0,1,0,0,0.5011347,0.2162057,0.7014002,0.06544902,0.16044194,1,0,0,0,0,0.0,1.0,1,0.24791229,0.4988653,0.5013976,-1.2920336,64.42136,3738.180908203125,0.8190850277264325
tensor(16545),"tensor(6830., dtype=torch.float64)",tensor(9),1,0,0,0,0,0.9258418,0.012375489,0.24661039,0.057901945,0.05365772,1,0,0,0,0,1.0,0.0,0,0.08894074,0.2466104,0.26395994,-2.7360394,129.61478,3499.822265625,0.4956099815157116
tensor(16551),"tensor(4952., dtype=torch.float64)",tensor(9),1,0,0,0,0,0.99808013,0.0001052879,0.0047583063,0.025615294,7.8804434e-05,1,0,0,0,0,1.0,0.0,0,0.006495476,0.025615275,0.033033535,-6.768496,745.3556,3304.23779296875,0.2634011090573013
tensor(16593),"tensor(3811., dtype=torch.float64)",tensor(9),0,1,0,1,0,0.012319641,0.400633,0.13565557,0.9972548,0.30534583,0,0,0,1,0,0.6666666666666666,0.33333333333333337,1,0.17133987,0.40063298,0.3541863,-2.6711915,12.657839,12.657838821411133,0.48844731977818856
tensor(16623),"tensor(19247., dtype=torch.float64)",tensor(9),1,0,0,0,0,0.97903436,0.0026225285,0.009231792,0.08361797,0.04394813,1,0,0,0,0,1.0,0.0,0,0.032077193,0.083617985,0.12804674,-3.9868946,216.12408,3006.385498046875,0.33548983364140483
tensor(16661),"tensor(19239., dtype=torch.float64)",tensor(9),0,1,1,1,1,0.007118954,0.3101692,0.34187052,0.9974395,0.5649241,0,0,0,1,0,0.4,0.6,1,0.21935904,0.43507588,0.40126625,-2.5236619,14.70353,14.703530311584473,0.5790203327171904
tensor(16687),"tensor(10556., dtype=torch.float64)",tensor(9),0,0,1,0,0,0.15124105,0.67485404,0.21498059,0.030590724,0.9072624,0,1,0,0,1,0.0,1.0,1,0.16293919,0.32514596,0.4043281,-1.8973862,56.48201,62.21891403198242,0.6737523105360443
tensor(16711),"tensor(8826., dtype=torch.float64)",tensor(9),0,1,0,0,0,0.01837918,0.9674941,0.13049158,0.88523114,0.2416751,0,1,0,1,0,0.6666666666666666,0.33333333333333337,1,0.10756409,0.24167508,0.30634087,-2.4908676,20.88767,20.887670516967773,0.41104436229205177
tensor(16715),"tensor(10556., dtype=torch.float64)",tensor(9),0,0,1,0,0,0.054769468,0.88640565,0.63697493,0.37903458,0.4174601,0,1,0,0,0,0.0,1.0,1,0.26557666,0.41746008,0.5128957,-1.2583902,27.012999,27.012998580932617,0.747920517560074
tensor(16719),"tensor(10556., dtype=torch.float64)",tensor(9),0,0,0,0,1,0.037989948,0.7411886,0.7511733,0.75680417,0.6360443,0,1,1,1,0,0.0,1.0,1,0.23055589,0.36395568,0.5009502,-1.4164425,31.554699,31.554698944091797,0.7372920517560074
tensor(16741),"tensor(20893., dtype=torch.float64)",tensor(9),1,0,0,0,0,0.2812841,0.8005689,0.11189152,0.63960177,0.19472964,0,1,0,0,0,0.0,1.0,1,0.2295469,0.36039823,0.51817644,-1.2785442,30.647755,30.647754669189453,0.7426062846580407
tensor(16763),"tensor(4470., dtype=torch.float64)",tensor(9),1,0,0,0,0,0.9082454,0.5605748,0.0074740723,0.0052215895,0.010193734,1,0,0,0,0,1.0,0.0,0,0.1108138,0.43942517,0.22518954,-3.450032,169.94171,3161.8486328125,0.4579482439926063
tensor(16773),"tensor(6550., dtype=torch.float64)",tensor(9),0,1,1,0,1,0.0621432,0.37625027,0.90925556,0.023466334,0.61703944,0,0,1,0,0,0.5,0.5,1,0.18711299,0.38296056,0.39520273,-1.9459345,44.70863,96.34169006347656,0.6658964879852126
tensor(16797),"tensor(6828., dtype=torch.float64)",tensor(9),0,1,1,0,1,0.0010048371,0.97865707,0.7007962,0.7781923,0.837484,0,1,0,1,1,0.6666666666666666,0.33333333333333337,1,0.14117509,0.2992038,0.33887085,-2.8946538,31.196321,31.196321487426758,0.4685767097966728
tensor(16877),"tensor(10045., dtype=torch.float64)",tensor(9),0,1,0,0,0,0.6157348,0.8607792,0.012799988,0.01297113,0.0052105966,1,1,0,0,0,0.6666666666666666,0.33333333333333337,1,0.11089355,0.38426518,0.248,-3.2445,135.34464,135.34463500976562,0.4688077634011091
tensor(16879),"tensor(8330., dtype=torch.float64)",tensor(9),0,0,0,0,0,0.0037162283,0.011277796,0.002977956,0.0033594237,4.706315e-06,0,0,0,0,0,1.0,0.0,0,0.0042672157,0.011277795,0.025828402,-6.7675314,505.7047,505.7047119140625,0.25184842883548986
tensor(16925),"tensor(12478., dtype=torch.float64)",tensor(9),1,0,0,0,0,0.8673253,0.024666639,0.0019433441,0.80774796,0.013285827,1,0,0,1,0,0.6666666666666666,0.33333333333333337,1,0.07296449,0.19225204,0.2162551,-3.507873,149.53882,149.538818359375,0.40064695009242146
tensor(16951),"tensor(6580., dtype=torch.float64)",tensor(9),0,1,0,0,0,0.3970388,0.8427848,0.07813299,0.16851947,0.19049847,0,1,0,0,0,1.0,0.0,0,0.19828099,0.39703882,0.46429548,-1.521567,29.051788,29.051788330078125,0.6926987060998151
tensor(16973),"tensor(15492., dtype=torch.float64)",tensor(9),1,0,0,1,0,0.4513813,0.18590659,0.057650298,0.9190049,0.0823412,1,0,0,1,0,1.0,0.0,0,0.17165488,0.45138133,0.3909482,-1.8611519,31.099209,31.09920883178711,0.6152957486136784
tensor(16989),"tensor(2324., dtype=torch.float64)",tensor(9),0,1,0,1,0,0.018205237,0.8846848,0.4074106,0.92833525,0.64780605,0,1,0,1,0,1.0,0.0,0,0.192958,0.40741062,0.40621513,-1.9141438,26.73052,26.730520248413086,0.632162661737523
tensor(16995),"tensor(7426., dtype=torch.float64)",tensor(9),0,0,0,0,0,0.09856338,0.18245472,0.2649406,0.81658995,0.024861591,0,0,0,1,0,0.0,1.0,1,0.15084612,0.26494062,0.39361924,-1.9792416,41.685463,41.685462951660156,0.6203789279112755
tensor(17039),"tensor(10329., dtype=torch.float64)",tensor(9),1,0,0,0,0,0.9320231,0.10410062,0.0071559492,0.25830483,0.028446086,1,0,0,0,0,1.0,0.0,0,0.09319687,0.25830483,0.26508576,-2.857795,130.86848,3035.322998046875,0.4926062846580407
tensor(17055),"tensor(21249., dtype=torch.float64)",tensor(9),1,0,0,0,0,0.9400686,0.057533834,0.1317793,0.024899833,0.027338125,1,0,0,0,0,1.0,0.0,0,0.060296535,0.13177931,0.2157129,-2.934726,130.2684,3441.2373046875,0.4249075785582255
tensor(17059),"tensor(15201., dtype=torch.float64)",tensor(9),1,0,0,0,0,0.98305833,0.08686916,0.0056252806,0.030899486,0.00030372132,1,0,0,0,0,1.0,0.0,0,0.02812785,0.08686918,0.11129773,-4.626588,414.16913,3200.470458984375,0.33248613678373384
tensor(17165),"tensor(11161., dtype=torch.float64)",tensor(9),0,1,0,1,0,0.004526517,0.35589784,0.21443601,0.99841106,0.6881961,0,0,0,1,0,0.6666666666666666,0.33333333333333337,1,0.17765063,0.35589784,0.36642203,-2.903932,20.398647,20.39864730834961,0.49329944547134935
tensor(17181),"tensor(19598., dtype=torch.float64)",tensor(9),1,0,0,0,0,0.4925744,0.006330523,0.7147801,0.05635324,0.7837913,1,0,1,0,1,0.5,0.5,1,0.21133733,0.4925744,0.41361824,-2.0220902,71.33835,71.33834838867188,0.7363678373382625
tensor(17185),"tensor(20147., dtype=torch.float64)",tensor(9),1,0,0,0,0,0.72259194,0.017253019,0.6393366,0.0031771634,0.15126106,1,0,0,0,0,1.0,0.0,0,0.16195261,0.3606634,0.35555416,-2.6091068,147.93718,3573.236083984375,0.6608133086876156
tensor(17207),"tensor(15916., dtype=torch.float64)",tensor(9),0,1,0,0,0,0.08843258,0.37414008,0.23232579,0.26167563,0.9350157,0,0,0,0,1,0.0,1.0,1,0.20431167,0.37414008,0.46347195,-1.5492682,38.565823,38.56582260131836,0.7208872458410351
tensor(17227),"tensor(17322., dtype=torch.float64)",tensor(9),0,0,1,1,0,0.014589206,0.2378814,0.92115855,0.84084815,0.09929766,0,0,1,1,0,1.0,0.0,0,0.11795235,0.23788142,0.33250234,-2.340981,50.64097,50.640968322753906,0.5344269870609981
tensor(17303),"tensor(11735., dtype=torch.float64)",tensor(9),0,1,0,1,0,0.012207046,0.77919775,0.6946184,0.9427444,0.47728515,0,1,0,1,0,1.0,0.0,0,0.21458632,0.47728515,0.42413074,-1.8736899,19.17234,19.172340393066406,0.642097966728281
tensor(17317),"tensor(20439., dtype=torch.float64)",tensor(9),1,0,0,0,0,0.8865492,0.0012245773,0.008372849,0.0996996,0.6086759,1,0,0,0,0,1.0,0.0,0,0.12281436,0.3913241,0.28104934,-3.2353141,191.75772,2816.68505859375,0.5268022181146026
tensor(17335),"tensor(20273., dtype=torch.float64)",tensor(9),1,0,0,0,0,0.9025827,0.11994256,0.17240904,0.04744172,0.050413728,1,0,0,0,0,1.0,0.0,0,0.09752482,0.17240906,0.30730218,-2.3446584,94.323044,3489.80517578125,0.5441312384473198
tensor(17349),"tensor(18040., dtype=torch.float64)",tensor(9),1,0,0,0,0,0.85917145,0.048751876,0.027525682,0.5805613,0.034973,1,0,0,0,0,1.0,0.0,0,0.13430357,0.41943872,0.3118113,-2.3973675,77.02954,3262.58154296875,0.5700092421441775
tensor(17373),"tensor(17736., dtype=torch.float64)",tensor(9),1,0,0,0,0,0.8845903,0.17168245,0.15262848,0.02894235,0.112846926,1,0,0,0,0,1.0,0.0,0,0.11630201,0.17168248,0.34538725,-2.1799169,83.01778,3470.72314453125,0.5945009242144178
tensor(17411),"tensor(21463., dtype=torch.float64)",tensor(9),1,0,0,0,0,0.90966564,0.048000906,0.009480737,0.099171,0.28106886,1,0,0,0,0,1.0,0.0,0,0.105611145,0.28106886,0.29334325,-2.6183014,108.43675,3003.88525390625,0.5258780036968577
tensor(17433),"tensor(21107., dtype=torch.float64)",tensor(9),1,0,0,0,0,0.8947526,0.06592909,0.18435854,0.048677843,0.1521539,1,0,0,0,0,1.0,0.0,0,0.11127341,0.18435854,0.3356821,-2.193747,93.8167,3482.50048828125,0.5891866913123845
tensor(17523),"tensor(10229., dtype=torch.float64)",tensor(9),1,0,0,1,0,0.09373076,0.81418765,0.04287807,0.22301686,0.8994185,0,1,0,0,1,0.0,1.0,1,0.12920398,0.22301686,0.36504462,-2.0581768,55.042694,62.06163024902344,0.5988909426987061
tensor(17609),"tensor(19851., dtype=torch.float64)",tensor(9),1,0,0,0,0,0.8110315,0.0109464815,0.022880469,0.22998351,0.5711094,1,0,0,0,0,1.0,0.0,0,0.1763339,0.4288906,0.37526676,-2.2419133,109.124374,3022.80810546875,0.6963955637707948
tensor(17613),"tensor(424., dtype=torch.float64)",tensor(9),1,0,0,0,0,0.60875106,0.01680831,0.7947885,0.0054956456,0.023830814,1,0,1,0,0,0.6666666666666666,0.33333333333333337,1,0.12851906,0.39124894,0.2817726,-2.955195,183.89539,212.85067749023438,0.5559149722735675
tensor(17633),"tensor(21365., dtype=torch.float64)",tensor(9),0,0,0,1,0,0.54726344,0.06840592,0.717615,0.23947012,0.09227064,1,0,1,0,0,0.0,1.0,1,0.22705358,0.45273656,0.4783178,-1.4351053,62.245052,156.19281005859375,0.7950554528650647
tensor(17639),"tensor(1728., dtype=torch.float64)",tensor(9),0,1,1,1,1,0.0005117284,0.60365653,0.9623975,0.9441109,0.81265926,0,1,1,1,1,1.0,0.0,0,0.1355375,0.39634347,0.30679718,-3.1069083,39.8275,39.82749938964844,0.44801293900184846
tensor(17653),"tensor(2695., dtype=torch.float64)",tensor(9),0,0,1,0,0,0.00012674212,0.58366895,0.9888931,0.6870487,0.9618551,0,1,1,1,1,0.4,0.6,1,0.15573215,0.41633105,0.3049634,-3.5627854,37.691216,37.69121551513672,0.4290665434380776
tensor(17677),"tensor(11797., dtype=torch.float64)",tensor(9),1,0,0,0,0,0.98683107,0.0015412362,0.00928029,0.048048787,0.020295544,1,0,0,0,0,1.0,0.0,0,0.01846695,0.048048794,0.08524117,-4.4647913,289.31863,3022.2431640625,0.2992144177449168
tensor(17681),"tensor(18040., dtype=torch.float64)",tensor(9),0,1,0,0,0,0.76550436,0.051011104,0.008309462,0.86719537,0.01036391,1,0,0,1,0,0.0,1.0,1,0.08739692,0.23449564,0.24871285,-3.0647721,113.03642,113.03642272949219,0.44824399260628467
tensor(17717),"tensor(4218., dtype=torch.float64)",tensor(9),1,0,0,0,0,0.992767,0.007999278,0.009108196,0.004974241,0.0019659596,1,0,0,0,0,1.0,0.0,0,0.0062562227,0.009108186,0.037374046,-5.191991,410.44504,3109.99658203125,0.26455637707948243
tensor(17723),"tensor(5619., dtype=torch.float64)",tensor(9),1,0,0,0,0,0.9512536,0.09729919,0.007538353,0.008905654,0.13237251,1,0,0,0,0,1.0,0.0,0,0.058972478,0.1323725,0.20001058,-3.3342404,155.78406,2957.89306640625,0.3953327171903882
tensor(17753),"tensor(2443., dtype=torch.float64)",tensor(9),1,0,0,0,0,0.9348287,0.3372052,0.003031469,0.088898145,0.006035625,1,0,0,0,0,1.0,0.0,0,0.10006839,0.33720517,0.24751525,-3.313195,183.83228,3022.46875,0.4731977818853974
tensor(17777),"tensor(8213., dtype=torch.float64)",tensor(9),1,0,0,0,0,0.9767676,0.0014399758,0.07149078,0.13067529,0.004831794,1,0,0,0,0,1.0,0.0,0,0.046334088,0.13067532,0.15939175,-4.013419,274.19226,3387.525634765625,0.37407578558225507
tensor(17787),"tensor(2976., dtype=torch.float64)",tensor(9),0,1,0,0,0,0.10207992,0.9689432,0.033380914,0.24090491,0.1707372,0,1,0,0,0,1.0,0.0,0,0.11563194,0.24090493,0.32470098,-2.341734,26.08918,26.08917999267578,0.4623382624768947
tensor(17807),"tensor(5403., dtype=torch.float64)",tensor(9),1,0,0,0,0,0.55796474,0.7490901,0.07649793,0.072526306,0.25785065,1,1,0,0,0,0.6666666666666666,0.33333333333333337,1,0.21996403,0.44203526,0.47015968,-1.4846531,38.208656,38.208656311035156,0.7407578558225508
tensor(17819),"tensor(4076., dtype=torch.float64)",tensor(9),0,0,1,0,0,0.5215128,0.037445795,0.7372713,0.41083398,0.08797133,1,0,1,0,0,0.6666666666666666,0.33333333333333337,1,0.25549334,0.4784872,0.4805665,-1.4127629,63.781418,166.7993621826172,0.8126155268022182
tensor(17821),"tensor(2477., dtype=torch.float64)",tensor(9),1,0,0,0,0,0.9767603,0.039604213,0.007673699,0.002419347,0.054033168,1,0,0,0,0,1.0,0.0,0,0.025394082,0.05403316,0.10986129,-4.1346974,225.04065,2999.76025390625,0.3142329020332717
tensor(17823),"tensor(5136., dtype=torch.float64)",tensor(9),0,1,1,1,1,0.008290376,0.25325137,0.6810861,0.98609936,0.7785758,0,0,0,1,1,0.6666666666666666,0.33333333333333337,1,0.16315603,0.31891388,0.36837214,-2.4287314,19.730453,19.730453491210938,0.5205637707948243
tensor(17863),"tensor(1519., dtype=torch.float64)",tensor(9),1,0,0,0,0,0.8317708,0.25484586,0.2122093,0.00543181,0.09696193,1,0,0,0,0,1.0,0.0,0,0.14753562,0.25484586,0.37792712,-2.2848608,105.1098,3495.5625,0.6677449168207024
tensor(17871),"tensor(4093., dtype=torch.float64)",tensor(9),1,0,0,0,0,0.9596704,0.10550725,0.01159192,0.031438507,0.024439314,1,0,0,0,0,1.0,0.0,0,0.04266131,0.105507255,0.16475132,-3.3734736,146.23747,3094.265869140625,0.35928835489833644
tensor(17873),"tensor(2042., dtype=torch.float64)",tensor(9),0,0,0,1,0,0.08239117,0.03565453,0.043710683,0.9963987,0.46872008,0,0,0,1,0,1.0,0.0,0,0.12681562,0.46872008,0.26661184,-2.9082963,45.092636,45.09263610839844,0.44038817005545283
tensor(17883),"tensor(830., dtype=torch.float64)",tensor(9),1,0,0,0,0,0.9891745,0.0042032716,0.022124298,0.004391965,0.010327345,1,0,0,0,0,1.0,0.0,0,0.010374427,0.02212429,0.05577458,-4.7515016,313.33206,3149.035888671875,0.27495378927911274
tensor(17905),"tensor(19051., dtype=torch.float64)",tensor(9),0,0,1,0,0,0.24467677,0.086019866,0.7501152,0.67536134,0.6484561,0,0,1,1,0,0.6666666666666666,0.33333333333333337,1,0.2513528,0.3515439,0.53811294,-1.1868919,38.923607,38.923606872558594,0.7830406654343808
tensor(17939),"tensor(12781., dtype=torch.float64)",tensor(9),0,1,0,1,0,0.00015811477,0.95007914,0.009136465,0.99976176,0.82140374,0,1,0,1,1,0.8,0.19999999999999996,1,0.047609985,0.17859626,0.14466055,-5.250425,115.36023,115.3602294921875,0.266173752310536
tensor(17949),"tensor(9108., dtype=torch.float64)",tensor(9),0,0,1,0,0,0.023291895,0.23924243,0.9522624,0.15526156,0.86624056,0,0,1,0,1,0.6666666666666666,0.33333333333333337,1,0.11985856,0.23924243,0.3355583,-2.2896152,16.091175,16.091175079345703,0.45563770794824393
tensor(17953),"tensor(3485., dtype=torch.float64)",tensor(9),0,0,0,1,0,0.04949659,0.056144994,0.24415897,0.99597037,0.16695029,0,0,0,1,0,1.0,0.0,0,0.10415614,0.24415898,0.28926829,-2.804914,35.88056,35.88056182861328,0.4080406654343808
tensor(17957),"tensor(16563., dtype=torch.float64)",tensor(9),1,0,0,0,0,0.9906346,0.019162122,0.00864127,0.0031562303,0.0031564853,1,0,0,0,0,1.0,0.0,0,0.008696258,0.019162118,0.048027676,-4.9699354,321.04547,3093.01708984375,0.26686691312384475
tensor(17961),"tensor(7758., dtype=torch.float64)",tensor(9),0,1,0,1,0,0.0036585564,0.68097603,0.8319893,0.8848191,0.91660625,0,1,1,1,1,0.6666666666666666,0.33333333333333337,1,0.1378535,0.31902397,0.34944424,-2.4802117,21.08715,21.08715057373047,0.4822088724584103
tensor(17979),"tensor(19775., dtype=torch.float64)",tensor(9),1,0,0,0,0,0.9858357,0.004901413,0.0028091804,0.021396542,0.036904186,1,0,0,0,0,1.0,0.0,0,0.0160352,0.036904216,0.07720589,-4.5025716,279.7875,2814.536865234375,0.28951016635859517
tensor(18003),"tensor(16391., dtype=torch.float64)",tensor(9),0,0,0,1,0,0.7139002,0.08032054,0.0026985276,0.89481586,0.0009774053,1,0,0,1,0,0.6666666666666666,0.33333333333333337,1,0.09505606,0.2860998,0.24818166,-3.667057,217.19736,217.19735717773438,0.4588724584103512
tensor(18029),"tensor(7206., dtype=torch.float64)",tensor(9),0,0,1,0,1,0.0034381936,0.1085362,0.9887678,0.08887903,0.94371086,0,0,1,0,1,1.0,0.0,0,0.053674996,0.108536184,0.18890785,-3.479908,29.748915,29.74891471862793,0.2340573012939002
tensor(18037),"tensor(500., dtype=torch.float64)",tensor(9),0,0,0,1,1,0.005191077,0.25869614,0.32710892,0.9983695,0.5862989,0,0,0,1,0,0.6666666666666666,0.33333333333333337,1,0.20126551,0.41370112,0.38531202,-2.7591083,18.23632,18.23632049560547,0.5378927911275415
tensor(18059),"tensor(993., dtype=torch.float64)",tensor(9),0,0,1,0,0,0.8878605,0.010396867,0.38889623,0.030792916,0.09510807,1,0,0,0,0,0.0,1.0,1,0.1274668,0.38889623,0.30574426,-2.555764,139.03845,3551.890380859375,0.5882624768946395
tensor(18073),"tensor(19957., dtype=torch.float64)",tensor(9),1,0,0,0,0,0.95543617,0.005582381,0.041916307,0.0920605,0.114219114,1,0,0,0,0,1.0,0.0,0,0.05966842,0.11421913,0.21064568,-3.1428256,141.72006,3241.453857421875,0.4078096118299446
tensor(18119),"tensor(17223., dtype=torch.float64)",tensor(9),0,0,1,0,0,0.09128273,0.25653404,0.92522895,0.0058030575,0.24557914,0,0,1,0,0,1.0,0.0,0,0.13479406,0.25653404,0.34675983,-2.4287252,93.60919,123.14142608642578,0.6069778188539741
tensor(18137),"tensor(4638., dtype=torch.float64)",tensor(9),0,1,0,1,0,0.21008784,0.86009103,0.25602898,0.24286203,0.06603536,0,1,0,0,0,0.6666666666666666,0.33333333333333337,1,0.18298465,0.256029,0.45707017,-1.5986907,32.609108,32.609107971191406,0.6790665434380776
tensor(18141),"tensor(3766., dtype=torch.float64)",tensor(9),0,0,0,0,1,0.9769957,0.0036465658,0.08272435,0.023381516,0.0037924263,1,0,0,0,0,0.0,1.0,1,0.027309775,0.08272433,0.110969186,-4.213622,290.9256,3362.540283203125,0.3331792975970425
tensor(18171),"tensor(5229., dtype=torch.float64)",tensor(9),1,0,0,0,0,0.76539665,0.11929051,0.24184537,0.09920426,0.46729913,1,0,0,0,0,1.0,0.0,0,0.23244858,0.4672991,0.49556476,-1.3322681,65.99388,3483.677978515625,0.8135397412199631
tensor(18183),"tensor(4388., dtype=torch.float64)",tensor(9),1,0,0,0,0,0.9171891,0.022054885,0.2944008,0.036178418,0.026511474,1,0,0,0,0,1.0,0.0,0,0.09239131,0.2944008,0.25511193,-2.791306,140.99902,3533.26611328125,0.4935304990757856
tensor(18201),"tensor(7590., dtype=torch.float64)",tensor(9),1,0,0,0,0,0.9706053,0.0046547344,0.0156014245,0.34504554,0.0024811507,1,0,0,0,0,1.0,0.0,0,0.07943547,0.34504557,0.18086924,-3.9288833,247.81287,3248.15185546875,0.4066543438077634
tensor(18203),"tensor(14335., dtype=torch.float64)",tensor(9),0,1,0,0,0,0.01311216,0.91573954,0.5703016,0.9087075,0.23089115,0,1,0,1,0,0.6666666666666666,0.33333333333333337,1,0.16985095,0.4296984,0.3776018,-2.0982316,28.40282,28.402820587158203,0.5838724584103512
tensor(18235),"tensor(5366., dtype=torch.float64)",tensor(9),0,0,1,0,0,0.3570419,0.009620937,0.9065307,0.013652629,0.2627718,0,0,1,0,0,1.0,0.0,0,0.14731133,0.3570419,0.33291176,-2.5612104,107.79851,160.3761749267578,0.6088262476894639
tensor(18261),"tensor(2721., dtype=torch.float64)",tensor(9),0,0,1,0,0,0.017828153,0.26579148,0.9731218,0.027679512,0.50125057,0,0,1,0,0,1.0,0.0,0,0.16738528,0.49874943,0.32238635,-2.4356513,58.942642,110.02320861816406,0.5859519408502772
tensor(18273),"tensor(5833., dtype=torch.float64)",tensor(9),0,0,1,0,0,0.00051446917,0.009585371,0.99777764,0.019783491,0.98996675,0,0,1,0,1,0.6666666666666666,0.33333333333333337,1,0.008427799,0.019783497,0.04552875,-5.3622766,127.944214,127.9442138671875,0.19639556377079484
tensor(18277),"tensor(3802., dtype=torch.float64)",tensor(9),0,1,0,0,0,0.007851905,0.93587196,0.4614719,0.9208092,0.70309734,0,1,0,1,0,0.6666666666666666,0.33333333333333337,1,0.18190908,0.46147192,0.37184763,-2.1979232,27.473543,27.473543167114258,0.5801756007393715
tensor(18289),"tensor(7597., dtype=torch.float64)",tensor(9),1,0,0,0,0,0.9703948,0.0023878205,0.031748317,0.0025656095,0.23194496,1,0,0,0,0,1.0,0.0,0,0.059650302,0.23194498,0.17008391,-4.0205483,261.17416,3146.09912109375,0.38470425138632164
tensor(18293),"tensor(500., dtype=torch.float64)",tensor(9),0,0,0,1,1,0.010578182,0.073297806,0.3243428,0.9970591,0.58491224,0,0,0,1,0,0.6666666666666666,0.33333333333333337,1,0.16524947,0.41508776,0.3299129,-2.7956774,22.582827,22.582826614379883,0.46765249537892795
tensor(18297),"tensor(21759., dtype=torch.float64)",tensor(9),0,0,1,0,0,0.021751747,0.094256155,0.980124,0.037417334,0.6687422,0,0,1,0,0,1.0,0.0,0,0.100911796,0.33125782,0.2618652,-2.7833931,47.720665,112.04405975341797,0.4232902033271718
tensor(18343),"tensor(4659., dtype=torch.float64)",tensor(9),0,1,1,0,1,0.0017832518,0.37765014,0.9769175,0.5634932,0.9217163,0,0,1,0,1,0.8,0.19999999999999996,1,0.18346131,0.4365068,0.349079,-2.658729,20.492453,20.49245262145996,0.5094731977818854
tensor(18377),"tensor(7295., dtype=torch.float64)",tensor(9),1,0,0,0,0,0.6136312,0.12699404,0.64378846,0.051322263,0.21753673,1,0,0,0,0,1.0,0.0,0,0.2276867,0.3863688,0.48501968,-1.4358547,72.98404,3695.522705078125,0.8126155268022182
tensor(18383),"tensor(15090., dtype=torch.float64)",tensor(9),0,1,0,0,0,0.053641587,0.7038539,0.8403056,0.09508266,0.53718543,0,1,1,0,0,0.6666666666666666,0.33333333333333337,1,0.21347582,0.46281457,0.4520697,-1.5597265,39.603275,39.603275299072266,0.7285120147874307
tensor(18393),"tensor(12178., dtype=torch.float64)",tensor(9),1,0,0,0,0,0.61557186,0.35341734,0.16928507,0.6345769,0.10797773,1,0,0,0,0,1.0,0.0,0,0.27610624,0.38442814,0.55384374,-1.0658035,35.36154,3552.830078125,0.7867375231053604
tensor(18397),"tensor(1495., dtype=torch.float64)",tensor(9),0,0,1,1,1,0.0011038928,0.4554443,0.92409253,0.9900164,0.32737622,0,0,1,1,0,0.8,0.19999999999999996,1,0.17396307,0.45544434,0.3309361,-2.960531,38.85163,38.85163116455078,0.5078558225508318
tensor(18401),"tensor(451., dtype=torch.float64)",tensor(9),0,1,0,0,0,0.08972675,0.56498104,0.77639836,0.5049941,0.7352724,0,0,1,0,0,0.0,1.0,1,0.30161613,0.4950059,0.55781066,-0.9729389,35.42089,119.17855072021484,0.7927449168207024
tensor(18405),"tensor(5452., dtype=torch.float64)",tensor(9),0,0,0,1,0,0.9115698,0.0038495883,0.03478351,0.59813744,0.030111762,1,0,0,0,0,0.0,1.0,1,0.111807525,0.40186256,0.25680432,-3.0164144,138.59616,3244.80615234375,0.4967652495378928
tensor(18417),"tensor(9143., dtype=torch.float64)",tensor(9),0,0,0,1,1,0.0030629758,0.11886078,0.014130257,0.99978286,0.7318897,0,0,0,1,0,0.6666666666666666,0.33333333333333337,1,0.08087635,0.26811028,0.20861454,-4.2945,70.99083,70.99082946777344,0.3075323475046211
tensor(18431),"tensor(16258., dtype=torch.float64)",tensor(9),0,1,0,0,0,0.11280855,0.915788,0.39913803,0.0062511005,0.021296056,0,1,0,0,0,1.0,0.0,0,0.1247412,0.39913803,0.29098856,-2.7508616,86.48083,86.48082733154297,0.5191774491682071
tensor(18463),"tensor(11061., dtype=torch.float64)",tensor(9),0,1,0,0,0,0.16581276,0.9512994,0.124557786,0.065279774,0.12896292,0,1,0,0,0,1.0,0.0,0,0.10666275,0.16581273,0.3290858,-2.2218845,25.920315,25.92031478881836,0.4588724584103512
tensor(18477),"tensor(14969., dtype=torch.float64)",tensor(9),0,0,0,1,0,0.86547035,0.2829568,0.0351672,0.20169246,0.014299183,1,0,0,0,0,0.0,1.0,1,0.13372898,0.28295684,0.3441146,-2.3424144,98.91098,3342.722412109375,0.6164510166358595
tensor(18521),"tensor(18988., dtype=torch.float64)",tensor(9),0,0,1,0,0,0.0101729985,0.30799612,0.9671459,0.2649885,0.33073422,0,0,1,0,0,1.0,0.0,0,0.18934917,0.33073425,0.4063436,-2.0989277,61.643867,124.37408447265625,0.6959334565619224
tensor(18523),"tensor(8513., dtype=torch.float64)",tensor(9),0,0,0,1,0,0.9392802,0.008008751,0.06968533,0.27700686,0.009427838,1,0,0,0,0,0.0,1.0,1,0.0849697,0.27700686,0.23437282,-3.1527057,147.14148,3371.345703125,0.4463955637707948
tensor(18525),"tensor(9251., dtype=torch.float64)",tensor(9),0,1,1,1,0,0.00023800238,0.71015817,0.9467507,0.96904916,0.92778,0,1,1,1,1,0.8571428571428571,0.1428571428571429,1,0.08929998,0.28984183,0.24191666,-3.6228378,36.43974,36.43973922729492,0.30730129390018485
tensor(18537),"tensor(21486., dtype=torch.float64)",tensor(9),0,0,1,0,0,0.76691574,0.18788958,0.42658237,0.021650368,0.045643445,1,0,0,0,0,0.0,1.0,1,0.18296993,0.42658234,0.39966577,-1.960318,88.65974,3634.17431640625,0.7218114602587801
tensor(18549),"tensor(16527., dtype=torch.float64)",tensor(9),0,0,0,1,0,0.97068274,0.08100438,0.02810391,0.0073422007,0.008454672,1,0,0,0,0,0.0,1.0,1,0.03084451,0.08100438,0.12676668,-3.8286464,199.96019,3222.80908203125,0.333641404805915
tensor(18597),"tensor(15210., dtype=torch.float64)",tensor(9),1,0,0,0,0,0.9146775,0.019097848,0.2872492,0.028850479,0.0019502819,1,0,0,0,0,1.0,0.0,0,0.084494114,0.2872492,0.22611968,-3.394799,226.23317,3572.16845703125,0.4533271719038817
tensor(18605),"tensor(9096., dtype=torch.float64)",tensor(9),1,0,0,0,0,0.92980325,0.0114368275,0.013487904,0.10445352,0.2955369,1,0,0,0,0,1.0,0.0,0,0.09902239,0.29553688,0.2659843,-2.8705604,129.81969,3017.865966796875,0.49745841035120153
tensor(18609),"tensor(2919., dtype=torch.float64)",tensor(9),1,0,0,0,0,0.99616647,0.0012503369,0.0113519,0.0033989924,0.0007760438,1,0,0,0,0,1.0,0.0,0,0.004122138,0.011351883,0.0251871,-5.910315,515.7975,3197.02490234375,0.256007393715342
tensor(18611),"tensor(21792., dtype=torch.float64)",tensor(9),0,0,0,1,0,0.0566017,0.027819328,0.028803838,0.9975237,0.5359968,0,0,0,1,0,1.0,0.0,0,0.11594087,0.4640032,0.23660739,-3.2056038,51.997826,51.997825622558594,0.39764325323475047
tensor(18613),"tensor(3431., dtype=torch.float64)",tensor(9),1,0,0,0,0,0.98507416,0.00014672395,0.003219655,0.15086108,0.07534364,1,0,0,0,0,1.0,0.0,0,0.048899353,0.15086108,0.15843019,-4.5973845,339.61807,2905.1943359375,0.3590573012939002
tensor(18625),"tensor(16153., dtype=torch.float64)",tensor(9),0,1,0,0,0,0.89798236,0.082799256,0.057367858,0.009234613,0.3171129,1,0,0,0,0,0.0,1.0,1,0.11370641,0.31711292,0.30236763,-2.564339,117.668335,3240.60693359375,0.555452865064695
tensor(18641),"tensor(3341., dtype=torch.float64)",tensor(9),1,0,0,0,0,0.9149742,0.035219852,0.0025920172,0.59200764,0.01644907,1,0,0,0,0,1.0,0.0,0,0.10945588,0.40799236,0.24426809,-3.2204254,143.26357,2948.7587890625,0.47042513863216273
tensor(18709),"tensor(20133., dtype=torch.float64)",tensor(9),0,0,1,0,0,0.14732479,0.10518496,0.92097706,0.16253123,0.21238385,0,0,1,0,0,1.0,0.0,0,0.14128953,0.21238387,0.39833736,-1.8604925,66.29365,133.5684814453125,0.6670517560073936
tensor(18711),"tensor(8638., dtype=torch.float64)",tensor(9),0,1,1,1,1,0.0001189731,0.9584585,0.9458763,0.52418435,0.954225,0,1,1,0,1,0.8571428571428571,0.1428571428571429,1,0.123474956,0.47581565,0.25246963,-3.6339881,44.824974,44.824974060058594,0.371996303142329
tensor(18753),"tensor(13340., dtype=torch.float64)",tensor(9),1,0,0,0,0,0.9966114,0.0028788815,0.007596233,0.0024299892,0.0003577051,1,0,0,0,0,1.0,0.0,0,0.00333035,0.0075962543,0.021452261,-6.071357,555.8938,3189.954345703125,0.25207948243992606
tensor(18811),"tensor(10036., dtype=torch.float64)",tensor(9),0,0,1,0,0,0.04213731,0.8001462,0.77113104,0.34539002,0.25310475,0,1,1,0,0,0.6666666666666666,0.33333333333333337,1,0.21387094,0.34539002,0.48461008,-1.489435,32.77272,32.77272033691406,0.7245841035120149
tensor(18851),"tensor(15223., dtype=torch.float64)",tensor(9),0,0,1,0,0,0.17986545,0.89850116,0.11162281,0.18736096,0.67094976,0,1,0,0,0,0.0,1.0,1,0.1818797,0.32905024,0.45306516,-1.590389,28.603,28.60300064086914,0.6652033271719039
tensor(18855),"tensor(15223., dtype=torch.float64)",tensor(9),1,0,0,0,0,0.3675484,0.249726,0.046793416,0.22925347,0.857423,0,0,0,0,1,0.0,1.0,1,0.20717967,0.3675484,0.47132435,-1.5326984,65.06832,65.06832122802734,0.7793438077634011
tensor(18871),"tensor(20111., dtype=torch.float64)",tensor(9),0,1,0,1,0,0.19317725,0.024807582,0.013909422,0.993669,0.24183938,0,0,0,1,0,0.6666666666666666,0.33333333333333337,1,0.09601289,0.24183941,0.2543655,-3.1121464,59.115257,59.115257263183594,0.4020332717190388
tensor(18895),"tensor(21740., dtype=torch.float64)",tensor(9),0,1,0,0,0,0.0075068646,0.9926278,0.27214673,0.08542618,0.12438875,0,1,0,0,0,1.0,0.0,0,0.099368095,0.2721467,0.26810637,-3.0186238,28.355028,28.35502815246582,0.35073937153419593
tensor(18913),"tensor(18566., dtype=torch.float64)",tensor(9),1,0,0,0,0,0.8716438,0.25474823,0.10039023,0.02157996,0.120279774,1,0,0,0,0,1.0,0.0,0,0.12507093,0.25474823,0.34965783,-2.197174,80.0056,3420.084228515625,0.6072088724584103
tensor(18927),"tensor(15223., dtype=torch.float64)",tensor(9),1,0,0,0,0,0.6659162,0.6081902,0.13072553,0.07329108,0.25829747,1,1,0,0,0,0.6666666666666666,0.33333333333333337,1,0.23764151,0.39180982,0.50553715,-1.3232158,45.06295,45.062950134277344,0.7807301293900184
tensor(18945),"tensor(19995., dtype=torch.float64)",tensor(9),0,0,1,0,0,0.82250434,0.045333527,0.38539225,0.19626026,0.15937717,1,0,0,0,0,0.0,1.0,1,0.19277173,0.38539225,0.45051306,-1.6240298,70.409706,3607.939208984375,0.76224584103512
tensor(18969),"tensor(9626., dtype=torch.float64)",tensor(9),1,0,0,0,0,0.9864385,0.034169633,0.014955991,0.0026853918,0.0046747485,1,0,0,0,0,1.0,0.0,0,0.014009476,0.034169614,0.06935289,-4.6188445,289.83136,3148.0283203125,0.2830406654343808
tensor(18975),"tensor(20676., dtype=torch.float64)",tensor(9),1,0,0,0,0,0.8158945,0.2917241,0.16876467,0.1040236,0.17487276,1,0,0,0,0,1.0,0.0,0,0.1846981,0.2917241,0.46650726,-1.5349967,56.821777,3539.65771484375,0.7430683918669131
tensor(19013),"tensor(18558., dtype=torch.float64)",tensor(9),0,0,1,0,0,0.027120316,0.924085,0.6572537,0.22819051,0.6563586,0,1,0,0,0,0.0,1.0,1,0.20352268,0.3436414,0.4433209,-1.7191823,24.691582,24.69158172607422,0.6679759704251386
tensor(19025),"tensor(16024., dtype=torch.float64)",tensor(9),1,0,0,0,0,0.94876057,0.010802342,0.071081124,0.080991484,0.08600303,1,0,0,0,0,1.0,0.0,0,0.060023487,0.086003006,0.2185215,-2.9596748,125.70267,3313.99560546875,0.42051756007393715
tensor(19073),"tensor(10036., dtype=torch.float64)",tensor(9),0,0,1,0,0,0.053136025,0.61161244,0.8290314,0.027697815,0.022958247,0,1,1,0,0,0.6666666666666666,0.33333333333333337,1,0.13262957,0.38838756,0.31381452,-2.444468,81.844086,81.84408569335938,0.5679297597042514
tensor(19113),"tensor(8820., dtype=torch.float64)",tensor(9),0,1,0,1,0,0.0038893395,0.90417683,0.61455655,0.96727896,0.17830987,0,1,0,1,0,1.0,0.0,0,0.1392374,0.38544345,0.32416746,-2.6341915,27.434475,27.43447494506836,0.4662661737523105
tensor(19161),"tensor(10396., dtype=torch.float64)",tensor(9),0,0,0,1,0,0.0052036806,0.2172738,0.17439537,0.99900216,0.59390754,0,0,0,1,0,1.0,0.0,0,0.16079265,0.40609246,0.34041473,-3.0757244,22.472435,22.472434997558594,0.45009242144177447
tensor(19165),"tensor(17718., dtype=torch.float64)",tensor(9),1,0,0,0,0,0.99640614,0.0020099068,0.0071459957,0.0067575523,0.00028492187,1,0,0,0,0,1.0,0.0,0,0.003958404,0.007146001,0.02476961,-5.983992,572.2459,3206.6767578125,0.2562384473197782
tensor(19169),"tensor(13137., dtype=torch.float64)",tensor(9),1,0,0,0,0,0.9800336,0.008259215,0.005159682,0.005380175,0.11555435,1,0,0,0,0,1.0,0.0,0,0.03086394,0.11555433,0.11390398,-4.239646,233.06458,2894.72265625,0.32324399260628467
tensor(19195),"tensor(17840., dtype=torch.float64)",tensor(9),1,0,0,0,0,0.63628644,0.76185423,0.008974391,0.03402408,0.17176946,1,1,0,0,0,0.6666666666666666,0.33333333333333337,1,0.16332543,0.36371356,0.37256718,-2.2691455,73.94887,73.94886779785156,0.6543438077634012
tensor(19201),"tensor(14414., dtype=torch.float64)",tensor(9),0,1,1,0,0,0.04231948,0.6080402,0.90107507,0.0354656,0.3088418,0,1,1,0,0,1.0,0.0,0,0.1755023,0.3919598,0.38780087,-1.9752395,55.035095,55.03509521484375,0.6665896487985212
tensor(19205),"tensor(12709., dtype=torch.float64)",tensor(9),1,0,0,0,0,0.61181253,0.33069047,0.28445056,0.5662141,0.099562265,1,0,0,0,0,1.0,0.0,0,0.30733538,0.43378592,0.5816355,-0.9102024,39.628876,3654.20556640625,0.8098428835489834
tensor(19283),"tensor(10147., dtype=torch.float64)",tensor(9),1,0,0,0,0,0.79969877,0.0640636,0.36571416,0.26012814,0.037578255,1,0,0,0,0,1.0,0.0,0,0.18555707,0.3657142,0.42576423,-1.7810123,72.61058,3633.118896484375,0.7396025878003696
tensor(19289),"tensor(21104., dtype=torch.float64)",tensor(9),1,0,0,0,0,0.87645805,0.46531346,0.039434638,0.011900272,0.056280576,1,0,0,0,0,1.0,0.0,0,0.13929415,0.46531343,0.30239505,-2.5059712,97.34801,3325.4658203125,0.5787892791127541
tensor(19309),"tensor(10780., dtype=torch.float64)",tensor(9),0,1,0,0,0,0.002058679,0.4554439,0.9858651,0.029749889,0.8568351,0,0,1,0,1,0.0,1.0,1,0.12891042,0.45544386,0.26454753,-3.1762357,41.638382,41.63838195800781,0.41012014787430684
tensor(19313),"tensor(12980., dtype=torch.float64)",tensor(9),1,0,0,0,0,0.94356817,0.04270554,0.030923152,0.02448508,0.15309897,1,0,0,0,0,1.0,0.0,0,0.06152886,0.15309894,0.21489644,-2.9533312,126.414795,3151.82177734375,0.42097966728280956
tensor(19319),"tensor(21060., dtype=torch.float64)",tensor(9),0,0,0,0,1,0.7986119,0.042040337,0.0679792,0.056765847,0.60461587,1,0,0,0,0,0.0,1.0,1,0.15271151,0.39538413,0.3628292,-2.071417,83.83502,3193.54931640625,0.6591959334565619
tensor(19321),"tensor(9434., dtype=torch.float64)",tensor(9),0,1,0,0,0,0.011241561,0.98093146,0.54543,0.12537335,0.17525674,0,1,0,0,0,1.0,0.0,0,0.15710199,0.45457,0.33733147,-2.4181678,24.59286,24.592859268188477,0.506007393715342
tensor(19343),"tensor(20644., dtype=torch.float64)",tensor(9),0,1,0,0,0,0.38385335,0.92283726,0.022684218,0.008215912,0.047038842,0,1,0,0,0,1.0,0.0,0,0.107791066,0.38385332,0.25666946,-2.9039867,83.89514,83.8951416015625,0.4653419593345656
tensor(19355),"tensor(20536., dtype=torch.float64)",tensor(9),0,0,0,0,1,0.9716404,0.0052873497,0.010402845,0.20224775,0.032394037,1,0,0,0,0,0.0,1.0,1,0.05573827,0.20224774,0.17326003,-3.6191063,169.74142,3089.22412109375,0.3708410351201479
tensor(19357),"tensor(17064., dtype=torch.float64)",tensor(9),1,0,0,0,0,0.94512105,0.005107387,0.17298068,0.026003264,0.08686311,1,0,0,0,0,1.0,0.0,0,0.06916666,0.17298067,0.22420934,-3.1317031,170.0188,3424.17822265625,0.4373844731977819
tensor(19361),"tensor(16357., dtype=torch.float64)",tensor(9),1,0,0,0,0,0.9835233,0.0028693476,0.003649696,0.04350439,0.05043713,1,0,0,0,0,1.0,0.0,0,0.023387432,0.050437152,0.10130141,-4.3150263,247.06783,2859.891845703125,0.3075323475046211
tensor(19367),"tensor(11221., dtype=torch.float64)",tensor(9),1,0,0,0,0,0.96972924,0.0051708426,0.058426592,0.008292461,0.102799,1,0,0,0,0,1.0,0.0,0,0.040991962,0.102799,0.15397346,-3.6913476,212.5739,3259.04931640625,0.3602125693160813
tensor(19399),"tensor(14833., dtype=torch.float64)",tensor(9),0,0,0,0,1,0.8427223,0.0041091978,0.61479706,0.00011179723,0.005577582,1,0,0,0,0,0.0,1.0,1,0.11045587,0.38520294,0.23279874,-4.3837347,388.08527,3583.18212890625,0.4660351201478743
tensor(19545),"tensor(21457., dtype=torch.float64)",tensor(9),0,1,0,0,0,0.011842593,0.94860864,0.10331648,0.96723884,0.0735326,0,1,0,1,0,0.6666666666666666,0.33333333333333337,1,0.054568887,0.103316486,0.20122063,-3.0838847,39.033535,39.03353500366211,0.2980591497227357
tensor(19553),"tensor(13739., dtype=torch.float64)",tensor(9),1,0,0,0,0,0.9926952,0.0002649649,0.0034206943,0.037800636,0.021879176,1,0,0,0,0,1.0,0.0,0,0.014134049,0.03780061,0.06693034,-5.1718035,393.8764,2902.60595703125,0.28211645101663585
tensor(19599),"tensor(11586., dtype=torch.float64)",tensor(9),0,0,1,0,0,0.027434222,0.5584607,0.9335455,0.0082605155,0.11259581,0,0,1,0,0,1.0,0.0,0,0.13125688,0.4415393,0.29122546,-2.6596007,91.2781,137.22232055664062,0.536275415896488
tensor(19649),"tensor(16633., dtype=torch.float64)",tensor(9),1,0,0,0,0,0.99017566,0.024394322,0.0013702263,0.027774299,0.0027787492,1,0,0,0,0,1.0,0.0,0,0.013228416,0.027774274,0.065264806,-4.8663163,350.4486,2862.441650390625,0.28188539741219965
tensor(19663),"tensor(8070., dtype=torch.float64)",tensor(9),0,1,0,0,0,0.01661769,0.9821555,0.38459966,0.2558639,0.10320082,0,1,0,0,0,1.0,0.0,0,0.15562534,0.3845997,0.34822208,-2.3576777,24.43011,24.430110931396484,0.5182532347504621
tensor(19665),"tensor(20455., dtype=torch.float64)",tensor(9),0,0,1,0,0,0.03610148,0.50336516,0.91500103,0.04786269,0.74211234,0,0,1,0,0,1.0,0.0,0,0.18469715,0.49663484,0.38045916,-1.9443496,33.31783,92.89405059814453,0.6249999999999999
tensor(19711),"tensor(9513., dtype=torch.float64)",tensor(9),0,0,0,1,0,0.0017464467,0.21291415,0.7303904,0.99739206,0.8261835,0,0,1,1,1,0.5,0.5,1,0.13213891,0.26960957,0.31870073,-3.23158,32.199436,32.19943618774414,0.4149722735674677
tensor(19719),"tensor(17715., dtype=torch.float64)",tensor(9),0,0,1,0,0,0.0043700105,0.98232794,0.69493854,0.044802234,0.25275472,0,1,0,0,0,0.0,1.0,1,0.12493211,0.30506146,0.29605758,-2.882699,34.455265,34.455265045166016,0.4318391866913124
tensor(19737),"tensor(14414., dtype=torch.float64)",tensor(9),0,1,0,0,1,0.1393062,0.33442983,0.8768932,0.0035286793,0.06384933,0,0,1,0,0,0.0,1.0,1,0.13284415,0.33442986,0.33498433,-2.5602324,112.70201,155.47344970703125,0.5984288354898336
tensor(19785),"tensor(17428., dtype=torch.float64)",tensor(9),0,1,0,0,0,0.47303534,0.496923,0.6021858,0.2528168,0.33252922,1,0,0,0,0,0.0,1.0,1,0.3906237,0.49692297,0.65165997,-0.46305317,50.809864,3817.882080078125,0.8405730129390018
tensor(19795),"tensor(17621., dtype=torch.float64)",tensor(9),1,0,0,0,0,0.99264246,0.002403992,0.020789897,0.009760426,0.0008695007,1,0,0,0,0,1.0,0.0,0,0.008236289,0.020789921,0.044672363,-5.2902956,423.64667,3252.979248046875,0.27171903881700554
tensor(19811),"tensor(8036., dtype=torch.float64)",tensor(9),0,1,0,0,0,0.017469391,0.7104726,0.8825622,0.04266748,0.028556129,0,1,1,0,0,0.6666666666666666,0.33333333333333337,1,0.099131584,0.28952742,0.2715108,-2.7163815,77.78708,77.78707885742188,0.4715804066543438
tensor(19855),"tensor(10599., dtype=torch.float64)",tensor(9),1,0,0,0,0,0.98058164,0.032045238,0.0036189128,0.09876434,0.003916858,1,0,0,0,0,1.0,0.0,0,0.03155279,0.09876436,0.1218964,-4.139498,242.46924,3013.83349609375,0.3331792975970425
tensor(19859),"tensor(15817., dtype=torch.float64)",tensor(9),0,1,0,1,0,0.0013408707,0.95569986,0.73880756,0.6477423,0.92216283,0,1,1,0,1,0.4,0.6,1,0.1473856,0.35225773,0.33763495,-2.7611122,38.4569,38.45690155029297,0.506007393715342
tensor(19953),"tensor(18220., dtype=torch.float64)",tensor(9),0,0,0,1,0,0.9173464,0.009409237,0.013254104,0.040139504,0.45328018,1,0,0,0,0,0.0,1.0,1,0.11974734,0.4532802,0.25322074,-2.9470792,149.8941,2961.328125,0.5164048059149723
tensor(20089),"tensor(20671., dtype=torch.float64)",tensor(9),1,0,0,0,0,0.99586475,0.0033329655,0.0009923129,0.041099627,0.00072236673,1,0,0,0,0,1.0,0.0,0,0.010056496,0.041099608,0.04687686,-5.696228,446.9948,2926.0732421875,0.2724121996303142
tensor(20105),"tensor(15413., dtype=torch.float64)",tensor(9),0,0,0,1,0,0.5631204,0.3087736,0.03851528,0.8206073,0.13590701,1,0,0,1,0,0.6666666666666666,0.33333333333333337,1,0.21989357,0.43687958,0.46688095,-1.5294591,33.901276,33.901275634765625,0.7241219963031423
tensor(20111),"tensor(19251., dtype=torch.float64)",tensor(9),1,0,0,0,0,0.928712,0.064696066,0.019202448,0.057395265,0.16106802,1,0,0,0,0,1.0,0.0,0,0.07473004,0.16106802,0.25055018,-2.724112,102.29759,3134.823974609375,0.45378927911275413
tensor(20131),"tensor(8941., dtype=torch.float64)",tensor(9),1,0,0,0,0,0.6678128,0.23264255,0.451145,0.047365,0.3488353,1,0,0,0,0,1.0,0.0,0,0.282435,0.451145,0.5407875,-1.1426631,60.803192,3642.723876953125,0.8359519408502772
tensor(20137),"tensor(10061., dtype=torch.float64)",tensor(9),0,1,1,1,1,9.6387565e-05,0.7576744,0.95805174,0.9495968,0.9626706,0,1,1,1,1,1.0,0.0,0,0.07442057,0.2423256,0.2175766,-3.9402766,38.44948,38.44947814941406,0.2627079482439926
tensor(20143),"tensor(21455., dtype=torch.float64)",tensor(9),1,0,0,0,0,0.975008,0.010499664,0.0029314877,0.41916212,0.00060621003,1,0,0,0,0,1.0,0.0,0,0.09163827,0.41916215,0.17606081,-4.354589,356.87506,3120.90087890625,0.4184380776340111
tensor(20151),"tensor(12750., dtype=torch.float64)",tensor(9),1,0,0,0,0,0.97699773,0.004314512,0.0104326205,0.04475723,0.061708223,1,0,0,0,0,1.0,0.0,0,0.028842926,0.061708212,0.12194121,-3.9050045,206.49231,3002.94873046875,0.32809611829944546
tensor(20199),"tensor(9113., dtype=torch.float64)",tensor(9),1,0,0,0,0,0.8453899,0.40545642,0.026900519,0.08788063,0.1016748,1,0,0,0,0,1.0,0.0,0,0.15530455,0.40545642,0.37118727,-2.0377116,67.02487,3270.81494140625,0.6518022181146026
tensor(20243),"tensor(16587., dtype=torch.float64)",tensor(9),0,0,0,1,0,0.021740261,0.013803508,0.040025726,0.99718505,0.7783487,0,0,0,1,1,0.6666666666666666,0.33333333333333337,1,0.060007095,0.22165132,0.17878422,-3.6757953,64.727516,64.7275161743164,0.30429759704251386
tensor(20245),"tensor(12917., dtype=torch.float64)",tensor(9),0,0,0,1,0,0.0026334017,0.3179758,0.3615119,0.9986902,0.7103536,0,0,0,1,0,1.0,0.0,0,0.19461548,0.3615119,0.38194528,-2.9604764,22.267536,22.267536163330078,0.5212569316081331
tensor(20247),"tensor(19945., dtype=torch.float64)",tensor(9),0,1,0,0,0,0.47238898,0.2298008,0.65835136,0.08548214,0.10581844,1,0,0,0,0,0.0,1.0,1,0.24702781,0.47238898,0.5004842,-1.2960446,64.62736,3750.931884765625,0.8186229205175601
tensor(20259),"tensor(18034., dtype=torch.float64)",tensor(9),1,0,0,0,0,0.9251532,0.0013962433,0.25133538,0.026245756,0.15333031,1,0,0,0,0,1.0,0.0,0,0.10143089,0.25133538,0.2780506,-3.1001925,198.66931,3422.06005859375,0.5143253234750462
tensor(20267),"tensor(9897., dtype=torch.float64)",tensor(9),1,0,0,0,0,0.7926489,0.09338434,0.04613276,0.574947,0.15529323,1,0,0,0,0,1.0,0.0,0,0.18544292,0.425053,0.4242688,-1.7277405,47.685387,3310.69970703125,0.7047134935304991
tensor(20279),"tensor(21605., dtype=torch.float64)",tensor(9),0,0,1,0,0,0.14090815,0.6362336,0.7721204,0.13608044,0.50968,0,1,1,0,0,0.6666666666666666,0.33333333333333337,1,0.27179086,0.49032003,0.53792167,-1.0948206,41.146572,41.14657211303711,0.7982902033271719
tensor(20295),"tensor(17972., dtype=torch.float64)",tensor(9),0,0,1,1,1,1.9798388e-05,0.4948745,0.9800151,0.994902,0.9740181,0,0,1,1,1,1.0,0.0,0,0.109191775,0.49487448,0.1887581,-4.7281647,81.82573,81.82572937011719,0.32324399260628467
tensor(20351),"tensor(8402., dtype=torch.float64)",tensor(9),1,0,0,0,0,0.6639135,0.734462,0.04145761,0.06832315,0.034806594,1,1,0,0,0,0.6666666666666666,0.33333333333333337,1,0.1492424,0.3360865,0.3580154,-2.1548328,62.901108,62.90110778808594,0.6224584103512015
tensor(20355),"tensor(11738., dtype=torch.float64)",tensor(9),1,0,0,0,0,0.97774225,0.077694565,0.0018871678,0.024613043,0.011362845,1,0,0,0,0,1.0,0.0,0,0.027563095,0.077694535,0.114237145,-4.1345944,214.39838,2869.7568359375,0.3137707948243993
tensor(20393),"tensor(8850., dtype=torch.float64)",tensor(9),1,0,0,0,0,0.5770995,0.77674466,0.11722351,0.050980337,0.068840764,1,1,0,0,0,0.6666666666666666,0.33333333333333337,1,0.17664015,0.4229005,0.4051172,-1.8210576,48.416744,48.416744232177734,0.6799907578558225
tensor(20403),"tensor(21545., dtype=torch.float64)",tensor(9),0,0,1,0,0,0.6660454,0.13038702,0.44886413,0.010130823,0.44437107,1,0,0,0,0,0.0,1.0,1,0.27354157,0.4488641,0.49110422,-1.5197173,82.35351,3554.806884765625,0.8352587800369686
tensor(20451),"tensor(14069., dtype=torch.float64)",tensor(9),0,1,1,0,0,8.008473e-05,0.99337465,0.8402331,0.67415214,0.87218434,0,1,1,1,1,0.6666666666666666,0.33333333333333337,1,0.12402713,0.32584786,0.29867452,-3.7499924,53.408234,53.408233642578125,0.4147412199630314
tensor(20499),"tensor(8174., dtype=torch.float64)",tensor(9),0,0,1,0,0,0.02395657,0.88571006,0.78752816,0.024795596,0.12502255,0,1,1,0,0,0.6666666666666666,0.33333333333333337,1,0.10010731,0.21247184,0.29572752,-2.5365384,47.522354,47.52235412597656,0.463724584103512
tensor(20551),"tensor(18497., dtype=torch.float64)",tensor(9),0,1,1,0,0,0.013760875,0.47822648,0.963078,0.040947597,0.4776467,0,0,1,0,0,0.6666666666666666,0.33333333333333337,1,0.20950067,0.47822648,0.35719392,-2.1727343,56.431503,106.19412231445312,0.6670517560073937
tensor(20561),"tensor(20449., dtype=torch.float64)",tensor(9),0,1,0,1,0,0.00012688528,0.93964493,0.8521449,0.9907953,0.7689214,0,1,1,1,1,0.6666666666666666,0.33333333333333337,1,0.089724064,0.23107862,0.24821393,-3.8699803,46.378563,46.378562927246094,0.32255083179297594
tensor(20585),"tensor(13287., dtype=torch.float64)",tensor(9),0,1,0,1,0,5.5283363e-05,0.7003111,0.97932833,0.94398546,0.9628761,0,1,1,1,1,0.6666666666666666,0.33333333333333337,1,0.08271086,0.29968888,0.2172781,-4.1180053,45.48662,45.48662185668945,0.280268022181146
tensor(20587),"tensor(10766., dtype=torch.float64)",tensor(9),0,0,0,1,0,0.00065766554,0.4639409,0.9592358,0.9749741,0.38797122,0,0,1,1,0,0.6666666666666666,0.33333333333333337,1,0.18367195,0.46394086,0.3302439,-2.9494646,46.54671,46.54671096801758,0.5381238447319778
tensor(20645),"tensor(11255., dtype=torch.float64)",tensor(9),0,0,1,0,0,0.018034343,0.14609125,0.9721514,0.082927085,0.797394,0,0,1,0,1,0.6666666666666666,0.33333333333333337,1,0.09550154,0.20260602,0.28463858,-2.6177824,25.860323,25.860322952270508,0.3807763401109058
tensor(20661),"tensor(13641., dtype=torch.float64)",tensor(9),0,1,1,0,0,0.010704655,0.6539554,0.94135845,0.052559786,0.36165655,0,1,1,0,0,1.0,0.0,0,0.16592151,0.36165655,0.35754833,-2.2797318,57.79686,57.79685974121094,0.622920517560074
tensor(20737),"tensor(19353., dtype=torch.float64)",tensor(9),0,0,1,0,0,0.40068814,0.10408351,0.82213265,0.023129454,0.11409183,0,0,1,0,0,1.0,0.0,0,0.16397208,0.40068817,0.3880728,-1.9757946,91.98694,139.03646850585938,0.6982439926062847
tensor(20787),"tensor(18283., dtype=torch.float64)",tensor(9),0,1,0,0,0,0.058037534,0.94879395,0.42550245,0.2803376,0.4578948,0,1,0,0,0,1.0,0.0,0,0.2545957,0.4578948,0.47769195,-1.4236087,19.884546,19.884546279907227,0.7097966728280961
tensor(20791),"tensor(17359., dtype=torch.float64)",tensor(9),0,0,1,0,0,0.38433176,0.9114623,0.031147076,0.0042791753,0.07874434,0,1,0,0,0,0.0,1.0,1,0.11740798,0.38433176,0.28145882,-2.8298912,88.643524,88.64352416992188,0.5002310536044362
tensor(20809),"tensor(18589., dtype=torch.float64)",tensor(9),0,0,0,0,1,0.048745256,0.009208204,0.32284057,0.01675848,0.9936551,0,0,0,0,1,1.0,0.0,0,0.08077943,0.32284057,0.1999395,-3.5032039,171.50473,179.1295166015625,0.40988909426987064
tensor(20833),"tensor(21219., dtype=torch.float64)",tensor(9),0,0,0,0,1,0.88250035,0.0013705564,0.00059554836,0.048413698,0.75124604,1,0,0,0,0,0.0,1.0,1,0.0833267,0.24875396,0.22642323,-4.023308,254.86263,2378.267333984375,0.42906654343807765
tensor(20835),"tensor(14966., dtype=torch.float64)",tensor(9),0,1,1,0,1,0.0075814165,0.74873686,0.90561336,0.43021387,0.81690836,0,1,1,0,1,1.0,0.0,0,0.19330728,0.43021387,0.41605592,-2.000813,24.474115,24.4741153717041,0.6236136783733827
tensor(20837),"tensor(11968., dtype=torch.float64)",tensor(9),0,1,0,1,0,0.0045358343,0.9475817,0.05366189,0.9897439,0.61774063,0,1,0,1,0,1.0,0.0,0,0.10062629,0.38225937,0.23321375,-3.2410603,39.528618,39.52861785888672,0.34634935304990755
tensor(20843),"tensor(13165., dtype=torch.float64)",tensor(9),0,1,0,0,0,0.8235739,0.488005,0.016633414,0.027558006,0.19307475,1,0,0,0,0,0.0,1.0,1,0.18033952,0.48800504,0.3720439,-2.132396,79.35969,3160.74462890625,0.6818391866913125
tensor(20859),"tensor(19334., dtype=torch.float64)",tensor(9),0,1,0,0,0,0.8839709,0.1449225,0.015119036,0.14043361,0.20288971,1,0,0,0,0,0.0,1.0,1,0.12387878,0.20288968,0.35224995,-2.2324333,81.333954,3106.0830078125,0.6037430683918669
tensor(21023),"tensor(11080., dtype=torch.float64)",tensor(9),0,1,0,0,0,0.020046065,0.46880075,0.9145092,0.19829972,0.03951302,0,0,1,0,0,0.0,1.0,1,0.16242999,0.46880078,0.34916526,-2.1944351,78.12146,153.06585693359375,0.6451016635859519
tensor(21061),"tensor(19627., dtype=torch.float64)",tensor(9),1,0,0,0,0,0.63744307,0.8726791,0.017502995,0.0021164394,0.002365989,1,1,0,0,0,0.6666666666666666,0.33333333333333337,1,0.10237265,0.36255693,0.23122177,-3.7433915,199.89307,199.89306640625,0.4463955637707948
tensor(21103),"tensor(12376., dtype=torch.float64)",tensor(9),1,0,0,0,0,0.9754894,0.005767644,0.02443566,0.06479707,0.039571628,1,0,0,0,0,1.0,0.0,0,0.031816483,0.064797044,0.13439517,-3.6758568,170.68445,3186.9423828125,0.33641404805914976
tensor(21117),"tensor(9918., dtype=torch.float64)",tensor(9),0,0,1,0,0,0.015320778,0.5933606,0.9364681,0.015777636,0.74125594,0,1,1,0,0,0.6666666666666666,0.33333333333333337,1,0.15200269,0.4066394,0.3288532,-2.4834638,47.7913,68.9542007446289,0.552449168207024
tensor(21161),"tensor(19024., dtype=torch.float64)",tensor(9),1,0,0,0,0,0.909926,0.3995695,0.016137458,0.010560166,0.032891836,1,0,0,0,0,1.0,0.0,0,0.10984659,0.3995695,0.25227207,-2.950294,121.14581,3218.3046875,0.4865988909426987
tensor(21165),"tensor(8897., dtype=torch.float64)",tensor(9),0,1,1,0,1,0.00017177059,0.93482393,0.96807927,0.04088415,0.980246,0,1,1,0,1,1.0,0.0,0,0.031581283,0.06517607,0.13036399,-4.3608437,70.81842,70.81842041015625,0.23544362292051757
tensor(21267),"tensor(15383., dtype=torch.float64)",tensor(9),1,0,0,0,0,0.39090344,0.039471388,0.802122,0.00023566125,0.20649116,0,0,1,0,0,0.0,1.0,1,0.16699588,0.39090347,0.36886644,-2.9468243,196.28566,196.28565979003906,0.6645101663585952
tensor(21341),"tensor(17428., dtype=torch.float64)",tensor(9),1,0,0,0,0,0.90434945,0.20246609,0.09397442,0.079838954,0.010448261,1,0,0,0,0,1.0,0.0,0,0.09647572,0.20246607,0.29345745,-2.575773,116.80858,3449.31298828125,0.5258780036968577
tensor(21349),"tensor(16124., dtype=torch.float64)",tensor(9),0,0,1,0,0,0.6667631,0.008219709,0.71982056,0.011087197,0.34059614,1,0,1,0,0,0.6666666666666666,0.33333333333333337,1,0.19466388,0.34059614,0.39591804,-2.3163147,117.035126,170.593994140625,0.7345194085027726
tensor(21489),"tensor(16419., dtype=torch.float64)",tensor(9),0,1,1,0,0,0.00090078596,0.852068,0.9625699,0.08541858,0.92896736,0,1,1,0,1,0.8,0.19999999999999996,1,0.06854278,0.147932,0.2268242,-3.3902447,34.17975,34.17974853515625,0.28512014787430684
tensor(21597),"tensor(11363., dtype=torch.float64)",tensor(9),1,0,0,0,0,0.95367163,0.026608812,0.0035386728,0.18745553,0.068770215,1,0,0,0,0,1.0,0.0,0,0.06654036,0.18745553,0.2133542,-3.2673862,134.83836,2917.000244140625,0.4018022181146026
tensor(21633),"tensor(8530., dtype=torch.float64)",tensor(9),0,0,1,1,0,0.18736427,0.91475064,0.22626436,0.064295076,0.16206574,0,1,0,0,0,0.0,1.0,1,0.14504778,0.22626436,0.3980426,-1.878116,27.215088,27.215087890625,0.5838724584103512
tensor(21657),"tensor(7941., dtype=torch.float64)",tensor(9),0,1,0,1,0,0.29777074,0.027187273,0.060232844,0.9624822,0.012655263,0,0,0,1,0,0.6666666666666666,0.33333333333333337,1,0.08707273,0.29777074,0.23784876,-2.9568877,82.24592,82.24591827392578,0.4228280961182994
tensor(21699),"tensor(9612., dtype=torch.float64)",tensor(9),0,1,0,1,0,0.0070996075,0.48009425,0.36971453,0.99647886,0.49432662,0,0,0,1,0,0.6666666666666666,0.33333333333333337,1,0.2709512,0.4943266,0.4219696,-2.2443628,12.44614,12.44614028930664,0.6335489833641406
tensor(21765),"tensor(15902., dtype=torch.float64)",tensor(9),0,1,0,0,0,0.002136831,0.9649411,0.794906,0.33320993,0.8615454,0,1,1,0,1,0.5,0.5,1,0.1427908,0.33320993,0.34262857,-2.6675942,34.31845,34.318450927734375,0.5023105360443623
tensor(21777),"tensor(8572., dtype=torch.float64)",tensor(9),1,0,0,0,0,0.9969868,0.0010748268,0.0008689748,0.023372054,0.0016988808,1,0,0,0,0,1.0,0.0,0,0.006005585,0.023372054,0.031866767,-5.9584436,490.2351,2842.501953125,0.26085951940850277
tensor(21817),"tensor(18354., dtype=torch.float64)",tensor(9),0,0,0,0,0,0.018953724,0.5259149,0.94481087,0.011497181,0.41344985,0,0,1,0,0,0.0,1.0,1,0.19463503,0.4740851,0.34802496,-2.33888,73.67647,106.67407989501953,0.6645101663585952
tensor(21831),"tensor(11905., dtype=torch.float64)",tensor(9),1,0,0,0,0,0.99418855,0.022332696,0.0012899585,0.022973178,0.00040031906,1,0,0,0,0,1.0,0.0,0,0.010561585,0.02297318,0.053098686,-5.4292192,477.25232,3017.306640625,0.27888170055452866
tensor(21837),"tensor(11744., dtype=torch.float64)",tensor(9),1,0,0,0,0,0.97505695,0.035210636,0.014730496,0.0024619694,0.03648451,1,0,0,0,0,1.0,0.0,0,0.022766113,0.03648448,0.10394327,-4.091498,209.83876,3104.38134765625,0.3038354898336414
