ecg_id,patient_id,strat_fold,true_NORM,true_MI,true_STTC,true_CD,true_HYP,prob_NORM,prob_MI,prob_STTC,prob_CD,prob_HYP,pred_NORM,pred_MI,pred_STTC,pred_CD,pred_HYP,sample_f1,sample_error,exact_match_error,MSP_risk,MSP_risk_max,Entropy_risk,Energy_risk,Prototype_risk,Prototype_D_pred,Risk_rank_fusion
tensor(17),"tensor(13619., dtype=torch.float64)",tensor(9),0,0,0,0,0,0.009394494,0.29251006,0.27955842,0.099846505,0.013422672,0,0,0,0,0,1.0,0.0,0,0.13894635,0.29251003,0.329212,-2.5968595,99.717865,99.71786499023438,0.5480591497227356
tensor(23),"tensor(13619., dtype=torch.float64)",tensor(9),0,0,0,0,0,0.0041948357,0.098346956,0.49334022,0.020877847,0.004395948,0,0,0,0,0,1.0,0.0,0,0.12423116,0.49334025,0.23426434,-3.3965402,195.27504,195.27503967285156,0.4609519408502773
tensor(39),"tensor(13619., dtype=torch.float64)",tensor(9),0,1,1,0,0,0.018721024,0.79752237,0.8501031,0.40148646,0.5879568,0,1,1,0,0,1.0,0.0,0,0.236925,0.4120432,0.47411412,-1.56406,25.209898,39.855796813964844,0.6980129390018485
tensor(41),"tensor(8420., dtype=torch.float64)",tensor(9),0,0,0,1,0,0.011435809,0.09784825,0.018354751,0.9993455,0.5066136,0,0,0,1,0,1.0,0.0,0,0.124335945,0.4933864,0.23458132,-3.603538,39.3741,39.37409973144531,0.32231977818853974
tensor(47),"tensor(8295., dtype=torch.float64)",tensor(9),1,0,0,0,0,0.93419015,0.062746055,0.007367102,0.05650175,0.16971143,1,0,0,0,0,1.0,0.0,0,0.07242727,0.16971141,0.23865958,-2.9326205,112.534195,1302.085205078125,0.40688539741219965
tensor(49),"tensor(13958., dtype=torch.float64)",tensor(9),0,0,0,1,0,0.9656438,0.04649317,0.009741587,0.10330987,0.008607179,1,0,0,0,0,0.0,1.0,1,0.040501595,0.10330987,0.15484689,-3.5771816,207.6538,1320.878173828125,0.35166358595194086
tensor(51),"tensor(16750., dtype=torch.float64)",tensor(9),1,0,0,0,0,0.9475473,0.0051504653,0.0006324967,0.059114635,0.42249885,1,0,0,0,0,1.0,0.0,0,0.10796988,0.42249882,0.22976983,-3.7205074,204.39355,1329.401123046875,0.4265249537892791
tensor(69),"tensor(8339., dtype=torch.float64)",tensor(9),1,0,0,0,0,0.49728757,0.12765199,0.652982,0.40787613,0.37275863,1,0,1,0,0,0.6666666666666666,0.33333333333333337,1,0.35051847,0.49728757,0.61141926,-0.6916112,41.663994,157.79177856445312,0.83271719038817
tensor(91),"tensor(8305., dtype=torch.float64)",tensor(9),1,0,0,0,0,0.9922454,0.0060958224,0.004370674,0.013216924,0.0036847638,1,0,0,0,0,1.0,0.0,0,0.007024586,0.013216913,0.04106312,-5.0573983,319.57632,1220.17626953125,0.25831792975970425
tensor(127),"tensor(11926., dtype=torch.float64)",tensor(9),0,0,1,0,0,0.52586526,0.2441623,0.64664924,0.12771498,0.28936693,1,0,1,0,0,0.6666666666666666,0.33333333333333337,1,0.29774594,0.47413474,0.5761478,-0.93153316,48.032192,128.29510498046875,0.8334103512014788
tensor(151),"tensor(12152., dtype=torch.float64)",tensor(9),1,0,0,0,0,0.9644461,0.04141767,0.0018918366,0.04011119,0.0914466,1,0,0,0,0,1.0,0.0,0,0.042084217,0.09144658,0.16277845,-3.636366,145.52353,1158.8607177734375,0.32185767097966733
tensor(153),"tensor(20254., dtype=torch.float64)",tensor(9),0,1,0,0,0,0.89924955,0.1499094,0.011898742,0.104848765,0.12133131,1,0,0,0,0,0.0,1.0,1,0.09774768,0.14990938,0.30380252,-2.493587,87.4851,1362.830322265625,0.48151571164510165
tensor(155),"tensor(12640., dtype=torch.float64)",tensor(9),0,1,0,0,0,0.44913155,0.8219035,0.01049522,0.0939811,0.0135254925,1,1,0,0,0,0.6666666666666666,0.33333333333333337,1,0.14904594,0.44913155,0.31960243,-2.567058,83.9245,83.92449951171875,0.5420517560073937
tensor(165),"tensor(9277., dtype=torch.float64)",tensor(9),1,0,0,0,0,0.99408,0.002180568,0.0024406011,0.013434561,0.011130087,1,0,0,0,0,1.0,0.0,0,0.007021129,0.013434589,0.04026135,-5.209169,325.26526,1224.9649658203125,0.2576247689463956
tensor(171),"tensor(15591., dtype=torch.float64)",tensor(9),0,0,1,0,0,0.018718246,0.031957094,0.97371125,0.07314577,0.91106933,0,0,1,0,1,0.6666666666666666,0.33333333333333337,1,0.04780805,0.08893067,0.18356825,-3.169664,58.35701,58.35700988769531,0.28927911275415896
tensor(173),"tensor(10676., dtype=torch.float64)",tensor(9),0,0,1,0,1,0.12827428,0.22424334,0.8811976,0.12586236,0.65371555,0,0,1,0,0,0.6666666666666666,0.33333333333333337,1,0.1886934,0.34628445,0.46068248,-1.5469383,26.76873,132.19073486328125,0.662199630314233
tensor(189),"tensor(13112., dtype=torch.float64)",tensor(9),0,1,0,0,0,0.00081505725,0.9952486,0.04872942,0.93544024,0.060795423,0,1,0,1,0,0.6666666666666666,0.33333333333333337,1,0.035930157,0.06455976,0.14000192,-4.1676903,40.572372,40.57237243652344,0.18414972273567468
tensor(193),"tensor(17536., dtype=torch.float64)",tensor(9),1,0,0,0,0,0.93971825,0.07518699,0.002396407,0.080709964,0.10389459,1,0,0,0,0,1.0,0.0,0,0.064493954,0.10389459,0.22510114,-3.174994,133.0011,1182.224853515625,0.3823937153419593
tensor(195),"tensor(14472., dtype=torch.float64)",tensor(9),0,0,0,1,0,0.044134405,0.4420423,0.0012816382,0.998235,0.35270834,0,0,0,1,0,1.0,0.0,0,0.16838628,0.4420423,0.3078316,-3.382319,54.31728,54.31727981567383,0.45725508317929764
tensor(205),"tensor(21222., dtype=torch.float64)",tensor(9),1,0,0,0,0,0.87224084,0.019630436,0.30345622,0.035698727,0.05157035,1,0,0,0,0,1.0,0.0,0,0.10762292,0.3034562,0.2899209,-2.574162,145.18555,1712.04248046875,0.5103974121996303
tensor(217),"tensor(21519., dtype=torch.float64)",tensor(9),0,0,1,0,0,0.04058119,0.90271723,0.6541742,0.34767547,0.2913241,0,1,1,0,0,0.6666666666666666,0.33333333333333337,1,0.22453785,0.34767544,0.47660217,-1.5092968,26.862644,26.86264419555664,0.7044824399260629
tensor(219),"tensor(21519., dtype=torch.float64)",tensor(9),1,0,0,0,0,0.26540208,0.89469135,0.13356222,0.30260164,0.08798746,0,1,0,0,0,0.0,1.0,1,0.17897242,0.30260164,0.44384736,-1.6401765,27.402336,27.40233612060547,0.640018484288355
tensor(223),"tensor(16039., dtype=torch.float64)",tensor(9),0,1,1,0,1,0.00023729702,0.20065323,0.9921226,0.8224006,0.99177027,0,0,1,1,1,0.6666666666666666,0.33333333333333337,1,0.07891941,0.2006532,0.21299183,-4.1776915,92.994316,92.99431610107422,0.3142329020332717
tensor(233),"tensor(20772., dtype=torch.float64)",tensor(9),1,0,0,0,0,0.8988225,0.056013927,0.012333497,0.23337138,0.15222658,1,0,0,0,0,1.0,0.0,0,0.11102456,0.23337138,0.31597131,-2.4596722,88.04741,1501.72900390625,0.5087800369685767
tensor(281),"tensor(641., dtype=torch.float64)",tensor(9),0,1,0,1,0,0.0028156596,0.9726573,0.16165985,0.9477555,0.09001731,0,1,0,1,0,1.0,0.0,0,0.06681597,0.16165984,0.21895769,-3.2597675,26.882221,26.882221221923828,0.2405268022181146
tensor(287),"tensor(6437., dtype=torch.float64)",tensor(9),0,1,0,1,0,0.0011022,0.55529416,0.015188514,0.999413,0.87659097,0,1,0,1,1,0.8,0.19999999999999996,1,0.11699849,0.44470584,0.23058298,-4.120761,50.02348,50.02347946166992,0.3109981515711645
tensor(293),"tensor(1689., dtype=torch.float64)",tensor(9),1,0,0,0,0,0.9306323,0.033334248,0.001732901,0.0844645,0.26677796,1,0,0,0,0,1.0,0.0,0,0.09113538,0.266778,0.25609303,-3.1428287,140.85794,1284.1904296875,0.4265249537892791
tensor(295),"tensor(603., dtype=torch.float64)",tensor(9),0,0,1,0,0,0.2687458,0.35232827,0.7342782,0.31976032,0.5246565,0,0,1,0,0,1.0,0.0,0,0.33637995,0.47534353,0.625692,-0.69596666,31.001654,151.09219360351562,0.8038354898336414
tensor(303),"tensor(3327., dtype=torch.float64)",tensor(9),1,0,0,0,0,0.9984863,0.00064590405,2.5222773e-05,0.016155927,0.0031388663,1,0,0,0,0,1.0,0.0,0,0.004295945,0.016155899,0.024184968,-6.8587074,722.46375,1039.958740234375,0.2562384473197782
tensor(343),"tensor(4004., dtype=torch.float64)",tensor(9),1,0,0,0,0,0.6974332,0.070435666,0.0010177763,0.90175205,0.035134435,1,0,0,1,0,0.6666666666666666,0.33333333333333337,1,0.1014806,0.30256683,0.26983878,-3.1667778,136.74696,136.74696350097656,0.4390018484288355
tensor(365),"tensor(9158., dtype=torch.float64)",tensor(9),1,0,0,0,0,0.918972,0.01927848,0.0001981587,0.57330894,0.08774577,1,0,0,0,0,1.0,0.0,0,0.12298834,0.42669106,0.27160588,-3.5041687,213.50728,1260.8946533203125,0.4794362292051756
tensor(383),"tensor(15446., dtype=torch.float64)",tensor(9),0,1,1,0,1,0.006846883,0.62436765,0.94378614,0.34781402,0.8080226,0,1,1,0,1,1.0,0.0,0,0.19569695,0.37563235,0.4108828,-2.074366,15.418604,15.418603897094727,0.5596118299445472
tensor(387),"tensor(14950., dtype=torch.float64)",tensor(9),1,0,0,0,0,0.98334116,0.002214211,0.00025790217,0.04930338,0.1507934,1,0,0,0,0,1.0,0.0,0,0.043845534,0.15079343,0.14468235,-4.627785,281.68353,1215.8594970703125,0.3257855822550832
tensor(419),"tensor(1909., dtype=torch.float64)",tensor(9),1,0,0,0,0,0.95171237,0.029697891,0.005532123,0.042100172,0.19106433,1,0,0,0,0,1.0,0.0,0,0.06333637,0.19106436,0.2047451,-3.245411,130.92462,1343.401123046875,0.3662199630314233
tensor(425),"tensor(2440., dtype=torch.float64)",tensor(9),0,1,1,0,1,0.008138931,0.8239451,0.832458,0.5632003,0.82508,0,1,1,0,1,1.0,0.0,0,0.19269115,0.4367997,0.4226656,-1.9509386,14.505053,14.50505256652832,0.5718576709796673
tensor(437),"tensor(2990., dtype=torch.float64)",tensor(9),1,0,0,0,0,0.979011,0.0021944728,0.0058837063,0.032350823,0.13768086,1,0,0,0,0,1.0,0.0,0,0.039819717,0.13768089,0.13942493,-4.064949,235.17957,1440.499267578125,0.32878927911275413
tensor(441),"tensor(6036., dtype=torch.float64)",tensor(9),1,0,0,0,0,0.9432846,0.04223786,0.027634349,0.03268046,0.123810984,1,0,0,0,0,1.0,0.0,0,0.05661583,0.12381101,0.20752689,-2.9675708,119.528595,1449.159423828125,0.378003696857671
tensor(445),"tensor(3996., dtype=torch.float64)",tensor(9),1,0,0,0,0,0.87123185,0.028093016,0.04039757,0.17945586,0.37591034,1,0,0,0,0,1.0,0.0,0,0.15052497,0.37591034,0.36277744,-2.130073,83.5905,1664.24072265625,0.6132162661737522
tensor(483),"tensor(19895., dtype=torch.float64)",tensor(9),0,1,0,1,0,0.005258999,0.7553535,0.5425294,0.9912981,0.47764784,0,1,0,1,0,1.0,0.0,0,0.2387451,0.47764784,0.40416822,-2.2730758,15.56959,15.569589614868164,0.5697781885397413
tensor(491),"tensor(3731., dtype=torch.float64)",tensor(9),1,0,0,0,0,0.9899804,0.0019249319,0.00031606006,0.06535164,0.039713968,1,0,0,0,0,1.0,0.0,0,0.023465276,0.065351665,0.0962788,-4.9498525,352.77783,1194.74755859375,0.2945933456561922
tensor(515),"tensor(12266., dtype=torch.float64)",tensor(9),0,1,0,0,0,0.45609277,0.5067639,0.5823501,0.106794976,0.21219343,1,0,0,0,0,0.0,1.0,1,0.3371935,0.49323612,0.5836948,-0.79424536,51.551632,1858.7484130859375,0.8454251386321627
tensor(529),"tensor(13474., dtype=torch.float64)",tensor(9),0,0,1,0,0,0.020486522,0.80452025,0.8470541,0.15045294,0.716813,0,1,1,0,0,0.6666666666666666,0.33333333333333337,1,0.16051042,0.28318697,0.40824312,-1.9307039,23.567331,42.3734130859375,0.5609981515711645
tensor(537),"tensor(21127., dtype=torch.float64)",tensor(9),0,1,1,0,1,0.00018440174,0.8374245,0.9578291,0.95781183,0.95786476,0,1,1,1,1,0.8571428571428571,0.1428571428571429,1,0.057850838,0.16257548,0.19399552,-3.9213338,39.609116,39.60911560058594,0.2238909426987061
tensor(545),"tensor(15734., dtype=torch.float64)",tensor(9),0,1,1,1,1,0.004784393,0.5378454,0.38615778,0.99531376,0.7011096,0,1,0,1,0,0.6666666666666666,0.33333333333333337,1,0.23133463,0.46215463,0.40546814,-2.4327552,14.652748,14.652748107910156,0.5482902033271719
tensor(553),"tensor(10977., dtype=torch.float64)",tensor(9),1,0,0,0,0,0.9795293,0.0119254,0.0049943496,0.07533494,0.016443048,1,0,0,0,0,1.0,0.0,0,0.025833726,0.07533491,0.10941298,-4.035673,224.00427,1327.340576171875,0.30730129390018485
tensor(563),"tensor(12015., dtype=torch.float64)",tensor(9),0,1,0,1,0,0.00030526132,0.8830538,0.8953876,0.98680186,0.8901226,0,1,1,1,1,0.6666666666666666,0.33333333333333337,1,0.06898785,0.11694622,0.223032,-3.733818,37.034103,37.03410339355469,0.2493068391866913
tensor(587),"tensor(11694., dtype=torch.float64)",tensor(9),1,0,0,0,0,0.99022675,0.0037837122,0.003763511,0.013530355,0.032939877,1,0,0,0,0,1.0,0.0,0,0.012758136,0.03293985,0.06421516,-4.687791,246.03813,1260.9931640625,0.269177449168207
tensor(601),"tensor(4261., dtype=torch.float64)",tensor(9),0,1,0,0,0,0.029854449,0.9016816,0.67680824,0.19162022,0.08470969,0,1,1,0,0,0.6666666666666666,0.33333333333333337,1,0.14553893,0.32319176,0.37270957,-2.0511665,35.725754,35.72575378417969,0.5499075785582255
tensor(615),"tensor(7655., dtype=torch.float64)",tensor(9),1,0,0,0,0,0.8606239,0.04988045,0.23991117,0.036865614,0.16985291,1,0,0,0,0,1.0,0.0,0,0.12717724,0.2399112,0.3532949,-2.1540382,96.67941,1693.355712890625,0.589648798521257
tensor(627),"tensor(2819., dtype=torch.float64)",tensor(9),0,1,1,0,0,0.00028550133,0.9995009,0.10067583,0.11064561,0.032015953,0,1,0,0,0,0.6666666666666666,0.33333333333333337,1,0.04882443,0.11064559,0.16460381,-4.689217,83.7128,83.71279907226562,0.24953789279112754
tensor(633),"tensor(709., dtype=torch.float64)",tensor(9),0,0,0,1,0,0.47349715,0.23293485,0.004834964,0.92312616,0.18675448,1,0,0,1,0,0.6666666666666666,0.33333333333333337,1,0.19497907,0.47349715,0.4035384,-2.1163592,46.40139,46.401390075683594,0.6423290203327171
tensor(673),"tensor(2745., dtype=torch.float64)",tensor(9),1,0,0,0,0,0.99770206,0.00014895874,0.00048635696,0.0123452945,0.010542096,1,0,0,0,0,1.0,0.0,0,0.0051641464,0.012345314,0.029382566,-6.287414,565.29156,1319.0595703125,0.2573937153419593
tensor(705),"tensor(4874., dtype=torch.float64)",tensor(9),0,1,0,1,0,0.0065326574,0.58847314,0.75181407,0.98753047,0.20907144,0,1,1,1,0,0.8,0.19999999999999996,1,0.17755729,0.41152686,0.37138137,-2.438561,33.466286,33.466285705566406,0.544362292051756
tensor(717),"tensor(3795., dtype=torch.float64)",tensor(9),0,1,1,0,0,0.03220093,0.44534937,0.92423254,0.36478704,0.11347439,0,0,1,0,0,0.6666666666666666,0.33333333333333337,1,0.20631588,0.44534934,0.42152452,-1.7468364,71.352516,150.65655517578125,0.7322088724584103
tensor(771),"tensor(3063., dtype=torch.float64)",tensor(9),1,0,0,0,0,0.5903751,0.31256586,0.27572036,0.56506217,0.07876874,1,0,0,0,0,1.0,0.0,0,0.30232352,0.43493783,0.5694269,-0.9680769,49.194115,1815.338623046875,0.8352587800369685
tensor(787),"tensor(18804., dtype=torch.float64)",tensor(9),1,0,0,0,0,0.97335297,0.0465222,0.0028196964,0.050657187,0.017708847,1,0,0,0,0,1.0,0.0,0,0.02887106,0.050657213,0.12396612,-3.8866134,191.81168,1143.8616943359375,0.3070702402957486
tensor(823),"tensor(1791., dtype=torch.float64)",tensor(9),0,0,1,1,0,0.032529477,0.6682593,0.6213372,0.9065741,0.6467598,0,1,1,1,0,0.8,0.19999999999999996,1,0.23791987,0.37866282,0.4804121,-1.4930838,20.345024,20.34502410888672,0.6922365988909427
tensor(839),"tensor(1551., dtype=torch.float64)",tensor(9),1,0,0,0,0,0.76957285,0.12220459,0.2925867,0.13613449,0.28402138,1,0,0,0,0,1.0,0.0,0,0.21307486,0.29258668,0.5020267,-1.3665692,56.151535,1815.8756103515625,0.7825785582255084
tensor(843),"tensor(1756., dtype=torch.float64)",tensor(9),1,0,0,0,0,0.9634582,0.0066182325,0.07979626,0.012461519,0.03669576,1,0,0,0,0,1.0,0.0,0,0.034422755,0.079796255,0.13983938,-3.673751,198.21637,1556.441162109375,0.3320240295748613
tensor(849),"tensor(7475., dtype=torch.float64)",tensor(9),0,0,1,0,0,0.08310757,0.26569915,0.9256868,0.045869425,0.18291953,0,0,1,0,0,1.0,0.0,0,0.13038176,0.26569915,0.35836884,-2.09427,74.816635,134.076416015625,0.580637707948244
tensor(881),"tensor(2682., dtype=torch.float64)",tensor(9),1,0,0,0,0,0.69498223,0.0136372475,0.29567018,0.15249681,0.61523324,1,0,0,0,0,1.0,0.0,0,0.23031771,0.38476676,0.47753745,-1.6314507,64.91544,1883.798828125,0.7818853974121995
tensor(885),"tensor(2841., dtype=torch.float64)",tensor(9),0,0,1,0,1,0.30230752,0.358591,0.07287548,0.9201638,0.41158178,0,0,0,1,0,0.0,1.0,1,0.24503839,0.41158175,0.49644452,-1.3526319,15.057544,15.057543754577637,0.6903881700554528
tensor(889),"tensor(11105., dtype=torch.float64)",tensor(9),1,0,0,0,0,0.014870261,0.9929387,0.012052088,0.20268883,0.059010368,0,1,0,0,0,0.0,1.0,1,0.05913657,0.20268881,0.18258509,-3.5369248,44.19522,44.195220947265625,0.25115526802218113
tensor(901),"tensor(5843., dtype=torch.float64)",tensor(9),1,0,0,0,0,0.962623,0.09959947,0.0011959239,0.04518959,0.03718318,1,0,0,0,0,1.0,0.0,0,0.044109046,0.09959948,0.16718945,-3.6965165,164.50507,1038.196044921875,0.32902033271719044
tensor(913),"tensor(6560., dtype=torch.float64)",tensor(9),1,0,0,0,0,0.9837219,0.04332668,0.0041522393,0.024772229,0.0022098687,1,0,0,0,0,1.0,0.0,0,0.018147767,0.043326676,0.08405192,-4.492345,280.5104,1174.7032470703125,0.286275415896488
tensor(925),"tensor(5897., dtype=torch.float64)",tensor(9),1,0,0,0,0,0.8281554,0.04709943,0.012668796,0.35191196,0.37809643,1,0,0,0,0,1.0,0.0,0,0.19232428,0.37809646,0.4056727,-2.008801,77.68531,1621.065673828125,0.6950092421441774
tensor(927),"tensor(2826., dtype=torch.float64)",tensor(9),1,0,0,0,0,0.81204545,0.09711299,0.032515015,0.22983968,0.41206726,1,0,0,0,0,1.0,0.0,0,0.19189799,0.4120673,0.43239993,-1.7301439,64.45687,1648.56884765625,0.718807763401109
tensor(985),"tensor(7407., dtype=torch.float64)",tensor(9),1,0,0,0,0,0.93836796,0.012944893,0.0034494298,0.05231001,0.3719595,1,0,0,0,0,1.0,0.0,0,0.10045922,0.3719595,0.23776393,-3.228747,156.68515,1396.185302734375,0.4295286506469501
tensor(987),"tensor(7818., dtype=torch.float64)",tensor(9),0,0,1,0,0,0.032562014,0.23887566,0.9355649,0.24955751,0.626776,0,0,1,0,0,1.0,0.0,0,0.19173086,0.37322402,0.43096337,-1.769047,25.249233,139.4300537109375,0.625
tensor(999),"tensor(1497., dtype=torch.float64)",tensor(9),1,0,0,0,0,0.95414317,0.009948599,0.00063460105,0.09343505,0.25972417,1,0,0,0,0,1.0,0.0,0,0.08191985,0.25972414,0.22607689,-3.6634586,195.31738,1282.227294921875,0.3985674676524954
tensor(1007),"tensor(10526., dtype=torch.float64)",tensor(9),1,0,0,0,0,0.89847654,0.03110405,0.19033115,0.11519917,0.029286195,1,0,0,0,0,1.0,0.0,0,0.09348881,0.19033116,0.28863615,-2.5213408,134.59634,1715.7186279296875,0.49376155268022187
tensor(1015),"tensor(5995., dtype=torch.float64)",tensor(9),0,0,1,0,1,0.01699681,0.74644655,0.9121364,0.032135747,0.4234675,0,1,1,0,0,0.5,0.5,1,0.16280347,0.42346752,0.3546715,-2.2382033,56.018845,60.41558074951172,0.5813308687615527
tensor(1103),"tensor(4833., dtype=torch.float64)",tensor(9),0,0,0,0,1,0.8485654,0.02992016,0.013452205,0.12089524,0.542336,1,0,0,0,0,0.0,1.0,1,0.15467328,0.457664,0.33784777,-2.3302076,90.37034,1584.456298828125,0.5901109057301294
tensor(1109),"tensor(4267., dtype=torch.float64)",tensor(9),0,1,0,1,0,0.00836103,0.91235876,0.72592854,0.62725174,0.15403667,0,1,1,0,0,0.5,0.5,1,0.17937171,0.37274826,0.40453783,-2.0632706,28.764248,28.76424789428711,0.586645101663586
tensor(1119),"tensor(16469., dtype=torch.float64)",tensor(9),1,0,0,0,0,0.9210954,0.37553656,0.00017792471,0.010699794,0.03101622,1,0,0,0,0,1.0,0.0,0,0.099267006,0.37553656,0.22741738,-3.9136689,159.98111,789.4743041992188,0.3858595194085027
tensor(1123),"tensor(7009., dtype=torch.float64)",tensor(9),0,0,0,1,0,0.0077949655,0.14839436,0.00971636,0.99916756,0.798573,0,0,0,1,1,0.6666666666666666,0.33333333333333337,1,0.073633015,0.20142698,0.2058641,-3.9371285,45.426003,45.426002502441406,0.2532347504621072
tensor(1139),"tensor(4705., dtype=torch.float64)",tensor(9),1,0,0,0,0,0.9806769,0.005146311,0.0010070149,0.03147947,0.13002984,1,0,0,0,0,1.0,0.0,0,0.037397087,0.13002986,0.13237827,-4.283629,212.12251,1228.349853515625,0.3126155268022181
tensor(1159),"tensor(649., dtype=torch.float64)",tensor(9),0,1,0,0,0,0.017542407,0.9747559,0.13850144,0.73278344,0.11675121,0,1,0,1,0,0.6666666666666666,0.33333333333333337,1,0.11305112,0.26721656,0.309844,-2.5078354,17.014416,17.014415740966797,0.35998151571164505
tensor(1205),"tensor(18791., dtype=torch.float64)",tensor(9),0,0,1,1,0,0.012165391,0.22910407,0.97415984,0.045782857,0.7488239,0,0,1,0,1,0.5,0.5,1,0.11281365,0.25117612,0.29468432,-2.6738544,45.28246,45.2824592590332,0.41913123844731975
tensor(1249),"tensor(19947., dtype=torch.float64)",tensor(9),1,0,0,0,0,0.92401993,0.024949318,0.0074944193,0.32393748,0.0929379,1,0,0,0,0,1.0,0.0,0,0.1050598,0.32393748,0.27375728,-2.8127987,113.62228,1494.1416015625,0.46095194085027724
tensor(1261),"tensor(8420., dtype=torch.float64)",tensor(9),0,1,0,1,0,0.0041224356,0.8189305,0.022510575,0.99815625,0.6507147,0,1,0,1,0,1.0,0.0,0,0.11176622,0.3492853,0.25357428,-3.536719,20.923882,20.92388153076172,0.26178373382624764
tensor(1295),"tensor(20870., dtype=torch.float64)",tensor(9),0,0,1,0,0,0.8407999,0.05491102,0.26584,0.15865037,0.07467025,1,0,0,0,0,0.0,1.0,1,0.1426543,0.26584,0.38662556,-1.9421924,90.55504,1760.242919921875,0.6487985212569316
tensor(1321),"tensor(5894., dtype=torch.float64)",tensor(9),1,0,0,0,0,0.63693583,0.18718193,0.057938285,0.6995569,0.3062532,1,0,0,1,0,0.6666666666666666,0.33333333333333337,1,0.24297613,0.36306417,0.51716745,-1.2964184,33.837456,33.83745574951172,0.7601663585951941
tensor(1367),"tensor(21233., dtype=torch.float64)",tensor(9),0,0,0,1,1,0.002334432,0.105121486,0.01977389,0.99903333,0.5777386,0,0,0,1,0,0.6666666666666666,0.33333333333333337,1,0.11009157,0.42226142,0.22770329,-3.8713608,33.126755,33.12675476074219,0.27241219963031427
tensor(1379),"tensor(7123., dtype=torch.float64)",tensor(9),1,0,0,0,0,0.5252322,0.7143824,0.018181894,0.27583927,0.355418,1,1,0,0,0,0.6666666666666666,0.33333333333333337,1,0.2819649,0.4747678,0.5241295,-1.3134521,36.48542,36.48542022705078,0.7818853974121996
tensor(1399),"tensor(12213., dtype=torch.float64)",tensor(9),0,0,0,0,0,6.3101315e-06,0.0014623125,7.781491e-06,0.07233265,0.00043312355,0,0,0,0,0,1.0,0.0,0,0.014848411,0.07233262,0.054921366,-8.111765,644.35913,644.359130859375,0.2724121996303142
tensor(1421),"tensor(4879., dtype=torch.float64)",tensor(9),1,0,0,0,0,0.17894976,0.14114606,0.8359862,0.19563097,0.76168483,0,0,1,0,1,0.0,1.0,1,0.18361121,0.23831517,0.4733035,-1.5067422,20.887897,20.887897491455078,0.6471811460258781
tensor(1427),"tensor(20044., dtype=torch.float64)",tensor(9),0,1,1,0,0,0.002981248,0.91779894,0.8947873,0.3750247,0.7370451,0,1,1,0,1,0.8,0.19999999999999996,1,0.16567487,0.37502468,0.37570304,-2.3814454,25.524673,25.524673461914062,0.5124768946395564
tensor(1433),"tensor(16989., dtype=torch.float64)",tensor(9),0,1,0,0,0,0.00074577663,0.9936678,0.27733803,0.88051546,0.44113567,0,1,0,1,0,0.6666666666666666,0.33333333333333337,1,0.1690073,0.44113564,0.33740035,-3.0895329,20.238976,20.238975524902344,0.4089648798521257
tensor(1439),"tensor(16142., dtype=torch.float64)",tensor(9),0,1,1,0,1,0.0016418438,0.39053005,0.9846199,0.43660188,0.91494375,0,0,1,0,1,0.8,0.19999999999999996,1,0.18584204,0.43660188,0.3473311,-2.729014,25.164116,25.16411590576172,0.4775878003696858
tensor(1449),"tensor(18349., dtype=torch.float64)",tensor(9),0,0,1,0,0,0.0050762375,0.23936981,0.9802274,0.57250464,0.66578186,0,0,1,0,0,1.0,0.0,0,0.20518637,0.42749536,0.39982182,-2.2637942,34.460342,155.2962646484375,0.609750462107209
tensor(1451),"tensor(16916., dtype=torch.float64)",tensor(9),0,0,0,0,1,0.00014107452,0.46526718,0.9918182,0.8335558,0.98437494,0,0,1,1,1,0.5,0.5,1,0.13113183,0.46526718,0.25405622,-3.9114082,64.7258,64.72579956054688,0.3687615526802218
tensor(1453),"tensor(17864., dtype=torch.float64)",tensor(9),1,0,0,0,0,0.98314166,0.0036180736,0.0075745992,0.09341074,0.020126149,1,0,0,0,0,1.0,0.0,0,0.02831757,0.09341073,0.11258378,-4.143507,247.46747,1442.651611328125,0.31192236598890943
tensor(1455),"tensor(20051., dtype=torch.float64)",tensor(9),1,0,0,0,0,0.9218068,0.0022928547,0.013595252,0.2549511,0.2851014,1,0,0,0,0,1.0,0.0,0,0.12682676,0.2851014,0.30558243,-2.9637673,166.08284,1688.2252197265625,0.5205637707948244
tensor(1469),"tensor(4058., dtype=torch.float64)",tensor(9),0,0,1,1,1,0.0004961996,0.55417734,0.9650813,0.9668524,0.9548129,0,1,1,1,1,0.8571428571428571,0.1428571428571429,1,0.111914456,0.44582266,0.23451853,-3.5137131,35.620712,35.62071228027344,0.3045286506469501
tensor(1473),"tensor(17115., dtype=torch.float64)",tensor(9),0,1,1,0,0,0.006215193,0.9857065,0.28214133,0.44685295,0.081193194,0,1,0,0,0,0.6666666666666666,0.33333333333333337,1,0.16613925,0.44685292,0.33536166,-2.576316,21.20338,21.203380584716797,0.44870609981515713
tensor(1497),"tensor(18668., dtype=torch.float64)",tensor(9),1,0,0,0,0,0.98459375,0.01246915,0.0059355074,0.028774565,0.015787546,1,0,0,0,0,1.0,0.0,0,0.015674591,0.02877456,0.07892014,-4.2603893,217.96684,1269.4691162109375,0.2793438077634011
tensor(1515),"tensor(668., dtype=torch.float64)",tensor(9),0,1,1,0,0,0.02026593,0.96414,0.30706158,0.5051042,0.2272526,0,1,0,0,0,0.6666666666666666,0.33333333333333337,1,0.21706712,0.49489582,0.4198776,-1.8456312,14.779329,14.779329299926758,0.6002772643253235
tensor(1541),"tensor(20956., dtype=torch.float64)",tensor(9),0,1,0,0,0,0.28339523,0.81807244,0.04651774,0.63174045,0.38787803,0,1,0,0,0,1.0,0.0,0,0.25359553,0.38787806,0.5168758,-1.2894485,27.041134,27.041133880615234,0.7423752310536045
tensor(1577),"tensor(7809., dtype=torch.float64)",tensor(9),0,1,0,0,0,0.006182352,0.9552118,0.45412284,0.91893244,0.3828595,0,1,0,1,0,0.6666666666666666,0.33333333333333337,1,0.19380409,0.45412284,0.37124556,-2.2458453,21.023441,21.023441314697266,0.5339648798521257
tensor(1595),"tensor(3742., dtype=torch.float64)",tensor(9),1,0,1,0,0,0.45489088,0.016032826,0.8290861,0.005801069,0.2718295,1,0,1,0,0,1.0,0.0,0,0.18389368,0.45489085,0.36986026,-2.4012604,132.56497,147.96238708496094,0.6679759704251387
tensor(1611),"tensor(12706., dtype=torch.float64)",tensor(9),0,0,0,0,1,0.019222438,0.8431411,0.4054207,0.9465248,0.22901152,0,1,0,1,0,0.0,1.0,1,0.1727978,0.40542066,0.39025453,-2.016893,19.010042,19.010042190551758,0.5404343807763401
tensor(1619),"tensor(2638., dtype=torch.float64)",tensor(9),1,0,0,0,0,0.9335242,0.022652904,0.040345382,0.06395256,0.19235294,1,0,0,0,0,1.0,0.0,0,0.07715589,0.19235295,0.24979639,-2.7388196,120.09433,1570.1180419921875,0.43230129390018485
tensor(1627),"tensor(6034., dtype=torch.float64)",tensor(9),0,1,1,0,0,0.0026374687,0.9702533,0.2971821,0.95116556,0.10836084,0,1,0,1,0,0.5,0.5,1,0.097352326,0.29718208,0.25975138,-3.071546,28.478285,28.47828483581543,0.3047597042513863
tensor(1645),"tensor(7424., dtype=torch.float64)",tensor(9),1,0,0,0,0,0.69343835,0.022008933,0.0013087265,0.86764824,0.33479562,1,0,0,1,0,0.6666666666666666,0.33333333333333337,1,0.15940535,0.3347956,0.35208634,-2.7629168,104.58133,104.58132934570312,0.5755545286506469
tensor(1699),"tensor(20837., dtype=torch.float64)",tensor(9),1,0,0,0,0,0.26004037,0.930813,0.0026940242,0.09527513,0.022142427,0,1,0,0,0,0.0,1.0,1,0.08986777,0.2600404,0.25281993,-3.1195514,87.594025,87.59402465820312,0.39186691312384475
tensor(1701),"tensor(20919., dtype=torch.float64)",tensor(9),1,0,0,0,0,0.9594047,0.1517718,0.0030714192,0.059461575,0.009936907,1,0,0,0,0,1.0,0.0,0,0.05296737,0.15177178,0.17952666,-3.6057217,192.85666,1124.54833984375,0.3599815157116451
tensor(1713),"tensor(7961., dtype=torch.float64)",tensor(9),0,0,1,1,0,0.07161991,0.36103103,0.9040329,0.3061604,0.20383528,0,0,1,0,0,0.6666666666666666,0.33333333333333337,1,0.20772278,0.36103106,0.4699232,-1.511289,52.01363,144.40870666503906,0.7511552680221811
tensor(1763),"tensor(21187., dtype=torch.float64)",tensor(9),0,0,1,0,1,0.0109563,0.70066005,0.91322905,0.48362777,0.7001168,0,1,1,0,0,0.5,0.5,1,0.23611563,0.4836278,0.4538068,-1.7240696,17.99664,47.87299346923828,0.6492606284658041
tensor(1809),"tensor(361., dtype=torch.float64)",tensor(9),0,1,0,1,0,0.0035574245,0.9812067,0.6115282,0.46399894,0.09174731,0,1,1,0,0,0.5,0.5,1,0.19331378,0.4639989,0.3564179,-2.4961836,28.342453,28.342453002929688,0.5256469500924215
tensor(1817),"tensor(11885., dtype=torch.float64)",tensor(9),0,0,1,1,0,0.005242337,0.6920188,0.77396274,0.9815217,0.49485478,0,1,1,1,0,0.8,0.19999999999999996,1,0.21051884,0.4948548,0.39396518,-2.2558436,23.176815,23.176815032958984,0.5704713493530499
tensor(1841),"tensor(7070., dtype=torch.float64)",tensor(9),1,0,0,0,0,0.055398796,0.21050087,0.92557466,0.25709644,0.74058944,0,0,1,0,1,0.0,1.0,1,0.17136633,0.25941056,0.427222,-1.7577763,19.33341,19.333410263061523,0.5838724584103512
tensor(1871),"tensor(1585., dtype=torch.float64)",tensor(9),1,0,0,0,0,0.85271996,0.009178061,0.069586374,0.07574007,0.5629709,1,0,0,0,0,1.0,0.0,0,0.14776278,0.43702912,0.3352309,-2.3571577,101.03894,1733.2916259765625,0.5864140480591498
tensor(1889),"tensor(2348., dtype=torch.float64)",tensor(9),0,0,1,0,0,0.34731382,0.29947054,0.6256048,0.26810452,0.6822924,0,0,1,0,0,1.0,0.0,0,0.32139832,0.3743952,0.624786,-0.75253654,23.410583,140.94638061523438,0.7724121996303143
tensor(1907),"tensor(7931., dtype=torch.float64)",tensor(9),0,1,0,1,0,0.0011830928,0.91389996,0.055325616,0.9983772,0.5868341,0,1,0,1,0,1.0,0.0,0,0.11147946,0.41316593,0.24130392,-3.7422261,21.405884,21.4058837890625,0.2451478743068392
tensor(1977),"tensor(847., dtype=torch.float64)",tensor(9),0,1,0,1,0,0.0022403065,0.64577854,0.8486999,0.98909646,0.51214343,0,1,1,1,0,0.8,0.19999999999999996,1,0.20130444,0.48785657,0.36877003,-2.5960321,30.820713,30.82071304321289,0.5402033271719038
tensor(1981),"tensor(459., dtype=torch.float64)",tensor(9),0,0,1,0,0,0.010660811,0.70755416,0.9142025,0.11607728,0.8111333,0,1,1,0,1,0.5,0.5,1,0.13876963,0.29244584,0.35993204,-2.2535129,21.418867,21.418867111206055,0.4664972273567468
tensor(1995),"tensor(389., dtype=torch.float64)",tensor(9),0,0,0,1,0,0.13616444,0.156869,0.0029421663,0.9886529,0.76432997,0,0,0,1,1,0.6666666666666666,0.33333333333333337,1,0.10859853,0.23567003,0.29212165,-2.9997675,52.20439,52.20439147949219,0.39810536044362294
tensor(2033),"tensor(5507., dtype=torch.float64)",tensor(9),0,1,1,1,0,0.00078759546,0.8528609,0.7435745,0.99573296,0.67962277,0,1,1,1,0,1.0,0.0,0,0.14579928,0.32037723,0.32962215,-3.2344337,28.482298,28.482297897338867,0.3939463955637708
tensor(2051),"tensor(389., dtype=torch.float64)",tensor(9),0,0,0,0,0,0.008197698,0.8289094,0.84583557,0.15264523,0.010407032,0,1,1,0,0,0.0,1.0,1,0.09930098,0.1710906,0.28403103,-2.8689415,103.39892,103.39891815185547,0.44986136783733827
tensor(2089),"tensor(1651., dtype=torch.float64)",tensor(9),1,0,0,0,0,0.97083515,0.10068142,0.0019312706,0.010745377,0.025627485,1,0,0,0,0,1.0,0.0,0,0.033630073,0.100681424,0.13020012,-4.020623,154.36995,1035.1265869140625,0.29228280961182995
tensor(2099),"tensor(13882., dtype=torch.float64)",tensor(9),0,1,0,0,0,0.018837683,0.92271215,0.6635146,0.41751093,0.14438441,0,1,1,0,0,0.6666666666666666,0.33333333333333337,1,0.1989013,0.41751093,0.41931424,-1.8447996,27.223577,27.22357749938965,0.6275415896487985
tensor(2107),"tensor(2719., dtype=torch.float64)",tensor(9),1,0,0,0,0,0.043705534,0.57601595,0.62919235,0.922343,0.73073095,0,1,1,1,1,0.0,1.0,1,0.23708463,0.42398405,0.47520322,-1.4787468,18.637653,18.637653350830078,0.6829944547134935
tensor(2111),"tensor(4920., dtype=torch.float64)",tensor(9),0,1,1,1,1,0.005372449,0.88014007,0.39146128,0.9727245,0.7350452,0,1,0,1,1,0.8571428571428571,0.1428571428571429,1,0.16178477,0.39146125,0.35455918,-2.4501,15.233664,15.233663558959961,0.44986136783733827
tensor(2115),"tensor(20329., dtype=torch.float64)",tensor(9),1,0,0,0,0,0.98159456,0.016999494,0.0007606753,0.048654966,0.037261624,1,0,0,0,0,1.0,0.0,0,0.024416447,0.048654974,0.10755737,-4.2878885,221.75269,1085.83251953125,0.29574861367837335
tensor(2123),"tensor(4949., dtype=torch.float64)",tensor(9),0,0,0,1,1,0.7379934,0.27468905,0.107512765,0.28065073,0.3320618,1,0,0,0,0,0.0,1.0,1,0.25138414,0.33206177,0.5466984,-1.1526078,49.11068,1728.8134765625,0.8103049907578559
tensor(2135),"tensor(8046., dtype=torch.float64)",tensor(9),0,0,0,1,0,0.0045273593,0.56131214,0.0068566045,0.9993228,0.57558674,0,1,0,1,0,0.6666666666666666,0.33333333333333337,1,0.17503244,0.43868786,0.28857118,-3.6433597,32.478104,32.47810363769531,0.3893253234750462
tensor(2139),"tensor(20870., dtype=torch.float64)",tensor(9),1,0,0,0,0,0.257855,0.12388494,0.88310397,0.08082682,0.2752351,0,0,1,0,0,0.0,1.0,1,0.17093956,0.27523506,0.43505424,-1.6869673,58.82102,137.70542907714844,0.696626617375231
tensor(2149),"tensor(7231., dtype=torch.float64)",tensor(9),1,0,0,0,0,0.993331,0.0057380027,0.00030705202,0.043507874,0.006139393,1,0,0,0,0,1.0,0.0,0,0.012472272,0.043507874,0.058901824,-5.2847757,381.99432,1048.4796142578125,0.27310536044362294
tensor(2161),"tensor(20411., dtype=torch.float64)",tensor(9),1,0,0,0,0,0.9790908,0.001539427,0.00073802646,0.019883994,0.30539387,1,0,0,0,0,1.0,0.0,0,0.06969291,0.30539387,0.16641553,-4.4503064,261.3813,1325.2589111328125,0.35004621072088726
tensor(2169),"tensor(6021., dtype=torch.float64)",tensor(9),0,0,1,0,0,0.3300389,0.3390757,0.7665339,0.10240398,0.3903781,0,0,1,0,0,1.0,0.0,0,0.27907258,0.39037812,0.5634615,-1.036157,41.130493,122.32022094726562,0.8073012939001848
tensor(2181),"tensor(2652., dtype=torch.float64)",tensor(9),1,0,0,0,0,0.84430486,0.026652036,0.028468944,0.17556717,0.49390948,1,0,0,0,0,1.0,0.0,0,0.17605859,0.49390948,0.36848465,-2.0779173,80.37503,1669.26171875,0.6504158964879851
tensor(2205),"tensor(4376., dtype=torch.float64)",tensor(9),0,0,0,0,0,0.0017631928,0.9485487,0.69469106,0.96026874,0.6099893,0,1,1,1,0,0.0,1.0,1,0.15765303,0.3900107,0.33336914,-2.7415297,27.266811,27.26681137084961,0.4417744916820702
tensor(2233),"tensor(5310., dtype=torch.float64)",tensor(9),0,0,0,1,0,0.08902077,0.36113158,0.53803396,0.9469965,0.22502056,0,0,0,1,0,1.0,0.0,0,0.23802853,0.46196604,0.47700778,-1.433624,23.982164,23.98216438293457,0.7067929759704251
tensor(2237),"tensor(2202., dtype=torch.float64)",tensor(9),1,0,0,0,0,0.8733641,0.29174903,0.009806488,0.026971584,0.10507899,1,0,0,0,0,1.0,0.0,0,0.11204845,0.291749,0.2997831,-2.63209,78.15338,1260.980224609375,0.47088724584103514
tensor(2261),"tensor(3857., dtype=torch.float64)",tensor(9),1,0,0,0,0,0.95971394,0.014228605,0.004784014,0.14665683,0.0732475,1,0,0,0,0,1.0,0.0,0,0.05584061,0.14665681,0.19052848,-3.4090774,154.51123,1402.79541015625,0.35951940850277264
tensor(2273),"tensor(16350., dtype=torch.float64)",tensor(9),0,1,0,0,0,0.032715425,0.7823858,0.7387964,0.38773996,0.09277503,0,1,1,0,0,0.6666666666666666,0.33333333333333337,1,0.19840968,0.38773996,0.44377598,-1.6886055,40.603203,40.60320281982422,0.69362292051756
tensor(2283),"tensor(3200., dtype=torch.float64)",tensor(9),1,0,0,0,0,0.8806686,0.16388254,0.14915542,0.0067381533,0.038978785,1,0,0,0,0,1.0,0.0,0,0.095617294,0.16388255,0.28759503,-2.7135649,122.38776,1505.57373046875,0.4692698706099815
tensor(2297),"tensor(4963., dtype=torch.float64)",tensor(9),0,0,0,1,1,0.14929934,0.46187368,0.45720765,0.8738208,0.18703239,0,0,0,1,0,0.6666666666666666,0.33333333333333337,1,0.27631843,0.46187365,0.5324318,-1.0938158,25.205902,25.205902099609375,0.7495378927911276
tensor(2301),"tensor(2793., dtype=torch.float64)",tensor(9),1,0,0,0,0,0.4039613,0.04069006,0.83842784,0.083985955,0.09485186,0,0,1,0,0,0.0,1.0,1,0.15701228,0.4039613,0.37780076,-1.9681917,102.57662,161.43231201171875,0.6628927911275416
tensor(2309),"tensor(1134., dtype=torch.float64)",tensor(9),1,0,0,0,0,0.75078475,0.2900002,0.3413177,0.11940641,0.06383991,1,0,0,0,0,1.0,0.0,0,0.21275592,0.3413177,0.4817349,-1.4678167,70.8533,1756.6097412109375,0.791358595194085
tensor(2311),"tensor(4897., dtype=torch.float64)",tensor(9),0,1,0,1,0,4.7777958e-05,0.99338466,0.51300085,0.996759,0.5976302,0,1,0,1,0,1.0,0.0,0,0.17985469,0.48699915,0.28577948,-4.227372,61.77661,61.776611328125,0.42467652495378927
tensor(2319),"tensor(2577., dtype=torch.float64)",tensor(9),1,0,0,0,0,0.58826685,0.0126975635,0.719615,0.05529857,0.29561737,1,0,1,0,0,0.6666666666666666,0.33333333333333337,1,0.21114635,0.41173315,0.43195876,-1.8718603,87.83263,155.69671630859375,0.7497689463955638
tensor(2335),"tensor(11190., dtype=torch.float64)",tensor(9),0,0,0,1,0,0.0044283555,0.62486446,0.78736573,0.990117,0.4705643,0,1,1,1,0,0.5,0.5,1,0.2145291,0.4705643,0.39087075,-2.3919072,26.085752,26.085752487182617,0.5730129390018485
tensor(2357),"tensor(18869., dtype=torch.float64)",tensor(9),1,0,0,0,0,0.98875964,0.0030502197,0.0003844381,0.03631614,0.062386457,1,0,0,0,0,1.0,0.0,0,0.022675514,0.062386453,0.09505731,-4.823653,295.81943,1146.926513671875,0.29089648798521256
tensor(2359),"tensor(13668., dtype=torch.float64)",tensor(9),0,1,0,1,0,0.13931994,0.2786595,0.5408969,0.72965384,0.8065642,0,0,0,1,1,0.5,0.5,1,0.26817292,0.4591031,0.5519956,-1.0713458,12.09247,12.092470169067383,0.7141866913123844
tensor(2361),"tensor(13039., dtype=torch.float64)",tensor(9),1,0,0,0,0,0.9467946,0.031348597,0.10987129,0.046124466,0.008159184,1,0,0,0,0,1.0,0.0,0,0.049741745,0.10987127,0.1855589,-3.2462647,190.83575,1588.48193359375,0.37731053604436227
tensor(2377),"tensor(20400., dtype=torch.float64)",tensor(9),1,0,0,0,0,0.72961247,0.5584904,0.002731559,0.048050914,0.16988643,1,1,0,0,0,0.6666666666666666,0.33333333333333337,1,0.18651325,0.4415096,0.3874454,-2.340105,67.5939,85.7330551147461,0.640018484288355
tensor(2389),"tensor(19437., dtype=torch.float64)",tensor(9),1,0,0,0,0,0.9385037,0.09763037,0.0029842772,0.02977315,0.15460034,1,0,0,0,0,1.0,0.0,0,0.069296956,0.15460032,0.22716017,-3.1886888,103.288025,1161.044189453125,0.3706099815157117
tensor(2395),"tensor(17170., dtype=torch.float64)",tensor(9),1,0,0,0,0,0.78373784,0.033315893,0.0014801908,0.67329746,0.32374275,1,0,0,1,0,0.6666666666666666,0.33333333333333337,1,0.18030071,0.32670254,0.38816458,-2.5258567,98.8477,98.84770202636719,0.6469500924214417
tensor(2397),"tensor(9357., dtype=torch.float64)",tensor(9),0,1,0,0,0,0.84754777,0.4564592,0.0073072417,0.053436592,0.012932659,1,0,0,0,0,0.0,1.0,1,0.13651752,0.45645916,0.28742123,-2.802196,124.020195,1206.0723876953125,0.508086876155268
tensor(2421),"tensor(17173., dtype=torch.float64)",tensor(9),1,0,0,1,0,0.5915307,0.067750886,0.018158926,0.91767937,0.06702382,1,0,0,1,0,1.0,0.0,0,0.12874472,0.40846932,0.30902714,-2.405377,68.13148,68.13147735595703,0.5073937153419593
tensor(2429),"tensor(8456., dtype=torch.float64)",tensor(9),1,0,0,0,0,0.9808045,0.02173895,0.001426927,0.0319483,0.031089095,1,0,0,0,0,1.0,0.0,0,0.021079719,0.031948328,0.09807143,-4.2283316,200.7637,1103.9083251953125,0.286275415896488
tensor(2443),"tensor(21046., dtype=torch.float64)",tensor(9),0,0,1,0,0,0.20777759,0.11183176,0.7600983,0.20502475,0.7830903,0,0,1,0,1,0.6666666666666666,0.33333333333333337,1,0.19628918,0.23990172,0.48851007,-1.440541,20.160912,20.160911560058594,0.6647412199630315
tensor(2465),"tensor(1298., dtype=torch.float64)",tensor(9),1,0,0,0,0,0.99181294,0.005643426,0.0032576602,0.015523696,0.0062679597,1,0,0,0,0,1.0,0.0,0,0.0077759027,0.015523672,0.044470597,-4.9815664,286.54352,1212.6103515625,0.25970425138632164
tensor(2467),"tensor(7513., dtype=torch.float64)",tensor(9),1,0,0,0,0,0.93408537,0.013519577,0.13579388,0.005495301,0.15543441,1,0,0,0,0,1.0,0.0,0,0.07523155,0.15543443,0.23558073,-3.1365669,148.2663,1545.1875,0.40850277264325324
tensor(2505),"tensor(20101., dtype=torch.float64)",tensor(9),0,0,1,0,1,0.03130031,0.08492107,0.96746194,0.08399634,0.7167158,0,0,1,0,0,0.6666666666666666,0.33333333333333337,1,0.103207946,0.2832842,0.29155368,-2.5038712,42.055656,141.73251342773438,0.41497227356746763
tensor(2543),"tensor(13440., dtype=torch.float64)",tensor(9),0,0,1,0,0,0.008490356,0.44735086,0.9387028,0.86124855,0.44797635,0,0,1,1,0,0.6666666666666666,0.33333333333333337,1,0.22077328,0.44797635,0.41149464,-1.9469986,37.778194,46.047813415527344,0.6679759704251386
tensor(2577),"tensor(8053., dtype=torch.float64)",tensor(9),1,0,0,0,0,0.96019125,0.003773717,0.00061640056,0.07131692,0.33860305,1,0,0,0,0,1.0,0.0,0,0.09082377,0.33860302,0.21889353,-3.8772228,228.85779,1344.955322265625,0.4024953789279113
tensor(2591),"tensor(17271., dtype=torch.float64)",tensor(9),0,1,0,0,0,0.00060851657,0.9984937,0.29940605,0.18917051,0.05199367,0,1,0,0,0,1.0,0.0,0,0.10853702,0.29940605,0.26322597,-3.821839,52.60346,52.603458404541016,0.3317929759704251
tensor(2613),"tensor(21108., dtype=torch.float64)",tensor(9),1,0,0,0,0,0.7413814,0.03665877,0.33179694,0.1655965,0.394154,1,0,0,0,0,1.0,0.0,0,0.23736495,0.394154,0.49672633,-1.4138063,56.42283,1859.318115234375,0.7936691312384473
tensor(2623),"tensor(7433., dtype=torch.float64)",tensor(9),0,1,0,1,0,0.0019085922,0.6616282,0.2913953,0.9983993,0.70383924,0,1,0,1,0,1.0,0.0,0,0.18588746,0.3383718,0.37533656,-3.0240042,19.02216,19.022159576416016,0.45586876155268025
tensor(2629),"tensor(17864., dtype=torch.float64)",tensor(9),1,0,0,0,0,0.93628573,0.019523498,0.037761915,0.1205349,0.13110462,1,0,0,0,0,1.0,0.0,0,0.07452786,0.13110459,0.25009635,-2.7440987,120.346664,1577.4674072265625,0.4302218114602588
tensor(2669),"tensor(585., dtype=torch.float64)",tensor(9),0,1,0,1,0,0.0016327905,0.8909065,0.6586215,0.9913993,0.321494,0,1,1,1,0,0.8,0.19999999999999996,1,0.1564399,0.3413785,0.3352259,-2.9334426,26.62753,26.62752914428711,0.42398336414048055
tensor(2697),"tensor(5609., dtype=torch.float64)",tensor(9),1,0,0,0,0,0.980876,0.008806375,0.0042530154,0.006428303,0.117238685,1,0,0,0,0,1.0,0.0,0,0.03117001,0.1172387,0.11455121,-4.2352486,176.79794,1260.03515625,0.28766173752310537
tensor(2707),"tensor(20920., dtype=torch.float64)",tensor(9),0,1,0,0,0,0.9660157,0.08421771,0.0016875233,0.08061779,0.014310679,1,0,0,0,0,0.0,1.0,1,0.042963624,0.08421773,0.16099982,-3.756556,206.04172,1102.48291015625,0.34265249537892795
tensor(2721),"tensor(12807., dtype=torch.float64)",tensor(9),1,0,0,0,0,0.95168215,0.01647183,0.09012462,0.054312516,0.016053917,1,0,0,0,0,1.0,0.0,0,0.045056164,0.09012461,0.1747214,-3.270963,182.29839,1597.56689453125,0.3646025878003697
tensor(2727),"tensor(4424., dtype=torch.float64)",tensor(9),0,1,0,0,0,0.118095554,0.7578419,0.5840124,0.12709828,0.0867892,0,1,0,0,0,1.0,0.0,0,0.19802582,0.4159876,0.45430213,-1.5542175,43.4468,43.446800231933594,0.714648798521257
tensor(2745),"tensor(2158., dtype=torch.float64)",tensor(9),0,0,1,0,0,0.020278621,0.40649554,0.9416074,0.10156895,0.78742605,0,0,1,0,1,0.6666666666666666,0.33333333333333337,1,0.15986192,0.40649557,0.36861286,-2.1051927,23.600384,23.600383758544922,0.5145563770794823
tensor(2801),"tensor(9053., dtype=torch.float64)",tensor(9),1,0,0,0,0,0.99051243,0.006276944,0.0042604553,0.021213124,0.005959814,1,0,0,0,0,1.0,0.0,0,0.009439588,0.021213114,0.051684536,-4.823072,291.06946,1240.1474609375,0.2661737523105361
tensor(2825),"tensor(7860., dtype=torch.float64)",tensor(9),0,0,1,0,0,0.010274764,0.8363581,0.89642024,0.09925321,0.34845853,0,1,1,0,0,0.6666666666666666,0.33333333333333337,1,0.14504164,0.34845853,0.36114493,-2.2377105,44.81849,44.81848907470703,0.547365988909427
tensor(2841),"tensor(5273., dtype=torch.float64)",tensor(9),1,0,0,0,0,0.87493044,0.19899198,0.11819077,0.00666913,0.03284966,1,0,0,0,0,1.0,0.0,0,0.09635419,0.19899201,0.28475708,-2.7467086,120.23503,1472.89111328125,0.46487985212569316
tensor(2849),"tensor(7390., dtype=torch.float64)",tensor(9),1,0,0,0,0,0.9559642,0.0106680915,0.0031188773,0.04593239,0.28581172,1,0,0,0,0,1.0,0.0,0,0.0779134,0.28581172,0.20908865,-3.4648051,165.47105,1375.17138671875,0.3842421441774492
tensor(2851),"tensor(14209., dtype=torch.float64)",tensor(9),1,0,0,0,0,0.5657876,0.66035974,0.008399051,0.41971204,0.03208876,1,1,0,0,0,0.6666666666666666,0.33333333333333337,1,0.2468105,0.4342124,0.4391798,-1.8862749,72.16882,72.1688232421875,0.7587800369685767
tensor(2895),"tensor(15808., dtype=torch.float64)",tensor(9),0,0,0,1,0,0.0028718384,0.88143444,0.77279985,0.95828813,0.17284516,0,1,1,1,0,0.5,0.5,1,0.11263883,0.22720015,0.310664,-2.7560318,35.525475,35.525474548339844,0.40064695009242146
tensor(2899),"tensor(20652., dtype=torch.float64)",tensor(9),0,1,1,0,0,0.0020011025,0.92870533,0.914112,0.21369833,0.7686528,0,1,1,0,1,0.8,0.19999999999999996,1,0.120845914,0.2313472,0.32480866,-2.7294853,30.936817,30.936817169189453,0.4075785582255083
tensor(2907),"tensor(21195., dtype=torch.float64)",tensor(9),1,0,0,0,0,0.9706863,0.016468972,0.008033008,0.06913476,0.04503788,1,0,0,0,0,1.0,0.0,0,0.03359765,0.06913477,0.13961849,-3.611995,180.98538,1348.1160888671875,0.32786506469500926
tensor(2911),"tensor(13978., dtype=torch.float64)",tensor(9),0,0,0,0,1,0.34901565,0.013160483,0.122975886,0.13223496,0.9486015,0,0,0,0,1,1.0,0.0,0,0.133757,0.34901565,0.33658782,-2.340385,91.2422,91.24220275878906,0.5681608133086876
tensor(2933),"tensor(13267., dtype=torch.float64)",tensor(9),1,0,0,0,0,0.4587677,0.47663608,0.36899188,0.40099525,0.5792939,1,0,0,0,0,1.0,0.0,0,0.42521942,0.47663605,0.67882943,-0.30331355,34.232777,1935.6397705078125,0.822550831792976
tensor(2949),"tensor(1627., dtype=torch.float64)",tensor(9),0,0,1,0,0,0.8959547,0.03796946,0.14153443,0.06154268,0.15758485,1,0,0,0,0,0.0,1.0,1,0.10053539,0.15758485,0.3139783,-2.3177495,100.25133,1671.475830078125,0.5205637707948244
tensor(2967),"tensor(7635., dtype=torch.float64)",tensor(9),0,1,1,0,0,0.03840711,0.57939076,0.89520663,0.22077744,0.4482499,0,1,1,0,0,1.0,0.0,0,0.24656743,0.44824994,0.4788994,-1.4309142,33.80601,53.45750427246094,0.7476894639556377
tensor(2971),"tensor(13926., dtype=torch.float64)",tensor(9),0,1,0,0,0,0.0025819011,0.9745437,0.79886264,0.2798217,0.59243256,0,1,1,0,0,0.6666666666666666,0.33333333333333337,1,0.1833129,0.40756744,0.381452,-2.4600458,27.709538,27.709537506103516,0.5365064695009242
tensor(3003),"tensor(20949., dtype=torch.float64)",tensor(9),1,0,0,0,0,0.97142303,0.060016602,0.020085324,0.027820297,0.0046761646,1,0,0,0,0,1.0,0.0,0,0.028235078,0.060016632,0.12239605,-3.8158486,218.53362,1326.48291015625,0.31931608133086875
tensor(3029),"tensor(3385., dtype=torch.float64)",tensor(9),0,0,0,1,0,0.0035243942,0.75707996,0.014957549,0.9987668,0.71471727,0,1,0,1,0,0.6666666666666666,0.33333333333333337,1,0.10958356,0.28528273,0.25258356,-3.7168071,27.865015,27.865015029907227,0.2724121996303142
tensor(3041),"tensor(3851., dtype=torch.float64)",tensor(9),0,0,0,1,0,0.0032255796,0.819528,0.5155524,0.993772,0.37419593,0,1,0,1,0,0.6666666666666666,0.33333333333333337,1,0.20971382,0.4844476,0.37709722,-2.579099,18.668024,18.66802406311035,0.5117837338262478
tensor(3053),"tensor(21329., dtype=torch.float64)",tensor(9),1,0,0,0,0,0.9857566,0.012157301,0.010357722,0.0150648225,0.010563898,1,0,0,0,0,1.0,0.0,0,0.012477398,0.015064836,0.066952206,-4.3828454,227.16423,1323.351318359375,0.2710258780036969
tensor(3083),"tensor(10698., dtype=torch.float64)",tensor(9),1,0,0,0,0,0.9583414,0.037064414,0.004492759,0.035948943,0.12477467,1,0,0,0,0,1.0,0.0,0,0.048787892,0.124774694,0.17832538,-3.4061654,130.67923,1270.944580078125,0.3375693160813309
tensor(3089),"tensor(2095., dtype=torch.float64)",tensor(9),1,0,0,0,0,0.82564545,0.032642126,0.09455114,0.010644635,0.62843275,1,0,0,0,0,1.0,0.0,0,0.13675195,0.37156725,0.32764092,-2.4521651,108.397766,1609.75537109375,0.5658502772643254
tensor(3111),"tensor(5711., dtype=torch.float64)",tensor(9),1,0,0,0,0,0.8175063,0.03021212,0.24415474,0.1759918,0.23124708,1,0,0,0,0,1.0,0.0,0,0.17281991,0.24415475,0.4344988,-1.7686875,74.85977,1792.389404296875,0.7093345656192236
tensor(3127),"tensor(17465., dtype=torch.float64)",tensor(9),0,1,0,0,0,0.018391108,0.9538603,0.66256505,0.08197408,0.13886233,0,1,1,0,0,0.6666666666666666,0.33333333333333337,1,0.124560475,0.33743495,0.3208949,-2.3843017,35.07882,35.078819274902344,0.45471349353049906
tensor(3155),"tensor(732., dtype=torch.float64)",tensor(9),0,0,0,1,0,0.0008082511,0.5458409,0.3419144,0.99856734,0.89867693,0,1,0,1,1,0.5,0.5,1,0.17992747,0.45415908,0.33531845,-3.337576,36.701244,36.70124435424805,0.4574861367837338
tensor(3169),"tensor(8852., dtype=torch.float64)",tensor(9),1,0,0,0,0,0.7119488,0.028373135,0.61776257,0.0114627695,0.01474379,1,0,1,0,0,0.6666666666666666,0.33333333333333337,1,0.14497364,0.38223743,0.30680302,-2.715532,195.17282,202.00006103515625,0.5760166358595195
tensor(3189),"tensor(21285., dtype=torch.float64)",tensor(9),1,0,0,0,0,0.95612234,0.041258037,0.00953398,0.13351811,0.022327727,1,0,0,0,0,1.0,0.0,0,0.050103188,0.1335181,0.1811667,-3.3040237,161.78581,1366.59375,0.35951940850277264
tensor(3203),"tensor(10042., dtype=torch.float64)",tensor(9),1,0,0,0,0,0.41609544,0.016500019,0.845876,0.026813965,0.4170196,0,0,1,0,0,0.0,1.0,1,0.2061106,0.4170196,0.39913616,-2.0111732,87.97015,147.57046508789062,0.7132624768946396
tensor(3233),"tensor(14392., dtype=torch.float64)",tensor(9),1,0,0,1,0,0.32844853,0.16071253,0.0004663786,0.9807358,0.34650773,0,0,0,1,0,0.6666666666666666,0.33333333333333337,1,0.17107981,0.34650773,0.36367744,-2.9205341,92.074844,92.07484436035156,0.5810998151571165
tensor(3265),"tensor(1353., dtype=torch.float64)",tensor(9),0,1,0,0,1,0.1842411,0.4961899,0.70054865,0.06749957,0.6685878,0,0,1,0,0,0.0,1.0,1,0.27575886,0.4961899,0.5327155,-1.1361159,29.391453,99.9778060913086,0.7650184842883548
tensor(3271),"tensor(10309., dtype=torch.float64)",tensor(9),1,0,0,0,0,0.9478515,0.015306866,0.10622426,0.066720285,0.015103666,1,0,0,0,0,1.0,0.0,0,0.05110073,0.10622424,0.1891784,-3.2019653,191.47748,1623.5506591796875,0.3819316081330869
tensor(3273),"tensor(1040., dtype=torch.float64)",tensor(9),1,0,0,0,0,0.98950166,0.004628558,0.00029920498,0.031112202,0.042614438,1,0,0,0,0,1.0,0.0,0,0.01783055,0.04261446,0.08105157,-4.9162984,284.59552,1073.3515625,0.2800369685767098
tensor(3283),"tensor(1792., dtype=torch.float64)",tensor(9),1,0,0,0,0,0.9298363,0.044425752,0.0034156782,0.13019447,0.17239906,1,0,0,0,0,1.0,0.0,0,0.0841198,0.17239904,0.26101202,-2.9593174,126.11028,1338.74072265625,0.43068391866913125
tensor(3337),"tensor(746., dtype=torch.float64)",tensor(9),0,0,1,1,0,0.015993815,0.0647377,0.9082236,0.90442425,0.31522906,0,0,1,1,0,1.0,0.0,0,0.1166625,0.31522906,0.31338376,-2.4210427,64.26599,65.47102355957031,0.49145101663585955
tensor(3345),"tensor(7784., dtype=torch.float64)",tensor(9),1,0,0,0,0,0.9297978,0.11886495,0.0013453902,0.20799042,0.03662358,1,0,0,0,0,1.0,0.0,0,0.08700532,0.20799041,0.25948018,-3.1606739,165.84286,1177.153076171875,0.43438077634011085
tensor(3349),"tensor(4835., dtype=torch.float64)",tensor(9),0,0,0,1,0,0.8893874,0.19984229,0.051875956,0.10455361,0.038689777,1,0,0,0,0,0.0,1.0,1,0.10111487,0.19984227,0.31014246,-2.3475509,88.624596,1489.0230712890625,0.5043900184842884
tensor(3389),"tensor(10644., dtype=torch.float64)",tensor(9),0,1,0,0,0,0.005010986,0.9422811,0.5357034,0.93930995,0.5608006,0,1,0,1,0,0.6666666666666666,0.33333333333333337,1,0.20538318,0.46429658,0.3714749,-2.2421308,23.49849,23.498489379882812,0.5522181146025879
tensor(3401),"tensor(7511., dtype=torch.float64)",tensor(9),0,0,1,0,0,0.0038895905,0.9668742,0.7758215,0.2757079,0.7379135,0,1,1,0,1,0.5,0.5,1,0.15979767,0.2757079,0.37342802,-2.432359,31.93622,31.936220169067383,0.5205637707948244
tensor(3409),"tensor(7108., dtype=torch.float64)",tensor(9),0,0,0,1,0,0.058732554,0.2705146,0.44515824,0.9726652,0.37209514,0,0,0,1,0,1.0,0.0,0,0.23476708,0.44515824,0.45595378,-1.6163238,18.70292,18.70292091369629,0.6605822550831792
tensor(3411),"tensor(4377., dtype=torch.float64)",tensor(9),0,1,0,1,0,0.0020271102,0.8869403,0.41725716,0.995282,0.24946007,0,1,0,1,0,1.0,0.0,0,0.1573044,0.4172572,0.3277142,-3.0092335,23.803825,23.80382537841797,0.40341959334565625
tensor(3417),"tensor(1044., dtype=torch.float64)",tensor(9),1,0,0,1,0,0.8943485,0.09887201,0.027462805,0.23886853,0.01493853,1,0,0,0,0,0.6666666666666666,0.33333333333333337,1,0.09715861,0.23886853,0.28262594,-2.6520996,128.41586,1481.389404296875,0.47851201478743066
tensor(3433),"tensor(2663., dtype=torch.float64)",tensor(9),0,0,1,0,0,0.0055212397,0.1674299,0.981672,0.34685564,0.91697043,0,0,1,0,1,0.6666666666666666,0.33333333333333337,1,0.12423289,0.34685564,0.30180866,-2.7626326,27.656925,27.656925201416016,0.3768484288354898
tensor(3443),"tensor(4536., dtype=torch.float64)",tensor(9),0,1,0,1,0,0.027610922,0.88125914,0.039395276,0.9660755,0.4235216,0,1,0,1,0,1.0,0.0,0,0.12863863,0.42352164,0.29725927,-2.4834611,13.38595,13.385950088500977,0.3590573012939002
tensor(3447),"tensor(21065., dtype=torch.float64)",tensor(9),1,0,0,0,0,0.82718796,0.024097072,0.0034663097,0.67763555,0.20435017,1,0,0,1,0,0.6666666666666666,0.33333333333333337,1,0.14541799,0.32236445,0.34640163,-2.6061091,99.10753,99.10752868652344,0.5649260628465804
tensor(3457),"tensor(6881., dtype=torch.float64)",tensor(9),0,0,1,0,1,0.009555297,0.07137159,0.9764082,0.14591469,0.6909582,0,0,1,0,0,0.6666666666666666,0.33333333333333337,1,0.111895084,0.3090418,0.29134306,-2.700292,46.57512,150.67984008789062,0.416358595194085
tensor(3475),"tensor(10208., dtype=torch.float64)",tensor(9),1,0,0,0,0,0.94111997,0.042149164,0.113172814,0.011769521,0.013291555,1,0,0,0,0,1.0,0.0,0,0.047852635,0.11317283,0.17726031,-3.338286,178.49255,1519.3353271484375,0.36229205175600737
tensor(3495),"tensor(17675., dtype=torch.float64)",tensor(9),0,1,0,1,0,0.8428913,0.14718512,0.17761908,0.17454325,0.10090228,1,0,0,0,0,0.0,1.0,1,0.15147173,0.1776191,0.42209634,-1.7420635,73.604904,1716.00048828125,0.6767560073937153
tensor(3531),"tensor(5612., dtype=torch.float64)",tensor(9),0,0,1,0,0,0.0029833068,0.34105623,0.9825784,0.29088014,0.87605816,0,0,1,0,1,0.6666666666666666,0.33333333333333337,1,0.15525663,0.34105623,0.3455061,-2.6699052,25.29655,25.296550750732422,0.446626617375231
tensor(3587),"tensor(13541., dtype=torch.float64)",tensor(9),1,0,0,0,0,0.989523,0.0038202584,0.0077225007,0.01591143,0.01649776,1,0,0,0,0,1.0,0.0,0,0.010885835,0.016497731,0.058852267,-4.6360183,266.88812,1310.47119140625,0.26848428835489835
tensor(3595),"tensor(19798., dtype=torch.float64)",tensor(9),1,0,0,0,0,0.98966753,0.0037390029,0.001621441,0.0143853845,0.043804243,1,0,0,0,0,1.0,0.0,0,0.014776528,0.04380423,0.069867715,-4.776075,247.36577,1192.5140380859375,0.2707948243992606
tensor(3597),"tensor(14329., dtype=torch.float64)",tensor(9),0,0,0,1,1,0.004230101,0.37275302,0.65818435,0.994697,0.76204705,0,0,1,1,1,0.8,0.19999999999999996,1,0.19241107,0.37275302,0.38235217,-2.607004,25.20654,25.206539154052734,0.5205637707948244
tensor(3607),"tensor(12194., dtype=torch.float64)",tensor(9),1,0,0,0,0,0.093930386,0.48663554,0.7797984,0.7661099,0.15257442,0,0,1,1,0,0.0,1.0,1,0.23744643,0.48663557,0.5005148,-1.2971098,42.346775,42.34677505493164,0.7749537892791127
tensor(3611),"tensor(14707., dtype=torch.float64)",tensor(9),1,0,0,0,0,0.96484363,0.033164974,0.042381905,0.01825202,0.012959,1,0,0,0,0,1.0,0.0,0,0.028382897,0.042381883,0.12672032,-3.6240802,183.26587,1443.0579833984375,0.3188539741219963
tensor(3637),"tensor(14504., dtype=torch.float64)",tensor(9),0,0,0,0,1,0.8748124,0.032646853,0.0694882,0.23371632,0.18331815,1,0,0,0,0,0.0,1.0,1,0.12887132,0.23371631,0.35867792,-2.121812,80.54854,1703.307373046875,0.5834103512014788
tensor(3651),"tensor(9624., dtype=torch.float64)",tensor(9),0,1,0,0,0,0.0065912544,0.9636616,0.7728359,0.09087509,0.27608728,0,1,1,0,0,0.6666666666666666,0.33333333333333337,1,0.12741125,0.27608728,0.32508057,-2.5569217,33.23163,33.23162841796875,0.4403881700554529
tensor(3663),"tensor(14521., dtype=torch.float64)",tensor(9),0,0,1,0,0,0.02381504,0.3234705,0.9322139,0.78655237,0.54243255,0,0,1,1,0,0.6666666666666666,0.33333333333333337,1,0.21721733,0.45756745,0.4395798,-1.709363,29.122023,46.532081604003906,0.6751386321626618
tensor(3687),"tensor(20965., dtype=torch.float64)",tensor(9),0,0,1,0,0,0.026682952,0.12997426,0.9557754,0.095421486,0.7957133,0,0,1,0,1,0.6666666666666666,0.33333333333333337,1,0.10011804,0.2042867,0.3023383,-2.4359984,30.569624,30.569623947143555,0.39256007393715336
tensor(3715),"tensor(11558., dtype=torch.float64)",tensor(9),0,1,0,0,0,0.15223284,0.8409636,0.4938086,0.03454895,0.04075573,0,1,0,0,0,1.0,0.0,0,0.17607653,0.49380863,0.37565115,-1.979229,61.21772,61.21772003173828,0.6407116451016636
tensor(3727),"tensor(15447., dtype=torch.float64)",tensor(9),1,0,0,0,0,0.9694522,0.036696907,0.004485085,0.12634481,0.0026452434,1,0,0,0,0,1.0,0.0,0,0.040143967,0.1263448,0.14407757,-3.9987266,273.3364,1278.0169677734375,0.34011090573012936
tensor(3739),"tensor(19781., dtype=torch.float64)",tensor(9),0,0,1,0,0,0.014788681,0.9169251,0.7203592,0.046363197,0.012317385,0,1,1,0,0,0.6666666666666666,0.33333333333333337,1,0.087237,0.2796408,0.24197762,-2.9909296,89.9312,89.93119812011719,0.39648798521256934
tensor(3741),"tensor(4989., dtype=torch.float64)",tensor(9),1,0,0,1,0,0.24311982,0.120138675,0.000490479,0.9932342,0.25074705,0,0,0,1,0,0.6666666666666666,0.33333333333333337,1,0.12425244,0.25074708,0.30595535,-3.3660247,95.74733,95.74732971191406,0.45032347504621073
tensor(3747),"tensor(16811., dtype=torch.float64)",tensor(9),1,0,0,1,0,0.38036916,0.10146489,0.009064151,0.97021973,0.28482118,0,0,0,1,0,0.6666666666666666,0.33333333333333337,1,0.16109991,0.3803692,0.35512334,-2.353541,41.475487,41.475486755371094,0.5399722735674677
tensor(3757),"tensor(1187., dtype=torch.float64)",tensor(9),1,0,0,0,0,0.93393075,0.0050502014,0.0021764322,0.046642665,0.5045872,1,0,0,0,0,1.0,0.0,0,0.12307024,0.49541283,0.23444486,-3.4191349,195.0223,1434.9794921875,0.45841035120147877
tensor(3771),"tensor(8569., dtype=torch.float64)",tensor(9),1,0,0,0,0,0.9940486,0.0034526377,0.00057396176,0.030574122,0.009507071,1,0,0,0,0,1.0,0.0,0,0.010011852,0.030574143,0.050952237,-5.269683,375.10672,1112.984375,0.2675600739371534
tensor(3783),"tensor(14136., dtype=torch.float64)",tensor(9),0,1,0,0,0,0.238076,0.71141034,0.5116688,0.1572608,0.26443797,0,1,0,0,0,1.0,0.0,0,0.2873391,0.4883312,0.5710717,-0.9627929,36.91315,36.913150787353516,0.8052218114602587
tensor(3789),"tensor(12138., dtype=torch.float64)",tensor(9),0,1,0,0,0,0.026218235,0.33804035,0.93565077,0.11931573,0.7362491,0,0,1,0,1,0.0,1.0,1,0.16233492,0.33804035,0.38846818,-1.9978358,23.483799,23.48379898071289,0.5429759704251387
tensor(3799),"tensor(17602., dtype=torch.float64)",tensor(9),0,0,1,0,0,0.0049109836,0.9686996,0.74754214,0.31444913,0.25664973,0,1,1,0,0,0.6666666666666666,0.33333333333333337,1,0.17195356,0.31444913,0.3854796,-2.3344162,24.95743,24.957429885864258,0.5291127541589649
tensor(3807),"tensor(1717., dtype=torch.float64)",tensor(9),1,0,0,0,0,0.9613775,0.0077466434,0.00046202776,0.037951916,0.30812475,1,0,0,0,0,1.0,0.0,0,0.07858163,0.30812478,0.1983785,-3.957664,195.77982,1223.560302734375,0.368992606284658
tensor(3821),"tensor(15040., dtype=torch.float64)",tensor(9),0,1,0,1,0,0.0007877549,0.99215287,0.21360575,0.9643075,0.31684417,0,1,0,1,0,1.0,0.0,0,0.114955425,0.31684417,0.269888,-3.470676,25.106611,25.106611251831055,0.2897412199630314
tensor(3833),"tensor(2162., dtype=torch.float64)",tensor(9),1,0,0,0,0,0.8978244,0.018734658,0.0037167827,0.112406865,0.4520407,1,0,0,0,0,1.0,0.0,0,0.13781488,0.45204067,0.29749456,-2.7963479,129.69421,1469.321533203125,0.522181146025878
tensor(3835),"tensor(3490., dtype=torch.float64)",tensor(9),0,0,0,1,0,0.0056373035,0.5153642,0.22992791,0.9951586,0.734948,0,1,0,1,1,0.5,0.5,1,0.19801885,0.48463577,0.3751179,-2.5576916,13.444342,13.444341659545898,0.4865988909426987
tensor(3857),"tensor(12069., dtype=torch.float64)",tensor(9),1,0,0,1,0,0.8944512,0.105510846,0.00082124886,0.117067374,0.2291392,1,0,0,0,0,0.6666666666666666,0.33333333333333337,1,0.111617446,0.22913921,0.31601256,-2.9224033,125.48368,1174.846923828125,0.49491682070240295
tensor(3877),"tensor(13533., dtype=torch.float64)",tensor(9),0,1,0,0,0,0.015019735,0.09675733,0.9744425,0.1268517,0.89584565,0,0,1,0,1,0.0,1.0,1,0.07366812,0.12685168,0.24585624,-2.8277912,35.18424,35.18423843383789,0.31769870609981515
tensor(3883),"tensor(17269., dtype=torch.float64)",tensor(9),0,1,1,0,0,0.01725348,0.86815107,0.7852943,0.5044097,0.5877139,0,1,1,0,0,1.0,0.0,0,0.2543369,0.49559033,0.4735896,-1.5191997,24.524532,30.734209060668945,0.7081792975970425
tensor(3889),"tensor(10581., dtype=torch.float64)",tensor(9),1,0,0,1,0,0.3118779,0.64461493,0.0042185397,0.88592887,0.039086226,0,1,0,1,0,0.5,0.5,1,0.16492778,0.35538507,0.36371234,-2.4205546,76.890335,76.89033508300781,0.600739371534196
tensor(3891),"tensor(19879., dtype=torch.float64)",tensor(9),0,1,0,1,0,0.021938352,0.9586035,0.49277875,0.5028894,0.3137063,0,1,0,0,0,0.6666666666666666,0.33333333333333337,1,0.27338612,0.4971106,0.45721093,-1.552582,18.75658,18.756580352783203,0.6839186691312384
tensor(3893),"tensor(17201., dtype=torch.float64)",tensor(9),0,0,0,0,0,1.14739305e-05,0.0033882402,2.595332e-05,0.008799427,0.00019501366,0,0,0,0,0,1.0,0.0,0,0.0024840236,0.008799434,0.01507293,-8.177027,635.7821,635.7821044921875,0.253003696857671
tensor(3899),"tensor(18692., dtype=torch.float64)",tensor(9),0,1,0,0,0,0.000770222,0.99300706,0.6507873,0.6076372,0.5985472,0,1,1,0,0,0.6666666666666666,0.33333333333333337,1,0.23015827,0.40145278,0.40766245,-2.7166405,27.548956,27.5489559173584,0.567467652495379
tensor(3903),"tensor(21345., dtype=torch.float64)",tensor(9),1,0,0,0,0,0.876854,0.13793749,0.085661836,0.08532355,0.13335565,1,0,0,0,0,1.0,0.0,0,0.11308491,0.13793749,0.3502063,-2.0814037,73.98682,1600.0787353515625,0.5575323475046211
tensor(3905),"tensor(16933., dtype=torch.float64)",tensor(9),0,0,1,0,1,0.0092576295,0.045676306,0.97994274,0.06926429,0.920892,0,0,1,0,1,1.0,0.0,0,0.044672787,0.079108,0.17294452,-3.3307815,56.635956,56.635955810546875,0.2694085027726433
tensor(3917),"tensor(14457., dtype=torch.float64)",tensor(9),1,0,0,0,0,0.34572,0.11217411,0.7881658,0.050150953,0.11816546,0,0,1,0,0,0.0,1.0,1,0.16760892,0.34572,0.4148767,-1.7943437,84.2816,140.22134399414062,0.701478743068392
tensor(3919),"tensor(12865., dtype=torch.float64)",tensor(9),0,1,0,0,0,0.7381453,0.6204343,0.0058821947,0.051557183,0.03158621,1,1,0,0,0,0.6666666666666666,0.33333333333333337,1,0.1460892,0.37956572,0.3236405,-2.5985475,90.79071,90.79071044921875,0.5471349353049908
tensor(3939),"tensor(12807., dtype=torch.float64)",tensor(9),0,0,1,0,0,0.8632797,0.05989027,0.11757567,0.23745207,0.10079808,1,0,0,0,0,0.0,1.0,1,0.13048726,0.23745209,0.37253103,-1.9933926,76.93443,1715.63232421875,0.6014325323475046
tensor(3979),"tensor(3495., dtype=torch.float64)",tensor(9),0,0,1,1,1,0.102935165,0.42899764,0.7901462,0.6426263,0.5720881,0,0,1,0,0,0.5,0.5,1,0.3054145,0.42899764,0.5725776,-0.9307869,24.006672,154.68380737304688,0.7664048059149723
tensor(4005),"tensor(1030., dtype=torch.float64)",tensor(9),1,0,0,0,0,0.10231091,0.648391,0.8060292,0.11398593,0.28044087,0,1,1,0,0,0.0,1.0,1,0.20846349,0.351609,0.48372716,-1.4402256,48.326797,48.46540451049805,0.7592421441774492
tensor(4057),"tensor(21263., dtype=torch.float64)",tensor(9),1,0,0,0,0,0.7939724,0.27889654,0.0014276869,0.1558316,0.3447112,1,0,0,0,0,1.0,0.0,0,0.19737893,0.34471118,0.4376276,-2.2362392,98.2558,1226.448974609375,0.7178835489833642
tensor(4105),"tensor(5419., dtype=torch.float64)",tensor(9),0,1,0,1,0,0.0014610724,0.8981386,0.92062837,0.63199574,0.8674385,0,1,1,0,1,0.4,0.6,1,0.136652,0.36800426,0.33329934,-2.714807,19.898518,19.898517608642578,0.3937153419593345
tensor(4117),"tensor(19574., dtype=torch.float64)",tensor(9),0,0,0,0,0,0.6431837,0.058608096,0.5069808,0.093792275,0.11281531,1,0,0,0,0,0.0,1.0,1,0.22301018,0.49301922,0.44626418,-1.5448216,82.156006,1828.576904296875,0.7881238447319778
tensor(4145),"tensor(1022., dtype=torch.float64)",tensor(9),0,0,1,0,0,0.005983818,0.86455154,0.84555423,0.7698482,0.6705733,0,1,1,1,0,0.5,0.5,1,0.17109126,0.3294267,0.40735698,-2.1169395,20.836346,35.24303436279297,0.5469038817005546
tensor(4161),"tensor(18532., dtype=torch.float64)",tensor(9),0,1,0,0,0,0.016428657,0.2108309,0.95401627,0.06087288,0.014237489,0,0,1,0,0,0.0,1.0,1,0.0696708,0.21083093,0.21787973,-3.0836365,169.32565,205.94415283203125,0.4091959334565619
tensor(4185),"tensor(8611., dtype=torch.float64)",tensor(9),1,0,0,0,0,0.97920156,0.005635863,0.00023065315,0.13935457,0.073867664,1,0,0,0,0,1.0,0.0,0,0.047977448,0.13935459,0.16108382,-4.349715,281.51382,1180.922607421875,0.338724584103512
tensor(4195),"tensor(17410., dtype=torch.float64)",tensor(9),0,1,1,0,0,0.0019045296,0.96534735,0.87214184,0.21574585,0.6142912,0,1,1,0,0,1.0,0.0,0,0.15317404,0.3857088,0.34698954,-2.6529553,34.67035,34.67034912109375,0.47874306839186687
tensor(4209),"tensor(17668., dtype=torch.float64)",tensor(9),0,1,0,0,0,0.0018616014,0.99643826,0.20282844,0.10761809,0.014490799,0,1,0,0,0,1.0,0.0,0,0.06607211,0.2028284,0.19174893,-3.9244087,70.07321,70.07321166992188,0.27911275415896486
tensor(4223),"tensor(17367., dtype=torch.float64)",tensor(9),0,0,0,1,0,0.21367298,0.15442023,0.0109895915,0.985824,0.47599363,0,0,0,1,0,1.0,0.0,0,0.17385054,0.47599363,0.35519782,-2.3682113,27.498234,27.498233795166016,0.5152495378927912
tensor(4233),"tensor(14717., dtype=torch.float64)",tensor(9),0,1,0,0,1,0.02274346,0.9743784,0.32554802,0.18677315,0.1617783,0,1,0,0,0,0.6666666666666666,0.33333333333333337,1,0.14449298,0.32554805,0.35656127,-2.2486799,18.445803,18.445802688598633,0.4595656192236599
tensor(4243),"tensor(12033., dtype=torch.float64)",tensor(9),1,0,0,0,0,0.7866831,0.5570506,0.005184809,0.14094174,0.040258445,1,1,0,0,0,0.6666666666666666,0.33333333333333337,1,0.16853029,0.4429494,0.3625659,-2.353981,90.60038,90.60037994384766,0.6261552680221811
tensor(4279),"tensor(3040., dtype=torch.float64)",tensor(9),0,0,0,1,0,0.25567275,0.6115826,0.62989557,0.20136201,0.5457558,0,1,1,0,0,0.0,1.0,1,0.33396018,0.4542442,0.6173534,-0.72313213,33.338818,48.04315948486328,0.8098428835489834
tensor(4281),"tensor(10812., dtype=torch.float64)",tensor(9),0,0,0,1,0,0.58399355,0.15419011,0.26941526,0.61583036,0.1575697,1,0,0,0,0,0.0,1.0,1,0.27627027,0.41600645,0.5586484,-1.0374398,41.56066,1868.447509765625,0.8061460258780037
tensor(4307),"tensor(13866., dtype=torch.float64)",tensor(9),0,1,1,0,0,0.00062420557,0.9900939,0.8658655,0.03831911,0.47946513,0,1,1,0,0,1.0,0.0,0,0.1324898,0.47946513,0.2619679,-3.430571,55.680733,55.68073272705078,0.38609057301293903
tensor(4333),"tensor(4365., dtype=torch.float64)",tensor(9),0,1,1,0,0,0.047848567,0.5105146,0.7402196,0.8789042,0.16896601,0,1,1,1,0,0.8,0.19999999999999996,1,0.21743524,0.48948538,0.45624596,-1.530985,34.40199,34.4019889831543,0.7134935304990757
tensor(4367),"tensor(14477., dtype=torch.float64)",tensor(9),0,0,1,0,0,0.30740398,0.17521748,0.8299365,0.14539449,0.10522733,0,0,1,0,0,1.0,0.0,0,0.18066138,0.30740398,0.45762277,-1.5716379,77.17351,149.25131225585938,0.7490757855822552
tensor(4395),"tensor(7589., dtype=torch.float64)",tensor(9),0,0,1,0,0,0.040095627,0.3835093,0.8883907,0.8277471,0.3205173,0,0,1,1,0,0.6666666666666666,0.33333333333333337,1,0.20559686,0.38350928,0.45411402,-1.6091585,40.948086,41.32655334472656,0.7102587800369686
tensor(4415),"tensor(2405., dtype=torch.float64)",tensor(9),0,0,0,1,0,9.5963675e-05,0.8849454,0.8646295,0.997549,0.9044798,0,1,1,1,1,0.4,0.6,1,0.06969845,0.1353705,0.21734329,-4.280536,60.054523,60.05452346801758,0.2675600739371534
tensor(4439),"tensor(9118., dtype=torch.float64)",tensor(9),1,0,0,0,0,0.89451396,0.014806177,0.0021689867,0.020236518,0.68248814,1,0,0,0,0,1.0,0.0,0,0.09204197,0.31751186,0.23069012,-3.4223742,148.77385,1363.0360107421875,0.402264325323475
tensor(4447),"tensor(18578., dtype=torch.float64)",tensor(9),1,0,0,0,0,0.7890925,0.021991318,0.0006389429,0.9000572,0.06152422,1,0,0,1,0,0.6666666666666666,0.33333333333333337,1,0.07900095,0.21090752,0.23645687,-3.4784157,168.39696,168.39695739746094,0.40157116451016633
tensor(4483),"tensor(9206., dtype=torch.float64)",tensor(9),1,0,0,0,0,0.9386766,0.120765425,0.00400559,0.025468782,0.108952105,1,0,0,0,0,1.0,0.0,0,0.06410313,0.12076545,0.2176176,-3.195111,103.98801,1201.564453125,0.36182994454713496
tensor(4485),"tensor(5786., dtype=torch.float64)",tensor(9),1,0,0,0,0,0.9774269,0.0118184155,0.011944812,0.043297485,0.03305117,1,0,0,0,0,1.0,0.0,0,0.024536967,0.04329747,0.1120656,-3.81626,194.79218,1359.85009765625,0.3040665434380776
tensor(4507),"tensor(15898., dtype=torch.float64)",tensor(9),1,0,0,0,0,0.9563303,0.021135485,0.001779228,0.09667919,0.14816025,1,0,0,0,0,1.0,0.0,0,0.062284827,0.14816022,0.20642681,-3.4470932,164.39017,1278.3172607421875,0.36968576709796674
tensor(4543),"tensor(7514., dtype=torch.float64)",tensor(9),1,0,0,0,0,0.64645255,0.077480294,0.0025873443,0.83761686,0.3035365,1,0,0,1,0,0.6666666666666666,0.33333333333333337,1,0.17990696,0.35354745,0.3995231,-2.3012433,69.5681,69.56809997558594,0.6457948243992606
tensor(4571),"tensor(1606., dtype=torch.float64)",tensor(9),0,1,0,1,1,0.0011804923,0.939009,0.28626364,0.99385625,0.6555089,0,1,0,1,0,0.8,0.19999999999999996,1,0.13981402,0.34449112,0.3037953,-3.2235706,18.934097,18.934097290039062,0.33433456561922364
tensor(4587),"tensor(761., dtype=torch.float64)",tensor(9),1,0,0,0,0,0.9938672,0.010400008,0.0011872431,0.014594122,0.002442886,1,0,0,0,0,1.0,0.0,0,0.0069514513,0.014594138,0.039536364,-5.3205876,358.46362,1079.4395751953125,0.2571626617375231
tensor(4647),"tensor(531., dtype=torch.float64)",tensor(9),1,0,0,0,0,0.90721285,0.025450604,0.09322989,0.1831266,0.08198036,1,0,0,0,0,1.0,0.0,0,0.09531486,0.18312657,0.29942432,-2.422234,102.7484,1679.1982421875,0.4944547134935305
tensor(4651),"tensor(6944., dtype=torch.float64)",tensor(9),0,0,1,1,0,0.0080913305,0.23020759,0.96903616,0.8035146,0.13027789,0,0,1,1,0,1.0,0.0,0,0.119205296,0.23020756,0.3214088,-2.5532742,93.14636,93.1463623046875,0.5196395563770795
tensor(4661),"tensor(15993., dtype=torch.float64)",tensor(9),0,1,0,0,1,0.0001554176,0.99467367,0.80640346,0.7618555,0.7166134,0,1,1,1,0,0.4,0.6,1,0.14412194,0.2833866,0.3342331,-3.503278,40.386097,40.3860969543457,0.41312384473197783
tensor(4663),"tensor(5941., dtype=torch.float64)",tensor(9),0,0,0,0,1,0.98069245,0.0049742013,0.001395416,0.022072792,0.14833473,1,0,0,0,0,0.0,1.0,1,0.039216995,0.14833474,0.13261048,-4.267649,206.97534,1249.975830078125,0.31284658040665436
tensor(4677),"tensor(4670., dtype=torch.float64)",tensor(9),1,0,0,0,0,0.71687937,0.020483278,0.036667462,0.38790348,0.5928288,1,0,0,0,0,1.0,0.0,0,0.22706926,0.4071712,0.4393217,-1.77936,72.72157,1769.6865234375,0.7569316081330869
tensor(4681),"tensor(5632., dtype=torch.float64)",tensor(9),0,0,0,1,0,0.66762656,0.06615326,0.60867083,0.1761046,0.037238367,1,0,1,0,0,0.0,1.0,1,0.20063978,0.39132917,0.43465194,-1.7163937,112.51448,177.21136474609375,0.7737985212569317
tensor(4695),"tensor(4798., dtype=torch.float64)",tensor(9),0,0,1,0,0,0.01119587,0.2572943,0.97865593,0.036503587,0.0526766,0,0,1,0,0,1.0,0.0,0,0.07580292,0.2572943,0.21957012,-3.1058125,150.13522,182.16726684570312,0.40434380776340106
tensor(4733),"tensor(21541., dtype=torch.float64)",tensor(9),0,0,0,1,0,0.0006765427,0.94043726,0.25716618,0.99264646,0.8491826,0,1,0,1,1,0.5,0.5,1,0.095115304,0.25716615,0.25380483,-3.5502586,29.55306,29.55306053161621,0.27333641404805914
tensor(4751),"tensor(3264., dtype=torch.float64)",tensor(9),0,0,1,0,0,0.10246746,0.8859896,0.5051791,0.080510296,0.06443309,0,1,0,0,0,0.0,1.0,1,0.17124844,0.4948209,0.37947842,-1.8704393,43.70302,43.70301818847656,0.6213031423290203
tensor(4761),"tensor(9303., dtype=torch.float64)",tensor(9),0,0,1,0,0,0.016026456,0.7994356,0.8307929,0.61056954,0.28689563,0,1,1,0,0,0.6666666666666666,0.33333333333333337,1,0.21242487,0.38943046,0.46115893,-1.6903204,37.088722,37.088722229003906,0.7072550831792975
tensor(4861),"tensor(8484., dtype=torch.float64)",tensor(9),0,1,0,0,0,0.0308653,0.8712933,0.23829551,0.9360101,0.4370718,0,1,0,1,0,0.6666666666666666,0.33333333333333337,1,0.17978585,0.4370718,0.3987558,-1.891443,13.562815,13.562814712524414,0.547365988909427
tensor(4863),"tensor(16346., dtype=torch.float64)",tensor(9),0,0,0,0,1,0.07440183,0.6544894,0.7920204,0.21769287,0.16846721,0,1,1,0,0,0.0,1.0,1,0.2028104,0.3455106,0.47963786,-1.4745262,45.77848,45.778480529785156,0.7435304990757856
tensor(4925),"tensor(13415., dtype=torch.float64)",tensor(9),0,1,0,0,0,0.004537988,0.9633541,0.6819605,0.76004213,0.42337346,0,1,1,1,0,0.5,0.5,1,0.20451093,0.42337346,0.40878344,-2.1768975,21.399149,21.39914894104004,0.5778650646950092
tensor(4953),"tensor(16348., dtype=torch.float64)",tensor(9),0,1,0,0,0,0.06993735,0.3686676,0.8734995,0.27701193,0.6819133,0,0,1,0,0,0.0,1.0,1,0.23204076,0.3686676,0.5013854,-1.3559523,19.500153,139.88710021972656,0.6984750462107209
tensor(4961),"tensor(6777., dtype=torch.float64)",tensor(9),1,0,0,0,0,0.24509099,0.7911162,0.21231887,0.0014395906,0.0025763283,0,1,0,0,0,0.0,1.0,1,0.13406193,0.24509096,0.32303083,-3.2536812,202.42447,224.14794921875,0.5397412199630314
tensor(4989),"tensor(21679., dtype=torch.float64)",tensor(9),0,0,1,0,0,0.01471624,0.4764839,0.94537187,0.47422704,0.5154748,0,0,1,0,0,1.0,0.0,0,0.30091608,0.4845252,0.47302857,-1.4628488,30.002375,144.06134033203125,0.7453789279112754
tensor(5109),"tensor(17295., dtype=torch.float64)",tensor(9),0,1,0,0,0,0.70445144,0.37483653,0.19712563,0.09181826,0.22501963,1,0,0,0,0,0.0,1.0,1,0.23686975,0.37483656,0.52096593,-1.26255,48.289318,1668.093017578125,0.7927449168207025
tensor(5139),"tensor(21190., dtype=torch.float64)",tensor(9),0,1,0,0,0,0.0025370906,0.96416914,0.60933834,0.9179969,0.67305017,0,1,1,1,0,0.5,0.5,1,0.16759652,0.39066166,0.35136655,-2.569727,25.222116,25.222116470336914,0.47666358595194086
tensor(5161),"tensor(16546., dtype=torch.float64)",tensor(9),1,0,0,0,0,0.9965497,0.0010422351,0.0013169692,0.014871121,0.0040610633,1,0,0,0,0,1.0,0.0,0,0.004948318,0.01487112,0.02900214,-5.77158,450.08453,1224.8402099609375,0.25670055452865065
tensor(5199),"tensor(13233., dtype=torch.float64)",tensor(9),1,0,0,0,0,0.5931155,0.18881941,0.013852199,0.833256,0.11362236,1,0,0,1,0,0.6666666666666666,0.33333333333333337,1,0.17798442,0.4068845,0.40759054,-1.9526132,46.61579,46.61579132080078,0.6453327171903881
tensor(5211),"tensor(12626., dtype=torch.float64)",tensor(9),0,1,1,0,1,0.0017495188,0.6510451,0.9649469,0.65357095,0.9196106,0,1,1,0,1,1.0,0.0,0,0.16251516,0.34895492,0.34729394,-2.6714706,17.37401,17.37401008605957,0.4306839186691312
tensor(5253),"tensor(8175., dtype=torch.float64)",tensor(9),1,0,0,0,0,0.583157,0.10969784,0.0037818986,0.84498703,0.39300203,1,0,0,1,0,0.6666666666666666,0.33333333333333337,1,0.21566755,0.416843,0.43027657,-2.0267682,54.73083,54.730831146240234,0.6977818853974123
tensor(5263),"tensor(15753., dtype=torch.float64)",tensor(9),1,0,0,0,0,0.94471574,0.037979275,0.015851384,0.19850239,0.011021005,1,0,0,0,0,1.0,0.0,0,0.06372768,0.19850242,0.2031281,-3.2182927,168.0538,1443.7305908203125,0.38585951940850277
tensor(5293),"tensor(14465., dtype=torch.float64)",tensor(9),0,1,1,0,1,0.0022116704,0.77851415,0.937737,0.6005532,0.9158671,0,1,1,0,1,1.0,0.0,0,0.15390807,0.3994468,0.34783974,-2.5752337,16.011845,16.011844635009766,0.422365988909427
tensor(5335),"tensor(19037., dtype=torch.float64)",tensor(9),0,0,1,1,0,0.58115053,0.68704724,0.19941449,0.1298335,0.06114847,1,1,0,0,0,0.0,1.0,1,0.22443974,0.41884947,0.4834273,-1.4275182,47.931763,47.9317626953125,0.7703327171903882
tensor(5345),"tensor(20329., dtype=torch.float64)",tensor(9),1,0,0,0,0,0.9684728,0.017520208,0.008236736,0.021032674,0.124630146,1,0,0,0,0,1.0,0.0,0,0.04058945,0.12463015,0.15080985,-3.6064384,144.42072,1328.966552734375,0.3204713493530499
tensor(5347),"tensor(17734., dtype=torch.float64)",tensor(9),0,1,0,0,0,0.009078141,0.91806966,0.5676459,0.77232313,0.058247764,0,1,0,1,0,0.6666666666666666,0.33333333333333337,1,0.16185743,0.4323541,0.35554394,-2.2771869,36.462395,36.46239471435547,0.5376617375231054
tensor(5371),"tensor(8992., dtype=torch.float64)",tensor(9),1,0,0,0,0,0.95916736,0.0053319777,0.0011571643,0.008702708,0.50728655,1,0,0,0,0,1.0,0.0,0,0.10974759,0.49271345,0.19115603,-3.9820848,197.05103,1306.541015625,0.3953327171903882
tensor(5377),"tensor(12289., dtype=torch.float64)",tensor(9),1,0,0,0,0,0.9179901,0.2828957,0.0027907805,0.07329826,0.007317966,1,0,0,0,0,1.0,0.0,0,0.08966243,0.28289568,0.2407768,-3.3342602,182.86368,1125.39990234375,0.42444547134935307
tensor(5403),"tensor(19194., dtype=torch.float64)",tensor(9),1,0,0,0,0,0.9828567,0.015922569,0.0036494443,0.009607697,0.041894287,1,0,0,0,0,1.0,0.0,0,0.017643452,0.041894317,0.084130906,-4.309538,177.63168,1217.1138916015625,0.26386321626617376
tensor(5405),"tensor(19508., dtype=torch.float64)",tensor(9),1,0,0,0,0,0.90058345,0.09691373,0.035510316,0.12833348,0.119797304,1,0,0,0,0,1.0,0.0,0,0.09599429,0.12833345,0.3090356,-2.3295248,84.081635,1533.3720703125,0.4956099815157116
tensor(5427),"tensor(14119., dtype=torch.float64)",tensor(9),1,0,0,0,0,0.9903673,0.004693955,0.004954907,0.020431818,0.008795472,1,0,0,0,0,1.0,0.0,0,0.009701729,0.020431817,0.05310034,-4.7773585,284.38916,1263.435546875,0.26548059149722736
tensor(5437),"tensor(14197., dtype=torch.float64)",tensor(9),0,0,1,0,0,0.18288234,0.2152809,0.8963047,0.026184686,0.23128253,0,0,1,0,0,1.0,0.0,0,0.15186518,0.23128253,0.39835462,-1.9528551,73.12527,119.62864685058594,0.6444085027726434
tensor(5487),"tensor(10480., dtype=torch.float64)",tensor(9),1,0,0,0,0,0.4476156,0.8892244,0.00074526016,0.025835887,0.041355394,1,1,0,0,0,0.6666666666666666,0.33333333333333337,1,0.12526548,0.44761562,0.2668155,-3.2534633,97.41123,131.35145568847656,0.4357670979667283
tensor(5579),"tensor(12253., dtype=torch.float64)",tensor(9),1,0,0,0,0,0.98236173,0.0018084586,0.0010986008,0.03659935,0.17788838,1,0,0,0,0,1.0,0.0,0,0.047006607,0.1778884,0.1471338,-4.389428,256.01266,1336.228759765625,0.3290203327171904
tensor(5589),"tensor(17964., dtype=torch.float64)",tensor(9),1,0,0,0,0,0.47235942,0.24531187,0.01651362,0.8930601,0.34709284,1,0,0,1,0,0.6666666666666666,0.33333333333333337,1,0.2376436,0.47235942,0.46371666,-1.6151193,29.320564,29.32056427001953,0.7063308687615526
tensor(5621),"tensor(16080., dtype=torch.float64)",tensor(9),1,0,0,0,0,0.9983937,0.0001204231,2.5256399e-05,0.017946493,0.009501901,1,0,0,0,0,1.0,0.0,0,0.0058400035,0.017946482,0.031415023,-6.9383955,733.01086,1189.714599609375,0.25831792975970425
tensor(5625),"tensor(20009., dtype=torch.float64)",tensor(9),0,0,1,0,1,0.05456351,0.39257172,0.91385096,0.2651031,0.3526405,0,0,1,0,0,0.6666666666666666,0.33333333333333337,1,0.23020554,0.3925717,0.48051062,-1.4554895,40.307564,143.37054443359375,0.7530036968576709
tensor(5655),"tensor(10654., dtype=torch.float64)",tensor(9),1,0,0,0,0,0.79642373,0.006879075,0.0009703328,0.4758387,0.5899774,1,0,0,0,0,1.0,0.0,0,0.21945745,0.47583866,0.38459525,-2.7467904,153.33307,1561.678955078125,0.6883086876155268
tensor(5665),"tensor(17295., dtype=torch.float64)",tensor(9),0,1,0,0,0,0.07330795,0.40659037,0.8809619,0.13479131,0.35847193,0,0,1,0,0,0.0,1.0,1,0.21843994,0.40659034,0.47012767,-1.4715695,40.190933,128.12188720703125,0.7393715341959334
tensor(5687),"tensor(16438., dtype=torch.float64)",tensor(9),0,0,1,1,1,0.0010946696,0.40380546,0.96705574,0.9432082,0.94840723,0,0,1,1,1,1.0,0.0,0,0.10924578,0.4038055,0.24982789,-3.2613156,28.923153,28.923152923583984,0.300369685767098
tensor(5731),"tensor(7028., dtype=torch.float64)",tensor(9),1,0,0,0,0,0.9630849,0.026351131,0.001637585,0.05730273,0.11101253,1,0,0,0,0,1.0,0.0,0,0.046643853,0.11101252,0.17201623,-3.6329582,167.13376,1180.86474609375,0.3380314232902033
tensor(5733),"tensor(11021., dtype=torch.float64)",tensor(9),1,0,0,0,0,0.9794587,0.013583663,0.00927149,0.05040916,0.01595353,1,0,0,0,0,1.0,0.0,0,0.021951854,0.05040914,0.10124223,-3.9758239,215.0891,1338.251708984375,0.30083179297597046
tensor(5755),"tensor(6338., dtype=torch.float64)",tensor(9),0,1,0,0,0,0.34569758,0.33563244,0.7603338,0.15391971,0.19744337,0,0,1,0,0,0.0,1.0,1,0.2544719,0.34569758,0.55196387,-1.1163735,54.325752,134.57620239257812,0.8204713493530499
tensor(5769),"tensor(8484., dtype=torch.float64)",tensor(9),0,1,1,0,1,0.013182008,0.85337454,0.6552283,0.9386135,0.44898868,0,1,1,1,0,0.6666666666666666,0.33333333333333337,1,0.20299089,0.44898868,0.4099637,-1.9302044,21.16097,21.16097068786621,0.5986598890942699
tensor(5825),"tensor(823., dtype=torch.float64)",tensor(9),1,0,0,0,0,0.96065843,0.008025751,0.0017081072,0.018243672,0.38902456,1,0,0,0,0,1.0,0.0,0,0.09126872,0.38902456,0.19691765,-3.7639956,172.37787,1323.8118896484375,0.37615526802218113
tensor(5857),"tensor(14338., dtype=torch.float64)",tensor(9),0,1,0,1,0,0.07088179,0.090488255,0.0070717493,0.9871789,0.9120583,0,0,0,1,1,0.5,0.5,1,0.053840935,0.090488255,0.19359775,-3.301649,73.854324,73.85432434082031,0.308456561922366
tensor(5861),"tensor(19492., dtype=torch.float64)",tensor(9),0,0,1,0,0,0.062504634,0.8842316,0.5603526,0.38277122,0.52080077,0,1,0,0,0,0.0,1.0,1,0.2959782,0.47919923,0.5271486,-1.108949,28.77558,28.77557945251465,0.7675600739371534
tensor(5863),"tensor(9194., dtype=torch.float64)",tensor(9),0,1,0,0,0,0.00022785942,0.9831177,0.07108897,0.99804187,0.26781064,0,1,0,1,0,0.6666666666666666,0.33333333333333337,1,0.07159358,0.26781064,0.18789303,-4.45213,44.42205,44.42205047607422,0.22412199630314233
tensor(5889),"tensor(17657., dtype=torch.float64)",tensor(9),0,1,0,0,0,0.0029128552,0.9911171,0.10842313,0.76946765,0.25823966,0,1,0,1,0,0.6666666666666666,0.33333333333333337,1,0.12179816,0.25823963,0.30501008,-2.9835618,14.282595,14.282594680786133,0.31608133086876156
tensor(5923),"tensor(20812., dtype=torch.float64)",tensor(9),1,0,0,1,0,0.60334903,0.05397988,0.0013072019,0.9089789,0.29472044,1,0,0,1,0,1.0,0.0,0,0.16753596,0.39665097,0.36058116,-2.6190896,84.95915,84.95915222167969,0.5894177449168208
tensor(5925),"tensor(16910., dtype=torch.float64)",tensor(9),0,0,0,1,0,0.0010318239,0.026392141,0.004878968,0.9994485,0.5774484,0,0,0,1,0,1.0,0.0,0,0.09108114,0.42255157,0.1693446,-4.723176,67.36795,67.36795043945312,0.26270794824399263
tensor(5927),"tensor(13482., dtype=torch.float64)",tensor(9),0,1,0,0,0,0.000675831,0.9966402,0.43803772,0.62994206,0.26854706,0,1,0,0,0,1.0,0.0,0,0.21613568,0.43803775,0.39086872,-2.9549034,25.591072,25.59107208251953,0.524260628465804
tensor(5943),"tensor(7252., dtype=torch.float64)",tensor(9),0,0,0,1,0,0.040468402,0.33702356,0.013428091,0.99745506,0.6807652,0,0,0,1,0,1.0,0.0,0,0.14253998,0.33702356,0.304745,-2.973562,26.642508,26.642507553100586,0.38401109057301297
tensor(5945),"tensor(3122., dtype=torch.float64)",tensor(9),1,0,0,0,0,0.8957799,0.0086878175,0.005437042,0.51983935,0.1709296,1,0,0,0,0,1.0,0.0,0,0.15388697,0.48016065,0.31352586,-2.7511637,123.38572,1601.708251953125,0.5517560073937153
tensor(5949),"tensor(3483., dtype=torch.float64)",tensor(9),0,0,1,0,0,0.031376466,0.43817326,0.9494862,0.01423023,0.054638095,0,0,1,0,0,1.0,0.0,0,0.11778641,0.4381733,0.2623191,-2.7401927,126.4895,154.0021514892578,0.48174676524953786
tensor(5955),"tensor(20843., dtype=torch.float64)",tensor(9),0,0,0,0,1,0.1770298,0.18146813,0.79913193,0.23468703,0.8024329,0,0,1,0,1,0.6666666666666666,0.33333333333333337,1,0.19832402,0.23468703,0.49679288,-1.401503,17.040691,17.040691375732422,0.6608133086876156
tensor(5961),"tensor(9038., dtype=torch.float64)",tensor(9),1,0,0,1,0,0.67091185,0.21173157,0.025726784,0.7122359,0.2102629,1,0,0,1,0,1.0,0.0,0,0.21291465,0.32908815,0.47675475,-1.57812,41.5771,41.57709884643555,0.7333641404805914
tensor(6011),"tensor(7745., dtype=torch.float64)",tensor(9),0,1,0,0,0,0.00085066207,0.96535504,0.7306953,0.96663326,0.57790345,0,1,1,1,0,0.5,0.5,1,0.1520527,0.42209655,0.31343642,-3.0149143,32.711826,32.71182632446289,0.4195933456561923
tensor(6031),"tensor(14402., dtype=torch.float64)",tensor(9),1,0,0,0,0,0.5783192,0.054711416,0.59253937,0.1451003,0.05464153,1,0,0,0,0,1.0,0.0,0,0.21671897,0.4216808,0.43899742,-1.6328194,101.29951,1858.755615234375,0.7878927911275416
tensor(6057),"tensor(7969., dtype=torch.float64)",tensor(9),0,0,0,1,0,0.43827245,0.57765883,0.0071835034,0.8236638,0.07515202,0,1,0,1,0,0.6666666666666666,0.33333333333333337,1,0.2238571,0.43827248,0.42834345,-1.9083183,56.507507,56.50750732421875,0.7162661737523105
tensor(6067),"tensor(3191., dtype=torch.float64)",tensor(9),0,1,0,0,0,0.5731688,0.7040772,0.0821982,0.0971177,0.049707975,1,1,0,0,0,0.6666666666666666,0.33333333333333337,1,0.1903556,0.4268312,0.41804695,-1.7509403,48.30737,48.307369232177734,0.6836876155268022
tensor(6073),"tensor(1107., dtype=torch.float64)",tensor(9),0,0,1,1,0,0.0015995519,0.7724078,0.0072309594,0.9055044,0.032278124,0,1,0,1,0,0.5,0.5,1,0.07263929,0.22759217,0.20929742,-3.6482017,68.7706,68.77059936523438,0.30429759704251386
tensor(6097),"tensor(4982., dtype=torch.float64)",tensor(9),1,0,0,0,0,0.86385214,0.022543758,0.00089571415,0.12369456,0.57642764,1,0,0,0,0,1.0,0.0,0,0.14137089,0.42357236,0.31370226,-2.9800344,163.69498,1360.2603759765625,0.5434380776340111
tensor(6109),"tensor(7594., dtype=torch.float64)",tensor(9),1,0,0,1,0,0.7146071,0.14558613,0.023374509,0.43531388,0.45338035,1,0,0,0,0,0.6666666666666666,0.33333333333333337,1,0.26860958,0.45338035,0.4994792,-1.3734391,48.94709,1666.7686767578125,0.7996765249537894
tensor(6111),"tensor(2090., dtype=torch.float64)",tensor(9),1,0,0,0,0,0.69647104,0.00356695,0.011141381,0.28880447,0.78980833,1,0,0,0,1,0.6666666666666666,0.33333333333333337,1,0.16344672,0.30352896,0.36279202,-2.6347747,134.28546,134.28546142578125,0.6185304990757856
tensor(6115),"tensor(4861., dtype=torch.float64)",tensor(9),0,1,0,1,0,0.006808396,0.95434046,0.033269554,0.9791303,0.5977121,0,1,0,1,0,1.0,0.0,0,0.101778984,0.4022879,0.22951007,-3.1272328,23.32066,23.320659637451172,0.27033271719038815
tensor(6135),"tensor(5382., dtype=torch.float64)",tensor(9),0,0,1,0,1,0.0029521848,0.4235092,0.96970314,0.6090546,0.93881994,0,0,1,0,1,1.0,0.0,0,0.1817767,0.42350924,0.34733763,-2.554145,18.20248,18.20248031616211,0.46603512014787435
tensor(6153),"tensor(3064., dtype=torch.float64)",tensor(9),0,0,0,1,0,0.0025787067,0.095124535,0.022639712,0.99849284,0.50032765,0,0,0,1,0,1.0,0.0,0,0.12430447,0.49967235,0.22895396,-3.6945949,30.164804,30.164804458618164,0.2855822550831793
tensor(6187),"tensor(13784., dtype=torch.float64)",tensor(9),1,0,0,0,0,0.9472692,0.105191596,0.00644714,0.1035771,0.011912171,1,0,0,0,0,1.0,0.0,0,0.0559718,0.10519159,0.19585083,-3.3286335,169.05942,1275.7872314453125,0.3717652495378928
tensor(6191),"tensor(7156., dtype=torch.float64)",tensor(9),1,0,0,0,0,0.73200893,0.071672775,0.120385386,0.4913018,0.33440584,1,0,0,0,0,1.0,0.0,0,0.25715137,0.49130177,0.5074276,-1.2556038,51.069313,1841.80322265625,0.8047597042513863
tensor(6221),"tensor(11885., dtype=torch.float64)",tensor(9),0,1,1,0,0,0.008158224,0.7377777,0.7464399,0.9642735,0.6521324,0,1,1,1,0,0.8,0.19999999999999996,1,0.18150693,0.3478676,0.3978339,-2.1677222,21.317083,21.31708335876465,0.5503696857670979
tensor(6233),"tensor(18411., dtype=torch.float64)",tensor(9),0,0,1,0,0,0.5714758,0.14619909,0.54779655,0.2225495,0.48331195,1,0,0,0,0,0.0,1.0,1,0.34655762,0.48331195,0.60204613,-0.7124046,36.17688,1951.18212890625,0.8181608133086876
tensor(6241),"tensor(14331., dtype=torch.float64)",tensor(9),0,1,0,0,1,0.0037580193,0.9924799,0.45756772,0.22764534,0.22975916,0,1,0,0,0,0.6666666666666666,0.33333333333333337,1,0.1852501,0.4575677,0.36678877,-2.612839,21.769066,21.769065856933594,0.49168207024029575
tensor(6255),"tensor(8492., dtype=torch.float64)",tensor(9),0,1,0,0,0,0.7612453,0.46353477,0.027882816,0.043051,0.26478398,1,0,0,0,0,0.0,1.0,1,0.20760143,0.46353477,0.4245906,-1.795944,59.830627,1395.890869140625,0.7158040665434381
tensor(6263),"tensor(13296., dtype=torch.float64)",tensor(9),1,0,0,1,0,0.8221089,0.075113125,0.01143514,0.6479701,0.039762434,1,0,0,0,0,0.6666666666666666,0.33333333333333337,1,0.13124639,0.35202992,0.32264566,-2.4590657,95.71418,1527.965087890625,0.5457486136783734
tensor(6281),"tensor(16104., dtype=torch.float64)",tensor(9),1,0,0,0,0,0.87975496,0.092848286,0.0007751406,0.060211822,0.4038902,1,0,0,0,0,1.0,0.0,0,0.13559407,0.4038902,0.3169852,-2.9136426,111.92817,1178.6470947265625,0.5189463955637708
tensor(6285),"tensor(13634., dtype=torch.float64)",tensor(9),0,1,0,0,1,0.0057211686,0.94305086,0.42433125,0.7585093,0.804398,0,1,0,1,1,0.8,0.19999999999999996,1,0.18481886,0.42433125,0.3964848,-2.1656718,24.297619,24.297618865966797,0.5614602587800369
tensor(6289),"tensor(10880., dtype=torch.float64)",tensor(9),1,0,0,0,0,0.30950415,0.49342245,0.41758984,0.6676127,0.21544027,0,0,0,1,0,0.0,1.0,1,0.3536688,0.49342245,0.62963974,-0.6302544,32.771107,32.7711067199707,0.8137707948243993
tensor(6319),"tensor(10181., dtype=torch.float64)",tensor(9),0,0,0,0,1,0.97807115,0.0022202027,0.0049418295,0.06459031,0.12144127,1,0,0,0,0,0.0,1.0,1,0.04302454,0.121441245,0.15232207,-3.97251,233.66269,1464.279052734375,0.3391866913123845
tensor(6323),"tensor(2713., dtype=torch.float64)",tensor(9),1,0,0,0,0,0.9255715,0.066578746,0.0017519506,0.26351023,0.034448806,1,0,0,0,0,1.0,0.0,0,0.08814365,0.26351023,0.24981853,-3.1734688,154.48088,1265.2265625,0.4249075785582255
tensor(6329),"tensor(6421., dtype=torch.float64)",tensor(9),1,0,1,0,0,0.006852797,0.8920711,0.8600311,0.46626815,0.4207936,0,1,1,0,0,0.5,0.5,1,0.22836244,0.46626818,0.43189287,-1.8716987,31.825916,31.825916290283203,0.6721349353049908
tensor(6335),"tensor(6787., dtype=torch.float64)",tensor(9),0,0,1,0,0,0.030887984,0.508973,0.92632115,0.16454828,0.40677723,0,0,1,0,0,1.0,0.0,0,0.23338395,0.491027,0.44333076,-1.6030976,38.767464,130.4973602294922,0.7213493530499075
tensor(6359),"tensor(2267., dtype=torch.float64)",tensor(9),0,0,1,0,0,0.2997726,0.30428228,0.80620074,0.07119655,0.13790424,0,0,1,0,0,1.0,0.0,0,0.20139098,0.3042823,0.47493395,-1.5004276,71.329926,129.8983612060547,0.7758780036968577
tensor(6365),"tensor(13919., dtype=torch.float64)",tensor(9),1,0,0,0,0,0.9841809,0.013069961,0.0007219517,0.035603814,0.033024646,1,0,0,0,0,1.0,0.0,0,0.019647896,0.03560382,0.09114433,-4.472734,222.92377,1087.225341796875,0.2809611829944547
tensor(6377),"tensor(629., dtype=torch.float64)",tensor(9),0,0,1,0,0,0.15502545,0.7288741,0.48302788,0.6391516,0.24206933,0,1,0,0,0,0.0,1.0,1,0.30241936,0.48302788,0.58312654,-0.89312017,34.75675,36.906307220458984,0.8059149722735675
tensor(6431),"tensor(19907., dtype=torch.float64)",tensor(9),1,0,0,0,0,0.9836903,0.008024787,0.0033826642,0.0128722405,0.07231353,1,0,0,0,0,1.0,0.0,0,0.022580504,0.07231355,0.09620841,-4.2987647,190.28496,1232.0244140625,0.27587800369685767
tensor(6439),"tensor(19985., dtype=torch.float64)",tensor(9),0,0,0,1,0,0.30007148,0.09885222,0.0020171164,0.9881616,0.18350357,0,0,0,1,0,1.0,0.0,0,0.119256616,0.30007148,0.29779294,-3.0356724,68.79771,68.7977066040039,0.43414972273567465
tensor(6445),"tensor(18186., dtype=torch.float64)",tensor(9),0,1,1,1,0,0.0014473626,0.98185366,0.8078764,0.4131167,0.63151014,0,1,1,0,0,0.8,0.19999999999999996,1,0.19866478,0.4131167,0.38541025,-2.5707207,28.668797,28.66879653930664,0.5452865064695009
tensor(6469),"tensor(4330., dtype=torch.float64)",tensor(9),0,1,0,1,0,0.0051776664,0.98362386,0.1793563,0.8454493,0.22565734,0,1,0,1,0,1.0,0.0,0,0.11622363,0.22565734,0.3101818,-2.7613378,13.563948,13.563947677612305,0.32994454713493526
tensor(6481),"tensor(2133., dtype=torch.float64)",tensor(9),1,0,0,0,0,0.2459059,0.111581884,0.38366503,0.31044975,0.88948894,0,0,0,0,1,0.0,1.0,1,0.23242271,0.38366503,0.50809497,-1.3105643,20.768166,20.768165588378906,0.7058687615526802
tensor(6487),"tensor(7131., dtype=torch.float64)",tensor(9),0,1,1,0,1,0.003028962,0.8675254,0.86818355,0.890639,0.73923504,0,1,1,1,1,0.8571428571428571,0.1428571428571429,1,0.12748921,0.26076496,0.34410256,-2.540006,20.15494,20.154939651489258,0.40873382624768945
tensor(6493),"tensor(15171., dtype=torch.float64)",tensor(9),1,0,0,0,0,0.9611567,0.010920869,0.04560742,0.0743115,0.022389859,1,0,0,0,0,1.0,0.0,0,0.038414598,0.074311495,0.15633309,-3.4108963,179.80557,1564.394775390625,0.34681146025878007
tensor(6505),"tensor(11903., dtype=torch.float64)",tensor(9),0,0,0,1,0,0.005290314,0.15474756,0.33686468,0.9890587,0.10576856,0,0,0,1,0,1.0,0.0,0,0.12272245,0.3368647,0.30013153,-2.8501258,42.61699,42.61698913574219,0.41104436229205177
tensor(6515),"tensor(12961., dtype=torch.float64)",tensor(9),0,0,1,0,0,0.28087893,0.5666933,0.2928021,0.7568177,0.21896908,0,1,0,1,0,0.0,1.0,1,0.29382783,0.4333067,0.59259367,-0.89945745,25.78891,25.788909912109375,0.7747227356746765
tensor(6517),"tensor(1033., dtype=torch.float64)",tensor(9),0,0,0,1,0,0.0004782045,0.8706854,0.7211399,0.99705255,0.75889194,0,1,1,1,1,0.4,0.6,1,0.13054162,0.2788601,0.3107121,-3.4945273,32.45537,32.45537185668945,0.36182994454713496
tensor(6547),"tensor(5383., dtype=torch.float64)",tensor(9),0,1,0,0,0,0.00036924746,0.99099404,0.75934315,0.8735157,0.5296279,0,1,1,1,0,0.5,0.5,1,0.16937768,0.47037208,0.33550894,-3.1609285,30.666527,30.666526794433594,0.4396950092421442
tensor(6563),"tensor(6070., dtype=torch.float64)",tensor(9),0,0,0,1,0,0.018056363,0.6440823,0.057613384,0.9913892,0.20081873,0,1,0,1,0,0.6666666666666666,0.33333333333333337,1,0.12820339,0.3559177,0.30256176,-2.7022195,11.542206,11.542205810546875,0.3408040665434381
tensor(6581),"tensor(20675., dtype=torch.float64)",tensor(9),0,0,0,0,1,0.8687581,0.058125474,0.004611592,0.13886088,0.39569086,1,0,0,0,0,0.0,1.0,1,0.14570618,0.39569086,0.34280854,-2.4596171,102.12497,1426.317138671875,0.5815619223659889
tensor(6585),"tensor(14204., dtype=torch.float64)",tensor(9),0,1,0,0,0,0.00033541056,0.90897644,0.9261444,0.95541143,0.87418133,0,1,1,1,1,0.4,0.6,1,0.06712437,0.12581867,0.22640808,-3.5666099,30.151281,30.151281356811523,0.23844731977818853
tensor(6589),"tensor(853., dtype=torch.float64)",tensor(9),0,0,0,1,0,0.002123242,0.020532038,0.01038284,0.99888986,0.5548345,0,0,0,1,0,1.0,0.0,0,0.095862746,0.44516551,0.1737657,-4.319455,59.4727,59.47269821166992,0.26571164510166356
tensor(6615),"tensor(15212., dtype=torch.float64)",tensor(9),0,0,1,0,0,0.06954316,0.3783564,0.92043793,0.06930308,0.2400172,0,0,1,0,0,1.0,0.0,0,0.16735631,0.3783564,0.399268,-1.85772,60.49816,130.43359375,0.657347504621072
tensor(6667),"tensor(3794., dtype=torch.float64)",tensor(9),1,0,0,0,0,0.7957768,0.12092484,0.33236253,0.056587934,0.15234368,1,0,0,0,0,1.0,0.0,0,0.17328846,0.33236253,0.43100628,-1.7142738,79.18183,1750.3858642578125,0.719731977818854
tensor(6697),"tensor(4314., dtype=torch.float64)",tensor(9),0,0,1,0,0,0.015861878,0.6641255,0.9044864,0.15807883,0.8306017,0,1,1,0,1,0.5,0.5,1,0.15494537,0.3358745,0.38524777,-2.064034,17.349445,17.349445343017578,0.5036968576709796
tensor(6731),"tensor(6579., dtype=torch.float64)",tensor(9),0,0,1,0,0,0.056102253,0.061328325,0.95456135,0.19930929,0.25216702,0,0,1,0,0,1.0,0.0,0,0.122869134,0.252167,0.33914357,-2.214732,71.527176,162.92437744140625,0.544362292051756
tensor(6753),"tensor(14774., dtype=torch.float64)",tensor(9),1,0,0,0,0,0.8574564,0.045441892,0.026485924,0.20005739,0.3786064,1,0,0,0,0,1.0,0.0,0,0.15862703,0.37860644,0.37611777,-2.0649676,81.335846,1625.0213623046875,0.6377079482439927
tensor(6771),"tensor(13065., dtype=torch.float64)",tensor(9),1,0,0,0,0,0.9575151,0.0326415,0.0013041042,0.17866154,0.048897237,1,0,0,0,0,1.0,0.0,0,0.06079787,0.17866153,0.19882971,-3.527691,184.14389,1228.1336669921875,0.371996303142329
tensor(6781),"tensor(3051., dtype=torch.float64)",tensor(9),0,0,0,1,0,0.6548224,0.17189828,0.20107158,0.1431302,0.6108895,1,0,0,0,0,0.0,1.0,1,0.2500776,0.3891105,0.5368263,-1.1665466,36.48168,1793.6773681640625,0.7786506469500925
tensor(6803),"tensor(10368., dtype=torch.float64)",tensor(9),0,1,0,1,0,0.34814373,0.782347,0.014848288,0.68685704,0.15935698,0,1,0,1,0,1.0,0.0,0,0.21062899,0.3481437,0.4615305,-1.7100006,36.89462,36.89461898803711,0.7044824399260629
tensor(6837),"tensor(12779., dtype=torch.float64)",tensor(9),1,0,0,1,0,0.09342401,0.81007487,0.012151633,0.9431292,0.1270604,0,1,0,1,0,0.5,0.5,1,0.09588641,0.18992513,0.2922405,-2.571343,31.714092,31.714092254638672,0.37315157116451014
tensor(6865),"tensor(18726., dtype=torch.float64)",tensor(9),1,0,0,0,0,0.9777874,0.014206537,0.011591509,0.041353226,0.025772214,1,0,0,0,0,1.0,0.0,0,0.023027241,0.041353226,0.107241616,-3.849184,192.10846,1356.408203125,0.2992144177449168
tensor(6953),"tensor(18245., dtype=torch.float64)",tensor(9),0,0,1,0,0,0.01926279,0.2923001,0.93928736,0.7157563,0.14469244,0,0,1,1,0,0.6666666666666666,0.33333333333333337,1,0.16024238,0.2923001,0.3877172,-2.050739,70.48029,70.48029327392578,0.6379390018484288
tensor(6985),"tensor(14958., dtype=torch.float64)",tensor(9),1,0,0,0,0,0.38033515,0.043513708,0.75425786,0.123492025,0.65859723,0,0,1,0,0,0.0,1.0,1,0.22689712,0.38033515,0.48331565,-1.4633173,39.131863,145.40646362304688,0.7493068391866913
tensor(6987),"tensor(13822., dtype=torch.float64)",tensor(9),0,1,1,0,0,0.04044627,0.58550406,0.86515826,0.2584742,0.6889617,0,1,1,0,0,1.0,0.0,0,0.23185927,0.41449594,0.48693696,-1.4439795,19.763222,52.16551971435547,0.690619223659889
tensor(6999),"tensor(18284., dtype=torch.float64)",tensor(9),1,0,0,0,0,0.54052395,0.19003552,0.5770769,0.021775652,0.3356323,1,0,0,0,0,1.0,0.0,0,0.28596854,0.45947605,0.52006376,-1.2821567,66.72455,1786.802490234375,0.8378003696857672
tensor(7023),"tensor(13908., dtype=torch.float64)",tensor(9),0,1,1,0,0,0.0012196075,0.9479783,0.91324395,0.120187245,0.8172335,0,1,1,0,1,0.8,0.19999999999999996,1,0.088590264,0.1827665,0.270331,-3.0905905,39.25531,39.25531005859375,0.3301756007393715
tensor(7027),"tensor(13822., dtype=torch.float64)",tensor(9),0,0,1,0,0,0.015019797,0.54355043,0.77512014,0.93621606,0.7228363,0,1,1,1,1,0.4,0.6,1,0.20745933,0.45644957,0.42556772,-1.8480533,18.632233,18.632232666015625,0.6076709796672828
tensor(7045),"tensor(19599., dtype=torch.float64)",tensor(9),1,0,0,0,0,0.9553501,0.028555926,0.0022978494,0.17536584,0.080377884,1,0,0,0,0,1.0,0.0,0,0.06624955,0.1753658,0.21447542,-3.329783,173.08858,1282.8443603515625,0.38909426987061
tensor(7091),"tensor(1866., dtype=torch.float64)",tensor(9),1,0,0,0,0,0.8715627,0.11129899,0.02407397,0.32328779,0.061356064,1,0,0,0,0,1.0,0.0,0,0.12969077,0.32328779,0.34122595,-2.232218,83.68884,1516.14013671875,0.566543438077634
tensor(7093),"tensor(2001., dtype=torch.float64)",tensor(9),0,1,0,1,0,0.011143299,0.55485123,0.6090203,0.9841599,0.6519733,0,1,1,1,0,0.8,0.19999999999999996,1,0.24222773,0.44514877,0.42901692,-1.9812332,17.547943,17.547943115234375,0.6162199630314233
tensor(7123),"tensor(11142., dtype=torch.float64)",tensor(9),0,1,0,0,0,0.21967375,0.8228399,0.25790682,0.2540425,0.4718231,0,1,0,0,0,1.0,0.0,0,0.27612132,0.4718231,0.5645404,-1.0100296,24.487751,24.487751007080078,0.7557763401109057
tensor(7129),"tensor(19643., dtype=torch.float64)",tensor(9),1,0,0,0,0,0.50937754,0.24182975,0.003071177,0.9340979,0.0687601,1,0,0,1,0,0.6666666666666666,0.33333333333333337,1,0.1740371,0.49062246,0.35206282,-2.444022,79.022964,79.02296447753906,0.6030499075785583
tensor(7153),"tensor(8651., dtype=torch.float64)",tensor(9),0,1,0,0,0,0.522236,0.12903947,0.36065298,0.13163431,0.124066874,1,0,0,0,0,0.0,1.0,1,0.24463147,0.477764,0.49898797,-1.2824134,69.72052,1849.6378173828125,0.8223197781885397
tensor(7183),"tensor(8651., dtype=torch.float64)",tensor(9),0,1,0,0,0,0.8650743,0.15230899,0.07173127,0.15694048,0.08486831,1,0,0,0,0,0.0,1.0,1,0.12015498,0.15694046,0.36109895,-2.0388458,73.43612,1587.820068359375,0.5741682070240296
tensor(7191),"tensor(17069., dtype=torch.float64)",tensor(9),0,0,1,0,0,0.025025107,0.37533802,0.90883297,0.057401635,0.009951051,0,0,1,0,0,1.0,0.0,0,0.11177653,0.37533802,0.27189958,-2.7740054,147.89207,191.48052978515625,0.48752310536044363
tensor(7205),"tensor(21697., dtype=torch.float64)",tensor(9),1,0,0,0,0,0.98169774,0.03138352,0.0067587467,0.016653549,0.008036467,1,0,0,0,0,1.0,0.0,0,0.016226888,0.031383514,0.08057332,-4.2592034,210.10226,1232.2254638671875,0.2779574861367837
tensor(7245),"tensor(10190., dtype=torch.float64)",tensor(9),1,0,0,0,0,0.97733885,0.011186573,0.008026776,0.047428835,0.04633077,1,0,0,0,0,1.0,0.0,0,0.027126908,0.047428846,0.11895432,-3.8174672,193.07936,1337.6239013671875,0.3077634011090573
tensor(7263),"tensor(19612., dtype=torch.float64)",tensor(9),1,0,0,0,0,0.9870142,0.010938731,0.0030085794,0.012031563,0.020589432,1,0,0,0,0,1.0,0.0,0,0.011910796,0.020589411,0.06310403,-4.5817676,208.50882,1192.892578125,0.2603974121996303
tensor(7279),"tensor(9621., dtype=torch.float64)",tensor(9),1,0,0,0,0,0.9075917,0.07031685,0.043275744,0.21676025,0.030008866,1,0,0,0,0,1.0,0.0,0,0.09055394,0.21676028,0.27966014,-2.544555,108.458824,1550.0882568359375,0.4706561922365989
tensor(7281),"tensor(11903., dtype=torch.float64)",tensor(9),0,0,1,0,0,0.21579207,0.20227218,0.030919865,0.9811949,0.4325809,0,0,0,1,0,0.0,1.0,1,0.18007404,0.4325809,0.38807443,-2.0666864,18.345516,18.345516204833984,0.5395101663585952
tensor(7347),"tensor(14255., dtype=torch.float64)",tensor(9),1,0,0,0,0,0.9937926,0.004944773,0.00088213896,0.013038083,0.011158388,1,0,0,0,0,1.0,0.0,0,0.0072461963,0.013038099,0.041360445,-5.244724,347.67572,1082.4415283203125,0.25970425138632164
tensor(7411),"tensor(9068., dtype=torch.float64)",tensor(9),0,0,1,1,0,0.017559353,0.14149667,0.9125416,0.9373292,0.43226495,0,0,1,1,0,1.0,0.0,0,0.14828998,0.43226492,0.34217352,-2.230039,47.04239,49.92970657348633,0.5408964879852125
tensor(7419),"tensor(17395., dtype=torch.float64)",tensor(9),0,0,0,1,0,0.87853885,0.19510996,0.008735614,0.16217174,0.07080346,1,0,0,0,0,0.0,1.0,1,0.11165637,0.19510996,0.32248947,-2.4687903,90.20322,1358.8521728515625,0.5152495378927912
tensor(7421),"tensor(9659., dtype=torch.float64)",tensor(9),1,0,0,0,0,0.761732,0.120536976,0.006110731,0.66093886,0.1282772,1,0,0,1,0,0.6666666666666666,0.33333333333333337,1,0.1664508,0.33906114,0.39556417,-2.1649783,69.11298,69.11298370361328,0.6397874306839186
tensor(7435),"tensor(13885., dtype=torch.float64)",tensor(9),1,0,0,0,0,0.8581821,0.009158248,0.00182321,0.03404207,0.78342605,1,0,0,0,1,0.6666666666666666,0.33333333333333337,1,0.08068311,0.21657395,0.22894566,-3.4841542,177.11371,184.9279327392578,0.40134011090573013
tensor(7437),"tensor(8219., dtype=torch.float64)",tensor(9),0,0,1,0,0,0.022537991,0.7962684,0.87173563,0.07054042,0.40553296,0,1,1,0,0,0.6666666666666666,0.33333333333333337,1,0.16612148,0.40553296,0.38531813,-2.0020328,45.98977,46.487770080566406,0.61090573012939
tensor(7441),"tensor(8219., dtype=torch.float64)",tensor(9),0,1,0,0,1,0.31332374,0.29800576,0.79029447,0.02064494,0.17580014,0,0,1,0,0,0.0,1.0,1,0.20349604,0.31332374,0.46199384,-1.6745259,81.412605,108.71546936035156,0.7705637707948244
tensor(7493),"tensor(8748., dtype=torch.float64)",tensor(9),0,0,0,1,0,0.7070501,0.1345009,0.0011146776,0.7201334,0.06532472,1,0,0,1,0,0.6666666666666666,0.33333333333333337,1,0.15475142,0.29294991,0.36850405,-2.6293724,102.52942,102.5294189453125,0.5914972273567467
tensor(7505),"tensor(12474., dtype=torch.float64)",tensor(9),0,0,0,0,0,0.035283636,0.8937052,0.31873727,0.70634997,0.09254738,0,1,0,1,0,0.0,1.0,1,0.16930264,0.31873727,0.40620914,-1.8715595,24.368671,24.368671417236328,0.5778650646950092
tensor(7601),"tensor(15914., dtype=torch.float64)",tensor(9),0,1,1,1,0,0.0005036679,0.93976074,0.6114354,0.98486567,0.86923337,0,1,1,1,1,0.8571428571428571,0.1428571428571429,1,0.11904162,0.3885646,0.27326813,-3.372696,35.577934,35.57793426513672,0.33687615526802217
tensor(7649),"tensor(15009., dtype=torch.float64)",tensor(9),1,0,0,0,0,0.9683464,0.0888759,0.00091603876,0.045056302,0.014026214,1,0,0,0,0,1.0,0.0,0,0.036105633,0.08887589,0.14103298,-4.009831,199.34836,1030.0084228515625,0.3186229205175601
tensor(7653),"tensor(14935., dtype=torch.float64)",tensor(9),0,1,0,0,0,0.00017277342,0.9806785,0.9089532,0.79372716,0.86171275,0,1,1,1,1,0.4,0.6,1,0.09102023,0.20627284,0.26256555,-3.6136868,43.58893,43.58892822265625,0.3100739371534196
tensor(7671),"tensor(13622., dtype=torch.float64)",tensor(9),1,0,0,0,0,0.9909424,0.012293517,0.0008281635,0.03382047,0.005692766,1,0,0,0,0,1.0,0.0,0,0.0123384595,0.03382045,0.061500717,-4.938394,343.8378,1066.2957763671875,0.275184842883549
tensor(7675),"tensor(10206., dtype=torch.float64)",tensor(9),1,0,0,0,0,0.58851695,0.6785333,0.0038961028,0.14697312,0.20516655,1,1,0,0,0,0.6666666666666666,0.33333333333333337,1,0.21779716,0.41148305,0.45115432,-1.9523207,58.610146,58.610145568847656,0.724815157116451
tensor(7701),"tensor(1299., dtype=torch.float64)",tensor(9),1,0,0,0,0,0.8890466,0.021093303,0.29209855,0.014607355,0.07977231,1,0,0,0,0,1.0,0.0,0,0.10370505,0.29209852,0.28184706,-2.692139,149.65173,1672.4775390625,0.4928373382624769
tensor(7725),"tensor(16393., dtype=torch.float64)",tensor(9),0,0,0,1,0,0.08445438,0.1508361,0.01400985,0.9971041,0.573838,0,0,0,1,0,1.0,0.0,0,0.13567162,0.426162,0.2978795,-2.9008691,33.438286,33.43828582763672,0.4011090573012939
tensor(7753),"tensor(16513., dtype=torch.float64)",tensor(9),0,1,0,0,0,0.5138697,0.5699547,0.29432678,0.33900708,0.20230736,1,1,0,0,0,0.6666666666666666,0.33333333333333337,1,0.35036337,0.4861303,0.6252059,-0.6502557,44.096214,44.096214294433594,0.8396487985212568
tensor(7767),"tensor(17183., dtype=torch.float64)",tensor(9),0,0,1,1,1,0.0021707646,0.91455555,0.7327652,0.95938325,0.7869285,0,1,1,1,1,0.8571428571428571,0.1428571428571429,1,0.12170762,0.2672348,0.31514728,-2.795678,25.279129,25.279129028320312,0.37476894639556374
tensor(7771),"tensor(14938., dtype=torch.float64)",tensor(9),1,0,0,0,0,0.9702813,0.015972277,0.042221833,0.023262193,0.017706774,1,0,0,0,0,1.0,0.0,0,0.025776386,0.042221844,0.11801529,-3.6963234,192.94261,1478.22607421875,0.31284658040665436
tensor(7821),"tensor(18347., dtype=torch.float64)",tensor(9),0,0,1,0,1,0.004094083,0.058465563,0.9824247,0.67715436,0.9150288,0,0,1,1,1,0.8,0.19999999999999996,1,0.09759033,0.32284564,0.25150165,-3.082816,44.4321,44.432098388671875,0.3456561922365989
tensor(7829),"tensor(11445., dtype=torch.float64)",tensor(9),0,1,0,1,0,0.005653525,0.28919518,0.82543236,0.96100086,0.17821288,0,0,1,1,0,0.5,0.5,1,0.13732564,0.28919518,0.346561,-2.471127,47.218845,47.21884536743164,0.508086876155268
tensor(7839),"tensor(10550., dtype=torch.float64)",tensor(9),1,0,0,0,0,0.8815668,0.023391355,0.05697941,0.06644583,0.3884481,1,0,0,0,0,1.0,0.0,0,0.13073957,0.38844812,0.3211441,-2.3283844,90.336815,1636.0009765625,0.5522181146025877
tensor(7855),"tensor(16859., dtype=torch.float64)",tensor(9),1,0,0,0,0,0.9409744,0.065548435,0.0047432776,0.009097761,0.3018301,1,0,0,0,0,1.0,0.0,0,0.088049054,0.3018301,0.23211607,-3.2603145,105.08661,1257.22265625,0.3853974121996303
tensor(7871),"tensor(10463., dtype=torch.float64)",tensor(9),1,0,0,0,0,0.98539793,0.0052752104,0.025708642,0.017280981,0.005849744,1,0,0,0,0,1.0,0.0,0,0.013743281,0.025708616,0.070360154,-4.4524837,276.17853,1454.877685546875,0.27911275415896486
tensor(7879),"tensor(20610., dtype=torch.float64)",tensor(9),1,0,0,0,0,0.92285186,0.010627535,0.0011524113,0.0181438,0.62665373,1,0,0,0,0,1.0,0.0,0,0.09608364,0.37334627,0.21819994,-3.6578224,166.51682,1297.65576171875,0.39348428835489835
tensor(7937),"tensor(2359., dtype=torch.float64)",tensor(9),1,0,0,0,0,0.028299924,0.8965835,0.6092635,0.47180828,0.07333541,0,1,1,0,0,0.0,1.0,1,0.21351933,0.4718083,0.41682464,-1.7579334,33.16187,33.161869049072266,0.6661275415896488
tensor(7941),"tensor(7244., dtype=torch.float64)",tensor(9),1,0,0,0,0,0.99943084,9.546798e-05,4.2411306e-05,0.00857228,0.0008941295,1,0,0,0,0,1.0,0.0,0,0.0020347834,0.00857228,0.012554608,-7.71298,906.2117,1221.4639892578125,0.2543900184842883
tensor(7945),"tensor(6212., dtype=torch.float64)",tensor(9),0,0,1,1,1,0.02194705,0.28133568,0.96636236,0.059965394,0.45259726,0,0,1,0,0,0.5,0.5,1,0.1698966,0.45259726,0.35248402,-2.2070003,53.32834,131.5684356689453,0.5864140480591498
tensor(7953),"tensor(4939., dtype=torch.float64)",tensor(9),0,1,1,0,0,0.0009824741,0.99208343,0.15621024,0.92519253,0.5163104,0,1,0,1,0,0.5,0.5,1,0.14472121,0.4836896,0.28916505,-3.2044716,20.163525,20.163524627685547,0.33387245841035124
tensor(8007),"tensor(632., dtype=torch.float64)",tensor(9),0,0,1,1,0,0.0023657866,0.92064863,0.36620972,0.9480209,0.8624147,0,1,0,1,1,0.4,0.6,1,0.12749827,0.36620975,0.3111231,-2.756601,26.527233,26.527233123779297,0.38724584103512016
tensor(8017),"tensor(1683., dtype=torch.float64)",tensor(9),0,0,0,0,1,0.8315582,0.041544914,0.022802318,0.016722219,0.67303777,1,0,0,0,0,0.0,1.0,1,0.115294635,0.32696223,0.29039648,-2.6578393,100.74507,1495.20703125,0.4872920517560074
tensor(8063),"tensor(9540., dtype=torch.float64)",tensor(9),0,0,0,1,0,0.04540965,0.7479797,0.017635904,0.98377395,0.45648623,0,1,0,1,0,0.6666666666666666,0.33333333333333337,1,0.15755558,0.45648623,0.3220647,-2.4865446,13.572102,13.572101593017578,0.41243068391866916
tensor(8081),"tensor(512., dtype=torch.float64)",tensor(9),0,1,1,1,1,0.004200849,0.8881631,0.89331627,0.48971143,0.58990043,0,1,1,0,0,0.6666666666666666,0.33333333333333337,1,0.2245065,0.4897114,0.41737503,-2.014032,27.353777,35.54499816894531,0.6319316081330868
tensor(8111),"tensor(9221., dtype=torch.float64)",tensor(9),1,0,0,1,0,0.43957517,0.07827055,0.0041568815,0.95425475,0.43811306,0,0,0,1,0,0.6666666666666666,0.33333333333333337,1,0.20117223,0.4395752,0.37171024,-2.2948914,55.450077,55.450077056884766,0.625
tensor(8159),"tensor(14818., dtype=torch.float64)",tensor(9),0,0,0,0,1,0.97917354,0.019072058,0.015773151,0.012617848,0.01987601,1,0,0,0,0,0.0,1.0,1,0.01763308,0.020826459,0.08840182,-4.036483,182.42741,1333.930908203125,0.2768022181146026
tensor(8171),"tensor(19447., dtype=torch.float64)",tensor(9),0,0,1,0,0,0.2995775,0.142335,0.7980595,0.2042393,0.655988,0,0,1,0,0,1.0,0.0,0,0.23842084,0.34401202,0.5345301,-1.2050047,26.355682,143.6859893798828,0.7375231053604436
tensor(8177),"tensor(10035., dtype=torch.float64)",tensor(9),0,0,0,0,1,0.08714934,0.62139493,0.8463945,0.07122203,0.16701058,0,1,1,0,0,0.0,1.0,1,0.1715185,0.37860507,0.41921696,-1.7452103,57.483727,57.483726501464844,0.680452865064695
tensor(8181),"tensor(16043., dtype=torch.float64)",tensor(9),1,0,0,1,0,0.9878122,0.011190919,0.0005887482,0.11138607,0.0022929313,1,0,0,0,0,0.6666666666666666,0.33333333333333337,1,0.02752924,0.11138606,0.09956621,-4.893133,404.19073,1151.7626953125,0.30268022181146026
tensor(8225),"tensor(13741., dtype=torch.float64)",tensor(9),0,1,0,1,0,0.047128286,0.8156917,0.035705417,0.9757598,0.2474704,0,1,0,1,0,1.0,0.0,0,0.10777056,0.24747038,0.29910645,-2.519496,14.708828,14.70882797241211,0.3368761552680222
tensor(8233),"tensor(14717., dtype=torch.float64)",tensor(9),0,0,0,1,0,0.046716876,0.9477776,0.27837157,0.5013253,0.42067432,0,1,0,0,0,0.0,1.0,1,0.25933194,0.4986747,0.47176027,-1.4384553,16.594524,16.594524383544922,0.688539741219963
tensor(8235),"tensor(3500., dtype=torch.float64)",tensor(9),1,0,0,0,0,0.95439315,0.081651606,0.004021989,0.11455857,0.033286892,1,0,0,0,0,1.0,0.0,0,0.055825233,0.11455858,0.19925684,-3.2773643,169.11992,1207.295654296875,0.37569316081330867
tensor(8243),"tensor(16762., dtype=torch.float64)",tensor(9),1,0,0,0,0,0.040787663,0.16972882,0.95138997,0.27978098,0.30105138,0,0,1,0,0,0.0,1.0,1,0.16799182,0.30105138,0.40495926,-1.9014444,52.501404,150.7511444091797,0.646256931608133
tensor(8251),"tensor(12459., dtype=torch.float64)",tensor(9),0,0,0,1,1,0.91871035,0.011553324,0.002166591,0.6429345,0.033576418,1,0,0,0,0,0.0,1.0,1,0.0971303,0.3570655,0.231812,-3.390889,172.5433,1463.986083984375,0.4212107208872458
tensor(8255),"tensor(11256., dtype=torch.float64)",tensor(9),1,0,0,0,0,0.94950265,0.0264362,0.06141739,0.058476966,0.032878734,1,0,0,0,0,1.0,0.0,0,0.045941353,0.0614174,0.18406413,-3.0854576,146.3639,1548.5535888671875,0.3655268022181146
tensor(8257),"tensor(8500., dtype=torch.float64)",tensor(9),0,1,0,0,0,0.063060865,0.10508211,0.96005225,0.008315079,0.06811445,0,0,1,0,0,0.0,1.0,1,0.056904018,0.105082095,0.20720704,-3.0834556,156.31567,166.29635620117188,0.3884011090573013
tensor(8323),"tensor(3061., dtype=torch.float64)",tensor(9),0,0,1,1,0,0.0016661524,0.53228766,0.87933075,0.99420834,0.21762648,0,1,1,1,0,0.8,0.19999999999999996,1,0.1626932,0.46771234,0.32622752,-2.9872181,52.930557,52.93055725097656,0.4891404805914972
tensor(8337),"tensor(7254., dtype=torch.float64)",tensor(9),0,0,0,1,1,0.0035745164,0.27790597,0.024930969,0.99870265,0.85296047,0,0,0,1,1,1.0,0.0,0,0.090949655,0.27790594,0.23175701,-3.7311606,36.508087,36.508087158203125,0.2687153419593346
tensor(8357),"tensor(384., dtype=torch.float64)",tensor(9),0,0,1,0,0,0.06307658,0.12965295,0.9279533,0.20898609,0.8020385,0,0,1,0,1,0.6666666666666666,0.33333333333333337,1,0.13434476,0.2089861,0.37803033,-1.9776163,21.433226,21.433225631713867,0.4986136783733826
tensor(8393),"tensor(21692., dtype=torch.float64)",tensor(9),0,0,0,0,1,0.64328194,0.05031778,0.41820565,0.2749595,0.39764267,1,0,0,0,0,0.0,1.0,1,0.29956877,0.41820562,0.5581673,-1.0484902,47.21994,1920.638671875,0.8257855822550833
tensor(8425),"tensor(12891., dtype=torch.float64)",tensor(9),0,1,0,0,0,0.09404114,0.93346435,0.3190252,0.20061,0.1100977,0,1,0,0,0,1.0,0.0,0,0.15806186,0.31902516,0.4060944,-1.8273823,25.333641,25.333641052246094,0.5709334565619223
tensor(8427),"tensor(2515., dtype=torch.float64)",tensor(9),1,0,0,0,0,0.82285756,0.051790956,0.3135115,0.04978977,0.19401039,1,0,0,0,0,1.0,0.0,0,0.15724897,0.3135115,0.3965102,-1.9199947,83.77676,1749.9266357421875,0.6645101663585952
tensor(8439),"tensor(5534., dtype=torch.float64)",tensor(9),1,0,0,1,0,0.6835263,0.14904739,0.049021203,0.34579742,0.551669,1,0,0,0,0,0.6666666666666666,0.33333333333333337,1,0.26173413,0.448331,0.51469266,-1.2644672,46.824333,1730.7333984375,0.8001386321626618
tensor(8441),"tensor(9819., dtype=torch.float64)",tensor(9),1,0,0,0,0,0.9975654,0.0011104009,0.0004013714,0.020504083,0.0014086188,1,0,0,0,0,1.0,0.0,0,0.005171776,0.020504057,0.027987406,-6.2135606,567.7029,1165.94482421875,0.2576247689463956
tensor(8467),"tensor(5966., dtype=torch.float64)",tensor(9),1,0,0,0,0,0.9725729,0.0070948927,0.0003932759,0.27337408,0.033694126,1,0,0,0,0,1.0,0.0,0,0.06839675,0.27337408,0.18105596,-4.1368017,257.67145,1255.5648193359375,0.3655268022181146
tensor(8483),"tensor(4970., dtype=torch.float64)",tensor(9),1,0,0,1,0,0.20058846,0.20339991,0.0068832594,0.9879332,0.32134563,0,0,0,1,0,0.6666666666666666,0.33333333333333337,1,0.14885682,0.32134563,0.34812036,-2.5744617,30.476265,30.47626495361328,0.4685767097966728
tensor(8525),"tensor(2407., dtype=torch.float64)",tensor(9),0,0,1,0,0,0.030291786,0.61619085,0.89976925,0.23186539,0.3040304,0,1,1,0,0,0.6666666666666666,0.33333333333333337,1,0.21004546,0.38380915,0.45660082,-1.632036,43.240543,52.364418029785156,0.7208872458410351
tensor(8543),"tensor(2284., dtype=torch.float64)",tensor(9),0,0,0,0,0,1.6447702e-07,0.00032292193,1.3923514e-06,0.000513074,8.349797e-06,0,0,0,0,0,1.0,0.0,0,0.00016915798,0.0005130768,0.0014893834,-11.282125,1235.6377,1235.6376953125,0.2513863216266174
tensor(8551),"tensor(4265., dtype=torch.float64)",tensor(9),0,1,0,1,1,0.011341316,0.60647506,0.16038646,0.9909435,0.73480815,0,1,0,1,1,1.0,0.0,0,0.16790026,0.39352494,0.36054483,-2.45402,10.365986,10.365985870361328,0.4554066543438078
tensor(8563),"tensor(7919., dtype=torch.float64)",tensor(9),1,0,0,0,0,0.5347863,0.7899616,0.024022365,0.022286622,0.03904149,1,1,0,0,0,0.6666666666666666,0.33333333333333337,1,0.15212059,0.46521372,0.31794667,-2.430611,72.77501,72.77500915527344,0.5452865064695009
tensor(8565),"tensor(6422., dtype=torch.float64)",tensor(9),1,0,0,0,0,0.7844276,0.20184802,0.00069965416,0.49413997,0.1041601,1,0,0,0,0,1.0,0.0,0,0.20328397,0.49413997,0.41143793,-2.4211879,117.69264,1231.831787109375,0.7049445471349353
tensor(8581),"tensor(385., dtype=torch.float64)",tensor(9),0,0,0,1,0,0.008455368,0.72751105,0.47684518,0.98786294,0.56182927,0,1,0,1,0,0.6666666666666666,0.33333333333333337,1,0.24161947,0.47684515,0.41553146,-2.0974104,12.7937155,12.793715476989746,0.586645101663586
tensor(8583),"tensor(5915., dtype=torch.float64)",tensor(9),1,0,0,0,0,0.9775434,0.0218908,0.0021110545,0.046031732,0.0346008,1,0,0,0,0,1.0,0.0,0,0.025418162,0.046031713,0.112984754,-4.018286,207.72568,1147.4190673828125,0.30244916820702406
tensor(8603),"tensor(11296., dtype=torch.float64)",tensor(9),1,0,0,0,0,0.96599036,0.023523265,0.0018961753,0.04816225,0.1190189,1,0,0,0,0,1.0,0.0,0,0.04532206,0.11901891,0.16633587,-3.6648126,155.41818,1220.470458984375,0.3290203327171904
tensor(8627),"tensor(5404., dtype=torch.float64)",tensor(9),1,0,0,0,0,0.8277513,0.33632407,0.01825179,0.119206496,0.13208725,1,0,0,0,0,1.0,0.0,0,0.15562361,0.3363241,0.38896647,-2.0234315,63.32611,1384.101806640625,0.6240757855822551
tensor(8683),"tensor(3922., dtype=torch.float64)",tensor(9),0,1,0,0,0,0.0046783704,0.9375428,0.80016315,0.5411974,0.1965189,0,1,1,0,0,0.6666666666666666,0.33333333333333337,1,0.18445885,0.45880258,0.38978106,-2.205914,28.987808,28.987808227539062,0.5737060998151571
tensor(8689),"tensor(8609., dtype=torch.float64)",tensor(9),1,0,0,0,0,0.99550784,0.001100816,0.000832332,0.017043328,0.012939217,1,0,0,0,0,1.0,0.0,0,0.0072816014,0.017043352,0.039900582,-5.5382495,412.7492,1203.379150390625,0.25970425138632164
tensor(8739),"tensor(2030., dtype=torch.float64)",tensor(9),1,0,0,0,0,0.9761706,0.008905271,0.030680714,0.037313167,0.009084869,1,0,0,0,0,1.0,0.0,0,0.021962643,0.037313163,0.10233208,-3.9640489,234.82791,1492.82373046875,0.30730129390018485
tensor(8757),"tensor(18426., dtype=torch.float64)",tensor(9),1,0,0,0,0,0.2222112,0.10742177,0.66991127,0.16400918,0.87986785,0,0,1,0,1,0.0,1.0,1,0.18877256,0.33008873,0.46369427,-1.5395672,23.258696,23.258695602416992,0.6520332717190387
tensor(8761),"tensor(18223., dtype=torch.float64)",tensor(9),0,1,0,0,0,0.027704075,0.973277,0.021245897,0.6904185,0.23673585,0,1,0,1,0,0.6666666666666666,0.33333333333333337,1,0.12439805,0.30958152,0.30374613,-2.591215,18.26577,18.265769958496094,0.3615988909426987
tensor(8763),"tensor(18245., dtype=torch.float64)",tensor(9),0,0,1,0,0,0.06338838,0.28680077,0.5088728,0.97859985,0.49896824,0,0,0,1,0,0.0,1.0,1,0.27233696,0.49896824,0.4650054,-1.4932615,18.928387,18.928386688232422,0.6936229205175601
tensor(8767),"tensor(6690., dtype=torch.float64)",tensor(9),1,0,0,0,0,0.32464153,0.73986924,0.12336887,0.3215836,0.6027693,0,1,0,0,0,0.0,1.0,1,0.28539115,0.39723068,0.5754053,-0.98044795,31.015697,31.015697479248047,0.7869685767097967
tensor(8779),"tensor(17952., dtype=torch.float64)",tensor(9),0,0,1,0,0,0.038112406,0.31773868,0.9516722,0.040823266,0.13216564,0,0,1,0,0,1.0,0.0,0,0.115433514,0.31773865,0.30832955,-2.402305,92.90112,143.41354370117188,0.5194085027726433
tensor(8789),"tensor(20786., dtype=torch.float64)",tensor(9),1,0,0,0,0,0.90119994,0.035148915,0.007080634,0.04346335,0.44908214,1,0,0,0,0,1.0,0.0,0,0.12671506,0.44908214,0.27670112,-2.7524152,113.38556,1418.4599609375,0.4905268022181146
tensor(8809),"tensor(14680., dtype=torch.float64)",tensor(9),1,0,0,0,0,0.9761104,0.03813896,0.0006311712,0.04856547,0.03343939,1,0,0,0,0,1.0,0.0,0,0.028932929,0.048565447,0.12416992,-4.128827,199.73718,1038.472900390625,0.3036044362292052
tensor(8863),"tensor(9899., dtype=torch.float64)",tensor(9),0,0,0,1,0,0.0021915096,0.597022,0.10884977,0.9984987,0.7930101,0,1,0,1,1,0.5,0.5,1,0.14450204,0.402978,0.31102285,-3.2919278,20.645493,20.645492553710938,0.3465804066543438
tensor(8887),"tensor(18703., dtype=torch.float64)",tensor(9),0,1,0,0,0,0.021635294,0.87038076,0.7666951,0.4069177,0.2963763,0,1,1,0,0,0.6666666666666666,0.33333333333333337,1,0.21757066,0.4069177,0.46334353,-1.6293932,30.687954,30.68795394897461,0.6968576709796672
tensor(8907),"tensor(11141., dtype=torch.float64)",tensor(9),0,0,0,1,1,0.002498265,0.8451403,0.15051633,0.9965289,0.68416023,0,1,0,1,0,0.5,0.5,1,0.12543696,0.31583977,0.30378646,-3.169993,13.275954,13.275954246520996,0.303373382624769
tensor(8931),"tensor(7018., dtype=torch.float64)",tensor(9),1,0,0,0,0,0.038965616,0.46574834,0.86850035,0.81112266,0.3375455,0,0,1,1,0,0.0,1.0,1,0.23252738,0.4657483,0.47373086,-1.472378,38.023273,38.34539031982422,0.7444547134935305
tensor(8935),"tensor(12835., dtype=torch.float64)",tensor(9),1,0,0,0,0,0.49254265,0.4108828,0.004336918,0.7850404,0.36902738,1,0,0,1,0,0.6666666666666666,0.33333333333333337,1,0.29834986,0.49254262,0.5154055,-1.5316142,43.307632,43.30763244628906,0.7881238447319777
tensor(8967),"tensor(21654., dtype=torch.float64)",tensor(9),0,0,0,0,0,1.9535028e-06,0.00083156663,3.961908e-06,0.005982303,5.0968607e-05,0,0,0,0,0,1.0,0.0,0,0.0013741255,0.00598228,0.008790372,-9.534647,881.90137,881.9013671875,0.2525415896487985
tensor(8977),"tensor(7062., dtype=torch.float64)",tensor(9),0,1,0,0,0,0.93771696,0.36224085,0.0026486272,0.0012845307,0.0020327033,1,0,0,0,0,0.0,1.0,1,0.086097896,0.36224085,0.1861454,-4.412181,241.91806,987.6690673828125,0.3655268022181146
tensor(9007),"tensor(11412., dtype=torch.float64)",tensor(9),1,0,0,0,0,0.92544866,0.02365811,0.006405129,0.40492743,0.048899565,1,0,0,0,0,1.0,0.0,0,0.111688316,0.40492743,0.257233,-2.9271913,127.851326,1480.094970703125,0.4588724584103512
tensor(9011),"tensor(1688., dtype=torch.float64)",tensor(9),1,0,0,0,0,0.67243934,0.4327753,0.06447225,0.46361187,0.12322788,1,0,0,0,0,1.0,0.0,0,0.28232956,0.46361184,0.52388465,-1.1545347,45.336067,1631.253662109375,0.8079944547134935
tensor(9043),"tensor(21546., dtype=torch.float64)",tensor(9),1,0,0,0,0,0.9756851,0.022407819,0.058380272,0.007744939,0.0016027975,1,0,0,0,0,1.0,0.0,0,0.02289021,0.058380246,0.10028398,-4.3071404,304.01492,1473.7391357421875,0.305452865064695
tensor(9073),"tensor(15003., dtype=torch.float64)",tensor(9),1,0,0,0,0,0.369198,0.53419006,0.116555065,0.492453,0.721371,0,1,0,0,1,0.0,1.0,1,0.34452903,0.49245298,0.5988053,-0.73591214,32.16192,32.16191864013672,0.8052218114602588
tensor(9081),"tensor(19253., dtype=torch.float64)",tensor(9),0,0,0,1,0,0.0029637557,0.17057113,0.1740626,0.9985487,0.8282106,0,0,0,1,1,0.6666666666666666,0.33333333333333337,1,0.10416764,0.17406261,0.281784,-3.4127812,32.753727,32.753726959228516,0.316543438077634
tensor(9085),"tensor(6911., dtype=torch.float64)",tensor(9),1,0,1,1,0,0.04865128,0.3776275,0.58270216,0.9713191,0.5962174,0,0,0,1,0,0.5,0.5,1,0.25520808,0.41729784,0.46829247,-1.5437726,19.165016,19.165016174316406,0.6866913123844732
tensor(9127),"tensor(6277., dtype=torch.float64)",tensor(9),1,0,0,0,0,0.9764109,0.015322799,0.009525733,0.008677446,0.09812616,1,0,0,0,0,1.0,0.0,0,0.031048179,0.09812617,0.1231029,-3.8973587,162.72787,1290.8033447265625,0.29528650646950094
tensor(9155),"tensor(15982., dtype=torch.float64)",tensor(9),1,0,0,0,0,0.9482522,0.03507456,0.0012539662,0.06380958,0.18188995,1,0,0,0,0,1.0,0.0,0,0.066755176,0.18188995,0.21535873,-3.4185028,143.2229,1213.84326171875,0.37153419593345655
tensor(9197),"tensor(19232., dtype=torch.float64)",tensor(9),1,0,0,0,0,0.9908825,0.0051888516,0.002853287,0.028939556,0.007399076,1,0,0,0,0,1.0,0.0,0,0.01069963,0.028939545,0.055731826,-4.8426046,336.45337,1219.795654296875,0.2712569316081331
tensor(9225),"tensor(21500., dtype=torch.float64)",tensor(9),1,0,0,0,0,0.9003255,0.14989772,0.03886267,0.07914531,0.08752448,1,0,0,0,0,1.0,0.0,0,0.09102094,0.1498977,0.2969322,-2.3885186,82.12619,1469.965087890625,0.47365988909426987
tensor(9417),"tensor(10093., dtype=torch.float64)",tensor(9),1,0,0,0,0,0.8611308,0.16840996,0.014932166,0.18287396,0.2092418,1,0,0,0,0,1.0,0.0,0,0.14286536,0.20924181,0.3845068,-2.0874686,77.39757,1434.986572265625,0.6187615526802218
tensor(9431),"tensor(20520., dtype=torch.float64)",tensor(9),1,0,0,0,0,0.3180559,0.03197374,0.84835947,0.021416975,0.25875512,0,0,1,0,0,0.0,1.0,1,0.15636843,0.31805587,0.37354627,-2.1538453,88.66051,135.30816650390625,0.6312384473197782
tensor(9459),"tensor(9206., dtype=torch.float64)",tensor(9),1,0,0,0,0,0.76396996,0.41863695,0.0012725556,0.06485079,0.330673,1,0,0,0,0,1.0,0.0,0,0.2102927,0.41863692,0.42216587,-2.3084311,79.234116,1115.967041015625,0.6975508317929761
tensor(9479),"tensor(16595., dtype=torch.float64)",tensor(9),1,0,0,0,0,0.14009754,0.271184,0.60088134,0.8762486,0.5723487,0,0,1,1,0,0.0,1.0,1,0.27236062,0.4276513,0.5438403,-1.0922116,25.615372,26.522647857666016,0.7546210720887246
tensor(9521),"tensor(19367., dtype=torch.float64)",tensor(9),1,0,0,0,0,0.99221605,0.0052994182,0.0017397602,0.021073576,0.00937412,1,0,0,0,0,1.0,0.0,0,0.009054184,0.02107358,0.049338304,-4.98676,290.45224,1166.241455078125,0.2620147874306839
tensor(9555),"tensor(19999., dtype=torch.float64)",tensor(9),1,0,0,0,0,0.97394264,0.009642141,0.0030002908,0.061438035,0.093113475,1,0,0,0,0,1.0,0.0,0,0.038650334,0.09311348,0.14722438,-3.812307,188.53488,1303.824462890625,0.32486136783733827
tensor(9615),"tensor(18393., dtype=torch.float64)",tensor(9),0,0,0,0,1,0.086842775,0.07795682,0.8929551,0.080381304,0.8492496,0,0,1,0,1,0.6666666666666666,0.33333333333333337,1,0.100595295,0.1507504,0.32258445,-2.2220879,30.94867,30.94866943359375,0.4325323475046211
tensor(9645),"tensor(14816., dtype=torch.float64)",tensor(9),1,0,0,0,0,0.00983163,0.95668685,0.6291857,0.07238826,0.021691944,0,1,1,0,0,0.0,1.0,1,0.10360783,0.37081432,0.2514549,-2.9190934,63.276405,63.276405334472656,0.39394639556377087
tensor(9667),"tensor(15687., dtype=torch.float64)",tensor(9),1,0,0,0,0,0.9898408,0.0043763923,9.709328e-05,0.085014455,0.029393502,1,0,0,0,0,1.0,0.0,0,0.025808156,0.08501446,0.101867914,-5.023858,366.22684,1053.3709716796875,0.29944547134935307
tensor(9671),"tensor(20833., dtype=torch.float64)",tensor(9),1,0,0,0,0,0.8160158,0.31193098,0.0059321406,0.14447568,0.26878765,1,0,0,0,0,1.0,0.0,0,0.18302214,0.311931,0.42588082,-2.0362992,78.09896,1294.7177734375,0.6973197781885397
tensor(9673),"tensor(9402., dtype=torch.float64)",tensor(9),0,0,1,0,0,0.0019070184,0.33693433,0.9173462,0.9929871,0.63576996,0,0,1,1,0,0.6666666666666666,0.33333333333333337,1,0.15854758,0.36423004,0.32712346,-2.9708247,46.859024,46.85902404785156,0.4762014787430684
tensor(9677),"tensor(17012., dtype=torch.float64)",tensor(9),1,0,0,0,0,0.83397883,0.03074556,0.03375106,0.09377169,0.54145575,1,0,0,0,0,1.0,0.0,0,0.1565668,0.45854425,0.34705567,-2.1707833,80.94583,1628.53173828125,0.6025878003696857
tensor(9699),"tensor(10577., dtype=torch.float64)",tensor(9),0,0,0,1,0,0.014549431,0.3121569,0.18497555,0.9884847,0.86618125,0,0,0,1,1,0.6666666666666666,0.33333333333333337,1,0.13140327,0.31215692,0.32641935,-2.5617404,21.742178,21.742177963256836,0.40642329020332724
tensor(9759),"tensor(17113., dtype=torch.float64)",tensor(9),1,0,0,0,0,0.97659373,0.012594516,0.0003096989,0.15756227,0.042471826,1,0,0,0,0,1.0,0.0,0,0.047268867,0.15756226,0.15855268,-4.1928964,271.39877,1134.89208984375,0.3421903881700555
tensor(9771),"tensor(10614., dtype=torch.float64)",tensor(9),1,0,0,0,0,0.98807853,0.0041698664,0.0007609734,0.11030557,0.019464737,1,0,0,0,0,1.0,0.0,0,0.029324532,0.11030555,0.10819884,-4.6160765,323.71426,1229.0380859375,0.3068391866913124
tensor(9789),"tensor(14683., dtype=torch.float64)",tensor(9),0,0,1,0,0,0.63422465,0.07014839,0.38740137,0.5232327,0.16782802,1,0,0,0,0,0.0,1.0,1,0.2935841,0.4767673,0.54455113,-1.0574284,57.355686,1906.921142578125,0.8371072088724584
tensor(9813),"tensor(13317., dtype=torch.float64)",tensor(9),0,0,0,1,1,0.013356134,0.46460044,0.45380768,0.97489196,0.2699148,0,0,0,1,0,0.6666666666666666,0.33333333333333337,1,0.2453574,0.46460044,0.4301795,-1.8567321,18.559715,18.559715270996094,0.6333179297597042
tensor(9841),"tensor(7877., dtype=torch.float64)",tensor(9),1,0,0,0,0,0.51998717,0.014434374,0.1381114,0.31314504,0.81701976,1,0,0,0,1,0.6666666666666666,0.33333333333333337,1,0.22573674,0.48001283,0.45336992,-1.6832803,61.78987,61.78987121582031,0.7585489833641405
tensor(9845),"tensor(1152., dtype=torch.float64)",tensor(9),0,0,1,0,0,0.7241467,0.026738374,0.3640361,0.13396065,0.48650172,1,0,0,0,0,0.0,1.0,1,0.25741804,0.4865017,0.4909087,-1.4075916,57.291626,1869.9744873046875,0.8059149722735676
tensor(9847),"tensor(4660., dtype=torch.float64)",tensor(9),0,0,1,0,0,0.15744247,0.17523865,0.8834999,0.0711608,0.5360414,0,0,1,0,0,1.0,0.0,0,0.19686013,0.46395862,0.4413144,-1.593147,37.93138,125.21438598632812,0.6906192236598891
tensor(9879),"tensor(13111., dtype=torch.float64)",tensor(9),0,1,0,0,0,0.0032127702,0.9849422,0.4041712,0.7862457,0.45846152,0,1,0,1,0,0.6666666666666666,0.33333333333333337,1,0.21893156,0.45846152,0.39660454,-2.3550372,16.073326,16.073326110839844,0.5480591497227357
tensor(9895),"tensor(8141., dtype=torch.float64)",tensor(9),0,1,0,1,1,0.0054937564,0.46023855,0.103663616,0.9974383,0.7643975,0,0,0,1,1,0.8,0.19999999999999996,1,0.16151202,0.46023858,0.32418236,-2.9313314,16.62712,16.627119064331055,0.38955637707948243
tensor(9899),"tensor(19456., dtype=torch.float64)",tensor(9),0,0,1,1,0,0.028547756,0.2071756,0.9388786,0.6801317,0.20021653,0,0,1,1,0,1.0,0.0,0,0.16338599,0.31986833,0.39947242,-1.9480782,61.274895,66.5252685546875,0.6469500924214417
tensor(9913),"tensor(12994., dtype=torch.float64)",tensor(9),0,1,1,0,1,0.00031349808,0.9709725,0.915933,0.8214882,0.77985907,0,1,1,1,1,0.8571428571428571,0.1428571428571429,1,0.102412224,0.22014093,0.28379905,-3.3514194,37.523937,37.5239372253418,0.3304066543438078
tensor(9915),"tensor(9979., dtype=torch.float64)",tensor(9),0,1,1,0,0,0.0022583317,0.99464476,0.4744609,0.055422876,0.26297605,0,1,0,0,0,0.6666666666666666,0.33333333333333337,1,0.16009474,0.4744609,0.30630702,-3.0567427,36.055717,36.05571746826172,0.42952865064695006
tensor(9955),"tensor(16214., dtype=torch.float64)",tensor(9),1,0,0,0,0,0.9689622,0.03331644,0.007814684,0.03069827,0.047032245,1,0,0,0,0,1.0,0.0,0,0.029979885,0.047032237,0.13139233,-3.6227722,146.75436,1267.9832763671875,0.30568391866913125
tensor(9965),"tensor(10897., dtype=torch.float64)",tensor(9),0,1,0,0,0,0.0747515,0.89316356,0.06773705,0.8850626,0.22601329,0,1,0,1,0,0.6666666666666666,0.33333333333333337,1,0.118055165,0.2260133,0.34889683,-2.1067152,21.468418,21.46841812133789,0.44547134935304994
tensor(9989),"tensor(3936., dtype=torch.float64)",tensor(9),0,0,0,1,0,0.028586453,0.97069496,0.040851675,0.71859723,0.14781633,0,1,0,1,0,0.6666666666666666,0.33333333333333337,1,0.10559243,0.28140277,0.28918576,-2.5743032,17.052608,17.052608489990234,0.32925138632162665
tensor(10003),"tensor(5760., dtype=torch.float64)",tensor(9),0,0,0,1,0,0.0009225221,0.8134261,0.13424964,0.9990227,0.6369579,0,1,0,1,0,0.6666666666666666,0.33333333333333337,1,0.13715303,0.36304212,0.30917406,-3.5631435,20.984425,20.984424591064453,0.32324399260628467
tensor(10005),"tensor(4499., dtype=torch.float64)",tensor(9),1,0,0,0,0,0.9982742,0.00044069765,0.00029171916,0.013218865,0.0025119116,1,0,0,0,0,1.0,0.0,0,0.0036377907,0.01321888,0.021416048,-6.504691,602.7279,1185.2142333984375,0.25508317929759705
tensor(10013),"tensor(17483., dtype=torch.float64)",tensor(9),1,0,0,0,0,0.95512545,0.06750173,0.0011530464,0.05466329,0.0894883,1,0,0,0,0,1.0,0.0,0,0.051536202,0.08948827,0.19051898,-3.5236256,143.7617,1104.352783203125,0.34334565619223656
tensor(10025),"tensor(7110., dtype=torch.float64)",tensor(9),0,1,0,0,0,0.6526588,0.08050706,0.08284413,0.108940005,0.75336504,1,0,0,0,1,0.0,1.0,1,0.17325342,0.34734118,0.42287078,-1.7377592,50.00139,50.00138854980469,0.6732902033271719
tensor(10035),"tensor(6230., dtype=torch.float64)",tensor(9),1,0,0,0,0,0.821721,0.018653104,0.18443461,0.15771739,0.3347682,1,0,0,0,0,1.0,0.0,0,0.17477047,0.33476818,0.42258897,-1.8679119,75.32616,1779.547119140625,0.6980129390018484
tensor(10039),"tensor(21412., dtype=torch.float64)",tensor(9),1,0,0,0,0,0.9741033,0.0076576197,0.0007021449,0.149877,0.084283665,1,0,0,0,0,1.0,0.0,0,0.05368346,0.14987701,0.17650345,-3.9747043,245.13065,1257.5433349609375,0.3560536044362292
tensor(10045),"tensor(11479., dtype=torch.float64)",tensor(9),0,0,0,1,1,0.9692606,0.024734477,0.015741814,0.021947788,0.045982417,1,0,0,0,0,0.0,1.0,1,0.02782917,0.04598242,0.12524824,-3.618077,152.39053,1372.185546875,0.3040665434380776
tensor(10057),"tensor(4158., dtype=torch.float64)",tensor(9),0,0,1,0,0,0.09638157,0.3653668,0.88890105,0.1244356,0.23140165,0,0,1,0,0,1.0,0.0,0,0.18573695,0.36536682,0.44778886,-1.6042593,54.069817,136.47035217285156,0.716728280961183
tensor(10103),"tensor(18832., dtype=torch.float64)",tensor(9),1,0,0,0,0,0.970243,0.029399507,0.0013747952,0.07622533,0.049803123,1,0,0,0,0,1.0,0.0,0,0.03731191,0.07622534,0.14887306,-3.8025718,192.72891,1141.93505859375,0.32670979667282807
tensor(10111),"tensor(495., dtype=torch.float64)",tensor(9),0,0,1,0,0,0.05543073,0.1553554,0.9226044,0.2894552,0.79266614,0,0,1,0,1,0.6666666666666666,0.33333333333333337,1,0.15699416,0.28945518,0.4061041,-1.8492339,17.944916,17.944915771484375,0.5392791127541591
tensor(10125),"tensor(12855., dtype=torch.float64)",tensor(9),1,0,0,0,0,0.9739267,0.0273479,0.034731276,0.02968125,0.005860619,1,0,0,0,0,1.0,0.0,0,0.024738908,0.03473127,0.11332657,-3.827462,231.1128,1420.5821533203125,0.316543438077634
tensor(10145),"tensor(1347., dtype=torch.float64)",tensor(9),1,0,0,0,0,0.957167,0.0010440323,0.00055930647,0.039682988,0.5499655,1,0,0,0,0,1.0,0.0,0,0.106830776,0.4500345,0.2089769,-4.169083,278.0215,1433.2471923828125,0.4121996303142329
tensor(10155),"tensor(4993., dtype=torch.float64)",tensor(9),1,0,0,0,0,0.48414063,0.14493604,0.5122029,0.23684858,0.65995836,1,0,0,0,0,1.0,0.0,0,0.3387528,0.48779708,0.59756005,-0.7440616,26.799778,1963.585205078125,0.7851201478743068
tensor(10191),"tensor(11124., dtype=torch.float64)",tensor(9),1,0,0,0,0,0.9950229,0.0028560234,0.000852964,0.01481536,0.00897891,1,0,0,0,0,1.0,0.0,0,0.006496072,0.0148153305,0.037237037,-5.4240656,360.78412,1119.4642333984375,0.25670055452865065
tensor(10203),"tensor(17437., dtype=torch.float64)",tensor(9),1,0,0,1,0,0.50301415,0.37342915,0.058366384,0.475157,0.65282387,1,0,0,0,0,0.6666666666666666,0.33333333333333337,1,0.3502229,0.49698585,0.5827853,-0.80827904,39.08589,1750.621826171875,0.8209334565619224
tensor(10209),"tensor(12421., dtype=torch.float64)",tensor(9),1,0,0,0,0,0.0049124174,0.99026966,0.05839939,0.78105086,0.24709755,0,1,0,1,0,0.0,1.0,1,0.10781777,0.24709755,0.2786025,-3.0200047,15.027861,15.027860641479492,0.2830406654343807
tensor(10217),"tensor(9238., dtype=torch.float64)",tensor(9),1,0,0,0,0,0.9748043,0.017324336,0.00835327,0.055149496,0.026362486,1,0,0,0,0,1.0,0.0,0,0.026477039,0.055149496,0.117723085,-3.784104,188.74527,1327.0654296875,0.3052218114602588
tensor(10235),"tensor(17371., dtype=torch.float64)",tensor(9),1,0,0,0,0,0.8777524,0.07791147,0.0028805002,0.0955207,0.38913465,1,0,0,0,0,1.0,0.0,0,0.13753903,0.38913465,0.3296464,-2.597652,110.04877,1327.814453125,0.5552218114602587
tensor(10263),"tensor(18245., dtype=torch.float64)",tensor(9),0,0,1,0,0,0.039323576,0.20285866,0.93539935,0.68867546,0.1794634,0,0,1,1,0,0.6666666666666666,0.33333333333333337,1,0.15951425,0.31132454,0.4000613,-1.9102013,64.77183,67.87527465820312,0.6497227356746765
tensor(10273),"tensor(10471., dtype=torch.float64)",tensor(9),0,1,1,1,0,0.0028580164,0.7598445,0.3131004,0.99514306,0.78313977,0,1,0,1,1,0.6666666666666666,0.33333333333333337,1,0.15556622,0.3131004,0.3492076,-2.879759,15.483783,15.483782768249512,0.39949168207024033
tensor(10277),"tensor(13646., dtype=torch.float64)",tensor(9),1,0,0,0,0,0.7422181,0.041330528,0.53487796,0.08381782,0.058689043,1,0,0,0,0,1.0,0.0,0,0.18134832,0.46512204,0.38898546,-1.9015605,115.17575,1825.822509765625,0.7160351201478743
tensor(10279),"tensor(21447., dtype=torch.float64)",tensor(9),0,0,0,1,1,0.006703231,0.11397382,0.005694556,0.99922276,0.8874163,0,0,0,1,1,1.0,0.0,0,0.047946572,0.1139738,0.1576619,-4.2870855,70.70139,70.7013931274414,0.24237523105360445
tensor(10297),"tensor(20406., dtype=torch.float64)",tensor(9),1,0,0,0,0,0.9202718,0.14955445,0.011658311,0.025674863,0.061984256,1,0,0,0,0,1.0,0.0,0,0.06571996,0.14955443,0.22305858,-2.9954548,99.59981,1293.533447265625,0.37731053604436227
tensor(10301),"tensor(21606., dtype=torch.float64)",tensor(9),0,1,0,1,0,0.0033259776,0.751387,0.7816782,0.9806784,0.7658608,0,1,1,1,1,0.6666666666666666,0.33333333333333337,1,0.14474428,0.248613,0.3494994,-2.6392512,24.23148,24.23147964477539,0.436460258780037
tensor(10305),"tensor(12632., dtype=torch.float64)",tensor(9),0,0,0,1,0,0.7121073,0.3450067,0.0036679097,0.47948006,0.06638278,1,0,0,0,0,0.0,1.0,1,0.23648608,0.47948003,0.4410542,-1.9753832,85.05177,1343.7568359375,0.7606284658040665
tensor(10313),"tensor(8207., dtype=torch.float64)",tensor(9),0,1,0,1,0,0.11264355,0.8303979,0.01710712,0.94108176,0.38722605,0,1,0,1,0,1.0,0.0,0,0.14909935,0.38722605,0.35705787,-2.186668,21.922953,21.92295265197754,0.48521256931608137
tensor(10331),"tensor(3237., dtype=torch.float64)",tensor(9),0,0,0,1,0,0.019180905,0.6766176,0.42678216,0.97911286,0.5861599,0,1,0,1,0,0.6666666666666666,0.33333333333333337,1,0.2408145,0.42678213,0.43726224,-1.8326721,12.604002,12.604001998901367,0.6233826247689463
tensor(10347),"tensor(18563., dtype=torch.float64)",tensor(9),0,1,0,1,0,0.017545968,0.9366001,0.18685406,0.8418945,0.11642666,0,1,0,1,0,1.0,0.0,0,0.10846633,0.18685406,0.32048768,-2.377542,19.687681,19.687681198120117,0.3837800369685767
tensor(10349),"tensor(13867., dtype=torch.float64)",tensor(9),0,0,1,0,1,0.12779109,0.09417813,0.88190436,0.19372799,0.6818244,0,0,1,0,0,0.6666666666666666,0.33333333333333337,1,0.17039376,0.3181756,0.4348898,-1.6766021,26.15755,142.963134765625,0.6201478743068392
tensor(10361),"tensor(9565., dtype=torch.float64)",tensor(9),0,1,0,0,0,0.18638869,0.8779837,0.2232114,0.34645742,0.16669416,0,1,0,0,0,1.0,0.0,0,0.20895356,0.34645742,0.4957282,-1.3876117,23.146212,23.146211624145508,0.6910813308687616
tensor(10375),"tensor(6566., dtype=torch.float64)",tensor(9),1,0,0,0,0,0.5303175,0.049151454,0.36437148,0.076281324,0.7803218,1,0,0,0,1,0.6666666666666666,0.33333333333333337,1,0.23583299,0.4696825,0.46786022,-1.480366,42.14695,42.146949768066406,0.7513863216266174
tensor(10395),"tensor(7375., dtype=torch.float64)",tensor(9),0,0,0,1,0,0.0032647033,0.03779528,0.006015448,0.99855787,0.461446,0,0,0,1,0,1.0,0.0,0,0.10199273,0.461446,0.18412493,-4.152098,48.214615,48.21461486816406,0.269177449168207
tensor(10413),"tensor(889., dtype=torch.float64)",tensor(9),1,0,0,0,0,0.99304044,0.0016407336,0.0011787422,0.02708837,0.020270584,1,0,0,0,0,1.0,0.0,0,0.011427581,0.027088344,0.05727123,-5.1146083,362.12518,1237.654541015625,0.272181146025878
tensor(10439),"tensor(3789., dtype=torch.float64)",tensor(9),0,0,0,1,0,0.7322334,0.072323345,0.009200003,0.4507183,0.5111324,1,0,0,0,0,0.0,1.0,1,0.2577752,0.48886758,0.4548212,-1.6958269,64.17372,1622.51171875,0.7784195933456564
tensor(10453),"tensor(2058., dtype=torch.float64)",tensor(9),0,1,1,0,0,0.0096301865,0.95405555,0.76327795,0.17756782,0.34206527,0,1,1,0,0,1.0,0.0,0,0.16238594,0.34206527,0.3796089,-2.204844,28.974815,28.974815368652344,0.5411275415896487
tensor(10483),"tensor(17168., dtype=torch.float64)",tensor(9),1,0,0,0,0,0.9584029,0.028428108,0.0023110248,0.22690637,0.015686499,1,0,0,0,0,1.0,0.0,0,0.06298578,0.22690636,0.18696181,-3.6203065,198.21657,1293.1351318359375,0.3710720887245841
tensor(10491),"tensor(17007., dtype=torch.float64)",tensor(9),1,0,0,0,0,0.8935246,0.024610301,0.0017411477,0.079554975,0.5071239,1,0,0,0,0,1.0,0.0,0,0.14105159,0.4928761,0.28761733,-2.9270613,142.85168,1352.007568359375,0.5170979667282809
tensor(10509),"tensor(5450., dtype=torch.float64)",tensor(9),1,0,0,0,0,0.9472213,0.026903844,0.012479711,0.06690818,0.15249331,1,0,0,0,0,1.0,0.0,0,0.06231278,0.1524933,0.2140222,-3.0394182,136.81537,1414.217041015625,0.38655268022181144
tensor(10529),"tensor(3175., dtype=torch.float64)",tensor(9),0,1,1,1,1,0.0017007726,0.5797421,0.92921036,0.9813741,0.79094326,0,1,1,1,1,1.0,0.0,0,0.14408618,0.42025793,0.31078854,-2.9132657,30.687424,30.687423706054688,0.4108133086876155
tensor(10535),"tensor(5145., dtype=torch.float64)",tensor(9),1,0,0,0,0,0.4682665,0.7584238,0.023448693,0.28551403,0.19323269,1,1,0,0,0,0.6666666666666666,0.33333333333333337,1,0.24240762,0.4682665,0.48883143,-1.4693574,32.364014,32.364013671875,0.7409889094269871
tensor(10549),"tensor(1218., dtype=torch.float64)",tensor(9),1,0,0,0,0,0.47370774,0.32948264,0.62326074,0.04491364,0.1620898,1,0,1,0,0,0.6666666666666666,0.33333333333333337,1,0.27738667,0.47370774,0.5228795,-1.2038047,65.18151,110.6927490234375,0.8368761552680222
tensor(10575),"tensor(19785., dtype=torch.float64)",tensor(9),0,0,1,0,0,0.6086361,0.03578428,0.74078584,0.00860233,0.031229218,1,0,1,0,0,0.6666666666666666,0.33333333333333337,1,0.14523876,0.39136392,0.31687185,-2.5934405,177.58261,177.61679077148438,0.5878003696857671
tensor(10595),"tensor(16144., dtype=torch.float64)",tensor(9),1,0,0,0,0,0.97653425,0.010704135,0.002796244,0.06251036,0.055859707,1,0,0,0,0,1.0,0.0,0,0.031067193,0.06251037,0.12778437,-3.9333625,198.73926,1267.3677978515625,0.31353974121996303
tensor(10605),"tensor(11139., dtype=torch.float64)",tensor(9),0,0,0,0,0,0.0024916728,0.94181556,0.046137854,0.87343013,0.06945516,0,1,0,1,0,0.0,1.0,1,0.060567737,0.12656987,0.21167831,-3.266421,30.247063,30.24706268310547,0.2402957486136784
tensor(10609),"tensor(2817., dtype=torch.float64)",tensor(9),0,1,1,0,1,0.001950458,0.9663743,0.8547224,0.19911057,0.7263085,0,1,1,0,1,1.0,0.0,0,0.13073123,0.27369148,0.33234784,-2.7471929,35.83808,35.83808135986328,0.43761552680221816
tensor(10621),"tensor(524., dtype=torch.float64)",tensor(9),1,0,0,0,0,0.28752646,0.04409515,0.8749745,0.105757594,0.37711263,0,0,1,0,0,0.0,1.0,1,0.1879034,0.37711263,0.43153492,-1.7132124,56.923027,147.59185791015625,0.7065619223659889
tensor(10627),"tensor(14290., dtype=torch.float64)",tensor(9),1,0,0,0,0,0.97294384,0.008297171,0.023816658,0.08411691,0.0136755975,1,0,0,0,0,1.0,0.0,0,0.031392455,0.084116936,0.12918182,-3.7490482,211.49815,1507.9556884765625,0.3271719038817006
tensor(10641),"tensor(20211., dtype=torch.float64)",tensor(9),1,0,0,0,0,0.96531016,0.029546514,0.0016870573,0.074799836,0.08346718,1,0,0,0,0,1.0,0.0,0,0.04483807,0.083467185,0.16986835,-3.6224442,166.67732,1189.767578125,0.33664510166358597
tensor(10643),"tensor(5972., dtype=torch.float64)",tensor(9),0,0,1,0,0,0.6311467,0.06487302,0.6352205,0.1281443,0.032073442,1,0,1,0,0,0.6666666666666666,0.33333333333333337,1,0.19174469,0.36885327,0.41587058,-1.8169329,120.48754,174.59616088867188,0.7504621072088725
tensor(10653),"tensor(924., dtype=torch.float64)",tensor(9),1,0,0,0,0,0.9431316,0.035503183,0.03602159,0.029351668,0.1539959,1,0,0,0,0,1.0,0.0,0,0.062348187,0.15399587,0.21775779,-2.9199226,123.34543,1463.448974609375,0.39209796672828096
tensor(10695),"tensor(17440., dtype=torch.float64)",tensor(9),0,0,0,1,1,0.57312804,0.58110005,0.0157902,0.41822225,0.31768498,1,1,0,0,0,0.0,1.0,1,0.3194939,0.42687196,0.549668,-1.1697743,42.32798,42.327980041503906,0.8107670979667283
tensor(10711),"tensor(6815., dtype=torch.float64)",tensor(9),1,0,0,0,0,0.54369617,0.1469205,0.32400566,0.13599646,0.7253308,1,0,0,0,1,0.6666666666666666,0.33333333333333337,1,0.26757908,0.45630383,0.5443964,-1.097925,30.366377,30.366376876831055,0.7684842883548983
tensor(10749),"tensor(1203., dtype=torch.float64)",tensor(9),1,0,0,0,0,0.92907375,0.1370936,0.002553735,0.07422492,0.1062666,1,0,0,0,0,1.0,0.0,0,0.078213036,0.1370936,0.25530964,-3.0065637,120.051636,1150.7996826171875,0.4154343807763401
tensor(10761),"tensor(20664., dtype=torch.float64)",tensor(9),0,1,0,0,1,0.08281156,0.92739034,0.1913142,0.42857692,0.47033447,0,1,0,0,0,0.6666666666666666,0.33333333333333337,1,0.24912941,0.47033447,0.4816679,-1.3599951,16.980297,16.980297088623047,0.6943160813308688
tensor(10763),"tensor(6426., dtype=torch.float64)",tensor(9),0,0,1,0,1,0.009816262,0.53008145,0.9415739,0.42602926,0.8713503,0,1,1,0,1,0.8,0.19999999999999996,1,0.21856797,0.46991855,0.40701637,-1.9450266,11.812729,11.812728881835938,0.5831792975970425
tensor(10775),"tensor(344., dtype=torch.float64)",tensor(9),0,0,0,1,0,0.23529929,0.7911851,0.0018597116,0.8694423,0.05187794,0,1,0,1,0,0.6666666666666666,0.33333333333333337,1,0.12568188,0.23529929,0.33259743,-2.7195618,81.33281,81.33280944824219,0.506007393715342
tensor(10783),"tensor(5960., dtype=torch.float64)",tensor(9),1,0,0,0,0,0.77784336,0.044100158,0.31950486,0.11665983,0.320163,1,0,0,0,0,1.0,0.0,0,0.20451689,0.320163,0.46481824,-1.5725703,62.31436,1809.2105712890625,0.7557763401109057
tensor(10867),"tensor(19906., dtype=torch.float64)",tensor(9),0,1,0,0,0,0.011863446,0.851286,0.87278956,0.17108822,0.3773857,0,1,1,0,0,0.6666666666666666,0.33333333333333337,1,0.16725236,0.37738574,0.39725944,-2.0343056,39.00258,39.00257873535156,0.6012014787430684
tensor(10873),"tensor(21528., dtype=torch.float64)",tensor(9),0,1,0,0,0,0.04800431,0.4376589,0.92308706,0.06333637,0.30685663,0,0,1,0,0,0.0,1.0,1,0.18655378,0.4376589,0.40034562,-1.8463418,53.579475,121.48544311523438,0.6714417744916821
tensor(10881),"tensor(13043., dtype=torch.float64)",tensor(9),0,1,0,0,0,0.00318666,0.93925905,0.8111484,0.8117192,0.64888424,0,1,1,1,0,0.5,0.5,1,0.15843517,0.35111576,0.37338215,-2.4033818,27.172316,29.465303421020508,0.5041589648798521
tensor(10919),"tensor(20855., dtype=torch.float64)",tensor(9),0,1,0,0,0,0.31839836,0.605872,0.5068046,0.33784497,0.32651547,0,1,0,0,0,1.0,0.0,0,0.3740164,0.4931954,0.65210974,-0.5230511,40.643185,40.643184661865234,0.8359519408502771
tensor(10987),"tensor(2017., dtype=torch.float64)",tensor(9),1,0,0,1,0,0.80386573,0.35342348,0.0074897814,0.1700495,0.188098,1,0,0,0,0,0.6666666666666666,0.33333333333333337,1,0.18303901,0.35342348,0.42561454,-1.9898096,68.47604,1330.7220458984375,0.6899260628465804
tensor(10995),"tensor(9936., dtype=torch.float64)",tensor(9),0,1,0,1,0,0.0003145096,0.9439143,0.5394723,0.9952402,0.81663305,0,1,0,1,1,0.8,0.19999999999999996,1,0.14101094,0.46052772,0.28311992,-3.576405,33.212555,33.212554931640625,0.35281885397412205
tensor(11023),"tensor(9936., dtype=torch.float64)",tensor(9),0,1,1,1,0,0.0014854196,0.9268087,0.6128143,0.9876302,0.5688302,0,1,1,1,0,1.0,0.0,0,0.18108046,0.4311698,0.33814317,-2.8331065,21.617804,21.6178035736084,0.44801293900184846
tensor(11045),"tensor(9439., dtype=torch.float64)",tensor(9),0,0,0,1,0,0.006625933,0.7846626,0.20036694,0.9930534,0.6215306,0,1,0,1,0,0.6666666666666666,0.33333333333333337,1,0.16154927,0.3784694,0.35329038,-2.6291487,9.181587,9.181587219238281,0.4242144177449168
tensor(11049),"tensor(3685., dtype=torch.float64)",tensor(9),1,0,0,0,0,0.95340353,0.056093622,0.014444457,0.05771473,0.028897978,1,0,0,0,0,1.0,0.0,0,0.04074943,0.0577147,0.16630402,-3.274374,140.52615,1358.385986328125,0.33849353049907577
tensor(11061),"tensor(15571., dtype=torch.float64)",tensor(9),0,1,0,0,1,0.022041498,0.9521856,0.17337348,0.2277761,0.81209326,0,1,0,0,1,1.0,0.0,0,0.13178241,0.22777611,0.35577083,-2.2060914,30.30921,30.3092098236084,0.49052680221811457
tensor(11069),"tensor(9534., dtype=torch.float64)",tensor(9),1,0,0,0,0,0.7541569,0.09534055,0.11535257,0.17100354,0.536392,1,0,0,0,0,1.0,0.0,0,0.21822959,0.46360803,0.47559533,-1.4265127,47.74472,1768.7943115234375,0.7636321626617375
tensor(11079),"tensor(11908., dtype=torch.float64)",tensor(9),1,0,0,0,0,0.8997513,0.4430679,0.0024903778,0.014556305,0.0030873604,1,0,0,0,0,1.0,0.0,0,0.11269015,0.4430679,0.22532909,-3.6816852,195.87999,1034.30322265625,0.4295286506469501
tensor(11133),"tensor(12331., dtype=torch.float64)",tensor(9),0,0,1,0,0,0.004791364,0.51234555,0.96403086,0.391051,0.8953579,0,1,1,0,1,0.5,0.5,1,0.20482165,0.48765445,0.37650162,-2.252713,15.414705,15.414705276489258,0.5277264325323475
tensor(11179),"tensor(15488., dtype=torch.float64)",tensor(9),0,1,0,0,0,0.5222913,0.3833866,0.54167026,0.2635903,0.3906299,1,0,0,0,0,0.0,1.0,1,0.39472902,0.4777087,0.6586658,-0.4407094,41.99672,1945.3951416015625,0.8401109057301294
tensor(11201),"tensor(20037., dtype=torch.float64)",tensor(9),0,0,1,0,0,0.010096862,0.37778988,0.9741285,0.04646597,0.04450291,0,0,1,0,0,1.0,0.0,0,0.10094535,0.37778986,0.24189535,-2.9601705,136.32507,175.5395965576172,0.4417744916820703
tensor(11225),"tensor(20691., dtype=torch.float64)",tensor(9),1,0,0,0,0,0.9197809,0.040078163,0.06270418,0.09182003,0.10602695,1,0,0,0,0,1.0,0.0,0,0.07616967,0.10602695,0.26533931,-2.5487123,104.05175,1593.28515625,0.45009242144177447
tensor(11235),"tensor(10078., dtype=torch.float64)",tensor(9),0,1,0,1,1,0.07902071,0.3823986,0.46764216,0.9188985,0.7867737,0,0,0,1,1,0.8,0.19999999999999996,1,0.24467784,0.4676422,0.48646006,-1.3595563,16.383137,16.383136749267578,0.6913123844731978
tensor(11245),"tensor(20464., dtype=torch.float64)",tensor(9),1,0,0,0,0,0.93908536,0.04945963,0.07988882,0.08746274,0.017890625,1,0,0,0,0,1.0,0.0,0,0.059123218,0.08746272,0.21824713,-2.8971214,150.45975,1551.8380126953125,0.4080406654343808
tensor(11293),"tensor(21175., dtype=torch.float64)",tensor(9),0,1,1,0,0,0.004083613,0.56602836,0.9725514,0.29123423,0.12902725,0,1,1,0,0,1.0,0.0,0,0.17715311,0.43397164,0.36489707,-2.4257874,85.22121,87.95683288574219,0.6243068391866913
tensor(11303),"tensor(14859., dtype=torch.float64)",tensor(9),0,1,0,1,1,0.0004604946,0.9683024,0.07621509,0.9964071,0.67262095,0,1,0,1,0,0.8,0.19999999999999996,1,0.08786905,0.32737905,0.21402732,-3.9884484,28.737698,28.73769760131836,0.21926987060998152
tensor(11331),"tensor(12114., dtype=torch.float64)",tensor(9),1,0,0,0,0,0.8429864,0.034580097,0.005576558,0.31010115,0.3876672,1,0,0,0,0,1.0,0.0,0,0.17898768,0.38766718,0.3812754,-2.2900538,90.37352,1543.347900390625,0.6554990757855823
tensor(11333),"tensor(11908., dtype=torch.float64)",tensor(9),1,0,0,0,0,0.957797,0.08473069,0.008598223,0.054294113,0.013630365,1,0,0,0,0,1.0,0.0,0,0.040691257,0.084730685,0.15951377,-3.4777389,168.36057,1259.5986328125,0.3410351201478743
tensor(11369),"tensor(15677., dtype=torch.float64)",tensor(9),1,0,0,0,0,0.97829616,0.0030360578,0.0006415894,0.23888639,0.05118306,1,0,0,0,0,1.0,0.0,0,0.063090205,0.23888636,0.176473,-4.206401,262.61792,1349.95263671875,0.3567467652495379
tensor(11397),"tensor(14859., dtype=torch.float64)",tensor(9),0,1,0,1,1,0.0010336546,0.9812174,0.1073467,0.9770842,0.051652428,0,1,0,1,0,0.8,0.19999999999999996,1,0.040346265,0.10734671,0.15097308,-3.92211,43.39215,43.39215087890625,0.20771719038817005
tensor(11405),"tensor(9162., dtype=torch.float64)",tensor(9),0,0,1,0,0,0.26405662,0.15842517,0.82457197,0.028104763,0.29217622,0,0,1,0,0,1.0,0.0,0,0.18363822,0.29217625,0.4421752,-1.7341528,63.865997,113.76072692871094,0.7171903881700554
tensor(11433),"tensor(11719., dtype=torch.float64)",tensor(9),1,0,0,1,0,0.18282682,0.09943393,0.003757177,0.99213445,0.504906,0,0,0,1,0,0.6666666666666666,0.33333333333333337,1,0.15779543,0.495094,0.312653,-2.8276324,45.670296,45.67029571533203,0.47134935304990755
tensor(11473),"tensor(20855., dtype=torch.float64)",tensor(9),1,0,0,0,0,0.72261447,0.6204029,0.0031736193,0.015093269,0.0022615755,1,1,0,0,0,0.6666666666666666,0.33333333333333337,1,0.13550222,0.37959713,0.27401358,-3.4932315,188.83809,205.42138671875,0.4856746765249538
tensor(11505),"tensor(8637., dtype=torch.float64)",tensor(9),0,0,1,0,1,0.01141313,0.20193356,0.97733307,0.02219471,0.67198277,0,0,1,0,0,0.6666666666666666,0.33333333333333337,1,0.11724508,0.32801723,0.2825883,-2.8204622,63.374035,129.24740600585938,0.4299907578558225
tensor(11519),"tensor(16802., dtype=torch.float64)",tensor(9),1,0,0,0,0,0.37612143,0.5723733,0.491952,0.065277666,0.34621263,0,1,0,0,0,0.0,1.0,1,0.34143806,0.491952,0.584821,-0.8254215,45.218246,45.21824645996094,0.8354898336414047
tensor(11527),"tensor(20074., dtype=torch.float64)",tensor(9),0,1,0,1,0,0.0014167177,0.97164863,0.0032933971,0.99765307,0.22806382,0,1,0,1,0,1.0,0.0,0,0.0526945,0.22806382,0.14305301,-4.615288,64.51366,64.51365661621094,0.22643253234750463
tensor(11529),"tensor(15795., dtype=torch.float64)",tensor(9),0,0,0,1,0,0.004908549,0.46808806,0.0687104,0.9981438,0.7275857,0,0,0,1,1,0.6666666666666666,0.33333333333333337,1,0.16319549,0.46808803,0.3143135,-3.0632286,16.472206,16.472206115722656,0.3747689463955637
tensor(11541),"tensor(8637., dtype=torch.float64)",tensor(9),0,0,1,0,0,0.011574449,0.52103186,0.9626931,0.017906064,0.15240954,0,1,1,0,0,0.6666666666666666,0.33333333333333337,1,0.13963306,0.47896814,0.28626165,-2.700484,103.79367,103.79367065429688,0.5110905730129389
tensor(11671),"tensor(9821., dtype=torch.float64)",tensor(9),0,1,0,0,0,0.9851092,0.010565663,0.019701798,0.008567419,0.010550265,1,0,0,0,0,0.0,1.0,1,0.012855172,0.019701779,0.0681422,-4.3861723,233.8507,1335.868408203125,0.2728743068391867
tensor(11685),"tensor(10021., dtype=torch.float64)",tensor(9),0,0,1,0,0,0.5846405,0.3953016,0.47542167,0.12959895,0.08580513,1,0,0,0,0,0.0,1.0,1,0.30029738,0.47542167,0.5440192,-1.02716,60.963356,1817.9476318359375,0.8440388170055453
tensor(11693),"tensor(10172., dtype=torch.float64)",tensor(9),1,0,0,0,0,0.9856586,0.0047266483,0.0002043654,0.1870464,0.024036892,1,0,0,0,0,1.0,0.0,0,0.04607117,0.18704641,0.14046952,-4.6497006,349.64334,1174.60595703125,0.3313308687615527
tensor(11773),"tensor(19270., dtype=torch.float64)",tensor(9),0,1,0,0,0,0.07874131,0.93082905,0.007157521,0.37876046,0.017284278,0,1,0,0,0,1.0,0.0,0,0.110222936,0.37876046,0.2640775,-2.9053624,64.845566,64.84556579589844,0.4117375231053605
tensor(11783),"tensor(18381., dtype=torch.float64)",tensor(9),1,0,0,0,0,0.99015737,0.00385747,0.005570884,0.020938456,0.011384907,1,0,0,0,0,1.0,0.0,0,0.010318875,0.020938456,0.05579545,-4.731732,296.95865,1280.296875,0.2694085027726432
tensor(11791),"tensor(3007., dtype=torch.float64)",tensor(9),1,0,0,0,0,0.99862576,0.0009768188,8.849967e-05,0.010001646,0.0009456267,1,0,0,0,0,1.0,0.0,0,0.0026773214,0.010001659,0.016525988,-6.881752,673.43665,1037.4765625,0.2548521256931608
tensor(11797),"tensor(13293., dtype=torch.float64)",tensor(9),1,0,0,0,0,0.9789079,0.00976263,0.021873645,0.019154554,0.021776753,1,0,0,0,0,1.0,0.0,0,0.018731952,0.021873653,0.09240349,-3.9996097,200.4888,1417.22021484375,0.2897412199630314
tensor(11823),"tensor(11996., dtype=torch.float64)",tensor(9),0,1,1,1,0,0.017749472,0.78705776,0.77524567,0.84033793,0.6040157,0,1,1,1,0,1.0,0.0,0,0.20221841,0.3959843,0.45005876,-1.7283827,22.246243,28.285688400268555,0.6397874306839186
tensor(11825),"tensor(7918., dtype=torch.float64)",tensor(9),1,0,0,0,0,0.98825896,0.013214897,0.0007794219,0.02799585,0.015326922,1,0,0,0,0,1.0,0.0,0,0.013811588,0.027995825,0.06949328,-4.722428,251.82506,1062.63818359375,0.2710258780036969
tensor(11839),"tensor(15034., dtype=torch.float64)",tensor(9),0,1,0,0,0,0.5085586,0.8093855,0.0011584042,0.05168328,0.026809573,1,1,0,0,0,0.6666666666666666,0.33333333333333337,1,0.15234149,0.49144143,0.3032031,-2.9482377,103.85043,113.99983215332031,0.5187153419593346
tensor(11865),"tensor(20063., dtype=torch.float64)",tensor(9),0,0,0,0,0,0.00019529762,0.008110534,0.0008976772,0.028460812,0.00202822,0,0,0,0,0,1.0,0.0,0,0.007938504,0.0284608,0.04002752,-6.0181923,340.44095,340.4409484863281,0.25670055452865065
tensor(11871),"tensor(18724., dtype=torch.float64)",tensor(9),0,1,0,0,0,0.544113,0.65089095,0.0045816824,0.091811754,0.59620374,1,1,0,0,0,0.6666666666666666,0.33333333333333337,1,0.26103717,0.45588702,0.4693242,-1.7724699,65.65863,68.5221176147461,0.7818853974121996
tensor(11873),"tensor(15280., dtype=torch.float64)",tensor(9),0,0,0,0,1,0.94978034,0.0065106046,0.01305963,0.06902503,0.26446414,1,0,0,0,0,0.0,1.0,1,0.08065587,0.26446414,0.22736827,-3.1834712,154.10529,1541.12255859375,0.4073475046210721
tensor(11879),"tensor(15704., dtype=torch.float64)",tensor(9),0,0,0,0,0,7.7368015e-05,0.005132243,8.650303e-05,0.06987077,0.0013473801,0,0,0,0,0,1.0,0.0,0,0.015302837,0.06987077,0.059487898,-6.657219,425.5443,425.5443115234375,0.2737985212569316
tensor(11883),"tensor(15317., dtype=torch.float64)",tensor(9),0,1,1,0,0,0.002045137,0.8078864,0.8561768,0.97553605,0.7540778,0,1,1,1,1,0.6666666666666666,0.33333333333333337,1,0.121673584,0.24592221,0.3177143,-2.8433473,27.03362,27.033620834350586,0.3793900184842883
tensor(11889),"tensor(19458., dtype=torch.float64)",tensor(9),0,0,0,1,0,0.003658793,0.23400627,0.31016183,0.9965306,0.8241745,0,0,0,1,1,0.6666666666666666,0.33333333333333337,1,0.14542437,0.31016183,0.33511993,-2.9594674,25.189362,25.189361572265625,0.4054990757855822
tensor(11891),"tensor(16321., dtype=torch.float64)",tensor(9),1,0,0,0,0,0.98396295,0.0146248005,0.01502114,0.011244084,0.011577778,1,0,0,0,0,1.0,0.0,0,0.013700962,0.016037047,0.07224803,-4.286757,212.70837,1321.0618896484375,0.2737985212569316
tensor(11911),"tensor(12403., dtype=torch.float64)",tensor(9),0,0,0,0,0,0.00047477733,0.8399676,0.89229906,0.9851841,0.88130945,0,1,1,1,1,0.0,1.0,1,0.08034289,0.16003239,0.24538636,-3.5253277,32.435806,32.43580627441406,0.2680221811460259
tensor(11915),"tensor(12403., dtype=torch.float64)",tensor(9),0,0,0,0,0,0.0024600776,0.8964225,0.27687782,0.99177414,0.6410599,0,1,0,1,0,0.0,1.0,1,0.15001631,0.35894012,0.32811505,-2.899075,12.773425,12.773425102233887,0.37268946395563773
tensor(11921),"tensor(14359., dtype=torch.float64)",tensor(9),1,0,0,0,0,0.94089174,0.029246302,0.00095465715,0.2739907,0.1099785,1,0,0,0,0,1.0,0.0,0,0.09465569,0.2739907,0.25957406,-3.257682,170.05025,1281.8076171875,0.43784658040665436
tensor(11941),"tensor(11811., dtype=torch.float64)",tensor(9),1,0,0,0,0,0.7966311,0.10303167,0.015337622,0.22242199,0.4653836,1,0,0,0,0,1.0,0.0,0,0.20190877,0.4653836,0.4273455,-1.8163278,68.82218,1569.5352783203125,0.7234288354898336
tensor(11947),"tensor(10077., dtype=torch.float64)",tensor(9),0,0,1,0,1,0.026129737,0.121236816,0.96643025,0.027942564,0.76581854,0,0,1,0,1,1.0,0.0,0,0.08861208,0.23418146,0.2618275,-2.738614,53.229313,53.229312896728516,0.3819316081330869
tensor(11949),"tensor(15545., dtype=torch.float64)",tensor(9),0,0,1,0,0,0.80841523,0.2546768,0.2251734,0.08651302,0.113198,1,0,0,0,0,0.0,1.0,1,0.17422926,0.25467682,0.44737014,-1.632959,65.074356,1695.500732421875,0.7188077634011091
tensor(11951),"tensor(16130., dtype=torch.float64)",tensor(9),1,0,0,0,0,0.9452285,0.0096499035,0.0016772513,0.06295925,0.34639078,1,0,0,0,0,1.0,0.0,0,0.09508973,0.34639078,0.23186603,-3.4406936,180.26633,1351.24560546875,0.4186691312384473
tensor(11959),"tensor(359., dtype=torch.float64)",tensor(9),1,0,0,0,0,0.03907329,0.60005575,0.3982926,0.90942067,0.80194247,0,1,0,1,1,0.0,1.0,1,0.22518939,0.39994425,0.46237284,-1.5451603,15.2267885,15.226788520812988,0.6538817005545287
tensor(11963),"tensor(3204., dtype=torch.float64)",tensor(9),0,1,0,1,0,0.002492378,0.77786034,0.011779607,0.9981799,0.8526023,0,1,0,1,1,0.8,0.19999999999999996,1,0.07712585,0.22213966,0.20850596,-3.9473948,42.128513,42.12851333618164,0.2493068391866913
tensor(11969),"tensor(5051., dtype=torch.float64)",tensor(9),0,1,0,0,0,0.34052202,0.26482192,0.7058828,0.06770032,0.69484615,0,0,1,0,0,0.0,1.0,1,0.25446308,0.34052205,0.5376072,-1.2005866,30.727495,111.23776245117188,0.7622458410351203
tensor(11989),"tensor(18210., dtype=torch.float64)",tensor(9),1,0,0,0,0,0.8811044,0.07940475,0.060209587,0.2736995,0.095262185,1,0,0,0,0,1.0,0.0,0,0.1254943,0.27369952,0.3542052,-2.0856328,80.52753,1612.22998046875,0.5787892791127542
tensor(11997),"tensor(6971., dtype=torch.float64)",tensor(9),0,0,1,0,0,0.021017883,0.33829194,0.8591299,0.9457321,0.47385308,0,0,1,1,0,0.6666666666666666,0.33333333333333337,1,0.20566022,0.4738531,0.4102169,-1.8565695,32.589138,32.58913803100586,0.6478743068391867
tensor(12011),"tensor(2215., dtype=torch.float64)",tensor(9),0,0,0,1,0,0.018119965,0.25430948,0.0062416345,0.9986504,0.5951901,0,0,0,1,0,1.0,0.0,0,0.13696611,0.4048099,0.27614763,-3.4260967,31.092733,31.09273338317871,0.3454251386321627
tensor(12035),"tensor(5976., dtype=torch.float64)",tensor(9),0,1,1,0,0,0.0045335745,0.85831535,0.91793233,0.31152958,0.47668102,0,1,1,0,0,1.0,0.0,0,0.20329934,0.476681,0.40663323,-2.0987942,35.240646,40.34220886230469,0.6275415896487985
tensor(12073),"tensor(4161., dtype=torch.float64)",tensor(9),1,0,0,0,0,0.9883542,0.0021470229,0.0009301486,0.09072478,0.036944415,1,0,0,0,0,1.0,0.0,0,0.028478444,0.090724766,0.10970239,-4.6254745,308.51068,1294.385986328125,0.3049907578558225
tensor(12085),"tensor(658., dtype=torch.float64)",tensor(9),0,0,0,0,0,0.041951306,0.047052417,0.092169076,0.33251932,0.32175803,0,0,0,0,0,1.0,0.0,0,0.16709006,0.3325193,0.38710067,-1.9733274,56.800194,56.800193786621094,0.6349353049907579
tensor(12115),"tensor(17825., dtype=torch.float64)",tensor(9),1,0,0,0,0,0.96658885,0.027720599,0.014956067,0.027573042,0.05592218,1,0,0,0,0,1.0,0.0,0,0.03191662,0.05592215,0.13852617,-3.499825,142.23062,1345.9129638671875,0.31215341959334564
tensor(12123),"tensor(14146., dtype=torch.float64)",tensor(9),1,0,0,0,0,0.99418616,0.0027355407,0.0021152464,0.023567699,0.0039309817,1,0,0,0,0,1.0,0.0,0,0.007632613,0.023567677,0.04141041,-5.2911577,384.85007,1224.0965576171875,0.26247689463955637
tensor(12131),"tensor(9054., dtype=torch.float64)",tensor(9),0,0,1,0,1,0.06406324,0.21363771,0.92784894,0.033155788,0.61753225,0,0,1,0,0,0.6666666666666666,0.33333333333333337,1,0.15309513,0.38246775,0.3653429,-2.0781655,44.850487,116.46991729736328,0.5709334565619224
tensor(12145),"tensor(9895., dtype=torch.float64)",tensor(9),0,1,0,0,0,0.7675193,0.15075913,0.29461852,0.26161465,0.020763576,1,0,0,0,0,0.0,1.0,1,0.1920473,0.2946185,0.4496501,-1.737448,104.438644,1746.833740234375,0.7689463955637709
tensor(12151),"tensor(5289., dtype=torch.float64)",tensor(9),0,1,1,1,0,0.0034040746,0.9324425,0.7595245,0.912365,0.62477815,0,1,1,1,0,1.0,0.0,0,0.15485877,0.37522185,0.35607058,-2.4614027,29.147785,29.898456573486328,0.48844731977818856
tensor(12167),"tensor(6286., dtype=torch.float64)",tensor(9),0,1,0,1,0,0.009349498,0.8016624,0.6066469,0.95971966,0.22335781,0,1,1,1,0,0.8,0.19999999999999996,1,0.17293566,0.3933531,0.38425267,-2.1819954,23.554974,23.554973602294922,0.5374306839186691
tensor(12171),"tensor(9970., dtype=torch.float64)",tensor(9),1,0,0,0,0,0.9201504,0.068527065,0.007889868,0.32934493,0.013313054,1,0,0,0,0,1.0,0.0,0,0.09978497,0.32934493,0.25574273,-2.9809883,154.67989,1383.876708984375,0.4558687615526802
tensor(12173),"tensor(13066., dtype=torch.float64)",tensor(9),0,1,0,0,0,0.00087900506,0.9946143,0.48137328,0.7384304,0.12217389,0,1,0,1,0,0.6666666666666666,0.33333333333333337,1,0.17427623,0.4813733,0.3357899,-3.0677664,28.967218,28.96721839904785,0.44708872458410354
tensor(12191),"tensor(17566., dtype=torch.float64)",tensor(9),0,1,0,0,0,0.29030755,0.20646979,0.85027057,0.022344021,0.06520369,0,0,1,0,0,0.0,1.0,1,0.14681089,0.29030752,0.37639722,-2.083673,109.3421,142.30520629882812,0.6478743068391867
tensor(12209),"tensor(10632., dtype=torch.float64)",tensor(9),0,1,0,0,0,0.014491438,0.6080654,0.90271384,0.40879053,0.7885779,0,1,1,0,1,0.5,0.5,1,0.22478497,0.40879053,0.451336,-1.7143757,12.539975,12.5399751663208,0.6314695009242144
tensor(12253),"tensor(9743., dtype=torch.float64)",tensor(9),1,0,0,0,0,0.8680838,0.01874804,0.0011949156,0.59879154,0.19543554,1,0,0,0,0,1.0,0.0,0,0.14970064,0.40120846,0.3319765,-2.8771698,129.35934,1457.219482421875,0.5552218114602587
tensor(12261),"tensor(19080., dtype=torch.float64)",tensor(9),1,0,0,0,0,0.982634,0.01407863,0.0045545697,0.028862124,0.021853525,1,0,0,0,0,1.0,0.0,0,0.017342925,0.028862119,0.0853266,-4.1977882,203.20587,1231.30615234375,0.28049907578558225
tensor(12263),"tensor(8090., dtype=torch.float64)",tensor(9),1,0,0,0,0,0.9113845,0.032159213,0.002492181,0.36440983,0.11887916,1,0,0,0,0,1.0,0.0,0,0.12131119,0.3644098,0.295904,-2.8572981,121.02249,1406.225341796875,0.4905268022181146
tensor(12269),"tensor(1234., dtype=torch.float64)",tensor(9),0,0,1,0,1,0.011607302,0.09783505,0.97523934,0.20105846,0.9249529,0,0,1,0,1,1.0,0.0,0,0.08206165,0.20105845,0.2535922,-2.846141,33.03663,33.03662872314453,0.3218576709796673
tensor(12271),"tensor(17468., dtype=torch.float64)",tensor(9),1,0,0,0,0,0.81905895,0.004329882,0.2883553,0.02161668,0.5304262,1,0,0,0,0,1.0,0.0,0,0.1929633,0.4695738,0.37938702,-2.3571076,129.08467,1782.9600830078125,0.6857670979667283
tensor(12305),"tensor(19763., dtype=torch.float64)",tensor(9),0,0,1,0,0,0.060703333,0.5039051,0.86964554,0.093209155,0.6854399,0,0,1,0,0,1.0,0.0,0,0.21898437,0.49609488,0.44833526,-1.5413067,25.14061,114.15025329589844,0.6769870609981515
tensor(12311),"tensor(2026., dtype=torch.float64)",tensor(9),0,0,0,0,1,0.9359582,0.011046158,0.0084646195,0.045163706,0.3753346,1,0,0,0,0,0.0,1.0,1,0.10081017,0.37533462,0.23865552,-3.100121,147.12369,1482.4698486328125,0.4350739371534196
tensor(12321),"tensor(3292., dtype=torch.float64)",tensor(9),1,0,0,0,0,0.98520494,0.011436502,0.019155312,0.020480432,0.003717217,1,0,0,0,0,1.0,0.0,0,0.01391685,0.020480454,0.071733996,-4.4104958,275.92447,1380.634033203125,0.2816543438077634
tensor(12357),"tensor(5461., dtype=torch.float64)",tensor(9),1,0,0,0,0,0.9879567,0.022941904,0.0020760936,0.009639769,0.0091794925,1,0,0,0,0,1.0,0.0,0,0.011176109,0.022941887,0.059180923,-4.7295275,244.61192,1058.12060546875,0.26409426987060997
tensor(12361),"tensor(2262., dtype=torch.float64)",tensor(9),1,0,0,0,0,0.8222097,0.42595643,0.002318918,0.07222261,0.002272161,1,0,0,0,0,1.0,0.0,0,0.13611203,0.42595643,0.28840062,-3.306376,210.72379,1124.5699462890625,0.5134011090573013
tensor(12363),"tensor(2264., dtype=torch.float64)",tensor(9),0,0,0,0,1,0.83420676,0.06442354,0.001999025,0.09248647,0.5916293,1,0,0,0,0,0.0,1.0,1,0.14661455,0.40837067,0.3374113,-2.6317737,117.9272,1351.5208740234375,0.5718576709796672
tensor(12441),"tensor(3680., dtype=torch.float64)",tensor(9),0,0,1,0,0,0.83437246,0.025748026,0.22781967,0.082140416,0.3062776,1,0,0,0,0,0.0,1.0,1,0.16152269,0.30627763,0.40104103,-1.9404217,78.81525,1756.764892578125,0.6689001848428835
tensor(12453),"tensor(4790., dtype=torch.float64)",tensor(9),1,0,0,0,0,0.89247745,0.39054835,0.00073152006,0.0105701145,0.025264889,1,0,0,0,0,1.0,0.0,0,0.106927514,0.39054835,0.2385582,-3.594562,124.4901,923.468994140625,0.39995378927911274
tensor(12455),"tensor(414., dtype=torch.float64)",tensor(9),1,0,0,0,0,0.9708674,0.011171581,0.0056319847,0.056187805,0.090073995,1,0,0,0,0,1.0,0.0,0,0.03843957,0.090074,0.14937474,-3.659417,175.33098,1356.168701171875,0.32809611829944546
tensor(12459),"tensor(13741., dtype=torch.float64)",tensor(9),0,0,0,1,0,0.60841143,0.1779434,0.04292734,0.8474712,0.06501444,1,0,0,1,0,0.6666666666666666,0.33333333333333337,1,0.16600049,0.39158857,0.3964941,-1.8912357,52.357914,52.357913970947266,0.6377079482439926
tensor(12465),"tensor(21107., dtype=torch.float64)",tensor(9),1,0,0,0,0,0.8088883,0.07968907,0.025355712,0.029899996,0.6254246,1,0,0,0,0,1.0,0.0,0,0.1401264,0.37457538,0.3359576,-2.306126,88.678825,1505.637939453125,0.5750924214417745
tensor(12469),"tensor(19728., dtype=torch.float64)",tensor(9),1,0,0,0,0,0.19386788,0.8959815,0.15027036,0.050516665,0.016228957,0,1,0,0,0,0.0,1.0,1,0.102980494,0.19386786,0.30635872,-2.469823,66.088615,66.08861541748047,0.46765249537892795
tensor(12493),"tensor(20738., dtype=torch.float64)",tensor(9),0,1,0,0,1,0.12477213,0.6485275,0.027878666,0.8818902,0.74102604,0,1,0,1,1,0.8,0.19999999999999996,1,0.1762414,0.3514725,0.4174184,-1.8347896,24.94624,24.946239471435547,0.5963493530499077
tensor(12499),"tensor(6396., dtype=torch.float64)",tensor(9),1,0,0,0,0,0.97039604,0.0026098446,0.0012422423,0.052193407,0.27125692,1,0,0,0,0,1.0,0.0,0,0.07138127,0.27125692,0.1900951,-4.002538,240.30313,1375.8992919921875,0.37130314232902034
tensor(12525),"tensor(359., dtype=torch.float64)",tensor(9),0,0,0,0,0,0.03181004,0.75473547,0.1372363,0.9319443,0.16638245,0,1,0,1,0,0.0,1.0,1,0.12974977,0.24526453,0.35933,-2.121309,16.439249,16.43924903869629,0.4470887245841035
tensor(12579),"tensor(4269., dtype=torch.float64)",tensor(9),1,0,0,0,0,0.7245036,0.2350177,0.0062358114,0.32290524,0.44291526,1,0,0,0,0,1.0,0.0,0,0.25651407,0.44291526,0.4974904,-1.6376173,63.39299,1466.414306640625,0.797365988909427
tensor(12583),"tensor(5961., dtype=torch.float64)",tensor(9),0,0,1,0,0,0.0015514503,0.40713444,0.9734028,0.8958514,0.9138842,0,0,1,1,1,0.5,0.5,1,0.1251095,0.4071344,0.28753066,-2.991359,23.068863,23.068862915039062,0.333641404805915
tensor(12615),"tensor(3872., dtype=torch.float64)",tensor(9),0,1,0,0,0,0.005299944,0.62721896,0.954087,0.17491922,0.7585513,0,1,1,0,1,0.5,0.5,1,0.1680724,0.37278104,0.37922463,-2.2969933,23.397469,23.39746856689453,0.5177911275415896
tensor(12645),"tensor(1961., dtype=torch.float64)",tensor(9),1,0,0,0,0,0.5134989,0.067053586,0.6160028,0.39220005,0.34559762,1,0,1,0,0,0.6666666666666666,0.33333333333333337,1,0.33506995,0.4865011,0.58382404,-0.8472003,46.85141,161.02438354492188,0.8375693160813309
tensor(12693),"tensor(5739., dtype=torch.float64)",tensor(9),0,0,1,0,0,0.017796103,0.66347075,0.9107703,0.28376007,0.62431294,0,1,1,0,0,0.6666666666666666,0.33333333333333337,1,0.22060043,0.37568706,0.4574349,-1.6892954,23.659775,50.28619384765625,0.6675138632162663
tensor(12741),"tensor(15976., dtype=torch.float64)",tensor(9),0,1,1,0,0,0.020480495,0.92712915,0.5991856,0.21835728,0.066514574,0,1,0,0,0,0.6666666666666666,0.33333333333333337,1,0.15580761,0.4008144,0.3607191,-2.145967,34.275295,34.27529525756836,0.5383548983364141
tensor(12753),"tensor(6261., dtype=torch.float64)",tensor(9),0,0,1,0,1,0.0087354155,0.40728614,0.96917456,0.15295514,0.5548615,0,0,1,0,0,0.6666666666666666,0.33333333333333337,1,0.20898807,0.4451385,0.39569563,-2.0973678,38.894142,133.63916015625,0.6342421441774492
tensor(12789),"tensor(11149., dtype=torch.float64)",tensor(9),1,0,0,0,0,0.8578153,0.47346678,0.0043245116,0.064677455,0.02972177,1,0,0,0,0,1.0,0.0,0,0.14287502,0.47346675,0.3003851,-2.6999595,112.89819,1148.118408203125,0.5311922365988909
tensor(12805),"tensor(21686., dtype=torch.float64)",tensor(9),1,0,0,0,0,0.9014151,0.24740511,0.013417848,0.08864924,0.0069272723,1,0,0,0,0,1.0,0.0,0,0.09099692,0.24740511,0.2586704,-2.9837575,153.71266,1299.9794921875,0.4461645101663586
tensor(12863),"tensor(10495., dtype=torch.float64)",tensor(9),0,0,1,0,0,0.893504,0.020564653,0.0069245114,0.15017577,0.42609113,1,0,0,0,0,0.0,1.0,1,0.14205039,0.42609113,0.31717688,-2.597445,114.53061,1538.368408203125,0.5526802218114603
tensor(12869),"tensor(13894., dtype=torch.float64)",tensor(9),0,0,0,0,0,0.0001251697,0.009930969,4.982683e-05,0.12563469,0.0013736887,0,0,0,0,0,1.0,0.0,0,0.027422905,0.12563467,0.0891813,-6.4047484,407.40125,407.4012451171875,0.291358595194085
tensor(12871),"tensor(14167., dtype=torch.float64)",tensor(9),0,1,1,0,1,0.016066598,0.7390275,0.5298008,0.9675542,0.6759407,0,1,0,1,0,0.4,0.6,1,0.22074866,0.47019923,0.42415705,-1.8810921,14.482854,14.482853889465332,0.6021256931608133
tensor(12873),"tensor(8770., dtype=torch.float64)",tensor(9),0,1,0,0,0,0.027115367,0.96633554,0.014505543,0.7926406,0.53912663,0,1,0,1,0,0.6666666666666666,0.33333333333333337,1,0.14870358,0.46087337,0.30962992,-2.5307178,26.218515,26.218515396118164,0.43022181146025873
tensor(12903),"tensor(1242., dtype=torch.float64)",tensor(9),0,0,1,0,0,0.01353868,0.5463925,0.93980896,0.21853086,0.5666743,0,1,1,0,0,0.6666666666666666,0.33333333333333337,1,0.23583877,0.4536075,0.4394588,-1.753075,29.06617,59.60655975341797,0.6799907578558225
tensor(12913),"tensor(17771., dtype=torch.float64)",tensor(9),1,0,0,0,0,0.98875976,0.0029923578,0.024296058,0.015989285,0.0040706424,1,0,0,0,0,1.0,0.0,0,0.011717677,0.024296045,0.060955774,-4.719617,335.15167,1456.1593017578125,0.2768022181146026
tensor(12947),"tensor(4622., dtype=torch.float64)",tensor(9),1,0,0,0,0,0.9508304,0.023140166,0.0005193556,0.4207292,0.024510492,1,0,0,0,0,1.0,0.0,0,0.103613734,0.42072916,0.22123305,-3.6541705,233.12067,1240.1875,0.4295286506469501
tensor(12965),"tensor(15797., dtype=torch.float64)",tensor(9),1,0,0,0,0,0.98088443,0.026757674,0.0048350464,0.053141773,0.0038646942,1,0,0,0,0,1.0,0.0,0,0.021542907,0.053141773,0.09629144,-4.258193,267.7142,1244.7685546875,0.29967652495378927
tensor(12973),"tensor(15118., dtype=torch.float64)",tensor(9),0,1,0,0,0,0.7291651,0.62878805,0.0011570255,0.09499387,0.054117102,1,1,0,0,0,0.6666666666666666,0.33333333333333337,1,0.158463,0.37121195,0.3554142,-2.678651,105.673325,110.79999542236328,0.5871072088724585
tensor(13013),"tensor(12125., dtype=torch.float64)",tensor(9),0,1,1,0,0,0.00020406494,0.96084243,0.88764447,0.9621726,0.8648159,0,1,1,1,1,0.6666666666666666,0.33333333333333337,1,0.06494582,0.13518411,0.21514168,-3.7712052,38.852707,38.85270690917969,0.24260628465804066
tensor(13029),"tensor(2363., dtype=torch.float64)",tensor(9),1,0,0,0,0,0.432489,0.09790195,0.23416163,0.2868306,0.8134411,0,0,0,0,1,0.0,1.0,1,0.24758846,0.43248904,0.5258385,-1.2121546,27.779346,27.779346466064453,0.7465341959334566
tensor(13041),"tensor(702., dtype=torch.float64)",tensor(9),0,0,1,1,0,0.002483786,0.8949342,0.92607725,0.21214871,0.74482054,0,1,1,0,1,0.4,0.6,1,0.12976009,0.25517946,0.34037298,-2.6097567,28.446457,28.446456909179688,0.43045286506469504
tensor(13051),"tensor(18138., dtype=torch.float64)",tensor(9),1,0,0,0,0,0.938434,0.076927595,0.0052456525,0.04209577,0.14416659,1,0,0,0,0,1.0,0.0,0,0.06600028,0.14416659,0.22444654,-3.0719898,108.69597,1269.490234375,0.38008317929759705
tensor(13069),"tensor(12204., dtype=torch.float64)",tensor(9),0,1,0,1,0,0.0009048881,0.9169059,0.2148959,0.9975789,0.6259879,0,1,0,1,0,1.0,0.0,0,0.13506567,0.3740121,0.29838747,-3.4479241,19.392712,19.392711639404297,0.3116913123844732
tensor(13073),"tensor(7003., dtype=torch.float64)",tensor(9),1,0,0,0,0,0.8021759,0.028730886,0.01919841,0.043816887,0.7115901,1,0,0,0,0,1.0,0.0,0,0.115596,0.2884099,0.3006377,-2.5680346,98.10983,1544.972412109375,0.5006931608133087
tensor(13099),"tensor(10047., dtype=torch.float64)",tensor(9),0,1,0,0,0,0.25856462,0.8095354,0.02310523,0.6838894,0.4894918,0,1,0,1,0,0.6666666666666666,0.33333333333333337,1,0.25554734,0.48949182,0.49703297,-1.4116999,31.651302,31.651302337646484,0.7513863216266173
tensor(13119),"tensor(2094., dtype=torch.float64)",tensor(9),1,0,0,0,0,0.7397929,0.10519073,0.002761274,0.7348865,0.1467827,1,0,0,1,0,0.6666666666666666,0.33333333333333337,1,0.1560111,0.26511347,0.3848133,-2.370929,78.16112,78.16111755371094,0.6092883548983363
tensor(13137),"tensor(18138., dtype=torch.float64)",tensor(9),0,0,1,0,0,0.7178193,0.15852293,0.48030442,0.059722997,0.09783436,1,0,0,0,0,0.0,1.0,1,0.21571308,0.48030442,0.45421752,-1.5319464,80.80693,1790.2506103515625,0.7855822550831792
tensor(13159),"tensor(20691., dtype=torch.float64)",tensor(9),0,1,0,0,0,0.39065468,0.40097365,0.61719686,0.012494234,0.20764959,0,0,1,0,0,0.0,1.0,1,0.2789151,0.40097368,0.5171723,-1.406541,77.142944,90.4491958618164,0.8421903881700554
tensor(13201),"tensor(11587., dtype=torch.float64)",tensor(9),0,0,1,1,0,0.0034930177,0.14130762,0.98425376,0.51521975,0.93363917,0,0,1,0,1,0.5,0.5,1,0.14233762,0.48478025,0.28967392,-2.8596253,32.27455,32.27455139160156,0.4015711645101664
tensor(13229),"tensor(18388., dtype=torch.float64)",tensor(9),1,0,0,0,0,0.03129719,0.9312584,0.6826169,0.023950867,0.029429981,0,1,1,0,0,0.0,1.0,1,0.09416056,0.3173831,0.2520542,-2.8015628,75.79676,75.79676055908203,0.4057301293900185
tensor(13281),"tensor(13547., dtype=torch.float64)",tensor(9),0,0,0,1,0,0.009286755,0.1430597,0.09189608,0.9981914,0.614773,0,0,0,1,0,1.0,0.0,0,0.12625569,0.38522702,0.28997466,-3.10629,23.431652,23.431652069091797,0.33109981515711645
tensor(13321),"tensor(19906., dtype=torch.float64)",tensor(9),0,0,1,1,0,0.022295887,0.26383924,0.9502857,0.390683,0.6367063,0,0,1,0,0,0.6666666666666666,0.33333333333333337,1,0.21796525,0.390683,0.44117895,-1.7525845,24.520508,144.95677185058594,0.6534195933456562
tensor(13329),"tensor(21176., dtype=torch.float64)",tensor(9),0,1,0,0,0,0.012759188,0.9868051,0.10556045,0.13027334,0.07324719,0,1,0,0,0,1.0,0.0,0,0.067007065,0.13027334,0.22490737,-3.0473225,26.027943,26.027942657470703,0.256007393715342
tensor(13345),"tensor(11725., dtype=torch.float64)",tensor(9),0,1,0,0,0,0.06939757,0.83215094,0.6111685,0.29591364,0.1080645,0,1,1,0,0,0.6666666666666666,0.33333333333333337,1,0.2060113,0.3888315,0.4645142,-1.5253309,34.327995,34.32799530029297,0.7091035120147875
tensor(13417),"tensor(20901., dtype=torch.float64)",tensor(9),0,1,0,0,0,0.0021538385,0.9946556,0.38301677,0.21153377,0.10901821,0,1,0,0,0,1.0,0.0,0,0.14221346,0.38301677,0.31492573,-3.0515957,28.103334,28.103334426879883,0.3914048059149723
tensor(13427),"tensor(8047., dtype=torch.float64)",tensor(9),1,0,0,0,0,0.9771937,0.008796288,0.007239642,0.06485994,0.042928237,1,0,0,0,0,1.0,0.0,0,0.029326081,0.06485993,0.123866126,-3.8351943,210.26729,1353.729736328125,0.3181608133086876
tensor(13445),"tensor(11929., dtype=torch.float64)",tensor(9),0,1,0,0,1,0.001683602,0.9593593,0.8775282,0.37383023,0.6645458,0,1,1,0,0,0.5,0.5,1,0.17481613,0.3738302,0.3706336,-2.5430593,32.9786,32.978599548339844,0.5298059149722736
tensor(13487),"tensor(11859., dtype=torch.float64)",tensor(9),0,0,0,1,0,0.9734351,0.05982986,0.0005750221,0.07760981,0.0049046567,1,0,0,0,0,0.0,1.0,1,0.033896804,0.07760978,0.13156417,-4.3208494,275.32123,1069.34033203125,0.31931608133086875
tensor(13503),"tensor(13889., dtype=torch.float64)",tensor(9),0,1,0,0,0,0.00036225008,0.98827106,0.66052663,0.96601415,0.48374018,0,1,1,1,0,0.5,0.5,1,0.17385805,0.4837402,0.30973497,-3.2869296,32.629215,32.629215240478516,0.4225970425138632
tensor(13505),"tensor(19172., dtype=torch.float64)",tensor(9),1,0,0,0,0,0.78888124,0.15298656,0.26860526,0.11058539,0.05837199,1,0,0,0,0,1.0,0.0,0,0.16033363,0.26860523,0.41907167,-1.7793643,79.64744,1720.2041015625,0.6892329020332717
tensor(13515),"tensor(9759., dtype=torch.float64)",tensor(9),0,1,0,1,1,4.9769274e-05,0.9967002,0.031735603,0.9963468,0.5588054,0,1,0,1,0,0.8,0.19999999999999996,1,0.095986664,0.4411946,0.17475605,-4.9763055,67.29072,67.29071807861328,0.2650184842883549
tensor(13563),"tensor(10023., dtype=torch.float64)",tensor(9),0,1,0,1,0,0.00081854535,0.96659386,0.010439174,0.9973354,0.35024387,0,1,0,1,0,1.0,0.0,0,0.0795145,0.35024387,0.17541796,-4.313382,43.229073,43.22907257080078,0.22735674676524953
tensor(13581),"tensor(14982., dtype=torch.float64)",tensor(9),0,1,0,0,0,0.031425502,0.79659194,0.49833035,0.919393,0.42734775,0,1,0,1,0,0.6666666666666666,0.33333333333333337,1,0.24822366,0.49833035,0.46013957,-1.5053644,20.553314,20.553314208984375,0.6866913123844732
tensor(13585),"tensor(20709., dtype=torch.float64)",tensor(9),0,1,0,0,0,0.004435559,0.8768739,0.047923952,0.85905445,0.06741029,0,1,0,1,0,0.6666666666666666,0.33333333333333337,1,0.07676828,0.14094555,0.24949725,-2.960093,31.638567,31.638566970825195,0.302449168207024
tensor(13605),"tensor(13177., dtype=torch.float64)",tensor(9),1,0,0,0,0,0.9613863,0.004097755,0.04362539,0.0027134356,0.2459344,1,0,0,0,0,1.0,0.0,0,0.06699693,0.24593437,0.18919954,-3.7645454,191.15282,1495.697021484375,0.3615988909426987
tensor(13621),"tensor(17422., dtype=torch.float64)",tensor(9),1,0,0,0,0,0.9716168,0.018839598,0.024764108,0.04137621,0.015220287,1,0,0,0,0,1.0,0.0,0,0.025716662,0.041376233,0.11794038,-3.6943607,192.92355,1428.69140625,0.31261552680221816
tensor(13641),"tensor(11537., dtype=torch.float64)",tensor(9),0,0,1,1,0,0.033969898,0.4121689,0.8278029,0.9323375,0.1427846,0,0,1,1,0,1.0,0.0,0,0.16575658,0.41216886,0.3885619,-1.9376755,44.120083,44.12008285522461,0.6162199630314233
tensor(13725),"tensor(2836., dtype=torch.float64)",tensor(9),0,0,0,1,1,0.06661728,0.42758918,0.22983348,0.9831028,0.3591894,0,0,0,1,0,0.6666666666666666,0.33333333333333337,1,0.22002536,0.42758918,0.4410306,-1.7566503,11.148506,11.148506164550781,0.6178373382624769
tensor(13771),"tensor(15680., dtype=torch.float64)",tensor(9),0,1,0,0,0,0.04108253,0.9562166,0.052407738,0.26160485,0.121271476,0,1,0,0,0,1.0,0.0,0,0.10403001,0.26160485,0.30017608,-2.4293818,16.716743,16.71674346923828,0.34912199630314233
tensor(13785),"tensor(13454., dtype=torch.float64)",tensor(9),1,0,0,0,0,0.020504221,0.906983,0.71593505,0.020017881,0.108264476,0,1,1,0,0,0.0,1.0,1,0.10517371,0.28406495,0.28943792,-2.6135273,56.54963,56.54962921142578,0.4297597042513863
tensor(13787),"tensor(15036., dtype=torch.float64)",tensor(9),0,1,0,0,0,0.035642933,0.8611429,0.33319342,0.9329779,0.35490674,0,1,0,1,0,0.6666666666666666,0.33333333333333337,1,0.18592441,0.35490674,0.417888,-1.8094804,15.88345,15.88344955444336,0.5783271719038817
tensor(13789),"tensor(19137., dtype=torch.float64)",tensor(9),0,0,1,0,0,0.21110453,0.01957047,0.88458157,0.010237734,0.053597815,0,0,1,0,0,1.0,0.0,0,0.08198577,0.21110451,0.24710837,-2.9422688,167.74345,180.6083984375,0.44385397412199634
tensor(13815),"tensor(1271., dtype=torch.float64)",tensor(9),0,1,0,0,0,0.16684191,0.9364806,0.107728586,0.057564043,0.07410629,0,1,0,0,0,1.0,0.0,0,0.09395206,0.16684192,0.30269432,-2.3467886,34.098907,34.098907470703125,0.4066543438077634
tensor(13829),"tensor(11216., dtype=torch.float64)",tensor(9),0,0,0,1,0,0.94929904,0.00858187,0.031891104,0.0791236,0.13384333,1,0,0,0,0,0.0,1.0,1,0.06082821,0.1338433,0.21229191,-3.0827985,150.71361,1579.482666015625,0.39048059149722736
tensor(13831),"tensor(1672., dtype=torch.float64)",tensor(9),0,1,0,1,0,0.00079403364,0.90163004,0.03846232,0.9991773,0.6528123,0,1,0,1,0,1.0,0.0,0,0.09712732,0.3471877,0.22866578,-4.061096,28.79908,28.79907989501953,0.23475046210720887
tensor(13839),"tensor(8114., dtype=torch.float64)",tensor(9),0,1,0,0,0,0.088862926,0.9659683,0.054217882,0.068510644,0.18672206,0,1,0,0,0,1.0,0.0,0,0.086469054,0.18672204,0.2780688,-2.522737,25.459133,25.45913314819336,0.3382624768946396
tensor(13883),"tensor(12521., dtype=torch.float64)",tensor(9),0,0,1,0,0,0.049106423,0.19133323,0.9384175,0.25934684,0.5044298,0,0,1,0,0,1.0,0.0,0,0.21138781,0.49557018,0.43616134,-1.6391369,32.37471,142.1929168701172,0.6832255083179297
tensor(13909),"tensor(3380., dtype=torch.float64)",tensor(9),1,0,0,0,0,0.98743606,0.0054680845,0.008131141,0.030516557,0.012456509,1,0,0,0,0,1.0,0.0,0,0.013827205,0.030516565,0.07043539,-4.4405975,253.3464,1347.091552734375,0.2777264325323475
tensor(13925),"tensor(18847., dtype=torch.float64)",tensor(9),1,0,0,0,0,0.9406769,0.016635856,0.027071338,0.06569835,0.20746881,1,0,0,0,0,1.0,0.0,0,0.07523948,0.20746881,0.23742028,-2.8839667,128.36792,1549.3798828125,0.4184380776340111
tensor(13929),"tensor(11984., dtype=torch.float64)",tensor(9),1,0,0,0,0,0.922508,0.014534875,0.104205884,0.023439687,0.2302808,1,0,0,0,0,1.0,0.0,0,0.089990616,0.23028082,0.26670235,-2.7562315,135.57428,1613.7572021484375,0.45563770794824393
tensor(13953),"tensor(610., dtype=torch.float64)",tensor(9),0,1,0,1,0,0.000991387,0.92416424,0.09640346,0.9958748,0.82100093,0,1,0,1,1,0.8,0.19999999999999996,1,0.07127094,0.17899907,0.21801472,-3.7326431,27.267067,27.267066955566406,0.21695933456561922
tensor(13977),"tensor(19446., dtype=torch.float64)",tensor(9),1,0,0,0,0,0.9551822,0.03052225,0.043878764,0.05240229,0.039853558,1,0,0,0,0,1.0,0.0,0,0.04229486,0.052402318,0.17452104,-3.1351814,143.0227,1491.0240478515625,0.35351201478743066
tensor(13983),"tensor(2799., dtype=torch.float64)",tensor(9),0,1,1,1,1,0.0009595289,0.977243,0.10441628,0.9929074,0.42409828,0,1,0,1,0,0.6666666666666666,0.33333333333333337,1,0.111864686,0.42409825,0.23492727,-3.6209228,27.007954,27.007953643798828,0.2707948243992606
tensor(13991),"tensor(5973., dtype=torch.float64)",tensor(9),1,0,0,0,0,0.8955171,0.14060819,0.0020018513,0.012299819,0.4258642,1,0,0,0,0,1.0,0.0,0,0.1370514,0.42586422,0.30075246,-2.970969,88.376434,1153.7271728515625,0.48521256931608137
tensor(14013),"tensor(13685., dtype=torch.float64)",tensor(9),1,0,0,0,0,0.9081706,0.105116196,0.0068802284,0.054552678,0.23634622,1,0,0,0,0,1.0,0.0,0,0.09894496,0.23634624,0.28851694,-2.6861267,98.3918,1329.56103515625,0.46187615526802217
tensor(14019),"tensor(7628., dtype=torch.float64)",tensor(9),0,1,1,1,0,0.0022187352,0.90523916,0.8361006,0.8911363,0.7810423,0,1,1,1,1,0.8571428571428571,0.1428571428571429,1,0.117740154,0.21895772,0.3289979,-2.6738176,20.167253,20.167253494262695,0.37292051756007394
tensor(14033),"tensor(10493., dtype=torch.float64)",tensor(9),0,0,0,1,0,0.93651885,0.062400937,0.04637015,0.05921261,0.01813197,1,0,0,0,0,0.0,1.0,1,0.049919307,0.06348115,0.19462436,-3.0364301,139.38333,1490.6663818359375,0.37292051756007394
tensor(14047),"tensor(15010., dtype=torch.float64)",tensor(9),0,0,0,1,0,0.0014818492,0.025482567,0.004733266,0.99858654,0.56927574,0,0,0,1,0,1.0,0.0,0,0.09276706,0.43072426,0.17081384,-4.468893,59.558136,59.558135986328125,0.2576247689463956
tensor(14059),"tensor(10131., dtype=torch.float64)",tensor(9),0,0,0,1,0,0.037899647,0.8239169,0.010913964,0.9856786,0.4592421,0,1,0,1,0,0.6666666666666666,0.33333333333333337,1,0.13969213,0.4592421,0.29032418,-2.7357996,20.312809,20.312808990478516,0.3676062846580406
tensor(14075),"tensor(7883., dtype=torch.float64)",tensor(9),1,0,0,0,0,0.7848584,0.08679131,0.17133315,0.4649785,0.09209623,1,0,0,0,0,1.0,0.0,0,0.20606816,0.46497846,0.45435745,-1.5304987,63.382126,1786.538818359375,0.7578558225508318
tensor(14093),"tensor(2048., dtype=torch.float64)",tensor(9),0,1,1,1,0,0.005945207,0.69839555,0.5541161,0.9920547,0.36741382,0,1,0,1,0,0.8,0.19999999999999996,1,0.22575855,0.44588393,0.40795788,-2.3093429,18.169064,18.169063568115234,0.5700092421441775
tensor(14109),"tensor(3581., dtype=torch.float64)",tensor(9),0,1,0,1,0,0.0014568779,0.7902848,0.042262018,0.99909997,0.61046517,0,1,0,1,0,1.0,0.0,0,0.12877381,0.38953483,0.2750738,-3.687746,20.965002,20.965002059936523,0.2830406654343808
tensor(14113),"tensor(5562., dtype=torch.float64)",tensor(9),1,0,0,0,0,0.9666823,0.029409742,0.0231197,0.009628637,0.05296204,1,0,0,0,0,1.0,0.0,0,0.029687524,0.052962065,0.1300309,-3.6250281,142.85736,1377.1302490234375,0.3015249537892791
tensor(14129),"tensor(19019., dtype=torch.float64)",tensor(9),1,0,0,0,0,0.99309736,0.009341053,0.00042747188,0.013399933,0.008126054,1,0,0,0,0,1.0,0.0,0,0.0076395273,0.013399959,0.04324361,-5.2987223,319.34763,984.000244140625,0.2578558225508318
tensor(14155),"tensor(16498., dtype=torch.float64)",tensor(9),0,1,0,0,0,0.52367836,0.7505362,0.015801728,0.2439317,0.16234462,1,1,0,0,0,0.6666666666666666,0.33333333333333337,1,0.22957271,0.47632164,0.46681875,-1.6200192,37.886063,37.88606262207031,0.726894639556377
tensor(14161),"tensor(15261., dtype=torch.float64)",tensor(9),0,0,1,0,1,0.0006739551,0.13472998,0.993551,0.56298953,0.97683334,0,0,1,0,1,1.0,0.0,0,0.12040597,0.43701047,0.2470283,-3.6387436,65.47337,65.47337341308594,0.36506469500924216
tensor(14169),"tensor(17962., dtype=torch.float64)",tensor(9),1,0,0,0,0,0.9938591,0.0016637832,0.00050150807,0.027965361,0.019702183,1,0,0,0,0,1.0,0.0,0,0.011194706,0.027965367,0.055698197,-5.307313,354.84918,1162.73779296875,0.2675600739371534
tensor(14207),"tensor(18528., dtype=torch.float64)",tensor(9),1,0,0,0,0,0.96327233,0.13796927,0.0064674383,0.011488557,0.0051605,1,0,0,0,0,1.0,0.0,0,0.039562583,0.13796926,0.13855416,-3.9699898,194.02257,1161.6168212890625,0.31862292051756
tensor(14219),"tensor(10518., dtype=torch.float64)",tensor(9),0,0,0,1,0,0.0013839402,0.031614855,0.025491977,0.99954695,0.5797168,0,0,0,1,0,1.0,0.0,0,0.0958454,0.4202832,0.19076669,-4.333532,60.307926,60.307926177978516,0.2728743068391867
tensor(14235),"tensor(8371., dtype=torch.float64)",tensor(9),1,0,0,0,0,0.012334015,0.17000864,0.97917604,0.15825704,0.46978074,0,0,1,0,0,0.0,1.0,1,0.16624087,0.46978074,0.35033742,-2.322287,52.847416,146.81134033203125,0.5697781885397412
tensor(14297),"tensor(7800., dtype=torch.float64)",tensor(9),0,0,1,0,0,0.10450461,0.048806727,0.9638041,0.008635977,0.12076244,0,0,1,0,0,1.0,0.0,0,0.06378108,0.12076247,0.2207185,-3.0256627,147.56532,168.41690063476562,0.40018484288354894
tensor(14339),"tensor(8081., dtype=torch.float64)",tensor(9),1,0,0,0,0,0.92869693,0.024271874,0.09602913,0.0558155,0.10802625,1,0,0,0,0,1.0,0.0,0,0.07108915,0.108026266,0.24903162,-2.6884372,130.0369,1601.749755859375,0.4373844731977819
tensor(14349),"tensor(529., dtype=torch.float64)",tensor(9),0,1,1,0,0,0.0155104995,0.7039935,0.7875749,0.8878569,0.11391081,0,1,1,1,0,0.8,0.19999999999999996,1,0.14999914,0.2960065,0.38203835,-2.08956,41.84838,41.84838104248047,0.5702402957486137
tensor(14385),"tensor(3687., dtype=torch.float64)",tensor(9),1,0,0,0,0,0.8966644,0.004848354,0.40353686,0.01992044,0.020691985,1,0,0,0,0,1.0,0.0,0,0.11046666,0.40353686,0.2471788,-3.1257384,237.22899,1739.668701171875,0.4831330868761553
tensor(14403),"tensor(488., dtype=torch.float64)",tensor(9),1,0,0,0,0,0.4826569,0.27702796,0.49934128,0.57228535,0.17448772,1,0,0,0,0,1.0,0.0,0,0.37224567,0.49934125,0.6242815,-0.5753237,42.927776,1937.2088623046875,0.8391866913123844
tensor(14407),"tensor(9815., dtype=torch.float64)",tensor(9),1,0,0,0,0,0.971545,0.02927159,0.0003568653,0.25383306,0.011386781,1,0,0,0,0,1.0,0.0,0,0.06466067,0.25383306,0.17870173,-4.1023817,318.79633,1123.42578125,0.3692236598890942
tensor(14435),"tensor(20180., dtype=torch.float64)",tensor(9),1,0,0,0,0,0.9730272,0.014104772,0.0222085,0.023538971,0.04046543,1,0,0,0,0,1.0,0.0,0,0.025458038,0.040465415,0.11712183,-3.7017446,171.45789,1417.4296875,0.30175600739371533
tensor(14449),"tensor(488., dtype=torch.float64)",tensor(9),1,0,0,0,0,0.6667329,0.16615586,0.15571634,0.6007138,0.29719454,1,0,0,0,0,1.0,0.0,0,0.27032405,0.3992862,0.5599788,-1.0532303,38.551796,1856.2706298828125,0.7975970425138632
tensor(14461),"tensor(3403., dtype=torch.float64)",tensor(9),1,0,0,0,0,0.18443358,0.92394793,0.04593552,0.17314199,0.21035825,0,1,0,0,0,0.0,1.0,1,0.13798428,0.21035826,0.38174066,-1.9807222,20.552584,20.552583694458008,0.5013863216266173
tensor(14467),"tensor(1716., dtype=torch.float64)",tensor(9),0,0,0,1,1,0.0012878274,0.054489493,0.024079418,0.99962676,0.51121956,0,0,0,1,0,0.6666666666666666,0.33333333333333337,1,0.113802135,0.48878044,0.2062233,-4.2294383,53.315914,53.315914154052734,0.2952865064695009
tensor(14487),"tensor(15893., dtype=torch.float64)",tensor(9),0,1,0,1,0,0.0022491943,0.9639778,0.3955692,0.9766148,0.18493007,0,1,0,1,0,1.0,0.0,0,0.1284312,0.3955692,0.28638956,-3.004222,30.761028,30.761028289794922,0.3662199630314233
tensor(14493),"tensor(3716., dtype=torch.float64)",tensor(9),0,0,0,1,1,0.0038690937,0.13694495,0.23956703,0.9983985,0.7072291,0,0,0,1,0,0.6666666666666666,0.33333333333333337,1,0.13495076,0.29277092,0.3183671,-3.1727958,30.152454,30.152454376220703,0.3821626617375231
tensor(14495),"tensor(17466., dtype=torch.float64)",tensor(9),0,1,0,0,0,0.43446416,0.8344709,0.0012032727,0.19378619,0.02055002,0,1,0,0,0,1.0,0.0,0,0.16310656,0.43446416,0.34687772,-2.778508,105.16273,105.16272735595703,0.5771719038817006
tensor(14509),"tensor(5555., dtype=torch.float64)",tensor(9),1,0,0,0,0,0.14202626,0.5953514,0.72313523,0.50424,0.38806415,0,1,1,0,0,0.0,1.0,1,0.34147274,0.49576002,0.6068859,-0.72343564,36.964794,48.069976806640625,0.8204713493530499
tensor(14519),"tensor(19301., dtype=torch.float64)",tensor(9),1,0,0,0,0,0.99324495,0.004514477,0.0021759227,0.021886885,0.004622183,1,0,0,0,0,1.0,0.0,0,0.007990837,0.021886885,0.043929245,-5.1373496,333.2542,1194.6109619140625,0.26224584103512016
tensor(14549),"tensor(4932., dtype=torch.float64)",tensor(9),1,0,0,0,0,0.7116751,0.02128206,0.67912894,0.0048357802,0.047417235,1,0,1,0,0,0.6666666666666666,0.33333333333333337,1,0.13654625,0.32087106,0.3105206,-2.761748,175.16887,175.1688690185547,0.5547597042513863
tensor(14589),"tensor(4395., dtype=torch.float64)",tensor(9),0,1,1,0,1,0.0014011466,0.88773197,0.92845064,0.6403269,0.8581512,0,1,1,0,1,1.0,0.0,0,0.13734806,0.35967308,0.33620018,-2.7153547,19.905348,19.90534782409668,0.39833641404805914
tensor(14601),"tensor(6780., dtype=torch.float64)",tensor(9),0,0,1,0,0,0.023004625,0.4639763,0.939862,0.2415565,0.25974947,0,0,1,0,0,1.0,0.0,0,0.20968497,0.46397626,0.4306143,-1.766732,50.214973,139.53526306152344,0.7088724584103512
tensor(14615),"tensor(11573., dtype=torch.float64)",tensor(9),0,0,1,0,0,0.03797546,0.6805048,0.8558923,0.3303217,0.5342916,0,1,1,0,0,0.6666666666666666,0.33333333333333337,1,0.25952166,0.46570837,0.50509894,-1.3227776,25.421515,42.628692626953125,0.7359057301293901
tensor(14671),"tensor(14147., dtype=torch.float64)",tensor(9),0,0,1,1,0,0.005000671,0.78497154,0.8410457,0.9311539,0.3138313,0,1,1,1,0,0.8,0.19999999999999996,1,0.15233219,0.31383133,0.37254667,-2.328179,30.899588,30.899587631225586,0.5170979667282809
tensor(14741),"tensor(6796., dtype=torch.float64)",tensor(9),0,0,0,1,1,0.0040280526,0.5895275,0.74986243,0.97341657,0.88710916,0,1,1,1,1,0.6666666666666666,0.33333333333333337,1,0.16082251,0.4104725,0.34818465,-2.52648,16.785728,16.785728454589844,0.4408502772643253
tensor(14777),"tensor(12067., dtype=torch.float64)",tensor(9),0,1,0,0,0,0.00022977951,0.9973091,0.7043896,0.46304038,0.3489938,0,1,1,0,0,0.6666666666666666,0.33333333333333337,1,0.22211301,0.46304035,0.39301997,-3.1866436,36.66089,36.660888671875,0.546441774491682
tensor(14791),"tensor(16256., dtype=torch.float64)",tensor(9),1,0,0,0,0,0.94448173,0.1380234,0.0018810254,0.093593486,0.011018708,1,0,0,0,0,1.0,0.0,0,0.060006976,0.13802338,0.20018053,-3.541478,196.0015,1132.973388671875,0.37731053604436227
tensor(14809),"tensor(21216., dtype=torch.float64)",tensor(9),1,0,0,0,0,0.9288756,0.035302367,0.005645264,0.034935106,0.3385333,1,0,0,0,0,1.0,0.0,0,0.097108066,0.33853328,0.24713305,-3.0074453,116.90038,1373.645263671875,0.425369685767098
tensor(14835),"tensor(10164., dtype=torch.float64)",tensor(9),1,0,0,0,0,0.8863302,0.15113197,0.009624322,0.305965,0.050692115,1,0,0,0,0,1.0,0.0,0,0.12621659,0.305965,0.32988754,-2.4324696,107.03133,1391.5029296875,0.5549907578558226
tensor(14887),"tensor(1841., dtype=torch.float64)",tensor(9),0,0,0,1,0,0.011027093,0.24340464,0.48452362,0.989588,0.49502835,0,0,0,1,0,1.0,0.0,0,0.24887913,0.49502838,0.41185886,-2.053312,19.582195,19.582195281982422,0.6139094269870611
tensor(14901),"tensor(1075., dtype=torch.float64)",tensor(9),1,0,0,0,0,0.66397184,0.39853618,0.060049765,0.09151368,0.57884604,1,0,0,0,0,1.0,0.0,0,0.26145637,0.42115396,0.50491434,-1.2913191,52.08471,1579.7620849609375,0.805452865064695
tensor(14921),"tensor(6074., dtype=torch.float64)",tensor(9),1,0,0,0,0,0.733284,0.20051359,0.008482829,0.13522072,0.6062151,1,0,0,0,0,1.0,0.0,0,0.20094359,0.39378488,0.4393178,-1.8885248,76.346344,1455.6710205078125,0.7305914972273567
tensor(14969),"tensor(6531., dtype=torch.float64)",tensor(9),0,0,1,0,0,0.34486884,0.115897946,0.81897086,0.08589046,0.26239964,0,0,1,0,0,1.0,0.0,0,0.19801724,0.34486884,0.4688623,-1.5162671,55.78509,133.66941833496094,0.7460720887245841
tensor(14979),"tensor(475., dtype=torch.float64)",tensor(9),1,0,0,0,0,0.7665106,0.18294404,0.330375,0.032745127,0.05081399,1,0,0,0,0,1.0,0.0,0,0.1660735,0.33037496,0.3997589,-1.9409739,93.451485,1696.916015625,0.6885397412199631
tensor(15005),"tensor(2055., dtype=torch.float64)",tensor(9),1,0,1,0,0,0.12236638,0.35540423,0.8793657,0.063925475,0.14860852,0,0,1,0,0,0.6666666666666666,0.33333333333333337,1,0.16218776,0.35540426,0.4096902,-1.7963097,71.519424,130.86898803710938,0.676524953789279
tensor(15009),"tensor(9561., dtype=torch.float64)",tensor(9),1,0,0,0,0,0.58620083,0.26618078,0.0071821776,0.72846204,0.068986915,1,0,0,1,0,0.6666666666666666,0.33333333333333337,1,0.20553744,0.41379917,0.42720723,-1.9761006,61.602024,61.60202407836914,0.7030961182994455
tensor(15071),"tensor(19222., dtype=torch.float64)",tensor(9),0,0,1,0,0,0.070494786,0.25439468,0.9302238,0.052698188,0.33863586,0,0,1,0,0,1.0,0.0,0,0.15719998,0.33863586,0.38431987,-1.9605944,55.017075,125.77941131591797,0.6157578558225508
tensor(15079),"tensor(6194., dtype=torch.float64)",tensor(9),0,0,1,0,0,0.034302406,0.27734473,0.93520725,0.47528666,0.20515843,0,0,1,0,0,1.0,0.0,0,0.21137702,0.47528666,0.43583474,-1.6836351,56.655388,154.4521026611328,0.7324399260628467
tensor(15093),"tensor(3321., dtype=torch.float64)",tensor(9),0,1,0,0,0,0.040335998,0.7133906,0.8604938,0.21625622,0.19668278,0,1,1,0,0,0.6666666666666666,0.33333333333333337,1,0.17587817,0.2866094,0.43801245,-1.7190841,47.308147,47.30814743041992,0.6829944547134935
tensor(15119),"tensor(7803., dtype=torch.float64)",tensor(9),0,0,0,0,1,0.8921829,0.019037409,0.0023287039,0.19838431,0.40041032,1,0,0,0,0,0.0,1.0,1,0.14559555,0.4004103,0.3247943,-2.783131,128.05875,1458.1588134765625,0.5517560073937153
tensor(15125),"tensor(960., dtype=torch.float64)",tensor(9),0,1,1,0,1,0.035858907,0.60002315,0.8362136,0.10378952,0.74735045,0,1,1,0,1,1.0,0.0,0,0.1912123,0.39997685,0.4344016,-1.713574,20.864004,20.864004135131836,0.6176062846580406
tensor(15137),"tensor(14274., dtype=torch.float64)",tensor(9),1,0,0,0,0,0.9338639,0.097452596,0.0030013677,0.10856594,0.057222325,1,0,0,0,0,1.0,0.0,0,0.06647569,0.10856593,0.22923394,-3.1173024,132.54953,1233.638671875,0.3923290203327172
tensor(15153),"tensor(21608., dtype=torch.float64)",tensor(9),1,0,0,0,0,0.86120474,0.3095152,0.007808423,0.124892205,0.07684891,1,0,0,0,0,1.0,0.0,0,0.13157207,0.30951524,0.34294334,-2.3810558,84.38375,1292.85986328125,0.5575323475046211
tensor(15171),"tensor(9442., dtype=torch.float64)",tensor(9),1,0,0,0,0,0.9942216,0.008652531,0.0001655803,0.021609312,0.005145044,1,0,0,0,0,1.0,0.0,0,0.008270144,0.021609306,0.04466892,-5.534458,436.60168,941.5018310546875,0.2650184842883549
tensor(15211),"tensor(20875., dtype=torch.float64)",tensor(9),1,0,0,0,0,0.89337045,0.16419166,0.015672268,0.07130811,0.10891428,1,0,0,0,0,1.0,0.0,0,0.09334314,0.16419166,0.293579,-2.5123436,83.154686,1385.8173828125,0.4630314232902033
tensor(15251),"tensor(11092., dtype=torch.float64)",tensor(9),0,0,1,1,1,0.004795629,0.8130439,0.81330836,0.9407969,0.589304,0,1,1,1,0,0.6666666666666666,0.33333333333333337,1,0.1696685,0.41069603,0.37908843,-2.2807298,25.50468,25.504680633544922,0.5298059149722736
tensor(15301),"tensor(15228., dtype=torch.float64)",tensor(9),0,0,1,0,0,0.039903622,0.28332454,0.9149382,0.5034284,0.5857561,0,0,1,0,0,1.0,0.0,0,0.26382107,0.4965716,0.48523092,-1.3688475,23.283005,147.73599243164062,0.7215804066543438
tensor(15341),"tensor(13753., dtype=torch.float64)",tensor(9),0,0,1,0,1,0.0018310996,0.6372008,0.95498997,0.9016333,0.874644,0,1,1,1,1,0.6666666666666666,0.33333333333333337,1,0.12667263,0.36279923,0.31017512,-2.8154447,18.868233,18.86823272705078,0.35143253234750466
tensor(15343),"tensor(13897., dtype=torch.float64)",tensor(9),1,0,0,0,0,0.6730983,0.25185043,0.43812793,0.22292072,0.22213578,1,0,0,0,0,1.0,0.0,0,0.2923873,0.43812793,0.58839405,-0.91235036,54.446175,1882.026123046875,0.8442698706099815
tensor(15361),"tensor(9500., dtype=torch.float64)",tensor(9),1,0,0,0,0,0.7925106,0.11660914,0.026437426,0.4190392,0.2488505,1,0,0,0,0,1.0,0.0,0,0.2036851,0.4190392,0.44678107,-1.6805437,53.89467,1636.0762939453125,0.7271256931608133
tensor(15363),"tensor(15507., dtype=torch.float64)",tensor(9),1,0,0,0,0,0.9316742,0.0065613515,0.0005059735,0.16120026,0.3730478,1,0,0,0,0,1.0,0.0,0,0.121928215,0.37304783,0.27907318,-3.4779358,200.10843,1369.3642578125,0.4789741219963032
tensor(15403),"tensor(16292., dtype=torch.float64)",tensor(9),1,0,0,0,0,0.31942564,0.7340932,0.15342762,0.050831523,0.007917225,0,1,0,0,0,0.0,1.0,1,0.15950173,0.31942564,0.3762682,-2.247541,92.880424,92.88042449951172,0.634011090573013
tensor(15413),"tensor(14145., dtype=torch.float64)",tensor(9),1,0,0,0,0,0.983318,0.010583243,0.004256163,0.03456193,0.0289295,1,0,0,0,0,1.0,0.0,0,0.019002557,0.034561932,0.09044725,-4.182586,215.3627,1244.6962890625,0.28858595194085024
tensor(15417),"tensor(13133., dtype=torch.float64)",tensor(9),0,0,1,0,0,0.57035774,0.49083996,0.2797378,0.14628264,0.09047984,1,0,0,0,0,0.0,1.0,1,0.28739655,0.49083996,0.53775036,-1.0675135,48.69149,1732.8466796875,0.821626617375231
tensor(15465),"tensor(18102., dtype=torch.float64)",tensor(9),1,0,0,0,0,0.9132383,0.025789645,0.009304081,0.3589836,0.09872506,1,0,0,0,0,1.0,0.0,0,0.115912795,0.35898364,0.28853005,-2.6889381,105.879745,1530.4805908203125,0.48844731977818856
tensor(15471),"tensor(13133., dtype=torch.float64)",tensor(9),0,0,1,0,0,0.016960185,0.35569704,0.75196916,0.030773485,0.009033212,0,0,1,0,0,1.0,0.0,0,0.13209897,0.35569704,0.29719093,-2.7821262,137.86945,184.54698181152344,0.5187153419593347
tensor(15479),"tensor(17997., dtype=torch.float64)",tensor(9),0,1,1,0,0,0.003221348,0.96844774,0.7855038,0.3080937,0.19871445,0,1,1,0,0,1.0,0.0,0,0.15121555,0.30809367,0.3595665,-2.5320413,28.517864,28.517864227294922,0.4775878003696858
tensor(15485),"tensor(12579., dtype=torch.float64)",tensor(9),0,0,0,1,1,0.0034851031,0.4800688,0.16470909,0.9980743,0.784256,0,0,0,1,1,1.0,0.0,0,0.17318648,0.4800688,0.33967677,-2.9800658,18.914858,18.914857864379883,0.419362292051756
tensor(15515),"tensor(17393., dtype=torch.float64)",tensor(9),0,1,0,0,0,0.009973701,0.98165256,0.5281039,0.05118026,0.3390289,0,1,0,0,0,1.0,0.0,0,0.17808521,0.4718961,0.33626968,-2.4555097,30.370625,30.370624542236328,0.5073937153419593
tensor(15525),"tensor(8004., dtype=torch.float64)",tensor(9),1,0,0,0,0,0.54971105,0.35811475,0.121894926,0.7097938,0.21508245,1,0,0,1,0,0.6666666666666666,0.33333333333333337,1,0.28711748,0.45028895,0.56683105,-0.98932123,29.626345,29.626344680786133,0.7804990757855823
tensor(15537),"tensor(14188., dtype=torch.float64)",tensor(9),0,1,0,0,0,0.0025252034,0.96474564,0.2129148,0.9759555,0.28667274,0,1,0,1,0,0.6666666666666666,0.33333333333333337,1,0.112282276,0.2866727,0.28010193,-3.0421472,22.26643,22.266429901123047,0.31307763401109057
tensor(15553),"tensor(17012., dtype=torch.float64)",tensor(9),1,0,0,0,0,0.90135443,0.04390034,0.013842569,0.122273944,0.31354642,1,0,0,0,0,1.0,0.0,0,0.11844176,0.31354642,0.3137154,-2.462807,99.81639,1515.527099609375,0.525184842883549
tensor(15563),"tensor(14188., dtype=torch.float64)",tensor(9),0,1,0,0,0,0.007416425,0.92806387,0.21791954,0.95766354,0.1929464,0,1,0,1,0,0.6666666666666666,0.33333333333333337,1,0.106511,0.21791953,0.2984814,-2.6563191,20.603228,20.603227615356445,0.34057301293900183
tensor(15597),"tensor(14188., dtype=torch.float64)",tensor(9),0,1,1,1,0,0.004018373,0.92641455,0.4562198,0.9659869,0.5316765,0,1,0,1,0,0.8,0.19999999999999996,1,0.207232,0.46832353,0.36357397,-2.3389158,18.239597,18.23959732055664,0.5226432532347505
tensor(15609),"tensor(12619., dtype=torch.float64)",tensor(9),1,0,0,0,0,0.9745797,0.013921421,0.0057612685,0.029847678,0.07789398,1,0,0,0,0,1.0,0.0,0,0.030568898,0.07789397,0.12700653,-3.8020482,166.70004,1292.390625,0.3036044362292052
tensor(15679),"tensor(18575., dtype=torch.float64)",tensor(9),1,0,0,0,0,0.98355144,0.012315638,0.003401369,0.06811998,0.012742753,1,0,0,0,0,1.0,0.0,0,0.022605717,0.06812,0.09799929,-4.224299,270.57138,1234.621337890625,0.3031423290203327
tensor(15687),"tensor(16502., dtype=torch.float64)",tensor(9),0,0,1,0,0,0.03278119,0.16432868,0.9328702,0.25988376,0.07314992,0,0,1,0,0,1.0,0.0,0,0.11945474,0.25988376,0.33437136,-2.2456858,98.07965,166.8791046142578,0.5591497227356746
tensor(15697),"tensor(8547., dtype=torch.float64)",tensor(9),1,0,0,0,0,0.95462406,0.013537281,0.012764023,0.026124774,0.23363249,1,0,0,0,0,1.0,0.0,0,0.06628686,0.2336325,0.19786659,-3.2979207,144.87659,1453.708251953125,0.36968576709796674
tensor(15699),"tensor(16502., dtype=torch.float64)",tensor(9),1,0,0,0,0,0.9791039,0.006676302,0.026529972,0.025748277,0.02043805,1,0,0,0,0,1.0,0.0,0,0.020057797,0.026529968,0.096688785,-3.9910336,219.02878,1456.881103515625,0.29852125693160814
tensor(15731),"tensor(14804., dtype=torch.float64)",tensor(9),0,1,0,1,0,0.008209406,0.41240823,0.9372494,0.48287335,0.021688988,0,0,1,0,0,0.0,1.0,1,0.19758606,0.48287332,0.35137916,-2.3459175,124.22699,192.22943115234375,0.6658964879852125
tensor(15763),"tensor(8258., dtype=torch.float64)",tensor(9),0,0,1,1,0,0.0012316528,0.19037922,0.9677537,0.97465944,0.90507793,0,0,1,1,1,0.8,0.19999999999999996,1,0.06882399,0.1903792,0.21413055,-3.4903865,40.732903,40.73290252685547,0.2664048059149723
tensor(15775),"tensor(7056., dtype=torch.float64)",tensor(9),1,0,0,0,1,0.90303147,0.064055264,0.061665133,0.032031633,0.2601647,1,0,0,0,0,0.6666666666666666,0.33333333333333337,1,0.1029771,0.26016474,0.3005685,-2.4178314,103.62836,1546.9638671875,0.5067005545286507
tensor(15783),"tensor(15287., dtype=torch.float64)",tensor(9),0,1,0,0,0,0.007208836,0.9851907,0.10041783,0.3521451,0.03663304,0,1,0,0,0,1.0,0.0,0,0.10224283,0.35214508,0.25033596,-3.0388973,31.37356,31.373559951782227,0.31931608133086875
tensor(15785),"tensor(16502., dtype=torch.float64)",tensor(9),1,0,0,0,0,0.9433805,0.013131316,0.17023829,0.011937982,0.01738652,1,0,0,0,0,1.0,0.0,0,0.05386269,0.17023826,0.17923601,-3.4334266,205.02304,1603.7249755859375,0.375
tensor(15799),"tensor(17354., dtype=torch.float64)",tensor(9),0,0,1,1,0,0.044358816,0.6041952,0.47701234,0.9596657,0.28599903,0,1,0,1,0,0.5,0.5,1,0.24870187,0.47701234,0.46249133,-1.5338683,17.091568,17.091567993164062,0.6744454713493531
tensor(15805),"tensor(8258., dtype=torch.float64)",tensor(9),0,0,1,1,0,0.001478761,0.266723,0.9767495,0.9098587,0.9428108,0,0,1,1,1,0.8,0.19999999999999996,1,0.087756515,0.26672304,0.2447093,-3.2757397,31.014729,31.014728546142578,0.2814232902033272
tensor(15811),"tensor(20799., dtype=torch.float64)",tensor(9),0,1,0,0,0,0.00084178837,0.997086,0.39318174,0.0054407306,0.0070321904,0,1,0,0,0,1.0,0.0,0,0.08188212,0.39318174,0.15450689,-4.701396,154.8211,154.82110595703125,0.3156192236598891
tensor(15813),"tensor(7937., dtype=torch.float64)",tensor(9),1,0,0,0,0,0.960281,0.0132476445,0.022879934,0.09615052,0.07131197,1,0,0,0,0,1.0,0.0,0,0.048661828,0.09615052,0.18401949,-3.21156,157.29288,1504.654541015625,0.3646025878003697
tensor(15819),"tensor(8682., dtype=torch.float64)",tensor(9),1,0,0,0,0,0.63977057,0.11523593,0.0002824657,0.91510534,0.10523424,1,0,0,1,0,0.6666666666666666,0.33333333333333337,1,0.13317537,0.36022943,0.32809258,-3.0604758,144.25183,144.2518310546875,0.5277264325323475
tensor(15831),"tensor(13204., dtype=torch.float64)",tensor(9),0,0,1,0,0,0.28974062,0.09202189,0.86854416,0.10017332,0.08995965,0,0,1,0,0,1.0,0.0,0,0.14067018,0.28974062,0.3852326,-1.9166826,93.20537,156.6318359375,0.6501848428835489
tensor(15853),"tensor(21223., dtype=torch.float64)",tensor(9),0,0,1,1,1,0.005160661,0.34209102,0.2865202,0.9970395,0.50520056,0,0,0,1,0,0.5,0.5,1,0.22630632,0.49479944,0.39740652,-2.533617,17.027834,17.027833938598633,0.5388170055452864
tensor(15855),"tensor(9629., dtype=torch.float64)",tensor(9),0,0,1,0,0,0.03214761,0.88299865,0.76056874,0.052264646,0.11355363,0,1,1,0,0,0.6666666666666666,0.33333333333333337,1,0.11087972,0.23943126,0.32249442,-2.306876,46.484344,46.484344482421875,0.474815157116451
tensor(15859),"tensor(12268., dtype=torch.float64)",tensor(9),0,0,1,0,1,0.005681075,0.0594728,0.9874205,0.14180426,0.93431604,0,0,1,0,1,1.0,0.0,0,0.057044327,0.14180428,0.19573042,-3.3488414,53.94449,53.944488525390625,0.28165434380776344
tensor(15867),"tensor(16720., dtype=torch.float64)",tensor(9),0,0,0,0,0,1.6271887e-06,0.000903137,3.5761857e-06,0.0030234135,2.4985717e-05,0,0,0,0,0,1.0,0.0,0,0.00079137087,0.003023386,0.0056307116,-9.854823,962.8419,962.8419189453125,0.25231053604436227
tensor(15875),"tensor(11128., dtype=torch.float64)",tensor(9),1,0,0,0,0,0.591643,0.5811215,0.007416151,0.20026998,0.49686044,1,1,0,0,0,0.6666666666666666,0.33333333333333337,1,0.30635637,0.49686044,0.5187689,-1.3983915,52.92904,52.929039001464844,0.8172365988909427
tensor(15889),"tensor(17166., dtype=torch.float64)",tensor(9),0,0,1,0,0,0.19688646,0.09480307,0.92452925,0.031077184,0.16961943,0,0,1,0,0,1.0,0.0,0,0.113571346,0.19688648,0.3341764,-2.2391593,90.725174,140.86575317382812,0.5508317929759705
tensor(15895),"tensor(13953., dtype=torch.float64)",tensor(9),1,0,0,0,0,0.98547965,0.016388707,0.00075764634,0.029415926,0.021354375,1,0,0,0,0,1.0,0.0,0,0.01648742,0.029415905,0.08033386,-4.5636053,234.92831,1047.5244140625,0.2754158964879852
tensor(15905),"tensor(7434., dtype=torch.float64)",tensor(9),0,0,1,0,0,0.010098397,0.6088783,0.94624186,0.05446654,0.631553,0,1,1,0,0,0.6666666666666666,0.33333333333333337,1,0.1755783,0.3911217,0.36094445,-2.2577758,39.46663,67.74778747558594,0.566543438077634
tensor(15909),"tensor(17166., dtype=torch.float64)",tensor(9),1,0,0,0,0,0.08299932,0.13978167,0.9334736,0.031835157,0.092563376,0,0,1,0,0,0.0,1.0,1,0.08274114,0.13978165,0.27693087,-2.511651,107.887024,151.1834259033203,0.466728280961183
tensor(15921),"tensor(16502., dtype=torch.float64)",tensor(9),1,0,0,0,0,0.95322305,0.021188423,0.050743844,0.07165604,0.036150515,1,0,0,0,0,1.0,0.0,0,0.045303166,0.07165605,0.18113098,-3.1242003,151.31775,1544.493896484375,0.3646025878003697
tensor(15945),"tensor(8665., dtype=torch.float64)",tensor(9),0,0,1,0,0,0.96052337,0.018092176,0.06824753,0.014523084,0.027098354,1,0,0,0,0,0.0,1.0,1,0.0334875,0.06824756,0.1412526,-3.5195823,174.4008,1507.378662109375,0.32971349353049906
tensor(15967),"tensor(3717., dtype=torch.float64)",tensor(9),1,0,0,0,0,0.7536432,0.01531934,0.008497295,0.8496148,0.17006718,1,0,0,1,0,0.6666666666666666,0.33333333333333337,1,0.11812514,0.24635679,0.31317163,-2.6715095,92.76019,92.76019287109375,0.4995378927911276
tensor(15989),"tensor(15877., dtype=torch.float64)",tensor(9),0,0,0,1,0,0.4536569,0.11778799,0.0039571207,0.9600429,0.203756,1,0,0,1,0,0.6666666666666666,0.33333333333333337,1,0.16382301,0.4536569,0.35011083,-2.4539762,55.508354,55.50835418701172,0.5582255083179297
tensor(15995),"tensor(3757., dtype=torch.float64)",tensor(9),0,0,0,1,1,0.6891374,0.069707446,0.009585629,0.84706306,0.06720004,1,0,0,1,0,0.5,0.5,1,0.12205857,0.3108626,0.3201729,-2.4734817,78.20944,78.20944213867188,0.5122458410351202
tensor(16011),"tensor(10532., dtype=torch.float64)",tensor(9),0,0,0,1,0,0.3223259,0.097268194,0.004389693,0.98246205,0.21939597,0,0,0,1,0,1.0,0.0,0,0.13218355,0.3223259,0.31805936,-2.7380078,51.20568,51.20568084716797,0.46487985212569316
tensor(16057),"tensor(16563., dtype=torch.float64)",tensor(9),1,0,0,0,0,0.986033,0.004686211,0.0007991951,0.096367486,0.03341781,1,0,0,0,0,1.0,0.0,0,0.029847503,0.09636748,0.11465718,-4.4698935,287.2164,1222.794921875,0.30891866913123844
tensor(16067),"tensor(2847., dtype=torch.float64)",tensor(9),1,0,0,0,0,0.5468316,0.17842628,0.07343987,0.62247866,0.5726067,1,0,0,0,0,1.0,0.0,0,0.30198985,0.4531684,0.55312085,-1.0085024,35.630257,1793.80712890625,0.8003696857670979
tensor(16069),"tensor(2393., dtype=torch.float64)",tensor(9),0,0,0,1,0,0.00872766,0.6109221,0.73039,0.90431535,0.9097352,0,1,1,1,1,0.4,0.6,1,0.17067301,0.3890779,0.38398403,-2.1473622,10.194422,10.194421768188477,0.5032347504621072
tensor(16085),"tensor(2718., dtype=torch.float64)",tensor(9),0,0,0,1,0,0.08031659,0.6049165,0.04628786,0.9866795,0.4401597,0,1,0,1,0,0.6666666666666666,0.33333333333333337,1,0.19503367,0.44015968,0.37893397,-2.0870173,9.061753,9.061753273010254,0.5277264325323476
tensor(16109),"tensor(11473., dtype=torch.float64)",tensor(9),1,0,0,0,0,0.846767,0.10009022,0.010635875,0.24697629,0.2879784,1,0,0,0,0,1.0,0.0,0,0.15978277,0.2879784,0.39435628,-2.0917091,73.38942,1513.199951171875,0.6397874306839187
tensor(16115),"tensor(8867., dtype=torch.float64)",tensor(9),0,0,1,0,0,0.014093086,0.3370764,0.9694156,0.169212,0.25227013,0,0,1,0,0,1.0,0.0,0,0.16064721,0.33707643,0.3738708,-2.2116392,63.67249,146.3416748046875,0.6046672828096118
tensor(16145),"tensor(16656., dtype=torch.float64)",tensor(9),1,0,0,0,0,0.9811395,0.02357143,0.0027347126,0.018133227,0.02184041,1,0,0,0,0,1.0,0.0,0,0.017028034,0.023571432,0.083974324,-4.2736244,183.20255,1160.51123046875,0.26709796672828096
tensor(16153),"tensor(21398., dtype=torch.float64)",tensor(9),0,0,1,0,0,0.062101226,0.44312352,0.8853784,0.0476873,0.068321116,0,0,1,0,0,1.0,0.0,0,0.1471709,0.44312352,0.34327334,-2.1189494,86.01105,139.97515869140625,0.5995841035120149
tensor(16171),"tensor(13559., dtype=torch.float64)",tensor(9),0,1,0,1,0,0.021235287,0.6282697,0.8000903,0.9029558,0.6005526,0,1,1,1,0,0.8,0.19999999999999996,1,0.2178734,0.39944738,0.45085645,-1.6761122,24.603127,27.132320404052734,0.6658964879852126
tensor(16209),"tensor(12826., dtype=torch.float64)",tensor(9),0,0,1,1,0,0.52438277,0.48295957,0.49468914,0.21263702,0.23648459,1,0,0,0,0,0.0,1.0,1,0.3804775,0.4946891,0.6284076,-0.5336388,49.645786,1881.8013916015625,0.8542051756007394
tensor(16253),"tensor(7307., dtype=torch.float64)",tensor(9),1,0,0,0,0,0.8284349,0.35704568,0.009445039,0.15187894,0.03695588,1,0,0,0,0,1.0,0.0,0,0.14537811,0.35704565,0.34951895,-2.3591752,87.114365,1324.029541015625,0.5820240295748613
tensor(16267),"tensor(1284., dtype=torch.float64)",tensor(9),1,0,0,0,0,0.8339898,0.04309578,0.008364685,0.5627509,0.16619252,1,0,0,0,0,1.0,0.0,0,0.16418248,0.43724912,0.36211127,-2.2709954,77.72841,1563.76953125,0.612985212569316
tensor(16287),"tensor(9957., dtype=torch.float64)",tensor(9),1,0,0,0,0,0.9641859,0.04434581,0.008155011,0.07411542,0.0140537135,1,0,0,0,0,1.0,0.0,0,0.035296798,0.074115396,0.14426214,-3.5880191,181.37827,1306.763671875,0.3331792975970425
tensor(16303),"tensor(8239., dtype=torch.float64)",tensor(9),0,0,0,0,1,0.9865094,0.016002959,0.0015491947,0.058520544,0.008192999,1,0,0,0,0,0.0,1.0,1,0.019551277,0.058520555,0.08710072,-4.4907637,287.1555,1145.1781005859375,0.29089648798521256
tensor(16359),"tensor(5070., dtype=torch.float64)",tensor(9),0,0,1,1,0,0.0057641524,0.7021412,0.8721184,0.9209109,0.79436314,0,1,1,1,1,0.6666666666666666,0.33333333333333337,1,0.14324605,0.29785877,0.3623008,-2.3467736,15.994734,15.994733810424805,0.44570240295748614
tensor(16373),"tensor(6942., dtype=torch.float64)",tensor(9),0,1,0,0,0,0.0036414962,0.7270515,0.8732041,0.9518786,0.8166024,0,1,1,1,1,0.4,0.6,1,0.12698096,0.2729485,0.33199108,-2.5998445,18.295244,18.295244216918945,0.38401109057301297
tensor(16437),"tensor(3878., dtype=torch.float64)",tensor(9),1,0,0,0,0,0.78504276,0.47873875,0.009394272,0.21617663,0.026798012,1,0,0,0,0,1.0,0.0,0,0.18921298,0.47873878,0.38226968,-2.1837926,90.4884,1305.47021484375,0.6765249537892791
tensor(16441),"tensor(20525., dtype=torch.float64)",tensor(9),0,0,0,0,1,0.9735126,0.014729585,0.0055466387,0.011719512,0.12412327,1,0,0,0,0,0.0,1.0,1,0.036521256,0.124123275,0.1344451,-3.876992,153.83496,1299.656005859375,0.30221811460258785
tensor(16445),"tensor(19238., dtype=torch.float64)",tensor(9),0,0,0,0,0,2.7200088e-07,0.0005110467,6.773267e-07,0.0069790757,2.3233564e-05,0,0,0,0,0,1.0,0.0,0,0.0015028715,0.0069790483,0.009254915,-10.505768,1083.4805,1083.48046875,0.2532347504621072
tensor(16455),"tensor(1513., dtype=torch.float64)",tensor(9),0,0,0,1,0,0.012946077,0.5613514,0.093383245,0.9943996,0.5825698,0,1,0,1,0,0.6666666666666666,0.33333333333333337,1,0.19360173,0.43864858,0.35582113,-2.4732432,6.9575186,6.957518577575684,0.4750462107208872
tensor(16521),"tensor(20762., dtype=torch.float64)",tensor(9),0,1,0,0,0,0.02875873,0.8261324,0.80060464,0.08335133,0.605687,0,1,1,0,0,0.6666666666666666,0.33333333333333337,1,0.17593718,0.39431298,0.4098894,-1.8590101,34.281067,40.78912353515625,0.6238447319778189
tensor(16527),"tensor(19167., dtype=torch.float64)",tensor(9),0,0,1,0,0,0.38844255,0.35378262,0.5062934,0.49967906,0.26694843,0,0,0,0,0,0.0,1.0,1,0.40051186,0.4996791,0.6568436,-0.4185872,38.367477,38.36747741699219,0.8317929759704251
tensor(16545),"tensor(6830., dtype=torch.float64)",tensor(9),1,0,0,0,0,0.94276404,0.010611942,0.015905704,0.30701032,0.0467088,1,0,0,0,0,1.0,0.0,0,0.08749449,0.3070103,0.23302586,-3.0583813,141.24237,1569.1357421875,0.4177449168207024
tensor(16551),"tensor(4952., dtype=torch.float64)",tensor(9),1,0,0,0,0,0.99095047,0.0030453685,0.0031438388,0.052413158,0.005820086,1,0,0,0,0,1.0,0.0,0,0.014694393,0.052413166,0.06696873,-4.856312,331.25174,1312.5849609375,0.27818853974122
tensor(16593),"tensor(3811., dtype=torch.float64)",tensor(9),0,1,0,1,0,0.00070867187,0.7996028,0.07256755,0.9992235,0.7365922,0,1,0,1,1,0.8,0.19999999999999996,1,0.1075716,0.26340783,0.26999173,-3.8742766,25.491589,25.491588592529297,0.26363216266173756
tensor(16623),"tensor(19247., dtype=torch.float64)",tensor(9),1,0,0,0,0,0.98565024,0.0037211182,0.0043816837,0.037674624,0.049524616,1,0,0,0,0,1.0,0.0,0,0.021930397,0.049524605,0.09708748,-4.2880726,236.90749,1339.23583984375,0.2932070240295749
tensor(16661),"tensor(19239., dtype=torch.float64)",tensor(9),0,1,1,1,1,0.0028066598,0.084748566,0.05202411,0.99905163,0.6149283,0,0,0,1,0,0.4,0.6,1,0.105119884,0.3850717,0.23759696,-3.7166004,35.48166,35.481658935546875,0.28512014787430684
tensor(16687),"tensor(10556., dtype=torch.float64)",tensor(9),0,0,1,0,0,0.26136106,0.75575596,0.13704473,0.31548965,0.7105158,0,1,0,0,0,0.0,1.0,1,0.24952471,0.31548965,0.55101454,-1.1361963,35.036022,35.0360221862793,0.7779574861367837
tensor(16711),"tensor(8826., dtype=torch.float64)",tensor(9),0,1,0,0,0,0.0059418213,0.96946263,0.11870453,0.9118895,0.060937993,0,1,0,1,0,0.6666666666666666,0.33333333333333337,1,0.060846448,0.11870456,0.21300128,-3.130855,28.096495,28.096494674682617,0.24422365988909428
tensor(16715),"tensor(10556., dtype=torch.float64)",tensor(9),0,0,1,0,0,0.18214595,0.70128167,0.6487312,0.45622763,0.13801867,0,1,1,0,0,0.6666666666666666,0.33333333333333337,1,0.28527582,0.45622766,0.5646591,-0.99522686,42.332016,42.33201599121094,0.8140018484288355
tensor(16719),"tensor(10556., dtype=torch.float64)",tensor(9),0,0,0,0,1,0.017169692,0.7148564,0.8573629,0.766344,0.7362497,0,1,1,1,1,0.4,0.6,1,0.18847132,0.2851436,0.44297534,-1.794857,16.06696,16.066959381103516,0.5972735674676525
tensor(16741),"tensor(20893., dtype=torch.float64)",tensor(9),1,0,0,0,0,0.07620539,0.91018814,0.13218088,0.614768,0.31518105,0,1,0,0,0,0.0,1.0,1,0.19972229,0.38523197,0.45035344,-1.5872422,16.060593,16.060592651367188,0.6261552680221811
tensor(16763),"tensor(4470., dtype=torch.float64)",tensor(9),1,0,0,0,0,0.94212127,0.082397155,0.012413446,0.11296697,0.023017665,1,0,0,0,0,1.0,0.0,0,0.057734847,0.112966955,0.20694594,-3.077095,137.58154,1359.5262451171875,0.3782347504621072
tensor(16773),"tensor(6550., dtype=torch.float64)",tensor(9),0,1,1,0,1,0.0004337274,0.5908678,0.9874094,0.31033373,0.9547556,0,1,1,0,1,1.0,0.0,0,0.15554696,0.40913218,0.310312,-3.2640579,39.695526,39.695526123046875,0.4191312384473198
tensor(16797),"tensor(6828., dtype=torch.float64)",tensor(9),0,1,1,0,1,0.0026265325,0.8471012,0.8605982,0.9089076,0.8478514,0,1,1,1,1,0.8571428571428571,0.1428571428571429,1,0.10763359,0.15289879,0.31625733,-2.6979976,16.365505,16.36550521850586,0.33826247689463956
tensor(16877),"tensor(10045., dtype=torch.float64)",tensor(9),0,1,0,0,0,0.7987975,0.59004515,0.0010613201,0.020349106,0.04154946,1,1,0,0,0,0.6666666666666666,0.33333333333333337,1,0.13482344,0.40995485,0.29189363,-3.120544,99.4653,141.99502563476562,0.4729667282809612
tensor(16879),"tensor(8330., dtype=torch.float64)",tensor(9),0,0,0,0,0,5.7246044e-08,0.00027236695,4.315801e-07,0.00066243985,2.9813932e-06,0,0,0,0,0,1.0,0.0,0,0.00018769503,0.000662446,0.0016135343,-11.9163685,1421.0125,1421.012451171875,0.25184842883548986
tensor(16925),"tensor(12478., dtype=torch.float64)",tensor(9),1,0,0,0,0,0.59274936,0.41438845,0.0020721448,0.78556603,0.031271663,1,0,0,1,0,0.6666666666666666,0.33333333333333337,1,0.21388334,0.41438842,0.405608,-2.3259933,108.28891,108.28890991210938,0.7153419593345656
tensor(16951),"tensor(6580., dtype=torch.float64)",tensor(9),0,1,0,0,0,0.27500778,0.89460516,0.029742021,0.25653616,0.13206565,0,1,0,0,0,1.0,0.0,0,0.15974933,0.27500778,0.403699,-1.9079797,26.373066,26.373065948486328,0.5676987060998151
tensor(16973),"tensor(15492., dtype=torch.float64)",tensor(9),1,0,0,1,0,0.80970603,0.13096663,0.05089608,0.47745284,0.0715843,1,0,0,0,0,0.6666666666666666,0.33333333333333337,1,0.18423873,0.47745287,0.4051725,-1.7838253,64.20526,1640.3203125,0.6899260628465804
tensor(16989),"tensor(2324., dtype=torch.float64)",tensor(9),0,1,0,1,0,0.0022840982,0.9229282,0.11111107,0.9936154,0.49010766,0,1,0,1,0,1.0,0.0,0,0.13739187,0.49010766,0.27362925,-3.145758,13.930929,13.930929183959961,0.30337338262476893
tensor(16995),"tensor(7426., dtype=torch.float64)",tensor(9),0,0,0,0,0,0.008626743,0.15813474,0.035904836,0.5787186,0.012507537,0,0,0,0,0,1.0,0.0,0,0.12729102,0.4212814,0.27775818,-2.8786135,101.41254,101.41253662109375,0.475739371534196
tensor(17039),"tensor(10329., dtype=torch.float64)",tensor(9),1,0,0,0,0,0.9354294,0.08349162,0.0005978215,0.1911837,0.09636996,1,0,0,0,0,1.0,0.0,0,0.08724272,0.19118369,0.26731613,-3.2342505,189.61053,1121.834228515625,0.44362292051756
tensor(17055),"tensor(21249., dtype=torch.float64)",tensor(9),1,0,0,0,0,0.94023526,0.058343593,0.013830974,0.1292934,0.057715505,1,0,0,0,0,1.0,0.0,0,0.063789666,0.12929338,0.22546485,-2.900785,125.23844,1386.426513671875,0.40087800369685767
tensor(17059),"tensor(15201., dtype=torch.float64)",tensor(9),1,0,0,0,0,0.97340596,0.052079156,0.0028529738,0.0475839,0.016217435,1,0,0,0,0,1.0,0.0,0,0.02906543,0.05207914,0.12422407,-3.8919969,191.34291,1136.7734375,0.3070702402957486
tensor(17165),"tensor(11161., dtype=torch.float64)",tensor(9),0,1,0,1,0,0.0017994265,0.6843638,0.045404926,0.9987041,0.8337366,0,1,0,1,1,0.8,0.19999999999999996,1,0.106080055,0.31563622,0.2562572,-3.679535,28.530853,28.530853271484375,0.2756469500924214
tensor(17181),"tensor(19598., dtype=torch.float64)",tensor(9),1,0,0,0,0,0.6510266,0.032385737,0.37062317,0.067902036,0.65518075,1,0,0,0,0,1.0,0.0,0,0.23294073,0.37062317,0.4682787,-1.5622954,52.095863,1848.50341796875,0.7631700554528651
tensor(17185),"tensor(20147., dtype=torch.float64)",tensor(9),1,0,0,0,0,0.5056824,0.1880057,0.669651,0.028186642,0.20703775,1,0,1,0,0,0.6666666666666666,0.33333333333333337,1,0.24957931,0.4943176,0.48984256,-1.4151099,72.891945,108.74500274658203,0.8223197781885397
tensor(17207),"tensor(15916., dtype=torch.float64)",tensor(9),0,1,0,0,0,0.48310667,0.39323866,0.023910074,0.31189305,0.75253695,1,0,0,0,1,0.0,1.0,1,0.29192227,0.48310667,0.5311556,-1.2228091,50.04596,50.04595947265625,0.8174676524953789
tensor(17227),"tensor(17322., dtype=torch.float64)",tensor(9),0,0,1,1,0,0.10546963,0.3593901,0.84545964,0.4160752,0.19846049,0,0,1,0,0,0.6666666666666666,0.33333333333333337,1,0.24678719,0.41607523,0.5195526,-1.2300327,50.171906,149.78244018554688,0.8017560073937153
tensor(17303),"tensor(11735., dtype=torch.float64)",tensor(9),0,1,0,1,0,0.015197311,0.90237474,0.47460386,0.9180357,0.42302024,0,1,0,1,0,1.0,0.0,0,0.2184822,0.4746039,0.41103727,-1.8446457,20.076897,20.07689666748047,0.6157578558225508
tensor(17317),"tensor(20439., dtype=torch.float64)",tensor(9),1,0,0,0,0,0.6558619,0.031292744,0.02032153,0.6377946,0.55449367,1,0,0,0,0,1.0,0.0,0,0.24069285,0.44550633,0.44482207,-1.7475351,64.832825,1767.7496337890625,0.762014787430684
tensor(17335),"tensor(20273., dtype=torch.float64)",tensor(9),1,0,0,0,0,0.7289277,0.1840929,0.35005373,0.15510772,0.25527823,1,0,0,0,0,1.0,0.0,0,0.24312097,0.35005373,0.54177463,-1.1725196,53.734966,1831.4688720703125,0.8096118299445472
tensor(17349),"tensor(18040., dtype=torch.float64)",tensor(9),1,0,0,0,0,0.42100725,0.34131762,0.0031724416,0.91159594,0.21990865,0,0,0,1,0,0.0,1.0,1,0.21476203,0.42100728,0.43391243,-2.0651245,47.245167,47.24516677856445,0.6855360443622921
tensor(17373),"tensor(17736., dtype=torch.float64)",tensor(9),1,0,0,0,0,0.89165735,0.06582631,0.087631434,0.06588929,0.19090745,1,0,0,0,0,1.0,0.0,0,0.10371941,0.19090748,0.32263517,-2.2398148,90.882935,1616.30419921875,0.5323475046210722
tensor(17411),"tensor(21463., dtype=torch.float64)",tensor(9),1,0,0,0,0,0.88187253,0.0778233,0.0048034075,0.06849224,0.39935553,1,0,0,0,0,1.0,0.0,0,0.1337204,0.39935553,0.31790066,-2.566886,100.804634,1358.8133544921875,0.538354898336414
tensor(17433),"tensor(21107., dtype=torch.float64)",tensor(9),1,0,0,0,0,0.8919377,0.1082228,0.09082432,0.048740514,0.14710814,1,0,0,0,0,1.0,0.0,0,0.10059154,0.14710814,0.32042378,-2.250413,85.4765,1583.167724609375,0.5180221811460258
tensor(17523),"tensor(10229., dtype=torch.float64)",tensor(9),1,0,0,1,0,0.17901038,0.75872594,0.053587753,0.80197245,0.6380284,0,1,0,1,0,0.5,0.5,1,0.2067743,0.36197162,0.47671604,-1.5011233,24.70877,24.708770751953125,0.6832255083179297
tensor(17609),"tensor(19851., dtype=torch.float64)",tensor(9),1,0,0,0,0,0.87390673,0.09874451,0.00528662,0.22853775,0.18858658,1,0,0,0,0,1.0,0.0,0,0.12944973,0.22853774,0.35117325,-2.4120572,88.664215,1414.0028076171875,0.5621534195933456
tensor(17613),"tensor(424., dtype=torch.float64)",tensor(9),1,0,0,0,0,0.33140478,0.03809242,0.8922458,0.014626195,0.07482284,0,0,1,0,0,0.0,1.0,1,0.11334008,0.3314048,0.29620987,-2.5539398,142.75131,164.61656188964844,0.522181146025878
tensor(17633),"tensor(21365., dtype=torch.float64)",tensor(9),0,0,0,1,0,0.6149427,0.0830794,0.49849227,0.30220595,0.20583159,1,0,0,0,0,0.0,1.0,1,0.29493332,0.49849224,0.5533916,-1.012489,58.076912,1910.3890380859375,0.841728280961183
tensor(17639),"tensor(1728., dtype=torch.float64)",tensor(9),0,1,1,1,1,0.00053711765,0.7025802,0.9390228,0.99088585,0.8076282,0,1,1,1,1,1.0,0.0,0,0.11208403,0.2974198,0.276885,-3.449231,41.630447,41.63044738769531,0.3424214417744917
tensor(17653),"tensor(2695., dtype=torch.float64)",tensor(9),0,0,1,0,0,0.0006108208,0.5198061,0.9718127,0.9348555,0.95380205,0,1,1,1,1,0.4,0.6,1,0.12406695,0.4801939,0.25078708,-3.3421924,31.48531,31.485309600830078,0.32047134935304994
tensor(17677),"tensor(11797., dtype=torch.float64)",tensor(9),1,0,0,0,0,0.9934901,0.0016324484,0.0001034611,0.057933565,0.019691149,1,0,0,0,0,1.0,0.0,0,0.017174125,0.05793357,0.07410017,-5.4633265,452.77814,1111.2705078125,0.28188539741219965
tensor(17681),"tensor(18040., dtype=torch.float64)",tensor(9),0,1,0,0,0,0.4316681,0.4993691,0.0014978723,0.8426353,0.19259979,0,0,0,1,0,0.0,1.0,1,0.25649995,0.49936914,0.46268177,-1.978191,63.480095,63.48009490966797,0.7562384473197782
tensor(17717),"tensor(4218., dtype=torch.float64)",tensor(9),1,0,0,0,0,0.980656,0.02396106,0.005278386,0.027594736,0.018962769,1,0,0,0,0,1.0,0.0,0,0.019028187,0.027594745,0.09235033,-4.0760074,196.50479,1204.7001953125,0.28558225508317925
tensor(17723),"tensor(5619., dtype=torch.float64)",tensor(9),1,0,0,0,0,0.988691,0.008148322,0.00031449494,0.008214237,0.071591325,1,0,0,0,0,1.0,0.0,0,0.019915462,0.07159132,0.083490476,-4.938581,247.96902,1001.931884765625,0.27634011090573013
tensor(17753),"tensor(2443., dtype=torch.float64)",tensor(9),1,0,0,0,0,0.9487957,0.16922064,0.000716044,0.04531847,0.047798168,1,0,0,0,0,1.0,0.0,0,0.06285155,0.16922063,0.20781377,-3.558207,150.3408,994.317138671875,0.3602125693160813
tensor(17777),"tensor(8213., dtype=torch.float64)",tensor(9),1,0,0,0,0,0.96473753,0.012579505,0.039593138,0.08045905,0.032437745,1,0,0,0,0,1.0,0.0,0,0.04006642,0.08045906,0.16195652,-3.3384697,177.80673,1532.69677734375,0.3512014787430684
tensor(17787),"tensor(2976., dtype=torch.float64)",tensor(9),0,1,0,0,0,0.10030423,0.94387424,0.015536908,0.64771175,0.37123582,0,1,0,0,0,1.0,0.0,0,0.17909825,0.37123585,0.3861008,-2.060208,25.193604,25.193603515625,0.5612292051756008
tensor(17807),"tensor(5403., dtype=torch.float64)",tensor(9),1,0,0,0,0,0.5836568,0.71605563,0.040388476,0.12689278,0.08409547,1,1,0,0,0,0.6666666666666666,0.33333333333333337,1,0.19033277,0.4163432,0.42279953,-1.7494882,41.13996,41.13996124267578,0.6695933456561922
tensor(17819),"tensor(4076., dtype=torch.float64)",tensor(9),0,0,1,0,0,0.27960563,0.47293633,0.66999143,0.58570653,0.25394997,0,0,1,0,0,1.0,0.0,0,0.3501588,0.47293633,0.63269264,-0.63736504,41.55782,154.5789337158203,0.8334103512014788
tensor(17821),"tensor(2477., dtype=torch.float64)",tensor(9),1,0,0,0,0,0.9907945,0.0074316435,0.0016092507,0.02370957,0.01196607,1,0,0,0,0,1.0,0.0,0,0.010784447,0.023709595,0.05702146,-4.82703,277.73358,1141.80126953125,0.2659426987060998
tensor(17823),"tensor(5136., dtype=torch.float64)",tensor(9),0,1,1,1,1,0.0036267065,0.5391044,0.29524955,0.9958807,0.7593137,0,1,0,1,1,0.8571428571428571,0.1428571428571429,1,0.20091552,0.4608956,0.37989503,-2.655884,15.528631,15.528631210327148,0.49006469500924216
tensor(17863),"tensor(1519., dtype=torch.float64)",tensor(9),1,0,0,0,0,0.94026446,0.05765907,0.097080655,0.016147062,0.032836426,1,0,0,0,0,1.0,0.0,0,0.052691817,0.09708065,0.19848877,-3.0545425,141.53218,1499.4395751953125,0.37615526802218113
tensor(17871),"tensor(4093., dtype=torch.float64)",tensor(9),1,0,0,0,0,0.9409606,0.053076945,0.0040204725,0.078020506,0.10770691,1,0,0,0,0,1.0,0.0,0,0.06037283,0.107706904,0.21471722,-3.149286,129.41962,1301.1397705078125,0.3743068391866913
tensor(17873),"tensor(2042., dtype=torch.float64)",tensor(9),0,0,0,1,0,0.069603495,0.2671778,0.010520337,0.9929738,0.7459681,0,0,0,1,1,0.6666666666666666,0.33333333333333337,1,0.121671855,0.26717782,0.29999647,-2.834786,28.899014,28.89901351928711,0.3713031423290203
tensor(17883),"tensor(830., dtype=torch.float64)",tensor(9),1,0,0,0,0,0.9930912,0.003414633,0.0042091976,0.018158441,0.005105306,1,0,0,0,0,1.0,0.0,0,0.0075592995,0.018158436,0.0428207,-5.074643,335.98407,1258.8779296875,0.26155268022181144
tensor(17905),"tensor(19051., dtype=torch.float64)",tensor(9),0,0,1,0,0,0.22170965,0.39078918,0.63450426,0.8064602,0.434224,0,0,1,1,0,0.6666666666666666,0.33333333333333337,1,0.3211516,0.434224,0.60609245,-0.7886252,32.34144,32.34143829345703,0.803373382624769
tensor(17939),"tensor(12781., dtype=torch.float64)",tensor(9),0,1,0,1,0,0.00012254399,0.97549486,0.1499018,0.998919,0.709692,0,1,0,1,0,1.0,0.0,0,0.093183696,0.290308,0.22994891,-4.42981,44.131973,44.13197326660156,0.2606284658040665
tensor(17949),"tensor(9108., dtype=torch.float64)",tensor(9),0,0,1,0,0,0.05162119,0.29416224,0.9112925,0.3524347,0.77513283,0,0,1,0,1,0.6666666666666666,0.33333333333333337,1,0.20235854,0.3524347,0.4581151,-1.5922949,14.908801,14.908801078796387,0.6293900184842883
tensor(17953),"tensor(3485., dtype=torch.float64)",tensor(9),0,0,0,1,0,0.096678056,0.17142296,0.054252844,0.99487054,0.4269261,0,0,0,1,0,1.0,0.0,0,0.15088189,0.42692614,0.34026024,-2.4461193,21.085115,21.085115432739258,0.44593345656192235
tensor(17957),"tensor(16563., dtype=torch.float64)",tensor(9),1,0,0,0,0,0.9860416,0.0047370144,0.004955643,0.02320181,0.04492484,1,0,0,0,0,1.0,0.0,0,0.018355548,0.044924855,0.08567056,-4.3408656,221.08827,1311.744140625,0.28165434380776344
tensor(17961),"tensor(7758., dtype=torch.float64)",tensor(9),0,1,0,1,0,0.28812462,0.2342345,0.35860014,0.81333524,0.63407564,0,0,0,1,0,0.6666666666666666,0.33333333333333337,1,0.28670967,0.36592436,0.58710325,-0.9384158,26.421785,28.692989349365234,0.7731053604436229
tensor(17979),"tensor(19775., dtype=torch.float64)",tensor(9),1,0,0,0,0,0.9805604,0.008029784,0.00050493935,0.033261027,0.1146849,1,0,0,0,0,1.0,0.0,0,0.035184085,0.11468488,0.12980527,-4.3482423,220.42746,1130.93310546875,0.308456561922366
tensor(18003),"tensor(16391., dtype=torch.float64)",tensor(9),0,0,0,1,0,0.34782702,0.16286711,0.00060855254,0.9755864,0.32436076,0,0,0,1,0,1.0,0.0,0,0.17201537,0.34782702,0.3680927,-2.818235,82.5746,82.57460021972656,0.580637707948244
tensor(18029),"tensor(7206., dtype=torch.float64)",tensor(9),0,0,1,0,1,0.0059713456,0.3121361,0.9683897,0.619864,0.8196478,0,0,1,0,1,1.0,0.0,0,0.18204117,0.380136,0.38673687,-2.2660065,18.009222,18.00922203063965,0.5221811460258781
tensor(18037),"tensor(500., dtype=torch.float64)",tensor(9),0,0,0,1,1,0.010068117,0.16369583,0.23293713,0.9896707,0.29817373,0,0,0,1,0,0.6666666666666666,0.33333333333333337,1,0.14304084,0.29817373,0.3423363,-2.5658884,21.14418,21.144180297851562,0.4279112754158965
tensor(18059),"tensor(993., dtype=torch.float64)",tensor(9),0,0,1,0,0,0.94732773,0.03625269,0.03181541,0.055717368,0.07970311,1,0,0,0,0,0.0,1.0,1,0.05123216,0.07970309,0.19924283,-2.9723728,125.2095,1481.575439453125,0.37361367837338266
tensor(18073),"tensor(19957., dtype=torch.float64)",tensor(9),1,0,0,0,0,0.887962,0.037704132,0.012173554,0.23543148,0.25179973,1,0,0,0,0,1.0,0.0,0,0.1298294,0.2517997,0.33743185,-2.3945625,88.305374,1552.72802734375,0.5547597042513863
tensor(18119),"tensor(17223., dtype=torch.float64)",tensor(9),0,0,1,0,0,0.05459887,0.5066412,0.90042704,0.018788263,0.32929102,0,0,1,0,0,1.0,0.0,0,0.19912195,0.4933588,0.3912006,-1.9494181,67.22713,102.15628051757812,0.6862292051756008
tensor(18137),"tensor(4638., dtype=torch.float64)",tensor(9),0,1,0,1,0,0.08766064,0.91923743,0.28380644,0.50213253,0.1886885,0,1,0,0,0,0.6666666666666666,0.33333333333333337,1,0.2277571,0.49786747,0.4703372,-1.4334624,20.024387,20.02438735961914,0.6841497227356748
tensor(18141),"tensor(3766., dtype=torch.float64)",tensor(9),0,0,0,0,1,0.98223615,0.0061350097,0.026522238,0.026340038,0.010626642,1,0,0,0,0,0.0,1.0,1,0.017477512,0.02652222,0.08592974,-4.169366,253.27248,1454.214111328125,0.2948243992606285
tensor(18171),"tensor(5229., dtype=torch.float64)",tensor(9),1,0,0,0,0,0.87514895,0.10714824,0.09218726,0.09406399,0.20197752,1,0,0,0,0,1.0,0.0,0,0.12404555,0.20197749,0.36790666,-1.9987341,76.702675,1623.09423828125,0.5871072088724584
tensor(18183),"tensor(4388., dtype=torch.float64)",tensor(9),1,0,0,0,0,0.76864105,0.020786654,0.47850642,0.13309972,0.030372443,1,0,0,0,0,1.0,0.0,0,0.17882478,0.47850645,0.3724985,-2.095264,138.58394,1809.268310546875,0.691543438077634
tensor(18201),"tensor(7590., dtype=torch.float64)",tensor(9),1,0,0,0,0,0.8640504,0.09887468,0.01047649,0.41848212,0.029861195,1,0,0,0,0,1.0,0.0,0,0.1387288,0.41848212,0.31847638,-2.4834228,106.81699,1456.14990234375,0.5579944547134935
tensor(18203),"tensor(14335., dtype=torch.float64)",tensor(9),0,1,0,0,0,0.0011545738,0.9798512,0.46565193,0.93844205,0.05385041,0,1,0,1,0,0.6666666666666666,0.33333333333333337,1,0.12047273,0.46565193,0.24786,-3.275034,42.068832,42.06883239746094,0.34634935304990755
tensor(18235),"tensor(5366., dtype=torch.float64)",tensor(9),0,0,1,0,0,0.13042478,0.11428255,0.93056715,0.007752778,0.2079974,0,0,1,0,0,1.0,0.0,0,0.10597813,0.20799738,0.31028587,-2.5458653,109.25787,129.2051239013672,0.509011090573013
tensor(18261),"tensor(2721., dtype=torch.float64)",tensor(9),0,0,1,0,0,0.022346398,0.2598352,0.9699887,0.026868958,0.46575132,0,0,1,0,0,1.0,0.0,0,0.16096258,0.4657513,0.32583693,-2.4055564,66.55207,124.972900390625,0.5570702402957486
tensor(18273),"tensor(5833., dtype=torch.float64)",tensor(9),0,0,1,0,0,0.0070739905,0.035895295,0.9838712,0.26692462,0.93300885,0,0,1,0,1,0.6666666666666666,0.33333333333333337,1,0.07860279,0.26692462,0.2210544,-3.1979704,55.90709,55.90708923339844,0.32231977818853974
tensor(18277),"tensor(3802., dtype=torch.float64)",tensor(9),0,1,0,0,0,0.008576995,0.9090192,0.59383273,0.9387925,0.46674,0,1,0,1,0,0.6666666666666666,0.33333333333333337,1,0.20673454,0.46674,0.39015996,-2.0590339,21.90139,21.901390075683594,0.5817929759704251
tensor(18289),"tensor(7597., dtype=torch.float64)",tensor(9),1,0,0,0,0,0.977432,0.007693626,0.011416633,0.0057950495,0.12591907,1,0,0,0,0,1.0,0.0,0,0.03467846,0.1259191,0.12591586,-4.0343423,176.30467,1365.704833984375,0.30013863216266173
tensor(18293),"tensor(500., dtype=torch.float64)",tensor(9),0,0,0,1,1,0.022855965,0.11476889,0.09631044,0.98238844,0.6142861,0,0,0,1,0,0.6666666666666666,0.33333333333333337,1,0.12745208,0.38571388,0.307522,-2.504811,17.852074,17.852073669433594,0.37546210720887246
tensor(18297),"tensor(21759., dtype=torch.float64)",tensor(9),0,0,1,0,0,0.065999635,0.100255825,0.9389261,0.080761075,0.730151,0,0,1,0,1,0.6666666666666666,0.33333333333333337,1,0.11558783,0.269849,0.33249116,-2.200861,34.391464,34.39146423339844,0.4683456561922366
tensor(18343),"tensor(4659., dtype=torch.float64)",tensor(9),0,1,1,0,1,0.003642635,0.44259754,0.927336,0.94771624,0.8891469,0,0,1,1,1,0.6666666666666666,0.33333333333333337,1,0.13640821,0.4425975,0.30491775,-2.6735845,17.716785,17.716785430908203,0.3680683918669131
tensor(18377),"tensor(7295., dtype=torch.float64)",tensor(9),1,0,0,0,0,0.6475707,0.106441826,0.5286839,0.16018985,0.37051475,1,0,0,0,0,1.0,0.0,0,0.29217833,0.4713161,0.55573255,-1.0075356,45.083153,1894.86474609375,0.8207024029574861
tensor(18383),"tensor(15090., dtype=torch.float64)",tensor(9),0,1,0,0,0,0.044796914,0.67498267,0.85558224,0.20131098,0.27662513,0,1,1,0,0,0.6666666666666666,0.33333333333333337,1,0.1984337,0.32501733,0.46366972,-1.58181,44.377197,46.12295913696289,0.719731977818854
tensor(18393),"tensor(12178., dtype=torch.float64)",tensor(9),1,0,0,0,0,0.7917815,0.34199882,0.03017579,0.26060155,0.11162922,1,0,0,0,0,1.0,0.0,0,0.19052488,0.34199882,0.44257697,-1.7154446,58.516693,1499.00439453125,0.7174214417744916
tensor(18397),"tensor(1495., dtype=torch.float64)",tensor(9),0,0,1,1,1,0.0022350133,0.5185669,0.93472636,0.9827291,0.573493,0,1,1,1,0,0.6666666666666666,0.33333333333333337,1,0.1985439,0.4814331,0.34381878,-2.6349323,41.991096,41.99109649658203,0.5439001848428836
tensor(18401),"tensor(451., dtype=torch.float64)",tensor(9),0,1,0,0,0,0.3247178,0.63846105,0.5429183,0.52888244,0.24044661,0,1,0,0,0,1.0,0.0,0,0.3709805,0.47111756,0.6434408,-0.5477706,42.570847,44.508121490478516,0.8401109057301295
tensor(18405),"tensor(5452., dtype=torch.float64)",tensor(9),0,0,0,1,0,0.9366572,0.027394792,0.020685103,0.23945646,0.012378705,1,0,0,0,0,0.0,1.0,1,0.072651505,0.23945647,0.21588929,-3.1311607,164.72578,1492.35546875,0.40388170055452866
tensor(18417),"tensor(9143., dtype=torch.float64)",tensor(9),0,0,0,1,1,0.0029449554,0.5731666,0.0023293754,0.99962616,0.7371621,0,1,0,1,1,0.8,0.19999999999999996,1,0.13906384,0.4268334,0.25965613,-4.220391,58.767235,58.767234802246094,0.36206099815157117
tensor(18431),"tensor(16258., dtype=torch.float64)",tensor(9),0,1,0,0,0,0.006144964,0.96501875,0.75189793,0.09228236,0.14748468,0,1,1,0,0,0.6666666666666666,0.33333333333333337,1,0.10579908,0.24810207,0.29508346,-2.7105203,36.067055,36.067054748535156,0.38562846580406657
tensor(18463),"tensor(11061., dtype=torch.float64)",tensor(9),0,1,0,0,0,0.13774788,0.937549,0.06973232,0.08032513,0.047056284,0,1,0,0,0,1.0,0.0,0,0.07946253,0.13774788,0.27135527,-2.5159936,36.597374,36.597373962402344,0.3680683918669131
tensor(18477),"tensor(14969., dtype=torch.float64)",tensor(9),0,0,0,1,0,0.7094002,0.256071,0.044151846,0.61000216,0.07250692,1,0,0,0,0,0.0,1.0,1,0.21066552,0.38999784,0.4562679,-1.6060104,53.343243,1615.00048828125,0.7414510166358595
tensor(18521),"tensor(18988., dtype=torch.float64)",tensor(9),0,0,1,0,0,0.0069930325,0.34957644,0.97882766,0.23204745,0.23080379,0,0,1,0,0,1.0,0.0,0,0.16811866,0.34957647,0.3746819,-2.3621898,71.93794,152.37911987304688,0.6115988909426987
tensor(18523),"tensor(8513., dtype=torch.float64)",tensor(9),0,0,0,1,0,0.8111131,0.10257898,0.018270921,0.59938407,0.05872785,1,0,0,0,0,0.0,1.0,1,0.1538161,0.40061593,0.36065248,-2.1574745,76.571075,1560.62255859375,0.6046672828096118
tensor(18525),"tensor(9251., dtype=torch.float64)",tensor(9),0,1,1,1,0,0.0003664795,0.9386108,0.8947709,0.9626618,0.82146776,0,1,1,1,1,0.8571428571428571,0.1428571428571429,1,0.07657111,0.17853224,0.23980252,-3.510961,33.106422,33.106422424316406,0.266173752310536
tensor(18537),"tensor(21486., dtype=torch.float64)",tensor(9),0,0,1,0,0,0.69734204,0.28983033,0.3774926,0.15560003,0.067091554,1,0,0,0,0,0.0,1.0,1,0.23853457,0.3774926,0.51125467,-1.3109344,67.76051,1790.961181640625,0.8186229205175601
tensor(18549),"tensor(16527., dtype=torch.float64)",tensor(9),0,0,0,1,0,0.9827623,0.017382594,0.0020964025,0.074725755,0.008054418,1,0,0,0,0,0.0,1.0,1,0.023899376,0.07472575,0.10046599,-4.314633,285.82013,1175.85888671875,0.3038354898336414
tensor(18597),"tensor(15210., dtype=torch.float64)",tensor(9),1,0,0,0,0,0.81636155,0.055015318,0.24336341,0.061740417,0.01810462,1,0,0,0,0,1.0,0.0,0,0.1123724,0.24336338,0.3134231,-2.4368358,132.70435,1701.21435546875,0.5411275415896488
tensor(18605),"tensor(9096., dtype=torch.float64)",tensor(9),1,0,0,0,0,0.91672134,0.085473694,0.0074822204,0.04858063,0.22919333,1,0,0,0,0,1.0,0.0,0,0.090801716,0.22919333,0.27106783,-2.768825,99.6646,1331.2275390625,0.4359981515711645
tensor(18609),"tensor(2919., dtype=torch.float64)",tensor(9),1,0,0,0,0,0.9959616,0.0026654445,0.0004633448,0.037247125,0.002116111,1,0,0,0,0,1.0,0.0,0,0.009306133,0.03724712,0.044602096,-5.7034874,478.13266,1135.5076904296875,0.2657116451016636
tensor(18611),"tensor(21792., dtype=torch.float64)",tensor(9),0,0,0,1,0,0.08145009,0.06617807,0.002132627,0.99791044,0.7576981,0,0,0,1,1,0.6666666666666666,0.33333333333333337,1,0.07883042,0.24230188,0.22197655,-3.705361,77.10693,77.10693359375,0.3207024029574861
tensor(18613),"tensor(3431., dtype=torch.float64)",tensor(9),1,0,0,0,0,0.95521694,0.015773801,0.014182262,0.1148271,0.091965295,1,0,0,0,0,1.0,0.0,0,0.056306362,0.1148271,0.20038947,-3.1534638,138.263,1486.70263671875,0.37037892791127547
tensor(18625),"tensor(16153., dtype=torch.float64)",tensor(9),0,1,0,0,0,0.96915036,0.028301673,0.009765645,0.02505573,0.054209948,1,0,0,0,0,0.0,1.0,1,0.029636502,0.054209948,0.12984669,-3.624585,144.73291,1308.5,0.30268022181146026
tensor(18641),"tensor(3341., dtype=torch.float64)",tensor(9),1,0,0,0,0,0.75766623,0.14025228,0.0066826325,0.592139,0.1993799,1,0,0,0,0,1.0,0.0,0,0.1993019,0.407861,0.4349834,-1.9435303,61.40056,1518.3028564453125,0.7051756007393716
tensor(18709),"tensor(20133., dtype=torch.float64)",tensor(9),0,0,1,0,0,0.17431667,0.19246942,0.8891218,0.19641703,0.21285565,0,0,1,0,0,1.0,0.0,0,0.17738742,0.21285564,0.4627815,-1.557564,56.96332,147.799072265625,0.7236598890942698
tensor(18711),"tensor(8638., dtype=torch.float64)",tensor(9),0,1,1,1,1,0.0008111913,0.87887955,0.91977113,0.88010037,0.9087005,0,1,1,1,1,1.0,0.0,0,0.08267194,0.12112045,0.26546454,-3.16571,21.664532,21.664531707763672,0.2647874306839187
tensor(18753),"tensor(13340., dtype=torch.float64)",tensor(9),1,0,0,0,0,0.99454814,0.0054768305,0.00061019126,0.033889204,0.002532395,1,0,0,0,0,1.0,0.0,0,0.009592056,0.033889174,0.047727875,-5.4270883,436.7617,1103.6702880859375,0.26686691312384475
tensor(18811),"tensor(10036., dtype=torch.float64)",tensor(9),0,0,1,0,0,0.01625242,0.84718037,0.80621976,0.5727221,0.43923655,0,1,1,0,0,0.6666666666666666,0.33333333333333337,1,0.24587333,0.43923652,0.4741152,-1.5557282,30.55997,32.426639556884766,0.7236598890942698
tensor(18851),"tensor(15223., dtype=torch.float64)",tensor(9),0,0,1,0,0,0.10319272,0.83568496,0.5626609,0.22125143,0.5403265,0,1,0,0,0,0.0,1.0,1,0.27715433,0.45967352,0.53649014,-1.0921444,32.112274,32.112274169921875,0.7765711645101663
tensor(18855),"tensor(15223., dtype=torch.float64)",tensor(9),1,0,0,0,0,0.8117842,0.087071866,0.023340886,0.116335444,0.50459236,1,0,0,0,0,1.0,0.0,0,0.18207437,0.49540764,0.38855425,-1.9182937,70.30313,1585.44873046875,0.6758317929759704
tensor(18871),"tensor(20111., dtype=torch.float64)",tensor(9),0,1,0,1,0,0.078503914,0.13956463,0.0058616027,0.99678826,0.6128116,0,0,0,1,0,0.6666666666666666,0.33333333333333337,1,0.122866035,0.38718837,0.28087205,-3.1224182,38.467163,38.4671630859375,0.3680683918669131
tensor(18895),"tensor(21740., dtype=torch.float64)",tensor(9),0,1,0,0,0,0.0007626216,0.9967726,0.55018884,0.15267532,0.420385,0,1,0,0,0,1.0,0.0,0,0.20537233,0.44981116,0.3647621,-3.029446,34.770813,34.77081298828125,0.5189463955637708
tensor(18913),"tensor(18566., dtype=torch.float64)",tensor(9),1,0,0,0,0,0.8969587,0.23634411,0.017544962,0.02107943,0.06872714,1,0,0,0,0,1.0,0.0,0,0.08934736,0.2363441,0.26388252,-2.7613115,89.54586,1319.51123046875,0.42513863216266173
tensor(18927),"tensor(15223., dtype=torch.float64)",tensor(9),1,0,0,0,0,0.48151514,0.8019428,0.032260608,0.105587855,0.08382853,1,1,0,0,0,0.6666666666666666,0.33333333333333337,1,0.18024987,0.48151517,0.39157742,-1.8803247,39.453453,39.453453063964844,0.6275415896487986
tensor(18945),"tensor(19995., dtype=torch.float64)",tensor(9),0,0,1,0,0,0.6981258,0.12440467,0.2118931,0.54995495,0.23952784,1,0,0,0,0,0.0,1.0,1,0.265549,0.45004505,0.5486382,-1.0918127,44.782806,1849.513671875,0.8086876155268021
tensor(18969),"tensor(9626., dtype=torch.float64)",tensor(9),1,0,0,0,0,0.9872432,0.01667606,0.003589299,0.009043065,0.010087487,1,0,0,0,0,1.0,0.0,0,0.010430515,0.016676068,0.056974053,-4.6670027,219.90518,1171.76904296875,0.2578558225508318
tensor(18975),"tensor(20676., dtype=torch.float64)",tensor(9),1,0,0,0,0,0.05958593,0.9046911,0.37277412,0.103548825,0.036797464,0,1,0,0,0,0.0,1.0,1,0.13360298,0.37277412,0.3382669,-2.190588,42.565315,42.56531524658203,0.5152495378927912
tensor(19013),"tensor(18558., dtype=torch.float64)",tensor(9),0,0,1,0,0,0.0093554305,0.91085446,0.75728077,0.7080066,0.68819654,0,1,1,1,0,0.5,0.5,1,0.18900335,0.31180346,0.42644635,-1.9603527,22.367996,29.602779388427734,0.5963493530499075
tensor(19025),"tensor(16024., dtype=torch.float64)",tensor(9),1,0,0,0,0,0.96386635,0.029757004,0.023085484,0.048892193,0.023158241,1,0,0,0,0,1.0,0.0,0,0.032205284,0.0488922,0.14089929,-3.4446778,161.32759,1423.1708984375,0.3269408502772643
tensor(19073),"tensor(10036., dtype=torch.float64)",tensor(9),0,0,1,0,0,0.012408348,0.8869273,0.82675344,0.24129586,0.16265626,0,1,1,0,0,0.6666666666666666,0.33333333333333337,1,0.14053595,0.24129587,0.37546042,-2.156721,36.550594,36.550594329833984,0.538354898336414
tensor(19113),"tensor(8820., dtype=torch.float64)",tensor(9),0,1,0,1,0,0.00074377976,0.9919424,0.06428466,0.96257895,0.05431344,0,1,0,1,0,1.0,0.0,0,0.03296411,0.06428468,0.13245115,-4.1597157,42.435097,42.435096740722656,0.1857670979667283
tensor(19161),"tensor(10396., dtype=torch.float64)",tensor(9),0,0,0,1,0,0.00454171,0.04294917,0.031973872,0.9980332,0.5938424,0,0,0,1,0,1.0,0.0,0,0.09751779,0.4061576,0.20748511,-3.7026646,38.724434,38.72443389892578,0.2689463955637708
tensor(19165),"tensor(17718., dtype=torch.float64)",tensor(9),1,0,0,0,0,0.99772495,0.0017666614,0.00012190065,0.018990673,0.0017088408,1,0,0,0,0,1.0,0.0,0,0.0049726367,0.018990695,0.027396461,-6.3494825,613.03625,1051.512451171875,0.25693160813308685
tensor(19169),"tensor(13137., dtype=torch.float64)",tensor(9),1,0,0,0,0,0.9789114,0.002441607,0.0005928904,0.02031048,0.28499475,1,0,0,0,0,1.0,0.0,0,0.06588566,0.28499472,0.16424467,-4.4152384,243.19412,1285.66552734375,0.34334565619223656
tensor(19195),"tensor(17840., dtype=torch.float64)",tensor(9),1,0,0,0,0,0.6857077,0.51298255,0.0034080693,0.03294319,0.5089157,1,1,0,0,0,0.6666666666666666,0.33333333333333337,1,0.2657491,0.49108428,0.4351769,-1.985081,59.12529,90.98208618164062,0.7386783733826248
tensor(19201),"tensor(14414., dtype=torch.float64)",tensor(9),0,1,1,0,0,0.015615053,0.787587,0.86728054,0.36100933,0.50015444,0,1,1,0,0,1.0,0.0,0,0.24432051,0.49984556,0.46724948,-1.5805901,28.56631,39.22638702392578,0.7100277264325324
tensor(19205),"tensor(12709., dtype=torch.float64)",tensor(9),1,0,0,0,0,0.70692533,0.2680274,0.300591,0.35542113,0.17530282,1,0,0,0,0,1.0,0.0,0,0.2784834,0.35542113,0.5824934,-0.9746863,50.0091,1833.888427734375,0.8308687615526803
tensor(19283),"tensor(10147., dtype=torch.float64)",tensor(9),1,0,0,0,0,0.77578145,0.18957898,0.24077675,0.22568722,0.18237312,1,0,0,0,0,1.0,0.0,0,0.21252692,0.24077678,0.51575327,-1.3151202,58.38247,1802.847412109375,0.7883548983364141
tensor(19289),"tensor(21104., dtype=torch.float64)",tensor(9),1,0,0,0,0,0.7389802,0.5199354,0.009006072,0.1167334,0.046170805,1,1,0,0,0,0.6666666666666666,0.33333333333333337,1,0.18259889,0.48006457,0.3730607,-2.1746278,72.21777,72.2177734375,0.6434842883548983
tensor(19309),"tensor(10780., dtype=torch.float64)",tensor(9),0,1,0,0,0,0.0016993934,0.56889945,0.979954,0.0963113,0.86135644,0,1,1,0,1,0.5,0.5,1,0.13756019,0.43110055,0.30275434,-2.921624,35.22794,35.22793960571289,0.4110443622920517
tensor(19313),"tensor(12980., dtype=torch.float64)",tensor(9),1,0,0,0,0,0.932768,0.05365517,0.013973878,0.078072235,0.14645348,1,0,0,0,0,1.0,0.0,0,0.07187736,0.1464535,0.24393101,-2.7976108,111.54759,1409.8564453125,0.4165896487985213
tensor(19319),"tensor(21060., dtype=torch.float64)",tensor(9),0,0,0,0,1,0.8350681,0.1570208,0.06940523,0.14012134,0.25889996,1,0,0,0,0,0.0,1.0,1,0.15807593,0.25889993,0.4223279,-1.7528765,65.08417,1635.44482421875,0.6742144177449169
tensor(19321),"tensor(9434., dtype=torch.float64)",tensor(9),0,1,0,0,0,0.0018862492,0.98515123,0.7422168,0.41126508,0.2457184,0,1,1,0,0,0.6666666666666666,0.33333333333333337,1,0.1863004,0.41126508,0.37931788,-2.6007988,25.268456,25.268455505371094,0.5147874306839186
tensor(19343),"tensor(20644., dtype=torch.float64)",tensor(9),0,1,0,0,0,0.8417968,0.3261155,0.086883605,0.047034606,0.039640367,1,0,0,0,0,0.0,1.0,1,0.13157547,0.3261155,0.3439657,-2.1891828,81.16937,1508.2508544921875,0.572550831792976
tensor(19355),"tensor(20536., dtype=torch.float64)",tensor(9),0,0,0,0,1,0.7573992,0.03990417,0.012053274,0.56783485,0.40428212,1,0,0,0,0,0.0,1.0,1,0.22620112,0.43216515,0.42911214,-1.8771988,67.60399,1683.066650390625,0.7372920517560074
tensor(19357),"tensor(17064., dtype=torch.float64)",tensor(9),1,0,0,0,0,0.8912919,0.020669648,0.29784817,0.041313395,0.015060656,1,0,0,0,0,1.0,0.0,0,0.09671992,0.29784817,0.26074037,-2.8289294,179.74683,1701.2554931640625,0.4764325323475046
tensor(19361),"tensor(16357., dtype=torch.float64)",tensor(9),1,0,0,0,0,0.98275536,0.0031143008,0.0019985742,0.017214643,0.14652853,1,0,0,0,0,1.0,0.0,0,0.03722018,0.14652854,0.12524936,-4.366307,219.19493,1300.117919921875,0.30730129390018485
tensor(19367),"tensor(11221., dtype=torch.float64)",tensor(9),1,0,0,0,0,0.9535215,0.004564803,0.057414673,0.044086374,0.1077029,1,0,0,0,0,1.0,0.0,0,0.052049458,0.10770291,0.19187365,-3.2790484,177.37662,1610.93017578125,0.37315157116451014
tensor(19399),"tensor(14833., dtype=torch.float64)",tensor(9),0,0,0,0,1,0.8433924,0.01728205,0.4058519,0.023952756,0.043564416,1,0,0,0,0,0.0,1.0,1,0.12945175,0.4058519,0.2977474,-2.5803766,160.11794,1730.27001953125,0.5457486136783734
tensor(19545),"tensor(21457., dtype=torch.float64)",tensor(9),0,1,0,0,0,0.0014824958,0.9794794,0.079499215,0.9802941,0.14110675,0,1,0,1,0,0.6666666666666666,0.33333333333333337,1,0.052462935,0.14110672,0.17852023,-3.7080746,29.72371,29.723709106445312,0.19570240295748614
tensor(19553),"tensor(13739., dtype=torch.float64)",tensor(9),1,0,0,0,0,0.9909087,0.0014125832,0.0012948761,0.01353057,0.08074832,1,0,0,0,0,1.0,0.0,0,0.021215558,0.08074832,0.08492394,-4.924336,280.2996,1269.651123046875,0.2825785582255083
tensor(19599),"tensor(11586., dtype=torch.float64)",tensor(9),0,0,1,0,0,0.013092306,0.8623776,0.87732816,0.04775952,0.106327,0,1,1,0,0,0.6666666666666666,0.33333333333333337,1,0.08549464,0.13762242,0.27464813,-2.6493118,61.487564,61.48756408691406,0.4050369685767098
tensor(19649),"tensor(16633., dtype=torch.float64)",tensor(9),1,0,0,0,0,0.980467,0.031443987,0.0010873735,0.042642586,0.019577969,1,0,0,0,0,1.0,0.0,0,0.02285701,0.042642593,0.103418946,-4.238265,221.24042,1059.7943115234375,0.2959796672828096
tensor(19663),"tensor(8070., dtype=torch.float64)",tensor(9),0,1,0,0,0,0.023123907,0.8988784,0.7543953,0.20891102,0.38235292,0,1,1,0,0,0.6666666666666666,0.33333333333333337,1,0.19222277,0.38235295,0.43453383,-1.7723169,30.7897,30.78969955444336,0.6483364140480592
tensor(19665),"tensor(20455., dtype=torch.float64)",tensor(9),0,0,1,0,0,0.06834898,0.2759492,0.9215733,0.11494925,0.63280374,0,0,1,0,0,1.0,0.0,0,0.18097413,0.36719626,0.42550597,-1.7252624,29.328407,130.67672729492188,0.6323937153419593
tensor(19711),"tensor(9513., dtype=torch.float64)",tensor(9),0,0,0,1,0,0.0048111174,0.57857543,0.2719561,0.9953484,0.78924966,0,1,0,1,1,0.5,0.5,1,0.18271863,0.42142457,0.3681979,-2.663987,14.848026,14.848026275634766,0.46141404805914976
tensor(19719),"tensor(17715., dtype=torch.float64)",tensor(9),0,0,1,0,0,0.007123776,0.8011661,0.92616206,0.06992128,0.59961945,0,1,1,0,0,0.6666666666666666,0.33333333333333337,1,0.15001947,0.40038055,0.34623164,-2.3703444,39.869057,53.829307556152344,0.5143253234750462
tensor(19737),"tensor(14414., dtype=torch.float64)",tensor(9),0,1,0,0,1,0.08148979,0.37819496,0.9054685,0.032296892,0.08110255,0,0,1,0,0,0.0,1.0,1,0.1335231,0.37819493,0.33651137,-2.2012851,94.51162,138.5280303955078,0.5817929759704251
tensor(19785),"tensor(17428., dtype=torch.float64)",tensor(9),0,1,0,0,0,0.24868941,0.6047982,0.62849855,0.5544233,0.33273673,0,1,1,0,0,0.6666666666666666,0.33333333333333337,1,0.35874122,0.44557673,0.64299405,-0.5942572,40.008812,44.3473014831543,0.8322550831792976
tensor(19795),"tensor(17621., dtype=torch.float64)",tensor(9),1,0,0,0,0,0.98546,0.008936814,0.0074416287,0.022826899,0.01681531,1,0,0,0,0,1.0,0.0,0,0.0141121745,0.02282691,0.07302149,-4.3286467,221.45384,1288.1641845703125,0.27564695009242146
tensor(19811),"tensor(8036., dtype=torch.float64)",tensor(9),0,1,0,0,0,0.012949843,0.6392704,0.92535555,0.32966232,0.14824325,0,1,1,0,0,0.6666666666666666,0.33333333333333337,1,0.18524587,0.36072958,0.40841407,-1.9762875,60.189354,60.189353942871094,0.6730591497227356
tensor(19855),"tensor(10599., dtype=torch.float64)",tensor(9),1,0,0,0,0,0.94057465,0.047110796,0.0018363554,0.16818982,0.10043135,1,0,0,0,0,1.0,0.0,0,0.07539874,0.16818982,0.24154791,-3.1715703,149.86586,1258.282470703125,0.40988909426987064
tensor(19859),"tensor(15817., dtype=torch.float64)",tensor(9),0,1,0,1,0,0.009280527,0.9694862,0.59610593,0.44366473,0.5876614,0,1,0,0,0,0.6666666666666666,0.33333333333333337,1,0.25993836,0.44366473,0.44564724,-1.8197949,23.066128,23.06612777709961,0.6677449168207024
tensor(19953),"tensor(18220., dtype=torch.float64)",tensor(9),0,0,0,1,0,0.8229608,0.031816643,0.0103439465,0.40672594,0.37624714,1,0,0,0,0,0.0,1.0,1,0.20043457,0.40672594,0.4006587,-2.07919,79.5031,1631.698974609375,0.6961645101663586
tensor(20089),"tensor(20671., dtype=torch.float64)",tensor(9),1,0,0,0,0,0.96709174,0.008217948,0.000639094,0.35878515,0.034467243,1,0,0,0,0,1.0,0.0,0,0.08700353,0.35878515,0.2000703,-3.8883767,238.2051,1310.9609375,0.3914048059149723
tensor(20105),"tensor(15413., dtype=torch.float64)",tensor(9),0,0,0,1,0,0.29998454,0.610383,0.007543785,0.8707647,0.50089943,0,1,0,1,0,0.6666666666666666,0.33333333333333337,1,0.2650963,0.49910057,0.48037714,-1.6174173,33.664474,33.66447448730469,0.7405268022181146
tensor(20111),"tensor(19251., dtype=torch.float64)",tensor(9),1,0,0,0,0,0.8860991,0.034137566,0.018374695,0.20716058,0.30295184,1,0,0,0,0,1.0,0.0,0,0.1353051,0.3029518,0.3437193,-2.3095531,86.99639,1605.1522216796875,0.5697781885397412
tensor(20131),"tensor(8941., dtype=torch.float64)",tensor(9),1,0,0,0,0,0.48094952,0.27434942,0.61829084,0.060494717,0.3770159,1,0,1,0,0,0.6666666666666666,0.33333333333333337,1,0.31490374,0.48094952,0.5671528,-0.9552472,47.058685,107.88935852050781,0.83271719038817
tensor(20137),"tensor(10061., dtype=torch.float64)",tensor(9),0,1,1,1,1,0.0011065982,0.5426688,0.920767,0.94108886,0.9569874,0,1,1,1,1,1.0,0.0,0,0.1279189,0.45733118,0.2752791,-3.0605133,24.180218,24.180217742919922,0.330637707948244
tensor(20143),"tensor(21455., dtype=torch.float64)",tensor(9),1,0,0,0,0,0.83801883,0.10963784,0.0014072867,0.56532204,0.105163634,1,0,0,0,0,1.0,0.0,0,0.16257364,0.43467796,0.36404324,-2.5413203,118.980736,1330.5662841796875,0.619916820702403
tensor(20151),"tensor(12750., dtype=torch.float64)",tensor(9),1,0,0,0,0,0.96043307,0.0030365228,0.002747486,0.02589113,0.41383052,1,0,0,0,0,1.0,0.0,0,0.09701455,0.41383052,0.20090476,-3.770697,207.19626,1426.9031982421875,0.3987985212569316
tensor(20199),"tensor(9113., dtype=torch.float64)",tensor(9),1,0,0,0,0,0.9459733,0.10123298,0.006908743,0.07472526,0.032212354,1,0,0,0,0,1.0,0.0,0,0.053821206,0.101233006,0.1974577,-3.1866612,137.07837,1278.54150390625,0.36275415896487984
tensor(20243),"tensor(16587., dtype=torch.float64)",tensor(9),0,0,0,1,0,0.011142023,0.0506844,0.004206518,0.9993967,0.8282893,0,0,0,1,1,0.6666666666666666,0.33333333333333337,1,0.04766941,0.17171073,0.15051745,-4.37377,77.301384,77.30138397216797,0.24399260628465805
tensor(20245),"tensor(12917., dtype=torch.float64)",tensor(9),0,0,0,1,0,0.002095822,0.051113646,0.013428659,0.9988594,0.52412826,0,0,0,1,0,1.0,0.0,0,0.10873014,0.47587174,0.19777468,-4.051095,42.835247,42.83524703979492,0.27195009242144175
tensor(20247),"tensor(19945., dtype=torch.float64)",tensor(9),0,1,0,0,0,0.14888003,0.53600705,0.78523713,0.07333283,0.0952972,0,1,1,0,0,0.6666666666666666,0.33333333333333337,1,0.1992532,0.46399295,0.4416627,-1.5942668,62.44413,62.444129943847656,0.7377541589648798
tensor(20259),"tensor(18034., dtype=torch.float64)",tensor(9),1,0,0,0,0,0.8889566,0.014597221,0.14719722,0.11530345,0.1648298,1,0,0,0,0,1.0,0.0,0,0.11059427,0.16482979,0.32955074,-2.3419,107.27187,1719.67529296875,0.5459796672828097
tensor(20267),"tensor(9897., dtype=torch.float64)",tensor(9),1,0,0,0,0,0.3783202,0.42208964,0.02418372,0.87664205,0.30506763,0,0,0,1,0,0.0,1.0,1,0.25060385,0.42208964,0.4893511,-1.4585539,21.399258,21.39925765991211,0.7091035120147874
tensor(20279),"tensor(21605., dtype=torch.float64)",tensor(9),0,0,1,0,0,0.08923596,0.2404342,0.916469,0.05863452,0.4530757,0,0,1,0,0,1.0,0.0,0,0.1849823,0.4530757,0.41031736,-1.7665737,44.356514,122.07319641113281,0.6656654343807763
tensor(20295),"tensor(17972., dtype=torch.float64)",tensor(9),0,0,1,1,1,0.000848717,0.14262395,0.8164736,0.99557245,0.95775926,0,0,1,1,1,1.0,0.0,0,0.074733436,0.1835264,0.21933262,-3.7787843,57.762917,57.762916564941406,0.28858595194085024
tensor(20351),"tensor(8402., dtype=torch.float64)",tensor(9),1,0,0,0,0,0.6466591,0.42649156,0.010918255,0.5059029,0.074925266,1,0,0,0,0,1.0,0.0,0,0.2719546,0.4940971,0.47024903,-1.5887806,63.081146,1447.38330078125,0.7948243992606285
tensor(20355),"tensor(11738., dtype=torch.float64)",tensor(9),1,0,0,0,0,0.9755677,0.016575003,0.0017237457,0.107686006,0.035755634,1,0,0,0,0,1.0,0.0,0,0.037234485,0.10768598,0.14155309,-3.9082046,217.58307,1223.2952880859375,0.3304066543438078
tensor(20393),"tensor(8850., dtype=torch.float64)",tensor(9),1,0,0,0,0,0.7303448,0.50520474,0.026801495,0.16901124,0.15806614,1,0,0,0,0,1.0,0.0,0,0.2236659,0.49479526,0.45804292,-1.5749323,45.987816,1439.490966796875,0.7421441774491682
tensor(20403),"tensor(21545., dtype=torch.float64)",tensor(9),0,0,1,0,0,0.6798389,0.040475726,0.52271324,0.008836176,0.3857778,1,0,0,0,0,0.0,1.0,1,0.24650753,0.47728676,0.4411927,-1.8389606,102.30025,1749.62841796875,0.7934380776340111
tensor(20451),"tensor(14069., dtype=torch.float64)",tensor(9),0,1,1,0,0,0.00014922772,0.9950405,0.7836679,0.7966127,0.57301456,0,1,1,1,0,0.8,0.19999999999999996,1,0.17036265,0.42698544,0.3484928,-3.411588,36.613285,36.613285064697266,0.4533271719038817
tensor(20499),"tensor(8174., dtype=torch.float64)",tensor(9),0,0,1,0,0,0.034120217,0.5841972,0.9238533,0.027465353,0.1669947,0,1,1,0,0,0.6666666666666666,0.33333333333333337,1,0.14410591,0.41580278,0.33476973,-2.2706254,78.16551,78.16551208496094,0.5686229205175601
tensor(20551),"tensor(18497., dtype=torch.float64)",tensor(9),0,1,1,0,0,0.016322946,0.6140503,0.9392617,0.09945885,0.37761274,0,1,1,0,0,1.0,0.0,0,0.18801653,0.38594967,0.39320654,-2.0009122,46.61575,61.12621307373047,0.6414048059149723
tensor(20561),"tensor(20449., dtype=torch.float64)",tensor(9),0,1,0,1,0,0.00097574736,0.8352766,0.85388297,0.98661244,0.8114118,0,1,1,1,1,0.6666666666666666,0.33333333333333337,1,0.10275841,0.1885882,0.28525734,-3.2158744,31.047836,31.047836303710938,0.32231977818853974
tensor(20585),"tensor(13287., dtype=torch.float64)",tensor(9),0,1,0,1,0,0.0002684826,0.9184143,0.868673,0.99117064,0.71578586,0,1,1,1,0,0.8,0.19999999999999996,1,0.10124493,0.28421414,0.26428849,-3.6354365,40.36018,40.36017990112305,0.3107670979667283
tensor(20587),"tensor(10766., dtype=torch.float64)",tensor(9),0,0,0,1,0,0.003397431,0.480515,0.9338038,0.9669465,0.37122938,0,0,1,1,0,0.6666666666666666,0.33333333333333337,1,0.19087827,0.480515,0.3527175,-2.4617832,45.678528,45.67852783203125,0.5709334565619224
tensor(20645),"tensor(11255., dtype=torch.float64)",tensor(9),0,0,1,0,0,0.025603015,0.3212619,0.9449673,0.084379144,0.65505576,0,0,1,0,0,1.0,0.0,0,0.16624421,0.34494424,0.3787196,-2.0511858,31.802284,124.4765625,0.5672365988909427
tensor(20661),"tensor(13641., dtype=torch.float64)",tensor(9),0,1,1,0,0,0.006025055,0.5135339,0.9688446,0.19301082,0.19116187,0,1,1,0,0,1.0,0.0,0,0.18156385,0.4864661,0.36935705,-2.2940183,72.11374,82.12379455566406,0.6291589648798521
tensor(20737),"tensor(19353., dtype=torch.float64)",tensor(9),0,0,1,0,0,0.5910822,0.1098028,0.5365416,0.101013735,0.415451,1,0,0,0,0,0.0,1.0,1,0.29972875,0.46345842,0.54382503,-1.0270225,43.006813,1877.4434814453125,0.8142329020332717
tensor(20787),"tensor(18283., dtype=torch.float64)",tensor(9),0,1,0,0,0,0.045340266,0.96375275,0.269567,0.24338509,0.48943487,0,1,0,0,0,1.0,0.0,0,0.21679485,0.48943484,0.434218,-1.7001854,17.319517,17.319517135620117,0.6277726432532347
tensor(20791),"tensor(17359., dtype=torch.float64)",tensor(9),0,0,1,0,0,0.7974817,0.39837223,0.05672922,0.0587365,0.071822815,1,0,0,0,0,0.0,1.0,1,0.15763581,0.39837223,0.3751793,-1.9854256,61.51103,1471.0609130859375,0.6162199630314233
tensor(20809),"tensor(18589., dtype=torch.float64)",tensor(9),0,0,0,0,1,0.575933,0.11168344,0.03252064,0.05462419,0.8637842,1,0,0,0,1,0.6666666666666666,0.33333333333333337,1,0.15182221,0.42406702,0.3569871,-2.0941532,74.38559,74.38558959960938,0.6039741219963032
tensor(20833),"tensor(21219., dtype=torch.float64)",tensor(9),0,0,0,0,1,0.7303142,0.008704206,0.0013625337,0.100632474,0.87759084,1,0,0,0,1,0.6666666666666666,0.33333333333333337,1,0.10055888,0.2696858,0.26828498,-3.2976997,179.48164,179.4816436767578,0.4491682070240296
tensor(20835),"tensor(14966., dtype=torch.float64)",tensor(9),0,1,1,0,1,0.017870618,0.6073762,0.91401064,0.37111986,0.6264244,0,1,1,0,0,0.8,0.19999999999999996,1,0.24823588,0.39262378,0.47461575,-1.5701606,21.680195,51.835914611816406,0.6947781885397413
tensor(20837),"tensor(11968., dtype=torch.float64)",tensor(9),0,1,0,1,0,0.00057174254,0.9665808,0.0040444992,0.9979777,0.37719008,0,1,0,1,0,1.0,0.0,0,0.08344954,0.3771901,0.17096701,-4.608042,54.818314,54.81831359863281,0.24191312384473196
tensor(20843),"tensor(13165., dtype=torch.float64)",tensor(9),0,1,0,0,0,0.64672464,0.6808938,0.0029555173,0.20361467,0.071387395,1,1,0,0,0,0.6666666666666666,0.33333333333333337,1,0.19006789,0.35327536,0.41167894,-2.22262,75.98527,75.98526763916016,0.6779112754158965
tensor(20859),"tensor(19334., dtype=torch.float64)",tensor(9),0,1,0,0,0,0.84596676,0.09162437,0.006445855,0.18046731,0.38988057,1,0,0,0,0,0.0,1.0,1,0.16449034,0.38988054,0.38313156,-2.1992245,87.53389,1454.87841796875,0.6455637707948244
tensor(21023),"tensor(11080., dtype=torch.float64)",tensor(9),0,1,0,0,0,0.0095397085,0.8227023,0.7888161,0.40901497,0.03239078,0,1,1,0,0,0.6666666666666666,0.33333333333333337,1,0.16788542,0.40901494,0.37122452,-2.2520537,60.921547,60.921546936035156,0.6030499075785583
tensor(21061),"tensor(19627., dtype=torch.float64)",tensor(9),1,0,0,0,0,0.8460067,0.47691736,0.0040674405,0.01647719,0.011351634,1,0,0,0,0,1.0,0.0,0,0.13256139,0.4769174,0.25884414,-3.1705642,128.0799,1104.524658203125,0.4653419593345656
tensor(21103),"tensor(12376., dtype=torch.float64)",tensor(9),1,0,0,0,0,0.9783383,0.013306716,0.0023700905,0.10860373,0.012811635,1,0,0,0,0,1.0,0.0,0,0.0317508,0.108603716,0.12079368,-4.121689,238.44675,1280.658203125,0.3170055452865065
tensor(21117),"tensor(9918., dtype=torch.float64)",tensor(9),0,0,1,0,0,0.0054741995,0.5244087,0.96290106,0.4653327,0.78138524,0,1,1,0,1,0.5,0.5,1,0.24042237,0.4755913,0.42008504,-1.9937887,18.39402,18.394020080566406,0.611829944547135
tensor(21161),"tensor(19024., dtype=torch.float64)",tensor(9),1,0,0,0,0,0.97072554,0.03701562,0.0025102564,0.010185515,0.1088635,1,0,0,0,0,1.0,0.0,0,0.03756988,0.10886347,0.14181471,-3.884767,140.94952,1166.1187744140625,0.2980591497227357
tensor(21165),"tensor(8897., dtype=torch.float64)",tensor(9),0,1,1,0,1,0.00011642715,0.9708909,0.94057244,0.72217816,0.936903,0,1,1,1,1,0.8571428571428571,0.1428571428571429,1,0.08591443,0.27782184,0.23689637,-3.796044,48.16018,48.160179138183594,0.2902033271719039
tensor(21267),"tensor(15383., dtype=torch.float64)",tensor(9),1,0,0,0,0,0.16257372,0.2258381,0.8827536,0.014541072,0.18302749,0,0,1,0,0,0.0,1.0,1,0.14064538,0.22583807,0.37828445,-2.1204064,88.8598,116.30316925048828,0.6210720887245841
tensor(21341),"tensor(17428., dtype=torch.float64)",tensor(9),1,0,0,0,0,0.616002,0.5191738,0.12907721,0.4765348,0.12883599,1,1,0,0,0,0.6666666666666666,0.33333333333333337,1,0.31985438,0.4808262,0.56384826,-0.89274156,42.868176,43.7137565612793,0.8243992606284658
tensor(21349),"tensor(16124., dtype=torch.float64)",tensor(9),0,0,1,0,0,0.26328886,0.050231595,0.9042507,0.08247569,0.31701788,0,0,1,0,0,1.0,0.0,0,0.1617527,0.3170179,0.40013656,-1.8781153,66.47227,146.31805419921875,0.6585027726432532
tensor(21489),"tensor(16419., dtype=torch.float64)",tensor(9),0,1,1,0,0,0.0015094588,0.9020354,0.9378389,0.28145,0.8049542,0,1,1,0,1,0.8,0.19999999999999996,1,0.12762624,0.28145003,0.3305098,-2.7566442,26.882792,26.88279151916504,0.40226432532347506
tensor(21597),"tensor(11363., dtype=torch.float64)",tensor(9),1,0,0,0,0,0.96356356,0.007107043,0.0008553919,0.259783,0.07608272,1,0,0,0,0,1.0,0.0,0,0.076052845,0.25978303,0.20950201,-3.7643197,205.24472,1343.0162353515625,0.3847042513863216
tensor(21633),"tensor(8530., dtype=torch.float64)",tensor(9),0,0,1,1,0,0.20867658,0.78425735,0.19855925,0.15726437,0.034957543,0,1,0,0,0,0.0,1.0,1,0.16304004,0.21574265,0.42374843,-1.8031317,44.711376,44.71137619018555,0.6460258780036968
tensor(21657),"tensor(7941., dtype=torch.float64)",tensor(9),0,1,0,1,0,0.008695151,0.7420446,0.107389115,0.98948365,0.124540344,0,1,0,1,0,1.0,0.0,0,0.10181922,0.25795537,0.27921605,-2.8809876,19.598003,19.598003387451172,0.30244916820702406
tensor(21699),"tensor(9612., dtype=torch.float64)",tensor(9),0,1,0,1,0,0.001154627,0.85528517,0.01698727,0.99876827,0.549795,0,1,0,1,0,1.0,0.0,0,0.1228587,0.45020503,0.24122548,-3.8991325,25.287643,25.287643432617188,0.2631700554528651
tensor(21765),"tensor(15902., dtype=torch.float64)",tensor(9),0,1,0,0,0,0.0056926506,0.9243007,0.8255215,0.5417573,0.6509183,0,1,1,0,0,0.6666666666666666,0.33333333333333337,1,0.21263897,0.4582427,0.42053723,-2.0019698,25.233034,30.188720703125,0.6180683918669131
tensor(21777),"tensor(8572., dtype=torch.float64)",tensor(9),1,0,0,0,0,0.9942047,0.00047108726,0.0008798862,0.062196292,0.021515857,1,0,0,0,0,1.0,0.0,0,0.018171668,0.062196314,0.076725595,-5.274036,409.7934,1367.8807373046875,0.2841959334565619
tensor(21817),"tensor(18354., dtype=torch.float64)",tensor(9),0,0,0,0,0,0.031950984,0.23412623,0.9453702,0.04658477,0.46223104,0,0,1,0,0,0.0,1.0,1,0.16590464,0.46223104,0.3552455,-2.1234748,50.726955,121.75999450683594,0.5847966728280961
tensor(21831),"tensor(11905., dtype=torch.float64)",tensor(9),1,0,0,0,0,0.99349445,0.0041159824,0.0003743225,0.037350453,0.011376352,1,0,0,0,0,1.0,0.0,0,0.011944592,0.037350476,0.05818982,-5.224293,364.4821,1078.49365234375,0.2724121996303142
tensor(21837),"tensor(11744., dtype=torch.float64)",tensor(9),1,0,0,0,0,0.9916824,0.002176222,0.018016623,0.0021999194,0.0062066843,1,0,0,0,0,1.0,0.0,0,0.0073833466,0.018016636,0.04144799,-5.220067,321.3502,1388.6258544921875,0.2587800369685767
