ecg_id,patient_id,strat_fold,true_NORM,true_MI,true_STTC,true_CD,true_HYP,prob_NORM,prob_MI,prob_STTC,prob_CD,prob_HYP,pred_NORM,pred_MI,pred_STTC,pred_CD,pred_HYP,sample_f1,sample_error,exact_match_error,MSP_risk,MSP_risk_max,Entropy_risk,Energy_risk,Prototype_risk,Prototype_D_pred,Risk_rank_fusion
tensor(17),"tensor(13619., dtype=torch.float64)",tensor(9),0,0,0,0,0,0.039362647,0.22887282,0.5643135,0.030634936,0.0053382404,0,0,0,0,0,1.0,0.0,0,0.14797908,0.43568653,0.3117753,-2.670032,107.528076,107.528076171875,0.6076709796672828
tensor(23),"tensor(13619., dtype=torch.float64)",tensor(9),0,0,0,0,0,0.025325052,0.2716856,0.89296985,0.035018105,0.03190017,0,0,1,0,0,0.0,1.0,1,0.09419173,0.2716856,0.26726907,-2.6973615,94.40934,310.80206298828125,0.5069316081330869
tensor(39),"tensor(13619., dtype=torch.float64)",tensor(9),0,1,1,0,0,0.020992555,0.8629323,0.8186141,0.08165607,0.19997214,0,1,1,0,0,1.0,0.0,0,0.12421483,0.19997215,0.35162592,-2.1991487,39.456253,39.45625305175781,0.5582255083179297
tensor(41),"tensor(8420., dtype=torch.float64)",tensor(9),0,0,0,1,0,0.027300254,0.3384116,0.08818186,0.9951036,0.18163289,0,0,0,1,0,1.0,0.0,0,0.12808454,0.33841157,0.31366116,-2.6798527,14.591316,14.591316223144531,0.44108133086876156
tensor(47),"tensor(8295., dtype=torch.float64)",tensor(9),1,0,0,0,0,0.99021214,0.0048136846,0.007994882,0.028914148,0.006831505,1,0,0,0,0,1.0,0.0,0,0.011668384,0.028914154,0.060780406,-4.652523,271.69666,3368.60400390625,0.3172365988909427
tensor(49),"tensor(13958., dtype=torch.float64)",tensor(9),0,0,0,1,0,0.98517865,0.004476894,0.0037786863,0.37048253,0.0007990158,1,0,0,0,0,0.0,1.0,1,0.07887173,0.37048256,0.15927505,-4.567432,332.84625,3800.32080078125,0.42444547134935307
tensor(51),"tensor(16750., dtype=torch.float64)",tensor(9),1,0,0,0,0,0.9518033,0.0034116344,0.01836655,0.05530649,0.29607838,1,0,0,0,0,1.0,0.0,0,0.08427191,0.29607838,0.2257853,-3.2685828,119.67897,3219.85302734375,0.4487060998151572
tensor(69),"tensor(8339., dtype=torch.float64)",tensor(9),1,0,0,0,0,0.6427971,0.10583029,0.5245397,0.07115239,0.4212795,1,0,0,0,0,1.0,0.0,0,0.2861851,0.4754603,0.52375066,-1.1412933,49.552383,4054.63671875,0.8121534195933456
tensor(91),"tensor(8305., dtype=torch.float64)",tensor(9),1,0,0,0,0,0.9956175,0.00040168353,0.0043792003,0.009728531,0.011546466,1,0,0,0,0,1.0,0.0,0,0.006087661,0.011546493,0.03552174,-5.5488734,268.65912,2957.74560546875,0.27634011090573013
tensor(127),"tensor(11926., dtype=torch.float64)",tensor(9),0,0,1,0,0,0.34580654,0.17092688,0.8226142,0.041645054,0.31873155,0,0,1,0,0,1.0,0.0,0,0.21089917,0.34580654,0.4737236,-1.52928,54.303246,218.7684326171875,0.774260628465804
tensor(151),"tensor(12152., dtype=torch.float64)",tensor(9),1,0,0,0,0,0.9902964,0.0015916207,0.008915415,0.012069007,0.03478616,1,0,0,0,0,1.0,0.0,0,0.013413131,0.034786165,0.06674935,-4.7012086,184.59146,3050.02587890625,0.2992144177449168
tensor(153),"tensor(20254., dtype=torch.float64)",tensor(9),0,1,0,0,0,0.97061116,0.07554756,0.011729617,0.05919633,0.008827039,1,0,0,0,0,0.0,1.0,1,0.036937892,0.075547576,0.14789303,-3.5845065,151.45229,3749.39892578125,0.3724584103512015
tensor(155),"tensor(12640., dtype=torch.float64)",tensor(9),0,1,0,0,0,0.53883165,0.5758393,0.007683448,0.060216274,0.00076364476,0,0,0,0,0,0.0,1.0,1,0.19079846,0.46116835,0.3301193,-3.0493362,165.77188,165.77188110351562,0.664279112754159
tensor(165),"tensor(9277., dtype=torch.float64)",tensor(9),1,0,0,0,0,0.9963684,0.00037898676,0.0022507794,0.008635561,0.013270527,1,0,0,0,0,1.0,0.0,0,0.0056334734,0.013270497,0.032707088,-5.727671,265.3081,2862.25,0.2705637707948244
tensor(171),"tensor(15591., dtype=torch.float64)",tensor(9),0,0,1,0,0,0.008097926,0.008162689,0.99319226,0.05999448,0.9467712,0,0,1,0,1,0.6666666666666666,0.33333333333333337,1,0.027258277,0.05999446,0.11401258,-4.0441923,109.50323,109.50322723388672,0.31215341959334564
tensor(173),"tensor(10676., dtype=torch.float64)",tensor(9),0,0,1,0,1,0.21702404,0.20711797,0.8799451,0.062859654,0.39640766,0,0,1,0,0,0.6666666666666666,0.33333333333333337,1,0.20069283,0.39640766,0.46131116,-1.5479549,42.10676,232.52392578125,0.7338262476894639
tensor(189),"tensor(13112., dtype=torch.float64)",tensor(9),0,1,0,0,0,0.009354295,0.99013513,0.10271579,0.5937334,0.049207125,0,1,0,0,0,1.0,0.0,0,0.115481734,0.40626663,0.2622094,-2.955893,38.831944,38.83194351196289,0.4189001848428835
tensor(193),"tensor(17536., dtype=torch.float64)",tensor(9),1,0,0,0,0,0.9641718,0.007124116,0.0062205107,0.08797355,0.18661201,1,0,0,0,0,1.0,0.0,0,0.064751744,0.18661201,0.20273423,-3.4228256,163.37218,3235.0146484375,0.4362292051756007
tensor(195),"tensor(14472., dtype=torch.float64)",tensor(9),0,0,0,1,0,0.09519148,0.25053164,0.01373181,0.9905758,0.23642765,0,0,0,1,0,1.0,0.0,0,0.121061444,0.25053167,0.3100182,-2.6898408,22.860672,22.860671997070312,0.4383086876155268
tensor(205),"tensor(21222., dtype=torch.float64)",tensor(9),1,0,0,0,0,0.88492036,0.024776042,0.36756912,0.005597723,0.025836281,1,0,0,0,0,1.0,0.0,0,0.107771754,0.3675691,0.25706095,-3.012981,145.54941,3781.81494140625,0.522181146025878
tensor(217),"tensor(21519., dtype=torch.float64)",tensor(9),0,0,1,0,0,0.2366474,0.7712857,0.5391571,0.26051605,0.30209544,0,0,0,0,0,0.0,1.0,1,0.29776317,0.4608429,0.5922411,-0.8848623,38.55155,38.551551818847656,0.794362292051756
tensor(219),"tensor(21519., dtype=torch.float64)",tensor(9),1,0,0,0,0,0.22215933,0.9325833,0.07679948,0.11065203,0.045250107,0,1,0,0,0,0.0,1.0,1,0.10445547,0.22215933,0.3159151,-2.3000367,31.870789,31.87078857421875,0.4752772643253235
tensor(223),"tensor(16039., dtype=torch.float64)",tensor(9),0,1,1,0,1,0.0003956161,0.21681292,0.9953798,0.3554047,0.99129266,0,0,1,0,1,0.8,0.19999999999999996,1,0.117188156,0.35540473,0.25129902,-3.9643807,77.925186,77.92518615722656,0.4313770794824399
tensor(233),"tensor(20772., dtype=torch.float64)",tensor(9),1,0,0,0,0,0.9828402,0.008813608,0.008625727,0.1266644,0.009935096,1,0,0,0,0,1.0,0.0,0,0.03423977,0.1266644,0.12450627,-4.0094595,202.1185,3586.2177734375,0.36645101663585955
tensor(281),"tensor(641., dtype=torch.float64)",tensor(9),0,1,0,1,0,0.011129573,0.72575545,0.031059332,0.128856,0.00079716893,0,0,0,0,0,0.0,1.0,1,0.089217305,0.27424455,0.23553213,-3.5890427,122.6086,122.60859680175781,0.43969500924214416
tensor(287),"tensor(6437., dtype=torch.float64)",tensor(9),0,1,0,1,0,0.017372204,0.28850782,0.013157709,0.9964405,0.7992646,0,0,0,1,0,0.6666666666666666,0.33333333333333337,1,0.10466659,0.28850782,0.2567068,-3.2543552,49.63736,49.637359619140625,0.41427911275415896
tensor(293),"tensor(1689., dtype=torch.float64)",tensor(9),1,0,0,0,0,0.99580234,0.0040098913,0.00057074125,0.014099256,0.008307989,1,0,0,0,0,1.0,0.0,0,0.0062371492,0.01409924,0.03605749,-5.4963255,324.70853,2978.15625,0.28835489833641403
tensor(295),"tensor(603., dtype=torch.float64)",tensor(9),0,0,1,0,0,0.43578914,0.54930884,0.54207087,0.07986527,0.037657447,0,0,0,0,0,0.0,1.0,1,0.2923864,0.45792913,0.50032496,-1.2619698,56.62665,56.626651763916016,0.8179297597042514
tensor(303),"tensor(3327., dtype=torch.float64)",tensor(9),1,0,0,0,0,0.9999865,9.607379e-07,3.5301027e-06,0.00020555829,6.6127827e-06,1,0,0,0,0,1.0,0.0,0,4.595518e-05,0.00020557642,0.00045255542,-11.60872,1742.1428,2916.55029296875,0.2516173752310536
tensor(343),"tensor(4004., dtype=torch.float64)",tensor(9),1,0,0,0,0,0.9816815,0.0014336987,0.00031619295,0.66682106,8.7848704e-05,1,0,0,1,0,0.6666666666666666,0.33333333333333337,1,0.07066709,0.33317894,0.14848405,-5.7239814,558.2604,558.2603759765625,0.40388170055452866
tensor(365),"tensor(9158., dtype=torch.float64)",tensor(9),1,0,0,0,0,0.9942867,0.00043016628,0.0015746775,0.16201562,0.0035708705,1,0,0,0,0,1.0,0.0,0,0.034660935,0.16201562,0.103477895,-5.3273897,400.87195,3295.984619140625,0.3599815157116451
tensor(383),"tensor(15446., dtype=torch.float64)",tensor(9),0,1,1,0,1,0.0006356573,0.61288065,0.9913628,0.09050235,0.9324852,0,0,1,0,1,0.8,0.19999999999999996,1,0.110881925,0.38711935,0.2546517,-3.4991353,48.856964,48.856964111328125,0.40157116451016633
tensor(387),"tensor(14950., dtype=torch.float64)",tensor(9),1,0,0,0,0,0.9925633,5.897559e-05,0.0025525787,0.018210674,0.08093443,1,0,0,0,0,1.0,0.0,0,0.021838665,0.080934405,0.08686371,-5.403474,222.737,2717.3681640625,0.31631238447319776
tensor(419),"tensor(1909., dtype=torch.float64)",tensor(9),1,0,0,0,0,0.94811827,0.018766502,0.011047642,0.19162482,0.10448974,1,0,0,0,0,1.0,0.0,0,0.07556212,0.19162482,0.23627755,-2.988894,109.68541,3560.228515625,0.45817929759704257
tensor(425),"tensor(2440., dtype=torch.float64)",tensor(9),0,1,1,0,1,0.019081494,0.75213766,0.88326675,0.5960338,0.5595802,0,0,1,0,0,0.5,0.5,1,0.24561262,0.4404198,0.47508,-1.5403954,36.76327,346.62933349609375,0.7426062846580406
tensor(437),"tensor(2990., dtype=torch.float64)",tensor(9),1,0,0,0,0,0.9982285,6.182535e-05,0.000499081,0.009805983,0.010324761,1,0,0,0,0,1.0,0.0,0,0.0044926405,0.010324776,0.026109004,-6.561052,375.9618,2646.25244140625,0.2724121996303142
tensor(441),"tensor(6036., dtype=torch.float64)",tensor(9),1,0,0,0,0,0.99264044,0.00021998023,0.021335524,0.0034398544,0.01829953,1,0,0,0,0,1.0,0.0,0,0.010130882,0.021335542,0.052607346,-5.3606467,225.85846,2970.52880859375,0.28350277264325324
tensor(445),"tensor(3996., dtype=torch.float64)",tensor(9),1,0,0,0,0,0.8331422,0.18582824,0.1648073,0.15152533,0.18720348,1,0,0,0,0,1.0,0.0,0,0.17124444,0.18720347,0.457206,-1.5798538,47.32187,4095.439208984375,0.7199630314232902
tensor(483),"tensor(19895., dtype=torch.float64)",tensor(9),0,1,0,1,0,0.008081275,0.53993165,0.8199017,0.9803617,0.18647379,0,0,1,1,0,0.5,0.5,1,0.17087203,0.46006835,0.3572361,-2.373874,29.409332,29.409332275390625,0.561460258780037
tensor(491),"tensor(3731., dtype=torch.float64)",tensor(9),1,0,0,0,0,0.9952181,3.5268695e-05,0.004706429,0.0015965377,0.09320095,1,0,0,0,0,1.0,0.0,0,0.020864189,0.09320092,0.07647829,-5.9316416,235.02039,2475.359130859375,0.30637707948244
tensor(515),"tensor(12266., dtype=torch.float64)",tensor(9),0,1,0,0,0,0.22123887,0.28598082,0.87606883,0.09137343,0.11733034,0,0,1,0,0,0.0,1.0,1,0.16797084,0.28598082,0.4337892,-1.6888206,66.65448,286.6251220703125,0.734981515711645
tensor(529),"tensor(13474., dtype=torch.float64)",tensor(9),0,0,1,0,0,0.09211261,0.7569219,0.75053954,0.20602223,0.29813465,0,0,1,0,0,1.0,0.0,0,0.21776164,0.29813468,0.50833124,-1.3461491,39.786106,338.4734191894531,0.758086876155268
tensor(537),"tensor(21127., dtype=torch.float64)",tensor(9),0,1,1,0,1,1.4529254e-05,0.9707389,0.9849096,0.7049296,0.9812666,0,1,1,1,1,0.8571428571428571,0.1428571428571429,1,0.071633995,0.2950704,0.18205969,-4.7298083,83.16928,83.16928100585938,0.32948243992606285
tensor(545),"tensor(15734., dtype=torch.float64)",tensor(9),0,1,1,1,1,7.813807e-05,0.6514261,0.97495395,0.98413205,0.97701114,0,0,1,1,1,0.8571428571428571,0.1428571428571429,1,0.08251107,0.34857392,0.19107902,-4.324178,68.27613,68.27613067626953,0.33803142329020336
tensor(553),"tensor(10977., dtype=torch.float64)",tensor(9),1,0,0,0,0,0.9975097,0.0006836288,0.00082678883,0.022964194,0.0026210297,1,0,0,0,0,1.0,0.0,0,0.0059171915,0.02296418,0.031467326,-6.013912,399.46033,3063.34716796875,0.28350277264325324
tensor(563),"tensor(12015., dtype=torch.float64)",tensor(9),0,1,0,1,0,0.0012532258,0.96792966,0.8262788,0.8141833,0.74066305,0,1,1,1,0,0.8,0.19999999999999996,1,0.13043964,0.25933695,0.33313867,-2.834866,48.134808,50.981658935546875,0.5210258780036968
tensor(587),"tensor(11694., dtype=torch.float64)",tensor(9),1,0,0,0,0,0.9990165,0.00019725028,0.00032156162,0.0040428536,0.0021715106,1,0,0,0,0,1.0,0.0,0,0.0015433431,0.004042864,0.0108760325,-7.026638,466.57797,2738.725830078125,0.26224584103512016
tensor(601),"tensor(4261., dtype=torch.float64)",tensor(9),0,1,0,0,0,0.104806244,0.8045759,0.68593395,0.14526102,0.067045696,0,0,0,0,0,0.0,1.0,1,0.16532058,0.31406605,0.4224309,-1.7492988,44.906204,44.90620422363281,0.6797597042513863
tensor(615),"tensor(7655., dtype=torch.float64)",tensor(9),1,0,0,0,0,0.7246258,0.05718168,0.52274466,0.03156455,0.21806855,1,0,0,0,0,1.0,0.0,0,0.21188885,0.47725534,0.4328753,-1.712362,70.00354,3982.7490234375,0.7726432532347505
tensor(627),"tensor(2819., dtype=torch.float64)",tensor(9),0,1,1,0,0,0.0031602252,0.9992091,0.013967323,0.022856232,0.018247174,0,1,0,0,0,0.6666666666666666,0.33333333333333337,1,0.011804402,0.022856236,0.060281076,-4.9786286,105.55269,105.55268859863281,0.24168207024029575
tensor(633),"tensor(709., dtype=torch.float64)",tensor(9),0,0,0,1,0,0.4101303,0.07922421,0.017301481,0.97253865,0.044039857,0,0,0,1,0,1.0,0.0,0,0.1156314,0.41013026,0.26949993,-2.7001245,48.35843,48.358428955078125,0.4722735674676525
tensor(673),"tensor(2745., dtype=torch.float64)",tensor(9),1,0,0,0,0,0.9988024,0.00040844208,0.00035771859,0.0047921077,0.002034128,1,0,0,0,0,1.0,0.0,0,0.0017579794,0.004792094,0.012211719,-6.7992005,452.6839,2820.949951171875,0.2643253234750462
tensor(705),"tensor(4874., dtype=torch.float64)",tensor(9),0,1,0,1,0,0.004075192,0.56074405,0.90398526,0.96642613,0.05551122,0,0,1,1,0,0.5,0.5,1,0.12568617,0.43925595,0.27797315,-2.8358326,61.860474,61.8604736328125,0.5023105360443623
tensor(717),"tensor(3795., dtype=torch.float64)",tensor(9),0,1,1,0,0,0.22832422,0.36976433,0.8192202,0.4594091,0.117896624,0,0,1,0,0,0.6666666666666666,0.33333333333333337,1,0.2712348,0.45940912,0.5442418,-1.0874643,45.08109,347.46673583984375,0.8036044362292052
tensor(771),"tensor(3063., dtype=torch.float64)",tensor(9),1,0,0,0,0,0.74295014,0.21243118,0.16698651,0.23484445,0.0042971224,1,0,0,0,0,1.0,0.0,0,0.17512178,0.25704986,0.4221909,-2.1210976,109.74367,4336.4404296875,0.7483826247689465
tensor(787),"tensor(18804., dtype=torch.float64)",tensor(9),1,0,0,0,0,0.9970137,0.0049480447,0.0006536165,0.014741032,0.001370133,1,0,0,0,0,1.0,0.0,0,0.004939735,0.0147410035,0.02883846,-5.8481264,443.44318,3219.9169921875,0.28650646950092423
tensor(823),"tensor(1791., dtype=torch.float64)",tensor(9),0,0,1,1,0,0.2782194,0.47622585,0.19043869,0.7778094,0.087399416,0,0,0,1,0,0.6666666666666666,0.33333333333333337,1,0.25089484,0.47622585,0.5192569,-1.2188795,25.51766,25.51766014099121,0.7345194085027726
tensor(839),"tensor(1551., dtype=torch.float64)",tensor(9),1,0,0,0,0,0.91037536,0.015429472,0.19954385,0.22253849,0.013446998,1,0,0,0,0,1.0,0.0,0,0.10811663,0.22253847,0.29650253,-2.6819394,118.55788,4045.5966796875,0.5586876155268022
tensor(843),"tensor(1756., dtype=torch.float64)",tensor(9),1,0,0,0,0,0.9976935,0.0004572976,0.0070992745,0.0011165162,0.000621061,1,0,0,0,0,1.0,0.0,0,0.0023201108,0.007099271,0.015278953,-6.5759964,465.5309,3128.04736328125,0.2698706099815157
tensor(849),"tensor(7475., dtype=torch.float64)",tensor(9),0,0,1,0,0,0.17206144,0.055614434,0.9176296,0.067755826,0.30098298,0,0,1,0,0,1.0,0.0,0,0.13575697,0.30098295,0.36357528,-2.0556107,60.077446,202.13446044921875,0.6377079482439926
tensor(881),"tensor(2682., dtype=torch.float64)",tensor(9),1,0,0,0,0,0.9084496,0.0005754037,0.3001104,0.01598546,0.07699618,1,0,0,0,0,1.0,0.0,0,0.09704363,0.3001104,0.25505626,-3.4410648,144.99872,3474.288330078125,0.4794362292051756
tensor(885),"tensor(2841., dtype=torch.float64)",tensor(9),0,0,1,0,1,0.18896426,0.36527032,0.85082906,0.09897839,0.39060062,0,0,1,0,0,0.6666666666666666,0.33333333333333337,1,0.23859692,0.39060062,0.51084495,-1.2807701,39.02698,268.125,0.7664048059149723
tensor(889),"tensor(11105., dtype=torch.float64)",tensor(9),1,0,0,0,0,0.113336116,0.97367847,0.026898982,0.053858384,0.04660084,0,1,0,0,0,0.0,1.0,1,0.0534032,0.113336086,0.1994088,-3.02813,39.54072,39.54072189331055,0.32463031423290206
tensor(901),"tensor(5843., dtype=torch.float64)",tensor(9),1,0,0,0,0,0.9915018,0.011927857,0.0015860157,0.020855136,0.0146082,1,0,0,0,0,1.0,0.0,0,0.011495113,0.020855129,0.060611896,-4.7363462,256.02435,3167.46826171875,0.31261552680221816
tensor(913),"tensor(6560., dtype=torch.float64)",tensor(9),1,0,0,0,0,0.998085,0.0069678393,0.00041624045,0.0037097812,0.0004658403,1,0,0,0,0,1.0,0.0,0,0.0026949048,0.0069678426,0.01752152,-6.4527345,544.4086,3187.187744140625,0.277264325323475
tensor(925),"tensor(5897., dtype=torch.float64)",tensor(9),1,0,0,0,0,0.89561343,0.017651109,0.007614923,0.6741877,0.0122225275,1,0,0,1,0,0.6666666666666666,0.33333333333333337,1,0.09353751,0.32581228,0.23305002,-3.231584,120.977936,120.97793579101562,0.46511090573012936
tensor(927),"tensor(2826., dtype=torch.float64)",tensor(9),1,0,0,0,0,0.8555529,0.079875596,0.10064078,0.18241347,0.24971291,1,0,0,0,0,1.0,0.0,0,0.15141803,0.24971294,0.41099238,-1.8026447,57.566246,3937.89599609375,0.6866913123844731
tensor(985),"tensor(7407., dtype=torch.float64)",tensor(9),1,0,0,0,0,0.97362965,0.00205806,0.019317904,0.025113069,0.16936408,1,0,0,0,0,1.0,0.0,0,0.048444748,0.1693641,0.16084924,-3.793803,116.499374,3118.853515625,0.35905730129390023
tensor(987),"tensor(7818., dtype=torch.float64)",tensor(9),0,0,1,0,0,0.031118065,0.16796364,0.9740743,0.20477952,0.4235969,0,0,1,0,0,1.0,0.0,0,0.17067671,0.42359686,0.3799829,-2.065889,43.38533,253.68516540527344,0.6444085027726432
tensor(999),"tensor(1497., dtype=torch.float64)",tensor(9),1,0,0,0,0,0.9272914,0.003403829,0.020472486,0.23918799,0.19064113,1,0,0,0,0,1.0,0.0,0,0.10528278,0.23918796,0.28409934,-2.9392457,135.44847,3487.9619140625,0.5341959334565619
tensor(1007),"tensor(10526., dtype=torch.float64)",tensor(9),1,0,0,0,0,0.98424244,0.01052633,0.013944868,0.1530643,0.0016295618,1,0,0,0,0,1.0,0.0,0,0.038984478,0.15306431,0.13058908,-4.213006,274.00153,3828.6083984375,0.38331792975970425
tensor(1015),"tensor(5995., dtype=torch.float64)",tensor(9),0,0,1,0,1,0.015578131,0.29708347,0.9787046,0.030826153,0.40392548,0,0,1,0,0,0.6666666666666666,0.33333333333333337,1,0.15374172,0.40392548,0.32077515,-2.5344734,64.3248,245.5328369140625,0.5928835489833642
tensor(1103),"tensor(4833., dtype=torch.float64)",tensor(9),0,0,0,0,1,0.98945975,9.933368e-05,0.00808711,0.019773372,0.07679357,1,0,0,0,0,0.0,1.0,1,0.023058772,0.07679355,0.09490429,-4.991685,201.00603,2871.08935546875,0.3204713493530499
tensor(1109),"tensor(4267., dtype=torch.float64)",tensor(9),0,1,0,1,0,0.011604995,0.9476166,0.50155896,0.19256955,0.008229654,0,1,0,0,0,0.6666666666666666,0.33333333333333337,1,0.1526457,0.49844104,0.29989904,-2.714278,69.98601,69.98600769042969,0.5646950092421442
tensor(1119),"tensor(16469., dtype=torch.float64)",tensor(9),1,0,0,0,0,0.97805184,0.05598378,0.0025793174,0.016084678,0.038590927,1,0,0,0,0,1.0,0.0,0,0.027037323,0.05598378,0.117013894,-3.9817333,168.59473,3259.5693359375,0.34912199630314233
tensor(1123),"tensor(7009., dtype=torch.float64)",tensor(9),0,0,0,1,0,0.028887175,0.076847434,0.04155905,0.99763536,0.4914428,0,0,0,1,0,1.0,0.0,0,0.1282202,0.4914428,0.25687662,-3.043645,32.955997,32.955997467041016,0.40942698706099817
tensor(1139),"tensor(4705., dtype=torch.float64)",tensor(9),1,0,0,0,0,0.9920685,0.0010505675,0.0046791905,0.0073424517,0.054120693,1,0,0,0,0,1.0,0.0,0,0.015024841,0.05412072,0.06763207,-4.9627757,163.77422,2861.63623046875,0.28927911275415896
tensor(1159),"tensor(649., dtype=torch.float64)",tensor(9),0,1,0,0,0,0.03833599,0.9821669,0.09754391,0.24059682,0.10684782,0,1,0,0,0,1.0,0.0,0,0.10023153,0.24059683,0.29267886,-2.5457122,28.614006,28.61400604248047,0.42906654343807765
tensor(1205),"tensor(18791., dtype=torch.float64)",tensor(9),0,0,1,1,0,0.025270153,0.25333682,0.96874094,0.11480223,0.6027129,0,0,1,0,0,0.6666666666666666,0.33333333333333337,1,0.16439104,0.39728707,0.37025878,-2.1253002,31.376858,249.95172119140625,0.5894177449168206
tensor(1249),"tensor(19947., dtype=torch.float64)",tensor(9),1,0,0,0,0,0.8673653,0.016487526,0.039964437,0.70176804,0.01815314,1,0,0,1,0,0.6666666666666666,0.33333333333333337,1,0.101094365,0.29823196,0.26867017,-2.7983384,90.5703,90.57029724121094,0.5013863216266174
tensor(1261),"tensor(8420., dtype=torch.float64)",tensor(9),0,1,0,1,0,0.025656605,0.77690506,0.054654375,0.98684627,0.3862743,0,0,0,1,0,0.6666666666666666,0.33333333333333337,1,0.14056683,0.38627434,0.31983754,-2.5032027,15.392681,15.392681121826172,0.47620147874306834
tensor(1295),"tensor(20870., dtype=torch.float64)",tensor(9),0,0,1,0,0,0.9873065,0.0017690933,0.039470695,0.03726698,0.00350139,1,0,0,0,0,0.0,1.0,1,0.01894033,0.039470673,0.08594624,-4.5568185,301.8974,3563.9951171875,0.349815157116451
tensor(1321),"tensor(5894., dtype=torch.float64)",tensor(9),1,0,0,0,0,0.9324245,0.067794025,0.052393854,0.25021884,0.011264044,1,0,0,0,0,1.0,0.0,0,0.08984929,0.25021887,0.26500583,-2.7426057,106.35906,4073.97900390625,0.5048521256931608
tensor(1367),"tensor(21233., dtype=torch.float64)",tensor(9),0,0,0,1,1,0.010771111,0.024447631,0.049383145,0.99890435,0.4456187,0,0,0,1,0,0.6666666666666666,0.33333333333333337,1,0.10626328,0.4456187,0.21337433,-3.639557,57.338097,57.338096618652344,0.3826247689463956
tensor(1379),"tensor(7123., dtype=torch.float64)",tensor(9),1,0,0,0,0,0.62485117,0.80773157,0.0065890127,0.03545572,0.022862444,1,0,0,0,0,1.0,0.0,0,0.12646484,0.37514883,0.29059932,-2.8039544,83.277,3956.7197265625,0.5408964879852125
tensor(1399),"tensor(12213., dtype=torch.float64)",tensor(9),0,0,0,0,0,0.00049308955,0.0049055056,4.174079e-05,0.0359015,6.572781e-07,0,0,0,0,0,1.0,0.0,0,0.0082684755,0.035901487,0.038078196,-8.107274,714.9199,714.919921875,0.29251386321626616
tensor(1421),"tensor(4879., dtype=torch.float64)",tensor(9),1,0,0,0,0,0.20222768,0.032861512,0.85144913,0.089763835,0.82590485,0,0,1,0,0,0.0,1.0,1,0.1294998,0.20222771,0.3665053,-2.0747762,32.56656,155.81048583984375,0.5630776340110906
tensor(1427),"tensor(20044., dtype=torch.float64)",tensor(9),0,1,1,0,0,0.0060729636,0.95561135,0.80957663,0.16794063,0.5562105,0,1,1,0,0,1.0,0.0,0,0.17052299,0.44378948,0.3689912,-2.2881072,35.74994,35.74993896484375,0.5954251386321626
tensor(1433),"tensor(16989., dtype=torch.float64)",tensor(9),0,1,0,0,0,0.011079295,0.9949904,0.06459034,0.056879576,0.04746351,0,1,0,0,0,1.0,0.0,0,0.03700447,0.064590335,0.14822423,-3.6526523,45.10725,45.10725021362305,0.2664048059149723
tensor(1439),"tensor(16142., dtype=torch.float64)",tensor(9),0,1,1,0,1,0.0067723617,0.6356219,0.9535643,0.13957906,0.8604373,0,0,1,0,1,0.8,0.19999999999999996,1,0.13934565,0.3643781,0.33854467,-2.4408755,20.889511,20.889511108398438,0.4988447319778188
tensor(1449),"tensor(18349., dtype=torch.float64)",tensor(9),0,0,1,0,0,0.0047755735,0.64885986,0.967139,0.060345378,0.7996197,0,0,1,0,0,1.0,0.0,0,0.12990057,0.35114014,0.31036645,-2.692978,32.548782,271.26348876953125,0.4701940850277264
tensor(1451),"tensor(16916., dtype=torch.float64)",tensor(9),0,0,0,0,1,0.00049575063,0.7489382,0.9858289,0.0965294,0.9829064,0,0,1,0,1,0.6666666666666666,0.33333333333333337,1,0.075870335,0.2510618,0.20920959,-3.8464768,62.441906,62.4419059753418,0.3537430683918669
tensor(1453),"tensor(17864., dtype=torch.float64)",tensor(9),1,0,0,0,0,0.9763298,0.0077139917,0.010230804,0.26876613,0.0014337895,1,0,0,0,0,1.0,0.0,0,0.06236297,0.26876616,0.16142325,-4.1391044,252.9744,3848.82421875,0.41266173752310537
tensor(1455),"tensor(20051., dtype=torch.float64)",tensor(9),1,0,0,0,0,0.7524979,0.039778158,0.34080902,0.17454563,0.27240586,1,0,0,0,0,1.0,0.0,0,0.2150082,0.340809,0.48340836,-1.4983429,59.39329,3988.6923828125,0.789279112754159
tensor(1469),"tensor(4058., dtype=torch.float64)",tensor(9),0,0,1,1,1,0.0011160498,0.7353327,0.9688317,0.8166612,0.82149965,0,0,1,1,0,0.8,0.19999999999999996,1,0.1317581,0.26466727,0.33417904,-2.8551617,34.07534,60.06793975830078,0.47989833641404805
tensor(1473),"tensor(17115., dtype=torch.float64)",tensor(9),0,1,1,0,0,0.006780773,0.9939774,0.16353504,0.10655406,0.02216908,0,1,0,0,0,0.6666666666666666,0.33333333333333337,1,0.061012268,0.16353506,0.19370231,-3.527659,49.691547,49.69154739379883,0.32393715341959334
tensor(1497),"tensor(18668., dtype=torch.float64)",tensor(9),1,0,0,0,0,0.9961987,0.0006235149,0.0011886446,0.070154026,0.002002219,1,0,0,0,0,1.0,0.0,0,0.015553832,0.07015401,0.06157458,-5.6955385,418.94965,3247.83154296875,0.3209334565619224
tensor(1515),"tensor(668., dtype=torch.float64)",tensor(9),0,1,1,0,0,0.007426626,0.9950073,0.172567,0.07809015,0.09949949,0,1,0,0,0,0.6666666666666666,0.33333333333333337,1,0.07251519,0.17256701,0.22664896,-3.2857876,37.740166,37.74016571044922,0.3320240295748614
tensor(1541),"tensor(20956., dtype=torch.float64)",tensor(9),0,1,0,0,0,0.2819473,0.8066374,0.021024147,0.7242689,0.24901156,0,0,0,1,0,0.0,1.0,1,0.20421535,0.2819473,0.46759328,-1.6547186,35.329025,35.32902526855469,0.7088724584103512
tensor(1577),"tensor(7809., dtype=torch.float64)",tensor(9),0,1,0,0,0,0.1527593,0.9191929,0.18189791,0.47052342,0.11305685,0,1,0,0,0,1.0,0.0,0,0.1998089,0.47052342,0.4453457,-1.5652056,30.583267,30.583267211914062,0.6920055452865065
tensor(1595),"tensor(3742., dtype=torch.float64)",tensor(9),1,0,1,0,0,0.46944612,0.08378407,0.79888475,0.0071199927,0.18054654,0,0,1,0,0,0.6666666666666666,0.33333333333333337,1,0.18840235,0.46944612,0.3991324,-2.0688138,95.954735,176.33438110351562,0.7467652495378927
tensor(1611),"tensor(12706., dtype=torch.float64)",tensor(9),0,0,0,0,1,0.029464604,0.9444568,0.5026961,0.23082548,0.058014378,0,1,0,0,0,0.0,1.0,1,0.17423028,0.4973039,0.36045468,-2.065969,36.74794,36.74794006347656,0.6150646950092421
tensor(1619),"tensor(2638., dtype=torch.float64)",tensor(9),1,0,0,0,0,0.91815186,0.008261457,0.14002645,0.022866294,0.21365276,1,0,0,0,0,1.0,0.0,0,0.09333098,0.21365273,0.27277443,-2.8156862,108.62353,3493.78466796875,0.5071626617375231
tensor(1627),"tensor(6034., dtype=torch.float64)",tensor(9),0,1,1,0,0,0.0026125135,0.9341842,0.71243465,0.9282822,0.09883373,0,1,1,1,0,0.8,0.19999999999999996,1,0.10530901,0.28756535,0.28827113,-2.8551452,41.245575,41.245574951171875,0.4390018484288355
tensor(1645),"tensor(7424., dtype=torch.float64)",tensor(9),1,0,0,0,0,0.8807737,0.0058755907,0.0016166739,0.82233983,0.02709414,1,0,0,1,0,0.6666666666666666,0.33333333333333337,1,0.06629455,0.17766017,0.20114918,-3.7339702,146.86856,146.86856079101562,0.41404805914972276
tensor(1699),"tensor(20837., dtype=torch.float64)",tensor(9),1,0,0,0,0,0.25306615,0.80749285,0.004133417,0.07207635,0.001775068,0,0,0,0,0,0.0,1.0,1,0.10471165,0.25306618,0.2708644,-3.3775997,122.81951,122.81951141357422,0.4896025878003697
tensor(1701),"tensor(20919., dtype=torch.float64)",tensor(9),1,0,0,0,0,0.97348523,0.1588427,0.0009579084,0.081766844,0.0006783375,1,0,0,0,0,1.0,0.0,0,0.053752124,0.15884268,0.17129245,-4.3867226,321.9389,3822.873779296875,0.41035120147874304
tensor(1713),"tensor(7961., dtype=torch.float64)",tensor(9),0,0,1,1,0,0.30548123,0.44259852,0.7671078,0.33827904,0.14581619,0,0,1,0,0,0.6666666666666666,0.33333333333333337,1,0.29301345,0.44259852,0.5799995,-0.9365555,46.972645,345.71624755859375,0.8158502772643254
tensor(1763),"tensor(21187., dtype=torch.float64)",tensor(9),0,0,1,0,1,0.07301867,0.5008048,0.88944167,0.13155466,0.6875889,0,0,1,0,0,0.6666666666666666,0.33333333333333337,1,0.22534758,0.49919522,0.46251053,-1.4611281,25.566973,287.3929748535156,0.7065619223659889
tensor(1809),"tensor(361., dtype=torch.float64)",tensor(9),0,1,0,1,0,0.010602649,0.96559626,0.47707444,0.54404414,0.061306767,0,1,0,0,0,0.6666666666666666,0.33333333333333337,1,0.2078687,0.47707444,0.3640781,-2.1735144,40.063248,40.06324768066406,0.6476432532347504
tensor(1817),"tensor(11885., dtype=torch.float64)",tensor(9),0,0,1,1,0,0.0067046187,0.93623924,0.60327035,0.90765023,0.5725895,0,1,0,1,0,0.5,0.5,1,0.19739103,0.42741048,0.38792127,-2.1363547,29.942371,29.942371368408203,0.6252310536044363
tensor(1841),"tensor(7070., dtype=torch.float64)",tensor(9),1,0,0,0,0,0.09930605,0.031891786,0.9414227,0.14390427,0.75517863,0,0,1,0,0,0.0,1.0,1,0.115700126,0.24482137,0.33128205,-2.2609315,36.382812,179.29251098632812,0.5196395563770795
tensor(1871),"tensor(1585., dtype=torch.float64)",tensor(9),1,0,0,0,0,0.97370285,0.00046413692,0.042862162,0.024074722,0.10469267,1,0,0,0,0,1.0,0.0,0,0.039678216,0.1046927,0.15027197,-4.0481668,143.66183,3166.29150390625,0.3544362292051756
tensor(1889),"tensor(2348., dtype=torch.float64)",tensor(9),0,0,1,0,0,0.34446585,0.1898684,0.7225373,0.30233416,0.57449013,0,0,1,0,0,1.0,0.0,0,0.3079282,0.42550987,0.60307276,-0.83756113,28.957909,262.4488525390625,0.7677911275415897
tensor(1907),"tensor(7931., dtype=torch.float64)",tensor(9),0,1,0,1,0,0.028341902,0.5274045,0.051574048,0.99255836,0.30426544,0,0,0,1,0,0.6666666666666666,0.33333333333333337,1,0.17284375,0.4725955,0.33640337,-2.4552884,12.918714,12.918713569641113,0.5207948243992606
tensor(1977),"tensor(847., dtype=torch.float64)",tensor(9),0,1,0,1,0,0.004052536,0.45723414,0.9470467,0.9577357,0.31261528,0,0,1,1,0,0.5,0.5,1,0.17382395,0.45723414,0.34384495,-2.4936643,42.694645,42.694644927978516,0.588724584103512
tensor(1981),"tensor(459., dtype=torch.float64)",tensor(9),0,0,1,0,0,0.0069425264,0.62649566,0.95762134,0.079626024,0.76291096,0,0,1,0,0,1.0,0.0,0,0.14790809,0.37350434,0.34064108,-2.4428577,29.564838,281.8800354003906,0.525184842883549
tensor(1995),"tensor(389., dtype=torch.float64)",tensor(9),0,0,0,1,0,0.28585434,0.03120003,0.007342469,0.9862795,0.26953113,0,0,0,1,0,1.0,0.0,0,0.1215297,0.28585434,0.28718942,-2.906001,49.988228,49.98822784423828,0.4803604436229205
tensor(2033),"tensor(5507., dtype=torch.float64)",tensor(9),0,1,1,1,0,0.0010026891,0.9564297,0.7621349,0.9596754,0.6095991,0,1,1,1,0,1.0,0.0,0,0.14263266,0.3904009,0.3147126,-2.9545155,36.68245,36.68244934082031,0.47643253234750466
tensor(2051),"tensor(389., dtype=torch.float64)",tensor(9),0,0,0,0,0,0.009133751,0.7519154,0.79687065,0.3225243,0.009202402,0,0,1,0,0,0.0,1.0,1,0.15841484,0.3225243,0.35959485,-2.5167096,97.10417,406.33416748046875,0.6580406654343808
tensor(2089),"tensor(1651., dtype=torch.float64)",tensor(9),1,0,0,0,0,0.99018097,0.0062349895,0.008114735,0.03949704,0.004428767,1,0,0,0,0,1.0,0.0,0,0.013618946,0.039497018,0.06699054,-4.6194468,251.03174,3477.110107421875,0.32324399260628467
tensor(2099),"tensor(13882., dtype=torch.float64)",tensor(9),0,1,0,0,0,0.052022185,0.7723589,0.82596433,0.19652107,0.06975409,0,0,1,0,0,0.0,1.0,1,0.14399481,0.2276411,0.39032182,-1.9360571,53.094032,353.13043212890625,0.6605822550831792
tensor(2107),"tensor(2719., dtype=torch.float64)",tensor(9),1,0,0,0,0,0.21423352,0.3659865,0.71203107,0.7070342,0.58109504,0,0,1,1,0,0.0,1.0,1,0.31601197,0.41890496,0.61226845,-0.79252577,31.190893,31.190893173217773,0.7747227356746765
tensor(2111),"tensor(4920., dtype=torch.float64)",tensor(9),0,1,1,1,1,0.0043345937,0.7916736,0.6975144,0.9671628,0.85441595,0,0,1,1,1,0.8571428571428571,0.1428571428571429,1,0.13871354,0.3024856,0.34240782,-2.5519567,32.204544,32.20454406738281,0.5140942698706099
tensor(2115),"tensor(20329., dtype=torch.float64)",tensor(9),1,0,0,0,0,0.9910987,0.0024019983,0.0019115721,0.030483088,0.036324024,1,0,0,0,0,1.0,0.0,0,0.016004384,0.036324024,0.07482996,-4.7474966,219.93121,3026.38818359375,0.3183918669131238
tensor(2123),"tensor(4949., dtype=torch.float64)",tensor(9),0,0,0,1,1,0.90981907,0.21534795,0.036618605,0.13463244,0.034907408,1,0,0,0,0,0.0,1.0,1,0.10233748,0.21534795,0.30549273,-2.4108872,77.11105,4018.255859375,0.5489833641404807
tensor(2135),"tensor(8046., dtype=torch.float64)",tensor(9),0,0,0,1,0,0.045081627,0.10364723,0.0139033,0.9969131,0.30408362,0,0,0,1,0,1.0,0.0,0,0.09396058,0.3040836,0.24505134,-3.215512,33.520103,33.520103454589844,0.3509704251386322
tensor(2139),"tensor(20870., dtype=torch.float64)",tensor(9),1,0,0,0,0,0.5203656,0.008310574,0.91886055,0.0023991836,0.022795832,0,0,1,0,0,0.0,1.0,1,0.118855834,0.4796344,0.22950904,-3.4157395,219.34387,219.3438720703125,0.5228743068391867
tensor(2149),"tensor(7231., dtype=torch.float64)",tensor(9),1,0,0,0,0,0.99836844,0.0009726968,0.0004659442,0.0071131964,0.0017607855,1,0,0,0,0,1.0,0.0,0,0.002388835,0.0071132183,0.015810981,-6.4601808,438.1629,2957.27001953125,0.27010166358595195
tensor(2161),"tensor(20411., dtype=torch.float64)",tensor(9),1,0,0,0,0,0.9713662,0.00010215626,0.020774234,0.0034843218,0.43263778,1,0,0,0,0,1.0,0.0,0,0.097126365,0.4326378,0.18785608,-4.4986315,112.4021,2632.176025390625,0.38632162661737524
tensor(2169),"tensor(6021., dtype=torch.float64)",tensor(9),0,0,1,0,0,0.1619475,0.9064815,0.34830233,0.01476824,0.021553515,0,1,0,0,0,0.0,1.0,1,0.12801802,0.34830236,0.3161628,-2.5115108,66.2006,66.20059967041016,0.5700092421441775
tensor(2181),"tensor(2652., dtype=torch.float64)",tensor(9),1,0,0,0,0,0.83771056,0.019235985,0.08326615,0.39481384,0.24239847,1,0,0,0,0,1.0,0.0,0,0.18040073,0.39481384,0.40997076,-1.9076624,63.858196,3864.33251953125,0.7206561922365989
tensor(2205),"tensor(4376., dtype=torch.float64)",tensor(9),0,0,0,0,0,0.0021207924,0.9545454,0.5787126,0.9605936,0.38314167,0,1,0,1,0,0.0,1.0,1,0.17828214,0.42128742,0.342484,-2.6371422,29.000284,29.00028419494629,0.536275415896488
tensor(2233),"tensor(5310., dtype=torch.float64)",tensor(9),0,0,0,1,0,0.20221739,0.34857082,0.4072826,0.90144324,0.068786174,0,0,0,1,0,1.0,0.0,0,0.22508276,0.4072826,0.4796521,-1.4383762,21.525103,21.525102615356445,0.7049445471349354
tensor(2237),"tensor(2202., dtype=torch.float64)",tensor(9),1,0,0,0,0,0.9478003,0.19304457,0.012929226,0.042904556,0.0061291307,1,0,0,0,0,1.0,0.0,0,0.06144142,0.19304454,0.19580369,-3.371629,133.82562,3872.626708984375,0.4147412199630315
tensor(2261),"tensor(3857., dtype=torch.float64)",tensor(9),1,0,0,0,0,0.9890209,0.0023496635,0.007785718,0.0055298735,0.06520147,1,0,0,0,0,1.0,0.0,0,0.018369198,0.06520146,0.07957707,-4.6508794,141.44865,2923.685791015625,0.29574861367837335
tensor(2273),"tensor(16350., dtype=torch.float64)",tensor(9),0,1,0,0,0,0.037084293,0.7921573,0.7199612,0.14419764,0.016195996,0,0,1,0,0,0.0,1.0,1,0.13707191,0.28003877,0.3515979,-2.2853074,69.42171,379.3910217285156,0.6243068391866914
tensor(2283),"tensor(3200., dtype=torch.float64)",tensor(9),1,0,0,0,0,0.9192711,0.21351156,0.055773314,0.00044488237,0.0087178685,1,0,0,0,0,1.0,0.0,0,0.07183534,0.21351159,0.21363905,-3.8032646,237.46129,3645.597900390625,0.45494454713493526
tensor(2297),"tensor(4963., dtype=torch.float64)",tensor(9),0,0,0,1,1,0.44302434,0.29044348,0.28316087,0.8382353,0.03626162,0,0,0,1,0,0.6666666666666666,0.33333333333333337,1,0.24293101,0.44302434,0.4967126,-1.395236,34.621593,34.6215934753418,0.7467652495378928
tensor(2301),"tensor(2793., dtype=torch.float64)",tensor(9),1,0,0,0,0,0.5572796,0.066026755,0.85004,0.009974883,0.013691596,0,0,1,0,0,0.0,1.0,1,0.13647473,0.4427204,0.29613644,-2.6978557,163.0221,282.004638671875,0.616913123844732
tensor(2309),"tensor(1134., dtype=torch.float64)",tensor(9),1,0,0,0,0,0.9304606,0.04581714,0.18725865,0.008011868,0.022996522,1,0,0,0,0,1.0,0.0,0,0.06672466,0.18725866,0.21536264,-3.133168,131.24825,3776.44384765625,0.4468576709796672
tensor(2311),"tensor(4897., dtype=torch.float64)",tensor(9),0,1,0,1,0,0.00043149907,0.9775203,0.69745487,0.9675731,0.8022896,0,1,1,1,0,0.8,0.19999999999999996,1,0.111118674,0.30254513,0.2729221,-3.4303794,49.371956,49.37195587158203,0.4186691312384473
tensor(2319),"tensor(2577., dtype=torch.float64)",tensor(9),1,0,0,0,0,0.93448174,0.000440534,0.399717,0.0027363072,0.04365345,1,0,0,0,0,1.0,0.0,0,0.10241306,0.39971697,0.22337921,-3.9553268,167.76482,3379.04150390625,0.458641404805915
tensor(2335),"tensor(11190., dtype=torch.float64)",tensor(9),0,0,0,1,0,0.0070743477,0.9393336,0.5657256,0.9016205,0.31790072,0,1,0,1,0,0.6666666666666666,0.33333333333333337,1,0.18365908,0.43427438,0.3804281,-2.1854384,27.743597,27.74359703063965,0.6002772643253235
tensor(2357),"tensor(18869., dtype=torch.float64)",tensor(9),1,0,0,0,0,0.9905007,9.435332e-05,0.0025292535,0.02556226,0.10562012,1,0,0,0,0,1.0,0.0,0,0.028661132,0.105620146,0.105705336,-5.133937,206.77296,2747.068115234375,0.32601663585951945
tensor(2359),"tensor(13668., dtype=torch.float64)",tensor(9),0,1,0,1,0,0.051741876,0.74399847,0.8062484,0.47500643,0.6520575,0,0,1,0,0,0.0,1.0,1,0.26488876,0.47500646,0.5204247,-1.2258366,31.954704,342.5096435546875,0.7532347504621073
tensor(2361),"tensor(13039., dtype=torch.float64)",tensor(9),1,0,0,0,0,0.991622,0.003421652,0.023669584,0.012454291,0.0009770595,1,0,0,0,0,1.0,0.0,0,0.009780109,0.0236696,0.051598363,-5.094136,367.59372,3575.419921875,0.3107670979667283
tensor(2377),"tensor(20400., dtype=torch.float64)",tensor(9),1,0,0,0,0,0.8102661,0.4965019,0.010718307,0.062016193,0.14553171,1,0,0,0,0,1.0,0.0,0,0.18090045,0.49650192,0.37711903,-2.0954363,62.253464,3771.357421875,0.6887707948243992
tensor(2389),"tensor(19437., dtype=torch.float64)",tensor(9),1,0,0,0,0,0.982393,0.028361604,0.003889393,0.040169753,0.02615469,1,0,0,0,0,1.0,0.0,0,0.023236454,0.040169775,0.10652663,-3.9784229,174.94481,3378.21533203125,0.34681146025878007
tensor(2395),"tensor(17170., dtype=torch.float64)",tensor(9),1,0,0,0,0,0.96753514,0.005202394,0.0009360862,0.45222703,0.010967669,1,0,0,0,0,1.0,0.0,0,0.10035962,0.452227,0.1864393,-4.0628657,216.30545,3490.92431640625,0.4491682070240296
tensor(2397),"tensor(9357., dtype=torch.float64)",tensor(9),0,1,0,0,0,0.8434401,0.44475737,0.015097503,0.043685324,0.0014251263,1,0,0,0,0,0.0,1.0,1,0.13230503,0.44475734,0.27789813,-3.1444166,161.85394,4131.716796875,0.5672365988909427
tensor(2421),"tensor(17173., dtype=torch.float64)",tensor(9),1,0,0,1,0,0.69021815,0.0015776326,0.0033653583,0.98512626,0.0056490824,1,0,0,1,0,1.0,0.0,0,0.0670495,0.30978185,0.1530863,-4.4612017,233.62442,233.62442016601562,0.39671903881700554
tensor(2429),"tensor(8456., dtype=torch.float64)",tensor(9),1,0,0,0,0,0.98533034,0.009175902,0.010195456,0.052421913,0.010928546,1,0,0,0,0,1.0,0.0,0,0.019478321,0.052421927,0.090277046,-4.1729383,197.53372,3491.353515625,0.3375693160813309
tensor(2443),"tensor(21046., dtype=torch.float64)",tensor(9),0,0,1,0,0,0.42081767,0.037019555,0.519019,0.04298408,0.84432495,0,0,0,0,1,0.0,1.0,1,0.22749549,0.480981,0.42821485,-1.6895748,47.615814,47.615814208984375,0.7453789279112754
tensor(2465),"tensor(1298., dtype=torch.float64)",tensor(9),1,0,0,0,0,0.994416,0.0013624507,0.00507043,0.004396386,0.016422162,1,0,0,0,0,1.0,0.0,0,0.0065671206,0.016422153,0.03775066,-5.314748,216.1872,2955.537353515625,0.2705637707948244
tensor(2467),"tensor(7513., dtype=torch.float64)",tensor(9),1,0,0,0,0,0.97369736,0.0043986426,0.09501108,0.00073591113,0.02229466,1,0,0,0,0,1.0,0.0,0,0.029748619,0.095011055,0.11535368,-4.4563875,176.17702,3234.4423828125,0.33733826247689463
tensor(2505),"tensor(20101., dtype=torch.float64)",tensor(9),0,0,1,0,1,0.048374195,0.1097763,0.9595387,0.09419001,0.8575788,0,0,1,0,1,1.0,0.0,0,0.0870446,0.14242119,0.2861231,-2.4594362,22.057716,22.057716369628906,0.40318853974121993
tensor(2543),"tensor(13440., dtype=torch.float64)",tensor(9),0,0,1,0,0,0.030270128,0.34197256,0.9237452,0.77240366,0.2740238,0,0,1,1,0,0.6666666666666666,0.33333333333333337,1,0.19002354,0.3419726,0.43422323,-1.7623928,39.969696,39.969696044921875,0.6980129390018484
tensor(2577),"tensor(8053., dtype=torch.float64)",tensor(9),1,0,0,0,0,0.9770607,0.0010964955,0.0016702294,0.17522003,0.07853195,1,0,0,0,0,1.0,0.0,0,0.055891633,0.17522001,0.17388466,-4.194179,231.12468,3127.212890625,0.40134011090573013
tensor(2591),"tensor(17271., dtype=torch.float64)",tensor(9),0,1,0,0,0,0.00052889256,0.9997969,0.007955064,0.006470742,0.0006466801,0,1,0,0,0,1.0,0.0,0,0.0031608343,0.007955074,0.01945741,-6.6497755,243.59164,243.59164428710938,0.24653419593345655
tensor(2613),"tensor(21108., dtype=torch.float64)",tensor(9),1,0,0,0,0,0.98317116,0.00044867428,0.06818391,0.013539203,0.014718613,1,0,0,0,0,1.0,0.0,0,0.022743821,0.0681839,0.09732941,-4.5767455,219.76549,3318.32763671875,0.3380314232902033
tensor(2623),"tensor(7433., dtype=torch.float64)",tensor(9),0,1,0,1,0,0.013529558,0.25307772,0.36322224,0.9946103,0.40810308,0,0,0,1,0,0.6666666666666666,0.33333333333333337,1,0.20866442,0.4081031,0.40045643,-2.3045197,14.536249,14.536249160766602,0.6009704251386322
tensor(2629),"tensor(17864., dtype=torch.float64)",tensor(9),1,0,0,0,0,0.9822896,0.006646585,0.018087719,0.07063057,0.014147132,1,0,0,0,0,1.0,0.0,0,0.025444508,0.07063055,0.10979867,-3.967605,196.91283,3529.1787109375,0.3544362292051756
tensor(2669),"tensor(585., dtype=torch.float64)",tensor(9),0,1,0,1,0,0.0023463995,0.9391113,0.616498,0.9722501,0.40533566,0,1,0,1,0,1.0,0.0,0,0.17596453,0.40533566,0.3427313,-2.6405568,27.261543,27.26154327392578,0.5288817005545287
tensor(2697),"tensor(5609., dtype=torch.float64)",tensor(9),1,0,0,0,0,0.99260837,0.0016774813,0.0025115006,0.016144631,0.032391433,1,0,0,0,0,1.0,0.0,0,0.01202333,0.03239143,0.0598333,-4.9559917,205.98401,2955.991455078125,0.2918207024029575
tensor(2707),"tensor(20920., dtype=torch.float64)",tensor(9),0,1,0,0,0,0.98268825,0.053331032,0.003409835,0.07102643,0.0033729223,1,0,0,0,0,0.0,1.0,1,0.029690385,0.071026444,0.11944403,-4.1705275,238.03284,3682.81884765625,0.36714417744916816
tensor(2721),"tensor(12807., dtype=torch.float64)",tensor(9),1,0,0,0,0,0.96783274,0.03321326,0.03006814,0.081331946,0.016170423,1,0,0,0,0,1.0,0.0,0,0.038590252,0.08133197,0.1575323,-3.3563104,133.94443,3761.634765625,0.38146950092421444
tensor(2727),"tensor(4424., dtype=torch.float64)",tensor(9),0,1,0,0,0,0.13419367,0.49313158,0.79755515,0.30543867,0.17093284,0,0,1,0,0,0.0,1.0,1,0.26122826,0.49313158,0.5327744,-1.1326996,48.40059,340.4934997558594,0.8063770794824399
tensor(2745),"tensor(2158., dtype=torch.float64)",tensor(9),0,0,1,0,0,0.009329428,0.381924,0.9731088,0.1979261,0.8323629,0,0,1,0,1,0.6666666666666666,0.33333333333333337,1,0.1567415,0.38192403,0.3582585,-2.347414,18.810566,18.810565948486328,0.5309611829944547
tensor(2801),"tensor(9053., dtype=torch.float64)",tensor(9),1,0,0,0,0,0.9985318,0.002437428,0.0013638912,0.0019574845,0.00014777081,1,0,0,0,0,1.0,0.0,0,0.0014749765,0.0024374127,0.010823968,-6.837297,606.8994,3325.5439453125,0.2680221811460259
tensor(2825),"tensor(7860., dtype=torch.float64)",tensor(9),0,0,1,0,0,0.004083956,0.90348285,0.92890656,0.28473946,0.38431874,0,1,1,0,0,0.6666666666666666,0.33333333333333337,1,0.16815054,0.3843187,0.3727747,-2.3390954,47.40915,47.409149169921875,0.6245378927911275
tensor(2841),"tensor(5273., dtype=torch.float64)",tensor(9),1,0,0,0,0,0.97076416,0.008972259,0.10747077,0.0011054329,0.011558264,1,0,0,0,0,1.0,0.0,0,0.031668484,0.10747075,0.119233824,-4.315855,212.17944,3404.6181640625,0.35304990757855825
tensor(2849),"tensor(7390., dtype=torch.float64)",tensor(9),1,0,0,0,0,0.99896157,0.00011341571,0.00022262023,0.0171931,0.0018169095,1,0,0,0,0,1.0,0.0,0,0.0040768385,0.017193079,0.022319168,-6.943582,533.2578,2864.31689453125,0.2761090573012939
tensor(2851),"tensor(14209., dtype=torch.float64)",tensor(9),1,0,0,0,0,0.80678356,0.51163477,0.013006679,0.12506576,0.023197796,1,0,0,0,0,1.0,0.0,0,0.1685704,0.48836523,0.3480529,-2.2981057,77.219444,4048.373046875,0.6571164510166358
tensor(2895),"tensor(15808., dtype=torch.float64)",tensor(9),0,0,0,1,0,0.002219926,0.93358004,0.81124425,0.8988076,0.37232488,0,1,1,1,0,0.5,0.5,1,0.14618266,0.37232488,0.34647012,-2.583101,35.798866,35.798866271972656,0.5316543438077634
tensor(2899),"tensor(20652., dtype=torch.float64)",tensor(9),0,1,1,0,0,0.0044234344,0.9649647,0.7966537,0.067973204,0.6117446,0,1,1,0,0,1.0,0.0,0,0.13980675,0.38825542,0.32031125,-2.6341102,39.302986,39.30298614501953,0.5164048059149723
tensor(2907),"tensor(21195., dtype=torch.float64)",tensor(9),1,0,0,0,0,0.98754483,0.0051337504,0.017080273,0.024910493,0.0064628227,1,0,0,0,0,1.0,0.0,0,0.0132085085,0.02491051,0.06824754,-4.4789824,244.80627,3460.025390625,0.3243992606284658
tensor(2911),"tensor(13978., dtype=torch.float64)",tensor(9),0,0,0,0,1,0.55145293,0.012097018,0.2943074,0.08254734,0.8377608,0,0,0,0,1,1.0,0.0,0,0.19994754,0.44854707,0.41750947,-1.9067227,67.31569,67.31568908691406,0.7430683918669132
tensor(2933),"tensor(13267., dtype=torch.float64)",tensor(9),1,0,0,0,0,0.7120032,0.25349763,0.3606912,0.2377521,0.2534923,1,0,0,0,0,1.0,0.0,0,0.27868593,0.3606912,0.5869845,-0.96053183,45.161346,4351.83544921875,0.8100739371534196
tensor(2949),"tensor(1627., dtype=torch.float64)",tensor(9),0,0,1,0,0,0.3038129,0.023450596,0.9027551,0.038730714,0.21401513,0,0,1,0,0,1.0,0.0,0,0.13545084,0.30381286,0.34546894,-2.2598135,90.6763,177.15147399902344,0.6441774491682071
tensor(2967),"tensor(7635., dtype=torch.float64)",tensor(9),0,1,1,0,0,0.06450159,0.50565076,0.90981865,0.06437911,0.2524415,0,0,1,0,0,0.6666666666666666,0.33333333333333337,1,0.19317055,0.49434924,0.40781412,-1.7540941,55.540306,287.99359130859375,0.7218114602587801
tensor(2971),"tensor(13926., dtype=torch.float64)",tensor(9),0,1,0,0,0,0.00893632,0.94647276,0.7740072,0.19547181,0.8083527,0,1,1,0,0,0.6666666666666666,0.33333333333333337,1,0.13511503,0.2259928,0.35537592,-2.3332932,37.043045,41.56364822387695,0.5515249537892791
tensor(3003),"tensor(20949., dtype=torch.float64)",tensor(9),1,0,0,0,0,0.9929141,0.036187995,0.002816064,0.014702065,0.00043677323,1,0,0,0,0,1.0,0.0,0,0.012245774,0.036188006,0.05951304,-5.2069826,395.50128,3685.57470703125,0.3197781885397412
tensor(3029),"tensor(3385., dtype=torch.float64)",tensor(9),0,0,0,1,0,0.02248753,0.5153139,0.036644917,0.99512166,0.2778172,0,0,0,1,0,1.0,0.0,0,0.16530275,0.48468608,0.31581816,-2.6751683,16.962215,16.962215423583984,0.47943622920517553
tensor(3041),"tensor(3851., dtype=torch.float64)",tensor(9),0,0,0,1,0,0.0050012334,0.862712,0.35653222,0.98930043,0.25404322,0,1,0,1,0,0.6666666666666666,0.33333333333333337,1,0.15271282,0.35653222,0.34176353,-2.665093,18.547146,18.54714584350586,0.48798521256931604
tensor(3053),"tensor(21329., dtype=torch.float64)",tensor(9),1,0,0,0,0,0.99056387,0.0014548225,0.035113357,0.020639665,0.0015389208,1,0,0,0,0,1.0,0.0,0,0.013636589,0.035113335,0.065693066,-4.966678,359.59088,3563.21923828125,0.32878927911275413
tensor(3083),"tensor(10698., dtype=torch.float64)",tensor(9),1,0,0,0,0,0.9936522,0.0006015724,0.009087029,0.0027865507,0.026741425,1,0,0,0,0,1.0,0.0,0,0.009112954,0.026741445,0.047534455,-5.327006,205.77948,2855.67138671875,0.2735674676524954
tensor(3089),"tensor(2095., dtype=torch.float64)",tensor(9),1,0,0,0,0,0.78880036,0.08243421,0.14544149,0.14687784,0.45948118,1,0,0,0,0,1.0,0.0,0,0.20908684,0.45948118,0.46441022,-1.4839956,56.473648,3872.0224609375,0.7761090573012939
tensor(3111),"tensor(5711., dtype=torch.float64)",tensor(9),1,0,0,0,0,0.9780523,0.00084840646,0.018166715,0.07764808,0.05313328,1,0,0,0,0,1.0,0.0,0,0.034348845,0.0776481,0.13676323,-4.0426264,187.84491,3276.71337890625,0.36344731977818856
tensor(3127),"tensor(17465., dtype=torch.float64)",tensor(9),0,1,0,0,0,0.020335076,0.98087883,0.3706135,0.038083922,0.13290915,0,1,0,0,0,1.0,0.0,0,0.11621255,0.37061346,0.2813813,-2.6893423,32.92895,32.928951263427734,0.43414972273567465
tensor(3155),"tensor(732., dtype=torch.float64)",tensor(9),0,0,0,1,0,0.0014253746,0.5582366,0.6188615,0.99419653,0.90267396,0,0,0,1,1,0.6666666666666666,0.33333333333333337,1,0.18549138,0.4417634,0.34331417,-2.9282806,39.525414,39.525413513183594,0.5478280961182994
tensor(3169),"tensor(8852., dtype=torch.float64)",tensor(9),1,0,0,0,0,0.9541293,0.009505994,0.22335438,0.0031844568,0.006613798,1,0,0,0,0,1.0,0.0,0,0.05770588,0.2233544,0.16645686,-3.9371445,242.11328,3650.505859375,0.4147412199630314
tensor(3189),"tensor(21285., dtype=torch.float64)",tensor(9),1,0,0,0,0,0.9735054,0.016516067,0.015933352,0.1383753,0.014269044,1,0,0,0,0,1.0,0.0,0,0.04231769,0.13837528,0.15301132,-3.5756295,152.14157,3687.1240234375,0.38170055452865065
tensor(3203),"tensor(10042., dtype=torch.float64)",tensor(9),1,0,0,0,0,0.84921044,0.0030649563,0.74654067,0.0017324655,0.004830015,1,0,1,0,0,0.6666666666666666,0.33333333333333337,1,0.082775235,0.25345933,0.21086042,-4.055572,278.59802,278.5980224609375,0.4611829944547135
tensor(3233),"tensor(14392., dtype=torch.float64)",tensor(9),1,0,0,1,0,0.7597236,0.005514596,0.0005178773,0.9675698,0.014312336,1,0,0,1,0,1.0,0.0,0,0.05861026,0.2402764,0.16161817,-4.307832,197.73883,197.73883056640625,0.38308687615526804
tensor(3265),"tensor(1353., dtype=torch.float64)",tensor(9),0,1,0,0,1,0.63500696,0.16015244,0.54077315,0.06595626,0.38577557,1,0,0,0,0,0.0,1.0,1,0.28722084,0.45922685,0.5391701,-1.0979887,54.147816,4159.884765625,0.8253234750462108
tensor(3271),"tensor(10309., dtype=torch.float64)",tensor(9),1,0,0,0,0,0.9920099,0.01859166,0.004553037,0.019685991,0.0012175211,1,0,0,0,0,1.0,0.0,0,0.010407627,0.019685984,0.054869495,-4.958577,326.73593,3589.552001953125,0.31169131238447323
tensor(3273),"tensor(1040., dtype=torch.float64)",tensor(9),1,0,0,0,0,0.9994791,0.00046480214,0.00015903196,0.0009931489,0.0003637457,1,0,0,0,0,1.0,0.0,0,0.0005003214,0.0009931326,0.0042288406,-7.762271,641.8902,2822.531982421875,0.256007393715342
tensor(3283),"tensor(1792., dtype=torch.float64)",tensor(9),1,0,0,0,0,0.996691,0.0010346171,0.0039926707,0.015046897,0.0011699058,1,0,0,0,0,1.0,0.0,0,0.004910648,0.015046895,0.028706098,-5.8061705,402.70236,3281.13525390625,0.2828096118299445
tensor(3337),"tensor(746., dtype=torch.float64)",tensor(9),0,0,1,1,0,0.027612394,0.08603433,0.9733785,0.734223,0.14124136,0,0,1,1,0,1.0,0.0,0,0.10945737,0.265777,0.30572516,-2.468953,81.84415,81.84414672851562,0.5586876155268022
tensor(3345),"tensor(7784., dtype=torch.float64)",tensor(9),1,0,0,0,0,0.9537911,0.027468655,0.0037295811,0.38520586,0.0022641348,1,0,0,0,0,1.0,0.0,0,0.09297544,0.38520586,0.20404208,-3.7475314,207.40112,3868.022705078125,0.46164510166358597
tensor(3349),"tensor(4835., dtype=torch.float64)",tensor(9),0,0,0,1,0,0.87042356,0.030815085,0.14986718,0.3220424,0.10670222,1,0,0,0,0,0.0,1.0,1,0.14780074,0.3220424,0.38271752,-1.9916165,58.444054,3987.48681640625,0.663354898336414
tensor(3389),"tensor(10644., dtype=torch.float64)",tensor(9),0,1,0,0,0,0.0042738724,0.98728985,0.36343402,0.72967494,0.23978506,0,1,0,1,0,0.6666666666666666,0.33333333333333337,1,0.17810565,0.36343402,0.37709507,-2.5021682,36.216125,36.21612548828125,0.5933456561922366
tensor(3401),"tensor(7511., dtype=torch.float64)",tensor(9),0,0,1,0,0,0.003650155,0.95997095,0.803774,0.29443324,0.87634164,0,1,1,0,1,0.5,0.5,1,0.1315993,0.29443324,0.33350372,-2.605772,36.851257,36.85125732421875,0.5124768946395564
tensor(3409),"tensor(7108., dtype=torch.float64)",tensor(9),0,0,0,1,0,0.024648366,0.2037423,0.42018327,0.98670584,0.6456707,0,0,0,1,0,1.0,0.0,0,0.2032395,0.4201833,0.40444827,-2.0540576,15.99332,15.99332046508789,0.6210720887245841
tensor(3411),"tensor(4377., dtype=torch.float64)",tensor(9),0,1,0,1,0,0.0031894257,0.87137485,0.6338678,0.98479897,0.34898597,0,1,0,1,0,1.0,0.0,0,0.17242682,0.3661322,0.35753712,-2.6002612,23.31973,23.319730758666992,0.5316543438077634
tensor(3417),"tensor(1044., dtype=torch.float64)",tensor(9),1,0,0,1,0,0.84162915,0.050269697,0.028893737,0.67872137,0.0115387775,1,0,0,1,0,1.0,0.0,0,0.1140703,0.32127863,0.29158607,-2.664465,89.225075,89.2250747680664,0.5452865064695009
tensor(3433),"tensor(2663., dtype=torch.float64)",tensor(9),0,0,1,0,0,0.011823161,0.038773574,0.9890449,0.046875,0.9315914,0,0,1,0,1,0.6666666666666666,0.33333333333333337,1,0.03536713,0.06840861,0.14546096,-3.5525734,61.799618,61.799617767333984,0.3008317929759704
tensor(3443),"tensor(4536., dtype=torch.float64)",tensor(9),0,1,0,1,0,0.047325384,0.5633743,0.026718296,0.982385,0.6826646,0,0,0,1,0,0.6666666666666666,0.33333333333333337,1,0.169124,0.43662572,0.34244996,-2.3279386,26.471716,26.471715927124023,0.5459796672828096
tensor(3447),"tensor(21065., dtype=torch.float64)",tensor(9),1,0,0,0,0,0.86793476,0.00096556963,0.003256244,0.81709677,0.10645322,1,0,0,1,0,0.6666666666666666,0.33333333333333337,1,0.085128784,0.18290323,0.24693303,-3.6345718,177.10378,177.10377502441406,0.4685767097966729
tensor(3457),"tensor(6881., dtype=torch.float64)",tensor(9),0,0,1,0,1,0.0024266255,0.21648884,0.9917128,0.32607818,0.92620295,0,0,1,0,1,1.0,0.0,0,0.12541562,0.32607818,0.29643095,-3.0691075,32.543182,32.543182373046875,0.4288354898336414
tensor(3475),"tensor(10208., dtype=torch.float64)",tensor(9),1,0,0,0,0,0.95047766,0.026768524,0.18123528,0.0003939369,0.0057498026,1,0,0,0,0,1.0,0.0,0,0.052734017,0.18123531,0.16651344,-4.2095366,278.55124,3569.759033203125,0.40734750462107205
tensor(3495),"tensor(17675., dtype=torch.float64)",tensor(9),0,1,0,1,0,0.9353889,0.033479262,0.11241909,0.10361354,0.03845206,1,0,0,0,0,0.0,1.0,1,0.07051504,0.11241907,0.24671881,-2.695691,100.46428,3897.7939453125,0.4764325323475046
tensor(3531),"tensor(5612., dtype=torch.float64)",tensor(9),0,0,1,0,0,0.002011008,0.18312567,0.9922139,0.19777873,0.9744065,0,0,1,0,1,0.6666666666666666,0.33333333333333337,1,0.08325899,0.1977787,0.23050757,-3.5179482,46.071754,46.071754455566406,0.35073937153419593
tensor(3587),"tensor(13541., dtype=torch.float64)",tensor(9),1,0,0,0,0,0.99937856,3.810976e-05,0.00022584575,0.0036278355,0.0018493994,1,0,0,0,0,1.0,0.0,0,0.0012724996,0.0036278367,0.009049925,-7.5719595,557.69714,2652.034912109375,0.2606284658040665
tensor(3595),"tensor(19798., dtype=torch.float64)",tensor(9),1,0,0,0,0,0.98929185,0.00055076566,0.008598605,0.028703835,0.034714635,1,0,0,0,0,1.0,0.0,0,0.016655147,0.03471464,0.07886927,-4.724803,200.04541,3088.234375,0.3172365988909427
tensor(3597),"tensor(14329., dtype=torch.float64)",tensor(9),0,0,0,1,1,0.0030939293,0.46617046,0.7396077,0.9936333,0.67490923,0,0,1,1,0,0.5,0.5,1,0.21222287,0.46617043,0.39089566,-2.5470858,25.721958,25.72195816040039,0.5975046210720887
tensor(3607),"tensor(12194., dtype=torch.float64)",tensor(9),1,0,0,0,0,0.712498,0.10202242,0.17124394,0.7831707,0.028153492,1,0,0,1,0,0.6666666666666666,0.33333333333333337,1,0.16115028,0.287502,0.40767726,-1.8970207,47.674877,47.67487716674805,0.6700554528650647
tensor(3611),"tensor(14707., dtype=torch.float64)",tensor(9),1,0,0,0,0,0.9772614,0.008074834,0.08918918,0.013041299,0.0013385944,1,0,0,0,0,1.0,0.0,0,0.026876569,0.08918917,0.10717417,-4.3672934,285.8523,3781.7421875,0.3632162661737523
tensor(3637),"tensor(14504., dtype=torch.float64)",tensor(9),0,0,0,0,1,0.9855708,0.0019857914,0.011241555,0.05265558,0.024638563,1,0,0,0,0,0.0,1.0,1,0.020990193,0.052655578,0.09465896,-4.2977877,217.98277,3315.053955078125,0.341728280961183
tensor(3651),"tensor(9624., dtype=torch.float64)",tensor(9),0,1,0,0,0,0.016937455,0.96306664,0.60854733,0.025511982,0.40107074,0,1,0,0,0,1.0,0.0,0,0.17438126,0.4010707,0.34111091,-2.3614266,36.949333,36.94933319091797,0.5774029574861368
tensor(3663),"tensor(14521., dtype=torch.float64)",tensor(9),0,0,1,0,0,0.031738006,0.19728285,0.8398447,0.9608398,0.32959172,0,0,1,1,0,0.6666666666666666,0.33333333333333337,1,0.15158558,0.32959175,0.37528548,-2.0777204,25.41366,25.413660049438477,0.5704713493530499
tensor(3687),"tensor(20965., dtype=torch.float64)",tensor(9),0,0,1,0,0,0.033936556,0.01554804,0.9887589,0.00724272,0.39563176,0,0,1,0,0,1.0,0.0,0,0.09272003,0.3956318,0.20081465,-3.46359,146.62836,173.43145751953125,0.4484750462107209
tensor(3715),"tensor(11558., dtype=torch.float64)",tensor(9),0,1,0,0,0,0.14698237,0.8972732,0.05607573,0.04504639,0.0030150625,0,1,0,0,0,1.0,0.0,0,0.07076931,0.14698237,0.23373516,-3.1208365,83.8779,83.87789916992188,0.4239833641404806
tensor(3727),"tensor(15447., dtype=torch.float64)",tensor(9),1,0,0,0,0,0.9945733,0.009910769,0.0036048996,0.037395447,0.0002048709,1,0,0,0,0,1.0,0.0,0,0.011308551,0.037395477,0.054942,-5.435606,458.73468,3748.133056640625,0.316543438077634
tensor(3739),"tensor(19781., dtype=torch.float64)",tensor(9),0,0,1,0,0,0.07872152,0.82693344,0.32663727,0.0070797424,0.0009976218,0,1,0,0,0,0.0,1.0,1,0.11730051,0.32663727,0.2836233,-3.3199756,159.65604,159.65603637695312,0.5385859519408503
tensor(3741),"tensor(4989., dtype=torch.float64)",tensor(9),1,0,0,1,0,0.64455783,0.0067796973,0.00063054357,0.9811592,0.033213224,1,0,0,1,0,1.0,0.0,0,0.08298129,0.35544217,0.1871747,-4.0548515,160.52815,160.5281524658203,0.4138170055452865
tensor(3747),"tensor(16811., dtype=torch.float64)",tensor(9),1,0,0,1,0,0.6999958,0.010026044,0.002804352,0.9551138,0.034539938,1,0,0,1,0,1.0,0.0,0,0.07845211,0.30000418,0.20392561,-3.5403469,116.93271,116.93270874023438,0.4154343807763401
tensor(3757),"tensor(1187., dtype=torch.float64)",tensor(9),1,0,0,0,0,0.97357255,0.00075287634,0.0044138418,0.07898512,0.1983165,1,0,0,0,0,1.0,0.0,0,0.0617792,0.19831651,0.1861892,-4.0138154,166.02258,3022.530029296875,0.400184842883549
tensor(3771),"tensor(8569., dtype=torch.float64)",tensor(9),1,0,0,0,0,0.99951315,1.7419698e-05,0.0003110746,0.001821889,0.0017393816,1,0,0,0,0,1.0,0.0,0,0.0008753538,0.0018218756,0.006666864,-7.8637094,594.80664,2597.767578125,0.2571626617375231
tensor(3783),"tensor(14136., dtype=torch.float64)",tensor(9),0,1,0,0,0,0.23310614,0.8993151,0.09388353,0.12492463,0.3366194,0,1,0,0,0,1.0,0.0,0,0.17784369,0.33661938,0.43928212,-1.65452,26.151096,26.15109634399414,0.657347504621072
tensor(3789),"tensor(12138., dtype=torch.float64)",tensor(9),0,1,0,0,0,0.008535775,0.9164095,0.83716774,0.042918928,0.59955347,0,1,1,0,0,0.6666666666666666,0.33333333333333337,1,0.13966483,0.40044653,0.32625055,-2.4589865,41.82888,41.828880310058594,0.5452865064695009
tensor(3799),"tensor(17602., dtype=torch.float64)",tensor(9),0,0,1,0,0,0.0020239307,0.9898878,0.69864964,0.03910886,0.17167011,0,1,1,0,0,0.6666666666666666,0.33333333333333337,1,0.104853034,0.30135036,0.26134452,-3.2801518,48.1474,48.14739990234375,0.41104436229205177
tensor(3807),"tensor(1717., dtype=torch.float64)",tensor(9),1,0,0,0,0,0.9316477,0.00065261434,0.016900884,0.039500535,0.5288271,1,0,0,0,0,1.0,0.0,0,0.1193158,0.47117293,0.23967043,-3.4632142,99.485825,2959.8544921875,0.47181146025878
tensor(3821),"tensor(15040., dtype=torch.float64)",tensor(9),0,1,0,1,0,0.022858731,0.98947453,0.095006935,0.34616426,0.45428988,0,1,0,0,0,0.6666666666666666,0.33333333333333337,1,0.18576908,0.4542899,0.36306828,-2.2743895,32.63431,32.63431167602539,0.5984288354898337
tensor(3833),"tensor(2162., dtype=torch.float64)",tensor(9),1,0,0,0,0,0.94438446,0.008715816,0.009394153,0.16285309,0.22274186,1,0,0,0,0,1.0,0.0,0,0.09186399,0.22274184,0.2585337,-3.0222142,134.97534,3382.04296875,0.4995378927911276
tensor(3835),"tensor(3490., dtype=torch.float64)",tensor(9),0,0,0,1,0,0.00058252376,0.855781,0.86413485,0.97847706,0.9252822,0,1,1,1,1,0.4,0.6,1,0.07538146,0.14421898,0.23688784,-3.4823127,48.385475,48.385475158691406,0.35651571164510165
tensor(3857),"tensor(12069., dtype=torch.float64)",tensor(9),1,0,0,1,0,0.91562206,0.012716037,0.004577659,0.47746497,0.0968321,1,0,0,0,0,0.6666666666666666,0.33333333333333337,1,0.1351937,0.47746497,0.27937898,-2.8883004,105.09923,3598.74658203125,0.5517560073937153
tensor(3877),"tensor(13533., dtype=torch.float64)",tensor(9),0,1,0,0,0,0.023163147,0.01603579,0.9751144,0.19047771,0.9372507,0,0,1,0,1,0.0,1.0,1,0.06346238,0.19047773,0.2060313,-3.1355004,56.76452,56.76451873779297,0.3703789279112754
tensor(3883),"tensor(17269., dtype=torch.float64)",tensor(9),0,1,1,0,0,0.00060971256,0.9449775,0.94995755,0.46685722,0.8484957,0,1,1,0,1,0.8,0.19999999999999996,1,0.14480722,0.4668572,0.3066135,-3.0088992,40.580013,40.580013275146484,0.4856746765249538
tensor(3889),"tensor(10581., dtype=torch.float64)",tensor(9),1,0,0,1,0,0.55235654,0.055145796,0.04308843,0.9411209,0.040289696,0,0,0,1,0,0.6666666666666666,0.33333333333333337,1,0.12900937,0.44764346,0.294285,-2.4187648,45.89415,45.89414978027344,0.5263401109057301
tensor(3891),"tensor(19879., dtype=torch.float64)",tensor(9),0,1,0,1,0,0.09398679,0.94394445,0.29968166,0.36445594,0.27294242,0,1,0,0,0,0.6666666666666666,0.33333333333333337,1,0.21742451,0.36445594,0.47606725,-1.4948518,26.626945,26.62694549560547,0.7060998151571165
tensor(3893),"tensor(17201., dtype=torch.float64)",tensor(9),0,0,0,0,0,0.018918796,0.09214702,0.008107608,0.14712942,0.00042640252,0,0,0,0,0,1.0,0.0,0,0.05334586,0.14712942,0.1739646,-4.112001,184.83862,184.838623046875,0.3881700554528651
tensor(3899),"tensor(18692., dtype=torch.float64)",tensor(9),0,1,0,0,0,0.003041442,0.99663216,0.24326581,0.18459381,0.06486242,0,1,0,0,0,1.0,0.0,0,0.09982622,0.24326581,0.26328912,-3.3542588,44.13087,44.1308708190918,0.3916358595194085
tensor(3903),"tensor(21345., dtype=torch.float64)",tensor(9),1,0,0,0,0,0.95983934,0.0187103,0.044631988,0.043367084,0.06227082,1,0,0,0,0,1.0,0.0,0,0.041828156,0.06227082,0.17109956,-3.2006009,110.11058,3581.0595703125,0.3893253234750462
tensor(3905),"tensor(16933., dtype=torch.float64)",tensor(9),0,0,1,0,1,0.0022515098,0.012407624,0.989228,0.6398123,0.98126537,0,0,1,0,1,1.0,0.0,0,0.08087075,0.3601877,0.17777719,-3.90477,94.64264,94.64263916015625,0.375
tensor(3917),"tensor(14457., dtype=torch.float64)",tensor(9),1,0,0,0,0,0.52660286,0.02521516,0.79906505,0.014096836,0.16772425,0,0,1,0,0,0.0,1.0,1,0.17627364,0.47339714,0.36749107,-2.198239,111.378815,156.229248046875,0.7192698706099816
tensor(3919),"tensor(12865., dtype=torch.float64)",tensor(9),0,1,0,0,0,0.9971481,0.0061442675,0.00089896185,0.010093592,0.0007002288,1,0,0,0,0,0.0,1.0,1,0.004137814,0.01009357,0.025278896,-5.961092,454.47086,3297.20556640625,0.2814232902033272
tensor(3939),"tensor(12807., dtype=torch.float64)",tensor(9),0,0,1,0,0,0.9685741,0.014720375,0.03303842,0.09740322,0.027628591,1,0,0,0,0,0.0,1.0,1,0.040843308,0.09740323,0.16145273,-3.3591352,144.49643,3669.1650390625,0.3900184842883549
tensor(3979),"tensor(3495., dtype=torch.float64)",tensor(9),0,0,1,1,1,0.09113361,0.19599085,0.39425436,0.79144275,0.89009255,0,0,0,1,1,0.8,0.19999999999999996,1,0.1999687,0.39425433,0.46578407,-1.513242,22.402668,22.402667999267578,0.6827634011090573
tensor(4005),"tensor(1030., dtype=torch.float64)",tensor(9),1,0,0,0,0,0.1321071,0.31385815,0.8942034,0.032657795,0.33385092,0,0,1,0,0,0.0,1.0,1,0.18365413,0.33385092,0.42617932,-1.7756602,56.652958,245.2665252685547,0.7245841035120149
tensor(4057),"tensor(21263., dtype=torch.float64)",tensor(9),1,0,0,0,0,0.9030504,0.051031645,0.0071671745,0.16957483,0.3184884,1,0,0,0,0,1.0,0.0,0,0.12864226,0.31848836,0.32866818,-2.4869876,95.08822,3489.3408203125,0.6132162661737522
tensor(4105),"tensor(5419., dtype=torch.float64)",tensor(9),0,1,0,1,0,0.0005845304,0.9892492,0.86513853,0.039964236,0.889418,0,1,1,0,1,0.4,0.6,1,0.059348583,0.13486147,0.19508906,-3.8177056,76.14264,76.14263916015625,0.347735674676525
tensor(4117),"tensor(19574., dtype=torch.float64)",tensor(9),0,0,0,0,0,0.5645046,0.003422375,0.68069005,0.0856543,0.21033911,0,0,0,0,0,1.0,0.0,0,0.21084422,0.43549538,0.4281539,-2.0762346,121.33843,121.33843231201172,0.79228280961183
tensor(4145),"tensor(1022., dtype=torch.float64)",tensor(9),0,0,1,0,0,0.0038678308,0.9538833,0.82506335,0.5835182,0.5331825,0,1,1,0,0,0.6666666666666666,0.33333333333333337,1,0.2216441,0.4668175,0.40919346,-2.1203494,41.84177,41.84177017211914,0.6899260628465804
tensor(4161),"tensor(18532., dtype=torch.float64)",tensor(9),0,1,0,0,0,0.048838437,0.45593265,0.7005077,0.0010528809,0.0012498184,0,0,1,0,0,0.0,1.0,1,0.16131324,0.45593262,0.30252945,-3.5068576,234.22308,430.15985107421875,0.6072088724584104
tensor(4185),"tensor(8611., dtype=torch.float64)",tensor(9),1,0,0,0,0,0.99727196,0.0003965752,0.0014965115,0.044214807,0.0013676046,1,0,0,0,0,1.0,0.0,0,0.010040641,0.044214785,0.045012828,-5.9807205,441.3938,3225.682373046875,0.29875231053604434
tensor(4195),"tensor(17410., dtype=torch.float64)",tensor(9),0,1,1,0,0,0.006059472,0.9886574,0.38753867,0.137696,0.039699018,0,1,0,0,0,0.6666666666666666,0.33333333333333337,1,0.11646712,0.38753867,0.26688898,-3.009197,42.27891,42.27891159057617,0.4320702402957486
tensor(4209),"tensor(17668., dtype=torch.float64)",tensor(9),0,1,0,0,0,0.012036217,0.9964275,0.03967761,0.019558333,0.013292674,0,1,0,0,0,1.0,0.0,0,0.017627537,0.03967762,0.08454517,-4.289374,80.16368,80.16368103027344,0.26155268022181144
tensor(4223),"tensor(17367., dtype=torch.float64)",tensor(9),0,0,0,1,0,0.082073815,0.3038146,0.038550016,0.9890287,0.15166911,0,0,0,1,0,1.0,0.0,0,0.117415786,0.3038146,0.3094375,-2.536639,15.08215,15.08215045928955,0.4392329020332717
tensor(4233),"tensor(14717., dtype=torch.float64)",tensor(9),0,1,0,0,1,0.03264805,0.98188007,0.17252061,0.026433937,0.05759399,0,1,0,0,0,0.6666666666666666,0.33333333333333337,1,0.061463237,0.17252064,0.20734672,-3.070088,39.228554,39.228553771972656,0.33225508317929764
tensor(4243),"tensor(12033., dtype=torch.float64)",tensor(9),1,0,0,0,0,0.95678896,0.129882,0.011857136,0.073943295,0.02151691,1,0,0,0,0,1.0,0.0,0,0.05608213,0.12988198,0.19923164,-3.1534376,121.018936,3764.91064453125,0.4198243992606285
tensor(4279),"tensor(3040., dtype=torch.float64)",tensor(9),0,0,0,1,0,0.38362777,0.5142982,0.43572876,0.11909232,0.6878363,0,0,0,0,0,0.0,1.0,1,0.34726286,0.4857018,0.60586935,-0.71619576,35.695923,35.6959228515625,0.7895101663585953
tensor(4281),"tensor(10812., dtype=torch.float64)",tensor(9),0,0,0,1,0,0.24999058,0.33602718,0.44839606,0.82760274,0.08559204,0,0,0,1,0,1.0,0.0,0,0.2584806,0.4483961,0.5280775,-1.1848563,21.270653,21.270652770996094,0.7319778188539741
tensor(4307),"tensor(13866., dtype=torch.float64)",tensor(9),0,1,1,0,0,0.00012155128,0.9972475,0.8635927,0.023064734,0.56986934,0,1,1,0,0,1.0,0.0,0,0.118495286,0.43013066,0.24233404,-4.156088,89.36592,89.36592102050781,0.4334565619223659
tensor(4333),"tensor(4365., dtype=torch.float64)",tensor(9),0,1,1,0,0,0.0259535,0.3882072,0.9176113,0.88734376,0.10326192,0,0,1,1,0,0.5,0.5,1,0.14249355,0.3882072,0.35142213,-2.1431441,47.144978,47.14497756958008,0.6018946395563771
tensor(4367),"tensor(14477., dtype=torch.float64)",tensor(9),0,0,1,0,0,0.4908859,0.074078195,0.8113025,0.18679534,0.04727055,0,0,1,0,0,1.0,0.0,0,0.19754541,0.4908859,0.42266273,-1.6990074,82.56494,278.475830078125,0.7694085027726433
tensor(4395),"tensor(7589., dtype=torch.float64)",tensor(9),0,0,1,0,0,0.051044513,0.7134001,0.8222403,0.5675171,0.19855314,0,0,1,0,0,1.0,0.0,0,0.22928798,0.4324829,0.490206,-1.4066617,38.51148,361.47607421875,0.7543900184842884
tensor(4415),"tensor(2405., dtype=torch.float64)",tensor(9),0,0,0,1,0,0.0007061761,0.80294883,0.7980928,0.9930385,0.85664105,0,0,1,1,1,0.5,0.5,1,0.109996974,0.20190722,0.2915368,-3.356444,40.9441,40.94409942626953,0.41381700554528655
tensor(4439),"tensor(9118., dtype=torch.float64)",tensor(9),1,0,0,0,0,0.69340146,0.0432775,0.030184925,0.12399071,0.8157531,1,0,0,0,0,1.0,0.0,0,0.13765973,0.30659854,0.35650682,-2.1649437,83.01073,3297.628662109375,0.6508780036968577
tensor(4447),"tensor(18578., dtype=torch.float64)",tensor(9),1,0,0,0,0,0.9466226,0.004473484,0.0010399236,0.74486226,0.0005212958,1,0,0,1,0,0.6666666666666666,0.33333333333333337,1,0.06290996,0.25513774,0.16351174,-4.7556505,344.4067,344.4067077636719,0.41012014787430684
tensor(4483),"tensor(9206., dtype=torch.float64)",tensor(9),1,0,0,0,0,0.876379,0.4218307,0.012600353,0.028096564,0.024737215,1,0,0,0,0,1.0,0.0,0,0.12217724,0.4218307,0.27331874,-2.77064,88.23369,3859.10546875,0.5339648798521257
tensor(4485),"tensor(5786., dtype=torch.float64)",tensor(9),1,0,0,0,0,0.9860956,0.008415688,0.008927946,0.011023115,0.033087313,1,0,0,0,0,1.0,0.0,0,0.01507169,0.033087313,0.07576516,-4.322398,183.8707,3176.825439453125,0.31469500924214416
tensor(4507),"tensor(15898., dtype=torch.float64)",tensor(9),1,0,0,0,0,0.99637294,0.00010424035,0.014500491,0.0034723287,0.0036547417,1,0,0,0,0,1.0,0.0,0,0.005071819,0.014500499,0.029626628,-6.054179,349.55777,3027.381591796875,0.27634011090573013
tensor(4543),"tensor(7514., dtype=torch.float64)",tensor(9),1,0,0,0,0,0.98995435,0.004859117,0.0018677321,0.26945975,0.00074940536,1,0,0,0,0,1.0,0.0,0,0.057396293,0.26945972,0.13788125,-4.8773108,365.16858,3704.953857421875,0.3925600739371534
tensor(4571),"tensor(1606., dtype=torch.float64)",tensor(9),0,1,0,1,1,0.0012945943,0.9573121,0.5214087,0.98351026,0.49015027,0,1,0,1,0,0.8,0.19999999999999996,1,0.2058428,0.49015027,0.3311047,-2.7943912,30.471878,30.471878051757812,0.5390480591497228
tensor(4587),"tensor(761., dtype=torch.float64)",tensor(9),1,0,0,0,0,0.9998266,0.00047172018,1.42602275e-05,0.0007227396,4.7881083e-05,1,0,0,0,0,1.0,0.0,0,0.0002859831,0.0007227659,0.0024813234,-8.930956,1002.1832,2915.7880859375,0.2539279112754159
tensor(4647),"tensor(531., dtype=torch.float64)",tensor(9),1,0,0,0,0,0.87818974,0.01754905,0.39108664,0.046428084,0.015638063,1,0,0,0,0,1.0,0.0,0,0.11850232,0.39108664,0.27929765,-2.7215583,137.38284,3986.791259765625,0.5676987060998151
tensor(4651),"tensor(6944., dtype=torch.float64)",tensor(9),0,0,1,1,0,0.005680224,0.4286819,0.91833246,0.97208,0.26992434,0,0,1,1,0,1.0,0.0,0,0.16277486,0.4286819,0.34228355,-2.483461,36.810364,36.81036376953125,0.555452865064695
tensor(4661),"tensor(15993., dtype=torch.float64)",tensor(9),0,1,0,0,1,0.0012077184,0.99341995,0.70263714,0.15427725,0.8625885,0,1,1,0,1,0.8,0.19999999999999996,1,0.1193679,0.29736286,0.29756868,-3.2266421,59.125477,59.1254768371582,0.4801293900184843
tensor(4663),"tensor(5941., dtype=torch.float64)",tensor(9),0,0,0,0,1,0.9938539,0.00012882604,0.0035228913,0.015031796,0.04068096,1,0,0,0,0,0.0,1.0,1,0.013102174,0.040680945,0.06204773,-5.406107,222.76791,2819.72900390625,0.2929759704251386
tensor(4677),"tensor(4670., dtype=torch.float64)",tensor(9),1,0,0,0,0,0.7800173,0.026344955,0.17441551,0.31410882,0.38614067,1,0,0,0,0,1.0,0.0,0,0.22419852,0.3861407,0.4801684,-1.5349486,60.995007,3873.515869140625,0.793207024029575
tensor(4681),"tensor(5632., dtype=torch.float64)",tensor(9),0,0,0,1,0,0.793198,0.017456455,0.58462554,0.119458675,0.009837443,1,0,0,0,0,0.0,1.0,1,0.15378582,0.41537446,0.33950195,-2.4651554,145.23116,4178.048828125,0.6749075785582255
tensor(4695),"tensor(4798., dtype=torch.float64)",tensor(9),0,0,1,0,0,0.028715529,0.38424295,0.941236,0.16468716,0.1359064,0,0,1,0,0,1.0,0.0,0,0.15446317,0.38424295,0.37294558,-2.0479794,72.97585,306.728515625,0.6790665434380776
tensor(4733),"tensor(21541., dtype=torch.float64)",tensor(9),0,0,0,1,0,0.0058513777,0.943975,0.20337635,0.9040557,0.90584713,0,1,0,1,1,0.5,0.5,1,0.09107,0.20337635,0.27699453,-2.766382,53.90059,53.90058898925781,0.45286506469500926
tensor(4751),"tensor(3264., dtype=torch.float64)",tensor(9),0,0,1,0,0,0.42780393,0.49460235,0.6323563,0.06861123,0.1108508,0,0,0,0,0,0.0,1.0,1,0.2939024,0.49460232,0.52635735,-1.1090094,49.20108,49.201080322265625,0.813539741219963
tensor(4761),"tensor(9303., dtype=torch.float64)",tensor(9),0,0,1,0,0,0.07836273,0.67187417,0.79533726,0.19594109,0.22440438,0,0,1,0,0,1.0,0.0,0,0.2062993,0.32812583,0.48830885,-1.438184,46.895706,337.28656005859375,0.762014787430684
tensor(4861),"tensor(8484., dtype=torch.float64)",tensor(9),0,1,0,0,0,0.032813076,0.9657458,0.17316331,0.6960657,0.08487697,0,1,0,1,0,0.6666666666666666,0.33333333333333337,1,0.12580836,0.30393428,0.33183417,-2.2985032,32.416046,32.416046142578125,0.517097966728281
tensor(4863),"tensor(16346., dtype=torch.float64)",tensor(9),0,0,0,0,1,0.029340547,0.04441536,0.9842742,0.02758266,0.4853541,0,0,1,0,0,0.0,1.0,1,0.1204837,0.48535407,0.24280591,-2.8651083,80.530785,189.5157928466797,0.493992606284658
tensor(4925),"tensor(13415., dtype=torch.float64)",tensor(9),0,1,0,0,0,0.0034347659,0.97845113,0.7805073,0.29401362,0.60175896,0,1,1,0,0,0.6666666666666666,0.33333333333333337,1,0.18734616,0.39824104,0.38623756,-2.408682,38.43993,38.4399299621582,0.6213031423290203
tensor(4953),"tensor(16348., dtype=torch.float64)",tensor(9),0,1,0,0,0,0.04403074,0.19522673,0.9638873,0.058194857,0.53832734,0,0,1,0,0,0.0,1.0,1,0.15904748,0.46167266,0.34836546,-2.1432357,39.82666,228.80735778808594,0.5935767097966728
tensor(4961),"tensor(6777., dtype=torch.float64)",tensor(9),1,0,0,0,0,0.67888546,0.61095876,0.16384816,0.010570877,0.0034214633,1,0,0,0,0,1.0,0.0,0,0.17759925,0.38904124,0.36469412,-2.6086307,130.52931,4256.45361328125,0.6924676524953789
tensor(4989),"tensor(21679., dtype=torch.float64)",tensor(9),0,0,1,0,0,0.05411663,0.17466229,0.9533244,0.36918157,0.08981356,0,0,1,0,0,1.0,0.0,0,0.14688998,0.36918157,0.36457953,-2.0564582,76.80238,310.574462890625,0.6682070240295749
tensor(5109),"tensor(17295., dtype=torch.float64)",tensor(9),0,1,0,0,0,0.7304693,0.17545667,0.35583562,0.23030184,0.21535715,1,0,0,0,0,0.0,1.0,1,0.24929637,0.35583562,0.55176383,-1.1274933,42.880665,4234.4013671875,0.7920517560073937
tensor(5139),"tensor(21190., dtype=torch.float64)",tensor(9),0,1,0,0,0,0.016760238,0.9806337,0.38947082,0.3829155,0.23429665,0,1,0,0,0,1.0,0.0,0,0.2085619,0.38947082,0.41182202,-2.0214882,28.987492,28.987491607666016,0.6534195933456561
tensor(5161),"tensor(16546., dtype=torch.float64)",tensor(9),1,0,0,0,0,0.9978795,0.00037107116,0.00399825,0.0020889272,0.0013568593,1,0,0,0,0,1.0,0.0,0,0.0019870996,0.0039982796,0.0139669925,-6.4681687,414.58826,3012.39599609375,0.2664048059149723
tensor(5199),"tensor(13233., dtype=torch.float64)",tensor(9),1,0,0,0,0,0.8339658,0.03635958,0.064192064,0.7596543,0.008032006,1,0,0,1,0,0.6666666666666666,0.33333333333333337,1,0.10299271,0.24034572,0.28846303,-2.7075663,100.69888,100.69888305664062,0.5339648798521257
tensor(5211),"tensor(12626., dtype=torch.float64)",tensor(9),0,1,1,0,1,0.0009467514,0.46429875,0.9893272,0.3375728,0.9621051,0,0,1,0,1,0.8,0.19999999999999996,1,0.17027724,0.46429873,0.31156248,-3.1084673,34.00246,34.00246047973633,0.48082255083179304
tensor(5253),"tensor(8175., dtype=torch.float64)",tensor(9),1,0,0,0,0,0.814768,0.05624629,0.003269391,0.70099646,0.02727126,1,0,0,1,0,0.6666666666666666,0.33333333333333337,1,0.114204526,0.29900354,0.29057288,-2.889523,96.42673,96.42672729492188,0.5307301293900185
tensor(5263),"tensor(15753., dtype=torch.float64)",tensor(9),1,0,0,0,0,0.9873023,0.005581632,0.008843663,0.16561036,0.0012006006,1,0,0,0,0,1.0,0.0,0,0.03878677,0.16561037,0.12226657,-4.51924,294.77625,3752.53857421875,0.37453789279112754
tensor(5293),"tensor(14465., dtype=torch.float64)",tensor(9),0,1,1,0,1,0.00028610733,0.8788757,0.9734586,0.5471765,0.9691339,0,1,1,0,1,1.0,0.0,0,0.12632829,0.45282352,0.26414302,-3.4757695,40.87327,40.873268127441406,0.41012014787430684
tensor(5335),"tensor(19037., dtype=torch.float64)",tensor(9),0,0,1,1,0,0.62897676,0.35071307,0.5433032,0.03763753,0.030534578,1,0,0,0,0,0.0,1.0,1,0.24932104,0.4566968,0.4587469,-1.6033316,70.47082,4351.06396484375,0.8059149722735675
tensor(5345),"tensor(20329., dtype=torch.float64)",tensor(9),1,0,0,0,0,0.98719573,0.0029931704,0.013015522,0.0048251473,0.048652165,1,0,0,0,0,1.0,0.0,0,0.016458035,0.048652172,0.07668448,-4.5568566,144.83514,3026.44921875,0.29551756007393715
tensor(5347),"tensor(17734., dtype=torch.float64)",tensor(9),0,1,0,0,0,0.031211765,0.8678482,0.5284377,0.46678427,0.050657265,0,1,0,0,0,1.0,0.0,0,0.23047346,0.47156233,0.42246,-1.6989872,45.03804,45.03804016113281,0.7345194085027726
tensor(5371),"tensor(8992., dtype=torch.float64)",tensor(9),1,0,0,0,0,0.81557214,0.0057260776,0.025397446,0.05284071,0.78242874,1,0,0,0,0,1.0,0.0,0,0.097192645,0.21757126,0.27245718,-2.8914113,102.17999,3011.130126953125,0.5004621072088724
tensor(5377),"tensor(12289., dtype=torch.float64)",tensor(9),1,0,0,0,0,0.9544978,0.18647502,0.006755994,0.08524797,0.007069934,1,0,0,0,0,1.0,0.0,0,0.06621027,0.18647504,0.20801528,-3.3649895,151.84119,3848.727783203125,0.43692236598890943
tensor(5403),"tensor(19194., dtype=torch.float64)",tensor(9),1,0,0,0,0,0.99648654,0.0006063406,0.00044133578,0.043971278,0.0075548026,1,0,0,0,0,1.0,0.0,0,0.011217475,0.0439713,0.051422574,-5.747517,362.27805,2972.120849609375,0.2992144177449168
tensor(5405),"tensor(19508., dtype=torch.float64)",tensor(9),1,0,0,0,0,0.87010986,0.09525139,0.07068394,0.27137643,0.12763211,1,0,0,0,0,1.0,0.0,0,0.13896674,0.27137643,0.3845176,-1.9278017,49.676445,4022.64697265625,0.6446395563770795
tensor(5427),"tensor(14119., dtype=torch.float64)",tensor(9),1,0,0,0,0,0.9964553,0.00029098502,0.0055642286,0.0030618447,0.009996002,1,0,0,0,0,1.0,0.0,0,0.004491508,0.009995997,0.027479623,-5.8695416,274.31754,2859.94384765625,0.26478743068391863
tensor(5437),"tensor(14197., dtype=torch.float64)",tensor(9),0,0,1,0,0,0.3187338,0.10961808,0.9019178,0.01056351,0.056675404,0,0,1,0,0,1.0,0.0,0,0.11873454,0.3187338,0.31375426,-2.4849524,117.15776,239.91558837890625,0.6039741219963032
tensor(5487),"tensor(10480., dtype=torch.float64)",tensor(9),1,0,0,0,0,0.61393774,0.7393536,0.0056690243,0.025447479,0.22133708,1,0,0,0,0,1.0,0.0,0,0.17983246,0.38606226,0.38456005,-2.3153625,73.48187,3610.820068359375,0.6859981515711645
tensor(5579),"tensor(12253., dtype=torch.float64)",tensor(9),1,0,0,0,0,0.97308177,0.00025186499,0.016263768,0.036837354,0.18168397,1,0,0,0,0,1.0,0.0,0,0.052391052,0.18168396,0.16820295,-4.1490273,145.12627,3022.6142578125,0.3676062846580407
tensor(5589),"tensor(17964., dtype=torch.float64)",tensor(9),1,0,0,0,0,0.6632531,0.2195055,0.07307327,0.79380023,0.070134446,1,0,0,1,0,0.6666666666666666,0.33333333333333337,1,0.18113202,0.33674687,0.43790334,-1.6838801,30.406822,30.406822204589844,0.6684380776340112
tensor(5621),"tensor(16080., dtype=torch.float64)",tensor(9),1,0,0,0,0,0.9999386,6.0462253e-06,7.82807e-06,0.002351221,4.104113e-05,1,0,0,0,0,1.0,0.0,0,0.00049352646,0.0023512244,0.003574172,-9.924662,1234.1482,2843.88916015625,0.256007393715342
tensor(5625),"tensor(20009., dtype=torch.float64)",tensor(9),0,0,1,0,1,0.15267815,0.13968843,0.9109505,0.07492761,0.45373213,0,0,1,0,0,0.6666666666666666,0.33333333333333337,1,0.18201512,0.45373213,0.41742387,-1.7111753,39.48974,224.307861328125,0.6823012939001849
tensor(5655),"tensor(10654., dtype=torch.float64)",tensor(9),1,0,0,0,0,0.9831207,0.00091620773,0.0033020785,0.105817705,0.06884378,1,0,0,0,0,1.0,0.0,0,0.039151847,0.105817676,0.1406875,-4.301533,219.16138,3134.53271484375,0.3692236598890943
tensor(5665),"tensor(17295., dtype=torch.float64)",tensor(9),0,1,0,0,0,0.08217339,0.17718296,0.94856787,0.092111625,0.38599014,0,0,1,0,0,0.0,1.0,1,0.15777808,0.38599014,0.38563362,-1.9231476,41.710907,235.5386962890625,0.6404805914972274
tensor(5687),"tensor(16438., dtype=torch.float64)",tensor(9),0,0,1,1,1,0.0041801753,0.3126423,0.9826455,0.46500796,0.9384588,0,0,1,0,1,0.8,0.19999999999999996,1,0.17214525,0.46500796,0.3315413,-2.6324277,23.215902,23.21590232849121,0.5120147874306838
tensor(5731),"tensor(7028., dtype=torch.float64)",tensor(9),1,0,0,0,0,0.99681515,0.00052481215,0.0013698975,0.0064970916,0.014292088,1,0,0,0,0,1.0,0.0,0,0.0051738024,0.014292061,0.030096084,-5.8306556,275.28506,2780.525390625,0.2698706099815157
tensor(5733),"tensor(11021., dtype=torch.float64)",tensor(9),1,0,0,0,0,0.9945486,0.0014943506,0.004952891,0.018789902,0.0044948664,1,0,0,0,0,1.0,0.0,0,0.0070365667,0.018789887,0.039672732,-5.273917,319.1586,3222.5078125,0.2932070240295749
tensor(5755),"tensor(6338., dtype=torch.float64)",tensor(9),0,1,0,0,0,0.48424736,0.104572475,0.7509014,0.22052109,0.2763046,0,0,1,0,0,0.0,1.0,1,0.26694882,0.48424733,0.5412009,-1.1078755,49.445114,248.09237670898438,0.8133086876155268
tensor(5769),"tensor(8484., dtype=torch.float64)",tensor(9),0,1,1,0,1,0.00018849561,0.97362864,0.91268873,0.8698261,0.8940825,0,1,1,1,1,0.8571428571428571,0.1428571428571429,1,0.06999254,0.13017392,0.22891632,-3.712895,53.27981,53.27981185913086,0.3451940850277264
tensor(5825),"tensor(823., dtype=torch.float64)",tensor(9),1,0,0,0,0,0.9503306,0.0004764205,0.0077852905,0.046634857,0.4872291,1,0,0,0,0,1.0,0.0,0,0.11835897,0.4872291,0.22570471,-3.7033203,121.184494,2887.59375,0.4628003696857671
tensor(5857),"tensor(14338., dtype=torch.float64)",tensor(9),0,1,0,1,0,0.03020944,0.6546514,0.037104525,0.9803489,0.77393764,0,0,0,1,0,0.6666666666666666,0.33333333333333337,1,0.13167524,0.3453486,0.3139544,-2.5010266,30.533482,30.53348159790039,0.49029574861367836
tensor(5861),"tensor(19492., dtype=torch.float64)",tensor(9),0,0,1,0,0,0.096110664,0.92937374,0.27037972,0.10547541,0.50823665,0,1,0,0,0,0.0,1.0,1,0.20687109,0.49176335,0.43706113,-1.5963551,25.1521,25.152099609375,0.6804528650646949
tensor(5863),"tensor(9194., dtype=torch.float64)",tensor(9),0,1,0,0,0,0.0009880522,0.9795274,0.4111928,0.9773278,0.5622741,0,1,0,1,0,0.6666666666666666,0.33333333333333337,1,0.17861032,0.4377259,0.3157244,-3.0319765,37.59912,37.59912109375,0.5124768946395564
tensor(5889),"tensor(17657., dtype=torch.float64)",tensor(9),0,1,0,0,0,0.015378514,0.99399084,0.0815164,0.23200108,0.2297272,0,1,0,0,0,1.0,0.0,0,0.11292648,0.23200107,0.29585463,-2.819311,31.095613,31.095613479614258,0.42352125693160814
tensor(5923),"tensor(20812., dtype=torch.float64)",tensor(9),1,0,0,1,0,0.79818594,0.016962014,0.032175537,0.78830546,0.092401884,1,0,0,1,0,1.0,0.0,0,0.1110096,0.21169454,0.31107056,-2.4875813,57.188553,57.18855285644531,0.5307301293900185
tensor(5925),"tensor(16910., dtype=torch.float64)",tensor(9),0,0,0,1,0,0.0056652753,0.0101646865,0.03770116,0.9995956,0.43760073,0,0,0,1,0,1.0,0.0,0,0.09830725,0.43760073,0.18823731,-4.2099223,94.30725,94.3072509765625,0.38470425138632164
tensor(5927),"tensor(13482., dtype=torch.float64)",tensor(9),0,1,0,0,0,0.0023443177,0.9939441,0.54207426,0.36344042,0.5862927,0,1,0,0,0,1.0,0.0,0,0.24869472,0.45792574,0.41533107,-2.4463758,39.51666,39.516658782958984,0.6689001848428835
tensor(5943),"tensor(7252., dtype=torch.float64)",tensor(9),0,0,0,1,0,0.03886286,0.25526974,0.033850368,0.99508107,0.512761,0,0,0,1,0,1.0,0.0,0,0.16402817,0.487239,0.32082328,-2.5981886,20.958538,20.958538055419922,0.49445471349353054
tensor(5945),"tensor(3122., dtype=torch.float64)",tensor(9),1,0,0,0,0,0.9482401,0.0052611916,0.0044178874,0.30242476,0.09772282,1,0,0,0,0,1.0,0.0,0,0.0923174,0.3024248,0.23956749,-3.3252692,140.95773,3424.31005859375,0.47088724584103514
tensor(5949),"tensor(3483., dtype=torch.float64)",tensor(9),0,0,1,0,0,0.015414648,0.26011467,0.9726465,0.016366474,0.08878355,0,0,1,0,0,1.0,0.0,0,0.08160657,0.26011467,0.23229222,-3.0396094,115.45621,275.12969970703125,0.4628003696857671
tensor(5955),"tensor(20843., dtype=torch.float64)",tensor(9),0,0,0,0,1,0.45195,0.0027570967,0.47968474,0.26197672,0.7598274,0,0,0,0,0,0.0,1.0,1,0.28730828,0.4796847,0.50524795,-1.670474,92.75812,92.75811767578125,0.8465804066543438
tensor(5961),"tensor(9038., dtype=torch.float64)",tensor(9),1,0,0,1,0,0.8152083,0.014271531,0.005671554,0.8317858,0.020912668,1,0,0,1,0,1.0,0.0,0,0.078772366,0.18479168,0.22860035,-3.266107,103.70499,103.70498657226562,0.4343807763401109
tensor(6011),"tensor(7745., dtype=torch.float64)",tensor(9),0,1,0,0,0,0.0011216021,0.9754532,0.8373344,0.6410436,0.6442354,0,1,1,0,0,0.6666666666666666,0.33333333333333337,1,0.18061101,0.3589564,0.37436074,-2.6572828,47.05183,47.05183029174805,0.6102125693160814
tensor(6031),"tensor(14402., dtype=torch.float64)",tensor(9),1,0,0,0,0,0.9337138,0.0018163733,0.2711522,0.012516351,0.05013007,1,0,0,0,0,1.0,0.0,0,0.08038026,0.2711522,0.22155407,-3.4505792,154.12048,3539.29638671875,0.45055452865064693
tensor(6057),"tensor(7969., dtype=torch.float64)",tensor(9),0,0,0,1,0,0.5903313,0.27431872,0.0028913014,0.8584726,0.02206405,1,0,0,1,0,0.6666666666666666,0.33333333333333337,1,0.17009401,0.40966868,0.35954565,-2.5550928,84.44467,84.44467163085938,0.652264325323475
tensor(6067),"tensor(3191., dtype=torch.float64)",tensor(9),0,1,0,0,0,0.8611815,0.5536303,0.031008985,0.043748565,0.014605338,1,0,0,0,0,0.0,1.0,1,0.13491023,0.4463697,0.29686677,-2.5557365,93.100624,4092.875244140625,0.5889556377079483
tensor(6073),"tensor(1107., dtype=torch.float64)",tensor(9),0,0,1,1,0,0.014965822,0.894866,0.2370156,0.9418881,0.13741605,0,1,0,1,0,0.5,0.5,1,0.11052865,0.2370156,0.3167119,-2.4239783,20.112661,20.112661361694336,0.4507855822550832
tensor(6097),"tensor(4982., dtype=torch.float64)",tensor(9),1,0,0,0,0,0.9291185,0.033852395,0.0073574246,0.1447151,0.23840925,1,0,0,0,0,1.0,0.0,0,0.09904307,0.23840928,0.2819885,-2.7534566,104.51018,3465.406982421875,0.5219500924214417
tensor(6109),"tensor(7594., dtype=torch.float64)",tensor(9),1,0,0,1,0,0.8796495,0.15019903,0.029409891,0.25419867,0.15174639,1,0,0,0,0,0.6666666666666666,0.33333333333333337,1,0.14118087,0.25419867,0.38319784,-2.0032086,62.50123,3926.226318359375,0.6631238447319778
tensor(6111),"tensor(2090., dtype=torch.float64)",tensor(9),1,0,0,0,0,0.79668385,0.004224968,0.068348266,0.3193818,0.5176921,1,0,0,0,0,1.0,0.0,0,0.21551579,0.4823079,0.42010942,-2.0535922,109.01401,3565.979248046875,0.7839648798521257
tensor(6115),"tensor(4861., dtype=torch.float64)",tensor(9),0,1,0,1,0,0.02826221,0.96992445,0.030329775,0.8573259,0.5735415,0,1,0,1,0,1.0,0.0,0,0.13155997,0.42645848,0.2983238,-2.5130925,47.934982,47.93498229980469,0.5304990757855823
tensor(6135),"tensor(5382., dtype=torch.float64)",tensor(9),0,0,1,0,1,0.0033795903,0.40676728,0.9741865,0.3622001,0.97115415,0,0,1,0,1,1.0,0.0,0,0.16540128,0.40676725,0.3207037,-2.7554023,26.317146,26.31714630126953,0.4907578558225508
tensor(6153),"tensor(3064., dtype=torch.float64)",tensor(9),0,0,0,1,0,0.009330371,0.030785238,0.033427637,0.99921525,0.35881427,0,0,0,1,0,1.0,0.0,0,0.08662844,0.35881424,0.19919065,-3.8417773,58.06478,58.064781188964844,0.35050831792975967
tensor(6187),"tensor(13784., dtype=torch.float64)",tensor(9),1,0,0,0,0,0.9965461,0.0032172918,0.0026188204,0.007380968,0.0012218283,1,0,0,0,0,1.0,0.0,0,0.0035785437,0.0073809624,0.023177769,-5.7901626,405.7765,3257.714111328125,0.2777264325323475
tensor(6191),"tensor(7156., dtype=torch.float64)",tensor(9),1,0,0,0,0,0.8545517,0.027115267,0.036985587,0.4524066,0.2068039,1,0,0,0,0,1.0,0.0,0,0.17375195,0.4524066,0.37916857,-2.0291429,58.20131,3847.396728515625,0.6827634011090573
tensor(6221),"tensor(11885., dtype=torch.float64)",tensor(9),0,1,1,0,0,0.0039624865,0.9028608,0.72496593,0.9399153,0.71728003,0,1,1,1,0,0.8,0.19999999999999996,1,0.14378816,0.28271997,0.35110563,-2.481322,30.792261,30.792261123657227,0.5291127541589649
tensor(6233),"tensor(18411., dtype=torch.float64)",tensor(9),0,0,1,0,0,0.8362213,0.013403143,0.17318259,0.122901626,0.3450878,1,0,0,0,0,0.0,1.0,1,0.16367072,0.34508777,0.398982,-2.0196648,86.2676,3758.113525390625,0.7153419593345656
tensor(6241),"tensor(14331., dtype=torch.float64)",tensor(9),0,1,0,0,1,0.011222215,0.99277496,0.13798466,0.079239145,0.67604434,0,1,0,0,0,0.6666666666666666,0.33333333333333337,1,0.111925304,0.32395566,0.28247508,-2.8844073,43.170837,43.17083740234375,0.4447781885397412
tensor(6255),"tensor(8492., dtype=torch.float64)",tensor(9),0,1,0,0,0,0.8294482,0.027559584,0.087501876,0.046117965,0.56143314,1,0,0,0,0,0.0,1.0,1,0.15405959,0.43856686,0.35042715,-2.1532047,93.09912,3459.703125,0.6737523105360443
tensor(6263),"tensor(13296., dtype=torch.float64)",tensor(9),1,0,0,1,0,0.8408669,0.0025213608,0.009931804,0.93741226,0.0022950855,1,0,0,1,0,1.0,0.0,0,0.04729384,0.15913308,0.1523579,-4.20568,233.66287,233.66287231445312,0.3877079482439926
tensor(6281),"tensor(16104., dtype=torch.float64)",tensor(9),1,0,0,0,0,0.9666231,0.030440355,0.015878068,0.15486018,0.021060716,1,0,0,0,0,1.0,0.0,0,0.05112326,0.1548602,0.17945577,-3.297974,134.12668,3739.294677734375,0.40226432532347506
tensor(6285),"tensor(13634., dtype=torch.float64)",tensor(9),0,1,0,0,1,0.035828408,0.9794831,0.19727981,0.14653517,0.18603548,0,1,0,0,0,0.6666666666666666,0.33333333333333337,1,0.11723912,0.19727981,0.32963577,-2.359941,24.39944,24.39944076538086,0.4789741219963032
tensor(6289),"tensor(10880., dtype=torch.float64)",tensor(9),1,0,0,0,0,0.2857927,0.3207985,0.67383814,0.50615007,0.021964787,0,0,0,0,0,0.0,1.0,1,0.28971356,0.49384993,0.5311801,-1.2424628,58.060627,58.06062698364258,0.8257855822550833
tensor(6319),"tensor(10181., dtype=torch.float64)",tensor(9),0,0,0,0,1,0.9988709,0.0002327807,0.00019073368,0.018716434,0.0013631477,1,0,0,0,0,0.0,1.0,1,0.0043264627,0.018716455,0.023230424,-6.854192,524.5368,2928.08203125,0.2770332717190388
tensor(6323),"tensor(2713., dtype=torch.float64)",tensor(9),1,0,0,0,0,0.98367137,0.0048541296,0.0037132793,0.19457524,0.007045041,1,0,0,0,0,1.0,0.0,0,0.045303345,0.19457525,0.13465902,-4.276493,223.01262,3518.47900390625,0.3747689463955638
tensor(6329),"tensor(6421., dtype=torch.float64)",tensor(9),1,0,1,0,0,0.003759712,0.9386187,0.89290065,0.18950103,0.26991048,0,1,1,0,0,0.5,0.5,1,0.12633038,0.26991045,0.3329144,-2.5752,43.89077,43.890769958496094,0.5304990757855823
tensor(6335),"tensor(6787., dtype=torch.float64)",tensor(9),0,0,1,0,0,0.06835703,0.35211164,0.9325932,0.16189153,0.23017757,0,0,1,0,0,1.0,0.0,0,0.17598885,0.35211164,0.425455,-1.7401457,55.092613,291.3631286621094,0.7169593345656192
tensor(6359),"tensor(2267., dtype=torch.float64)",tensor(9),0,0,1,0,0,0.023176648,0.26888004,0.9751747,0.080830984,0.3832522,0,0,1,0,0,1.0,0.0,0,0.15619308,0.3832522,0.35099858,-2.2638211,51.75475,253.04238891601562,0.6150646950092422
tensor(6365),"tensor(13919., dtype=torch.float64)",tensor(9),1,0,0,0,0,0.99914587,0.000118901284,0.000795573,0.0015510957,0.0012684611,1,0,0,0,0,1.0,0.0,0,0.0009176135,0.0015510917,0.007173331,-7.2746377,487.50937,2771.54150390625,0.25670055452865065
tensor(6377),"tensor(629., dtype=torch.float64)",tensor(9),0,0,1,0,0,0.43334946,0.6610917,0.23359878,0.57619375,0.1690313,0,0,0,0,0,0.0,1.0,1,0.3197388,0.4333495,0.6007942,-0.8048275,30.239296,30.239295959472656,0.7721811460258781
tensor(6431),"tensor(19907., dtype=torch.float64)",tensor(9),1,0,0,0,0,0.9935557,0.0013339098,0.0014774498,0.026906718,0.023847146,1,0,0,0,0,1.0,0.0,0,0.012001872,0.026906729,0.059335113,-5.0944843,246.22107,2978.7197265625,0.300369685767098
tensor(6439),"tensor(19985., dtype=torch.float64)",tensor(9),0,0,0,1,0,0.28374293,0.052651104,0.015920827,0.98570305,0.09803839,0,0,0,1,0,1.0,0.0,0,0.09293002,0.2837429,0.25601694,-2.87851,40.0922,40.092201232910156,0.39995378927911274
tensor(6445),"tensor(18186., dtype=torch.float64)",tensor(9),0,1,1,1,0,0.0013672881,0.95546174,0.9025335,0.25484338,0.8682395,0,1,1,0,1,0.6666666666666666,0.33333333333333337,1,0.10599518,0.25484335,0.29385707,-2.9687057,37.428856,37.428855895996094,0.4216728280961183
tensor(6469),"tensor(4330., dtype=torch.float64)",tensor(9),0,1,0,1,0,0.056470007,0.97585154,0.060801607,0.19914503,0.08227902,0,1,0,0,0,0.6666666666666666,0.33333333333333337,1,0.08456886,0.19914502,0.26871943,-2.6111684,27.883698,27.883697509765625,0.38724584103512016
tensor(6481),"tensor(2133., dtype=torch.float64)",tensor(9),1,0,0,0,0,0.36143017,0.0059757284,0.3709242,0.21812524,0.90176207,0,0,0,0,1,0.0,1.0,1,0.21093863,0.37092423,0.439191,-1.9410108,74.58373,74.58373260498047,0.7701016635859519
tensor(6487),"tensor(7131., dtype=torch.float64)",tensor(9),0,1,1,0,1,0.004263347,0.9152832,0.890747,0.2662102,0.869404,0,1,1,0,1,1.0,0.0,0,0.119007885,0.2662102,0.32591695,-2.5682757,28.672594,28.67259407043457,0.4704251386321626
tensor(6493),"tensor(15171., dtype=torch.float64)",tensor(9),1,0,0,0,0,0.97796166,0.034013353,0.023703547,0.057416867,0.0014362589,1,0,0,0,0,1.0,0.0,0,0.027721703,0.057416856,0.11941107,-4.039958,238.62642,3906.5771484375,0.3703789279112754
tensor(6505),"tensor(11903., dtype=torch.float64)",tensor(9),0,0,0,1,0,0.038967453,0.06452432,0.17915177,0.99507195,0.11767222,0,0,0,1,0,1.0,0.0,0,0.08104879,0.17915177,0.25347027,-2.9447877,31.4805,31.480499267578125,0.3530499075785582
tensor(6515),"tensor(12961., dtype=torch.float64)",tensor(9),0,0,1,0,0,0.56653005,0.35420904,0.55459076,0.18675126,0.0729754,0,0,0,0,0,0.0,1.0,1,0.29856294,0.44540924,0.55284053,-1.02013,55.13726,55.13726043701172,0.8324861367837338
tensor(6517),"tensor(1033., dtype=torch.float64)",tensor(9),0,0,0,1,0,0.0024045454,0.84851974,0.6610789,0.9895313,0.5089942,0,1,0,1,0,0.6666666666666666,0.33333333333333337,1,0.19885606,0.49100578,0.36672345,-2.600791,23.89782,23.89781951904297,0.5605360443622921
tensor(6547),"tensor(5383., dtype=torch.float64)",tensor(9),0,1,0,0,0,0.0010192426,0.98221684,0.8122426,0.60595226,0.7645158,0,1,1,0,0,0.6666666666666666,0.33333333333333337,1,0.16721833,0.39404774,0.35932377,-2.7943623,49.384876,49.3848762512207,0.5780961182994455
tensor(6563),"tensor(6070., dtype=torch.float64)",tensor(9),0,0,0,1,0,0.028366197,0.70127326,0.0704867,0.98276746,0.105392,0,0,0,1,0,1.0,0.0,0,0.1040408,0.29872674,0.28350583,-2.6297307,16.758083,16.75808334350586,0.3969500924214418
tensor(6581),"tensor(20675., dtype=torch.float64)",tensor(9),0,0,0,0,1,0.88928694,0.069201164,0.06960592,0.20475365,0.15828043,1,0,0,0,0,0.0,1.0,1,0.12251091,0.20475364,0.35918385,-2.060637,58.484264,3909.8232421875,0.6180683918669131
tensor(6585),"tensor(14204., dtype=torch.float64)",tensor(9),0,1,0,0,0,0.0028754699,0.98851305,0.65459466,0.17662796,0.16130154,0,1,0,0,0,1.0,0.0,0,0.13953942,0.34540534,0.32700884,-2.8261776,37.47493,37.47492980957031,0.4951478743068392
tensor(6589),"tensor(853., dtype=torch.float64)",tensor(9),0,0,0,1,0,0.0037898116,0.014130064,0.033949204,0.9997009,0.5548015,0,0,0,1,0,1.0,0.0,0,0.0994733,0.44519848,0.1874392,-4.2999105,95.24055,95.24054718017578,0.38308687615526804
tensor(6615),"tensor(15212., dtype=torch.float64)",tensor(9),0,0,1,0,0,0.16941343,0.17653853,0.8780516,0.09944625,0.7301917,0,0,1,0,0,1.0,0.0,0,0.16743106,0.2698083,0.4397561,-1.6605724,22.986917,229.41357421875,0.6395563770794824
tensor(6667),"tensor(3794., dtype=torch.float64)",tensor(9),1,0,0,0,0,0.68657106,0.06539396,0.5879485,0.04855581,0.14512287,1,0,0,0,0,1.0,0.0,0,0.19691068,0.4120515,0.42987347,-1.7095935,67.59469,4103.5234375,0.7564695009242144
tensor(6697),"tensor(4314., dtype=torch.float64)",tensor(9),0,0,1,0,0,0.18754834,0.42888978,0.7063539,0.22741495,0.8227811,0,0,1,0,0,1.0,0.0,0,0.26294363,0.42888975,0.5548633,-1.0776827,19.96529,280.63720703125,0.7400646950092422
tensor(6731),"tensor(6579., dtype=torch.float64)",tensor(9),0,0,1,0,0,0.11231791,0.01571091,0.9512452,0.08917506,0.5583363,0,0,1,0,0,1.0,0.0,0,0.14152443,0.44166368,0.32279152,-2.3467948,65.38185,169.22105407714844,0.598890942698706
tensor(6753),"tensor(14774., dtype=torch.float64)",tensor(9),1,0,0,0,0,0.8882336,0.02438017,0.12645617,0.030812796,0.314786,1,0,0,0,0,1.0,0.0,0,0.121640325,0.31478596,0.32096952,-2.384231,88.383385,3568.88720703125,0.6016635859519408
tensor(6771),"tensor(13065., dtype=torch.float64)",tensor(9),1,0,0,0,0,0.9610188,0.07440813,0.007312758,0.17324048,0.009990199,1,0,0,0,0,1.0,0.0,0,0.060786545,0.17324048,0.19795653,-3.3591042,149.987,3800.1376953125,0.42606284658040666
tensor(6781),"tensor(3051., dtype=torch.float64)",tensor(9),0,0,0,1,0,0.6031744,0.35200232,0.1959679,0.53608096,0.46587208,1,0,0,0,0,0.0,1.0,1,0.3749174,0.46587205,0.6393,-0.5443893,32.784874,4286.71826171875,0.7835027726432532
tensor(6803),"tensor(10368., dtype=torch.float64)",tensor(9),0,1,0,1,0,0.14323112,0.83333445,0.02902801,0.8744853,0.13448603,0,1,0,1,0,1.0,0.0,0,0.11978513,0.16666555,0.3530578,-2.1422534,27.83173,27.831729888916016,0.5224121996303143
tensor(6837),"tensor(12779., dtype=torch.float64)",tensor(9),1,0,0,1,0,0.5442855,0.48441955,0.035296474,0.79525113,0.027018715,0,0,0,1,0,0.6666666666666666,0.33333333333333337,1,0.24143964,0.48441958,0.4331429,-1.6977392,49.732784,49.732784271240234,0.7578558225508318
tensor(6865),"tensor(18726., dtype=torch.float64)",tensor(9),1,0,0,0,0,0.99644935,0.00063952565,0.0022024163,0.029735094,0.0033024051,1,0,0,0,0,1.0,0.0,0,0.007886052,0.029735088,0.040114775,-5.660449,368.18817,3166.09033203125,0.2929759704251386
tensor(6953),"tensor(18245., dtype=torch.float64)",tensor(9),0,0,1,0,0,0.1641619,0.34958503,0.8395343,0.50204426,0.11078232,0,0,1,0,0,1.0,0.0,0,0.2565902,0.49795574,0.5150849,-1.1988329,44.023064,341.96844482421875,0.789279112754159
tensor(6985),"tensor(14958., dtype=torch.float64)",tensor(9),1,0,0,0,0,0.67518294,0.035716604,0.7109356,0.041459072,0.035204835,1,0,1,0,0,0.6666666666666666,0.33333333333333337,1,0.1452524,0.32481706,0.34215796,-2.275772,111.72314,232.81906127929688,0.6658964879852125
tensor(6987),"tensor(13822., dtype=torch.float64)",tensor(9),0,1,1,0,0,0.03006434,0.79024774,0.83883595,0.13825381,0.462981,0,0,1,0,0,0.6666666666666666,0.33333333333333337,1,0.20044315,0.462981,0.4364748,-1.6856238,40.620647,321.00555419921875,0.714648798521257
tensor(6999),"tensor(18284., dtype=torch.float64)",tensor(9),1,0,0,0,0,0.92897725,0.0017595373,0.15555519,0.017064622,0.15208006,1,0,0,0,0,1.0,0.0,0,0.07949638,0.15555519,0.24282083,-3.2751243,110.12488,3394.69189453125,0.44708872458410354
tensor(7023),"tensor(13908., dtype=torch.float64)",tensor(9),0,1,1,0,0,0.00031722378,0.8798108,0.9822749,0.10568935,0.9730551,0,1,1,0,1,0.8,0.19999999999999996,1,0.054173112,0.12018919,0.1841172,-3.956662,61.138832,61.138832092285156,0.31330868761552677
tensor(7027),"tensor(13822., dtype=torch.float64)",tensor(9),0,0,1,0,0,0.004633484,0.6154561,0.93597335,0.918856,0.37335077,0,0,1,1,0,0.6666666666666666,0.33333333333333337,1,0.18153971,0.3845439,0.37518913,-2.293434,38.387066,38.38706588745117,0.6203789279112755
tensor(7045),"tensor(19599., dtype=torch.float64)",tensor(9),1,0,0,0,0,0.995551,0.0047977027,0.0008685043,0.054666013,0.0009812907,1,0,0,0,0,1.0,0.0,0,0.01315248,0.054666042,0.057146806,-5.5138474,423.4995,3414.330078125,0.31769870609981515
tensor(7091),"tensor(1866., dtype=torch.float64)",tensor(9),1,0,0,0,0,0.7294522,0.1604428,0.13750331,0.6811294,0.038575664,1,0,0,1,0,0.6666666666666666,0.33333333333333337,1,0.18518811,0.3188706,0.44280353,-1.6915452,38.870686,38.87068557739258,0.6984750462107208
tensor(7093),"tensor(2001., dtype=torch.float64)",tensor(9),0,1,0,1,0,0.013548803,0.828601,0.64558893,0.9427564,0.5507893,0,1,0,1,0,1.0,0.0,0,0.2091626,0.4492107,0.41745248,-1.8937235,22.92134,22.921340942382812,0.6518022181146026
tensor(7123),"tensor(11142., dtype=torch.float64)",tensor(9),0,1,0,0,0,0.24798748,0.8558163,0.21480834,0.08114694,0.44080764,0,1,0,0,0,1.0,0.0,0,0.2257868,0.44080764,0.4921085,-1.3702548,26.512217,26.512216567993164,0.7204251386321626
tensor(7129),"tensor(19643., dtype=torch.float64)",tensor(9),1,0,0,0,0,0.7082579,0.05300923,0.014604364,0.9158641,0.029150447,1,0,0,1,0,0.6666666666666666,0.33333333333333337,1,0.09452838,0.2917421,0.2615481,-2.7749238,66.9556,66.95559692382812,0.4676524953789279
tensor(7153),"tensor(8651., dtype=torch.float64)",tensor(9),0,1,0,0,0,0.56628823,0.4485528,0.009891664,0.03481528,0.036361918,0,0,0,0,0,0.0,1.0,1,0.19266671,0.4485528,0.34699723,-2.3357644,70.645935,70.64593505859375,0.66728280961183
tensor(7183),"tensor(8651., dtype=torch.float64)",tensor(9),0,1,0,0,0,0.9349698,0.057248175,0.1487689,0.020971496,0.0064937985,1,0,0,0,0,0.0,1.0,1,0.059702516,0.1487689,0.2042925,-3.2170296,144.26627,3943.33740234375,0.4357670979667283
tensor(7191),"tensor(17069., dtype=torch.float64)",tensor(9),0,0,1,0,0,0.46648088,0.03591627,0.8955128,0.007837566,0.0020988348,0,0,1,0,0,1.0,0.0,0,0.12336415,0.46648085,0.248264,-3.3155656,271.17975,382.70538330078125,0.5596118299445472
tensor(7205),"tensor(21697., dtype=torch.float64)",tensor(9),1,0,0,0,0,0.991446,0.023447929,0.008369587,0.0023811213,0.0017145028,1,0,0,0,0,1.0,0.0,0,0.008893371,0.02344793,0.047635272,-5.1322947,321.5928,3440.2548828125,0.3015249537892791
tensor(7245),"tensor(10190., dtype=torch.float64)",tensor(9),1,0,0,0,0,0.9909304,0.00304686,0.003061546,0.05289657,0.014585381,1,0,0,0,0,1.0,0.0,0,0.016531944,0.05289656,0.075250864,-4.673636,273.0759,3244.16943359375,0.3347966728280961
tensor(7263),"tensor(19612., dtype=torch.float64)",tensor(9),1,0,0,0,0,0.99877924,0.002043427,0.00016704829,0.0027822754,0.00127283,1,0,0,0,0,1.0,0.0,0,0.0014972687,0.0027822852,0.010926739,-6.828433,503.89346,2863.8505859375,0.26455637707948243
tensor(7279),"tensor(9621., dtype=torch.float64)",tensor(9),1,0,0,0,0,0.968568,0.011741674,0.056000967,0.06517688,0.0188855,1,0,0,0,0,1.0,0.0,0,0.03664744,0.065176904,0.15080276,-3.4598193,151.82156,3693.12744140625,0.38170055452865065
tensor(7281),"tensor(11903., dtype=torch.float64)",tensor(9),0,0,1,0,0,0.04425921,0.10468116,0.11150077,0.9946327,0.29858512,0,0,0,1,0,0.0,1.0,1,0.11287868,0.29858512,0.30184245,-2.6740584,17.101593,17.101593017578125,0.4168207024029575
tensor(7347),"tensor(14255., dtype=torch.float64)",tensor(9),1,0,0,0,0,0.99993074,6.5813633e-06,1.3997596e-05,0.00035455398,0.0001444209,1,0,0,0,0,1.0,0.0,0,0.00011777878,0.00035452843,0.0011161722,-9.894483,1074.4517,2526.342529296875,0.25231053604436227
tensor(7411),"tensor(9068., dtype=torch.float64)",tensor(9),0,0,1,1,0,0.02754528,0.14201242,0.9646387,0.80255634,0.13428524,0,0,1,1,0,1.0,0.0,0,0.10732955,0.19744366,0.31578082,-2.386948,68.17229,68.17228698730469,0.5542975970425139
tensor(7419),"tensor(17395., dtype=torch.float64)",tensor(9),0,0,0,1,0,0.94038904,0.06948819,0.041316804,0.09909599,0.07330566,1,0,0,0,0,0.0,1.0,1,0.06856358,0.099096,0.24710289,-2.6483238,78.92943,3796.512939453125,0.4588724584103512
tensor(7421),"tensor(9659., dtype=torch.float64)",tensor(9),1,0,0,0,0,0.7054148,0.07172825,0.011253944,0.85582817,0.023370592,1,0,0,1,0,0.6666666666666666,0.33333333333333337,1,0.10902196,0.29458523,0.28986531,-2.684614,71.34889,71.34889221191406,0.516173752310536
tensor(7435),"tensor(13885., dtype=torch.float64)",tensor(9),1,0,0,0,0,0.8858627,0.00039872382,0.032437284,0.05032365,0.64493144,1,0,0,0,0,1.0,0.0,0,0.110473156,0.35506856,0.27034166,-3.3611908,104.43147,2995.04345703125,0.4835951940850277
tensor(7437),"tensor(8219., dtype=torch.float64)",tensor(9),0,0,1,0,0,0.01312969,0.7946155,0.92675704,0.026594318,0.24781619,0,0,1,0,0,1.0,0.0,0,0.11323357,0.2478162,0.30445543,-2.5841885,59.240845,296.36676025390625,0.523105360443623
tensor(7441),"tensor(8219., dtype=torch.float64)",tensor(9),0,1,0,0,1,0.20702222,0.42185137,0.8741493,0.004522222,0.059951406,0,0,1,0,0,0.0,1.0,1,0.16383952,0.4218514,0.36500984,-2.3485837,110.768326,281.5977783203125,0.6880776340110906
tensor(7493),"tensor(8748., dtype=torch.float64)",tensor(9),0,0,0,1,0,0.7728958,0.0052548517,0.0054909615,0.93813634,0.005277243,1,0,0,1,0,0.6666666666666666,0.33333333333333337,1,0.06099814,0.22710419,0.17352669,-3.9250476,172.4242,172.4241943359375,0.3992606284658041
tensor(7505),"tensor(12474., dtype=torch.float64)",tensor(9),0,0,0,0,0,0.07848992,0.9205598,0.29054192,0.32674435,0.03401042,0,1,0,0,0,0.0,1.0,1,0.16184539,0.32674432,0.3870737,-1.9750417,37.6783,37.67829895019531,0.6282347504621072
tensor(7601),"tensor(15914., dtype=torch.float64)",tensor(9),0,1,1,1,0,0.0072592613,0.9712025,0.53188837,0.7166532,0.46340513,0,1,0,1,0,0.8,0.19999999999999996,1,0.25018406,0.46811163,0.430238,-1.9277455,37.56875,37.568748474121094,0.7123382624768946
tensor(7649),"tensor(15009., dtype=torch.float64)",tensor(9),1,0,0,0,0,0.9996979,0.00021562516,8.869906e-05,0.0038914387,4.716654e-05,1,0,0,0,0,1.0,0.0,0,0.00090903044,0.003891468,0.006339371,-8.276649,895.3718,3137.988525390625,0.2617837338262477
tensor(7653),"tensor(14935., dtype=torch.float64)",tensor(9),0,1,0,0,0,0.00071037177,0.9689989,0.91295636,0.16547848,0.9517775,0,1,1,0,1,0.5,0.5,1,0.066491246,0.16547847,0.21632013,-3.5284107,51.43754,51.437538146972656,0.34426987060998154
tensor(7671),"tensor(13622., dtype=torch.float64)",tensor(9),1,0,0,0,0,0.9983065,0.006495146,0.0003365273,0.005061504,0.00028420155,1,0,0,0,0,1.0,0.0,0,0.0027741194,0.006495118,0.017824586,-6.570497,608.4168,3277.63818359375,0.2793438077634011
tensor(7675),"tensor(10206., dtype=torch.float64)",tensor(9),1,0,0,0,0,0.8379984,0.5391729,0.011118102,0.026644604,0.020465204,1,0,0,0,0,1.0,0.0,0,0.1362114,0.4608271,0.28336987,-2.7509875,87.82672,3889.96630859375,0.5549907578558226
tensor(7701),"tensor(1299., dtype=torch.float64)",tensor(9),1,0,0,0,0,0.99058455,0.0010175951,0.02457438,0.0012631029,0.020870665,1,0,0,0,0,1.0,0.0,0,0.011428237,0.024574399,0.057554252,-5.1495295,196.94135,2972.921875,0.2807301293900185
tensor(7725),"tensor(16393., dtype=torch.float64)",tensor(9),0,0,0,1,0,0.045078352,0.029607179,0.052539285,0.99688345,0.45335945,0,0,0,1,0,1.0,0.0,0,0.11674023,0.45335948,0.24658942,-3.0780356,43.710243,43.710243225097656,0.4191312384473198
tensor(7753),"tensor(16513., dtype=torch.float64)",tensor(9),0,1,0,0,0,0.18540365,0.889699,0.14213103,0.3018781,0.20737852,0,1,0,0,0,1.0,0.0,0,0.18941844,0.3018781,0.47167128,-1.5089401,31.44401,31.44400978088379,0.6954713493530498
tensor(7767),"tensor(17183., dtype=torch.float64)",tensor(9),0,0,1,1,1,0.0016000423,0.9348044,0.82494694,0.7680694,0.94169575,0,1,1,1,1,0.8571428571428571,0.1428571428571429,1,0.1064167,0.23193061,0.29612255,-2.9257493,35.5428,35.54280090332031,0.41890018484288355
tensor(7771),"tensor(14938., dtype=torch.float64)",tensor(9),1,0,0,0,0,0.9811941,0.013023708,0.03221061,0.044084653,0.0035163956,1,0,0,0,0,1.0,0.0,0,0.022328198,0.04408467,0.10185347,-4.0817094,217.85672,3724.21826171875,0.3521256931608133
tensor(7821),"tensor(18347., dtype=torch.float64)",tensor(9),0,0,1,0,1,0.0034067575,0.038959883,0.99440235,0.12134035,0.9738003,0,0,1,0,1,1.0,0.0,0,0.039100826,0.121340334,0.14257011,-3.9318242,74.13762,74.13761901855469,0.30452865064695006
tensor(7829),"tensor(11445., dtype=torch.float64)",tensor(9),0,1,0,1,0,0.0022601504,0.77189493,0.8040371,0.98500144,0.16538265,0,0,1,1,0,0.5,0.5,1,0.121341884,0.22810507,0.3148247,-2.9048448,35.552277,35.552276611328125,0.4540203327171904
tensor(7839),"tensor(10550., dtype=torch.float64)",tensor(9),1,0,0,0,0,0.99344784,0.0055556963,0.0023131655,0.021905825,0.006142742,1,0,0,0,0,1.0,0.0,0,0.0084939,0.02190584,0.046597313,-5.032148,292.23746,3240.64306640625,0.2975970425138632
tensor(7855),"tensor(16859., dtype=torch.float64)",tensor(9),1,0,0,0,0,0.8932474,0.14621408,0.013784385,0.044997934,0.20399472,1,0,0,0,0,1.0,0.0,0,0.10314876,0.20399475,0.30358133,-2.5151813,69.52792,3578.67626953125,0.5314232902033271
tensor(7871),"tensor(10463., dtype=torch.float64)",tensor(9),1,0,0,0,0,0.9992841,9.770375e-05,0.00037034476,0.07291747,3.8776936e-05,1,0,0,0,0,1.0,0.0,0,0.014828026,0.07291746,0.05435002,-7.415164,888.2087,3505.31201171875,0.3156192236598891
tensor(7879),"tensor(20610., dtype=torch.float64)",tensor(9),1,0,0,0,0,0.9293289,0.00029777188,0.023056509,0.042525396,0.51479644,1,0,0,0,0,1.0,0.0,0,0.124350905,0.48520356,0.24727836,-3.5230389,110.6437,2981.439453125,0.4863678373382625
tensor(7937),"tensor(2359., dtype=torch.float64)",tensor(9),1,0,0,0,0,0.17920128,0.82797265,0.24136107,0.17710344,0.06815728,0,1,0,0,0,0.0,1.0,1,0.16757011,0.24136108,0.4395458,-1.677954,33.195007,33.19500732421875,0.6619685767097967
tensor(7941),"tensor(7244., dtype=torch.float64)",tensor(9),1,0,0,0,0,0.9998925,3.7136808e-05,4.2068474e-05,0.00046270152,4.628263e-05,1,0,0,0,0,1.0,0.0,0,0.00013923645,0.00046271086,0.0012991142,-9.414718,1038.3188,2841.544189453125,0.2534658040665434
tensor(7945),"tensor(6212., dtype=torch.float64)",tensor(9),0,0,1,1,1,0.023949558,0.20067687,0.97877,0.023612352,0.35242942,0,0,1,0,0,0.5,0.5,1,0.124379635,0.3524294,0.2955767,-2.650197,74.434204,231.8765106201172,0.547365988909427
tensor(7953),"tensor(4939., dtype=torch.float64)",tensor(9),0,1,1,0,0,0.012063032,0.996086,0.04253862,0.17483512,0.17938142,0,1,0,0,0,0.6666666666666666,0.33333333333333337,1,0.08254641,0.17938143,0.24014735,-3.2261786,40.272507,40.27250671386719,0.36021256931608137
tensor(8007),"tensor(632., dtype=torch.float64)",tensor(9),0,0,1,1,0,0.02023377,0.85113406,0.42757466,0.93728584,0.6316423,0,1,0,1,0,0.5,0.5,1,0.20554924,0.42757463,0.41895014,-1.8317816,22.079979,22.079978942871094,0.6501848428835489
tensor(8017),"tensor(1683., dtype=torch.float64)",tensor(9),0,0,0,0,1,0.5778719,0.039652657,0.26602814,0.069397,0.80015904,1,0,0,0,0,0.0,1.0,1,0.19940937,0.42212808,0.43586692,-1.6998653,49.916325,3566.08642578125,0.7363678373382625
tensor(8063),"tensor(9540., dtype=torch.float64)",tensor(9),0,0,0,1,0,0.039321322,0.95816064,0.014393033,0.8893763,0.50157523,0,1,0,1,0,0.6666666666666666,0.33333333333333337,1,0.14092046,0.49842477,0.29116338,-2.52885,47.870274,47.87027359008789,0.5328096118299445
tensor(8081),"tensor(512., dtype=torch.float64)",tensor(9),0,1,1,1,1,0.0018995156,0.97589487,0.8360935,0.26005343,0.6353541,0,1,1,0,0,0.6666666666666666,0.33333333333333337,1,0.16292208,0.3646459,0.36053213,-2.6391156,43.123367,43.12336730957031,0.5732439926062846
tensor(8111),"tensor(9221., dtype=torch.float64)",tensor(9),1,0,0,1,0,0.86278176,0.012169689,0.021670613,0.5046389,0.18876566,1,0,0,0,0,0.6666666666666666,0.33333333333333337,1,0.17103708,0.4953611,0.34952688,-2.3043294,76.26703,3724.14892578125,0.658271719038817
tensor(8159),"tensor(14818., dtype=torch.float64)",tensor(9),0,0,0,0,1,0.998162,0.00044952708,0.0013207468,0.019163514,0.00061108865,1,0,0,0,0,0.0,1.0,1,0.00467664,0.01916349,0.025460536,-6.393468,504.21835,3220.18212890625,0.28373382624768945
tensor(8171),"tensor(19447., dtype=torch.float64)",tensor(9),0,0,1,0,0,0.44524556,0.017930951,0.78451127,0.31651518,0.269988,0,0,1,0,0,1.0,0.0,0,0.2530337,0.44524556,0.5011226,-1.4559402,70.0618,216.04029846191406,0.8250924214417745
tensor(8177),"tensor(10035., dtype=torch.float64)",tensor(9),0,0,0,0,1,0.3396422,0.20654689,0.8297409,0.21253227,0.045076177,0,0,1,0,0,0.0,1.0,1,0.19481134,0.33964217,0.46149725,-1.5915108,73.52328,322.1729736328125,0.7818853974121995
tensor(8181),"tensor(16043., dtype=torch.float64)",tensor(9),1,0,0,1,0,0.99760675,0.00057847926,0.002118631,0.07267821,0.00019348011,1,0,0,0,0,0.6666666666666666,0.33333333333333337,1,0.015592396,0.07267821,0.059849095,-6.147706,585.7163,3547.81494140625,0.3227818853974122
tensor(8225),"tensor(13741., dtype=torch.float64)",tensor(9),0,1,0,1,0,0.078255735,0.76584184,0.13775879,0.9277225,0.46743563,0,0,0,1,0,0.6666666666666666,0.33333333333333337,1,0.19797719,0.4674356,0.43402594,-1.6335914,16.545246,16.545246124267578,0.6571164510166358
tensor(8233),"tensor(14717., dtype=torch.float64)",tensor(9),0,0,0,1,0,0.06569219,0.9850256,0.04468611,0.034009166,0.038403966,0,1,0,0,0,0.0,1.0,1,0.039553165,0.06569219,0.16278775,-3.2940972,45.441185,45.441184997558594,0.29574861367837335
tensor(8235),"tensor(3500., dtype=torch.float64)",tensor(9),1,0,0,0,0,0.9981292,0.00024052453,0.0005613669,0.014192966,0.0040974785,1,0,0,0,0,1.0,0.0,0,0.0041926503,0.014192939,0.024345098,-6.3661013,419.75146,2874.8671875,0.2768022181146026
tensor(8243),"tensor(16762., dtype=torch.float64)",tensor(9),1,0,0,0,0,0.20799027,0.02480733,0.9382692,0.12806036,0.041327182,0,0,1,0,0,0.0,1.0,1,0.09278315,0.20799029,0.2828015,-2.5584161,136.51053,256.18603515625,0.55452865064695
tensor(8251),"tensor(12459., dtype=torch.float64)",tensor(9),0,0,0,1,1,0.98956376,0.0013061234,0.005580621,0.11487622,0.009947413,1,0,0,0,0,0.0,1.0,1,0.02842933,0.11487621,0.102969065,-4.6033072,278.64514,3358.8984375,0.3574399260628466
tensor(8255),"tensor(11256., dtype=torch.float64)",tensor(9),1,0,0,0,0,0.9128854,0.034300216,0.24353549,0.062336072,0.019031044,1,0,0,0,0,1.0,0.0,0,0.08926344,0.24353552,0.26558182,-2.69476,114.94477,3991.32177734375,0.5138632162661738
tensor(8257),"tensor(8500., dtype=torch.float64)",tensor(9),0,1,0,0,0,0.10018298,0.01767718,0.97492504,0.006327147,0.1470675,0,0,1,0,0,0.0,1.0,1,0.05926597,0.14706749,0.19749027,-3.3375351,167.14261,186.41278076171875,0.4357670979667283
tensor(8323),"tensor(3061., dtype=torch.float64)",tensor(9),0,0,1,1,0,0.0036332167,0.79381305,0.8310935,0.9571668,0.1506065,0,0,1,1,0,1.0,0.0,0,0.11443329,0.20618695,0.3175302,-2.6783953,35.7142,35.71419906616211,0.46857670979667276
tensor(8337),"tensor(7254., dtype=torch.float64)",tensor(9),0,0,0,1,1,0.013817432,0.038357858,0.008918802,0.9990245,0.7815001,0,0,0,1,0,0.6666666666666666,0.33333333333333337,1,0.05611384,0.2184999,0.1638575,-4.0812526,86.20137,86.20137023925781,0.33109981515711645
tensor(8357),"tensor(384., dtype=torch.float64)",tensor(9),0,0,1,0,0,0.027312359,0.11367382,0.9785023,0.13076894,0.67762065,0,0,1,0,0,1.0,0.0,0,0.12312639,0.32237935,0.31994152,-2.4163175,33.07144,220.23556518554688,0.4983826247689464
tensor(8393),"tensor(21692., dtype=torch.float64)",tensor(9),0,0,0,0,1,0.34482917,0.086895,0.7919935,0.18851492,0.4123809,0,0,1,0,0,0.0,1.0,1,0.24812531,0.41238093,0.5225121,-1.2289602,36.163567,222.7503662109375,0.7617837338262476
tensor(8425),"tensor(12891., dtype=torch.float64)",tensor(9),0,1,0,0,0,0.118158035,0.88365,0.31723234,0.036762048,0.058430716,0,1,0,0,0,1.0,0.0,0,0.1293866,0.31723237,0.34554693,-2.1699016,34.18456,34.1845588684082,0.5459796672828096
tensor(8427),"tensor(2515., dtype=torch.float64)",tensor(9),1,0,0,0,0,0.9623763,0.004995935,0.10630521,0.016836049,0.040568683,1,0,0,0,0,1.0,0.0,0,0.041265965,0.10630524,0.15713958,-3.5791085,160.6705,3482.347900390625,0.3851663585951941
tensor(8439),"tensor(5534., dtype=torch.float64)",tensor(9),1,0,0,1,0,0.7038745,0.054756116,0.12484932,0.6641574,0.33058354,1,0,0,1,0,1.0,0.0,0,0.2284314,0.3358426,0.4938282,-1.4098165,33.008102,33.00810241699219,0.7356746765249538
tensor(8441),"tensor(9819., dtype=torch.float64)",tensor(9),1,0,0,0,0,0.99920505,0.00046697023,0.0001634778,0.017452091,0.00015899405,1,0,0,0,0,1.0,0.0,0,0.0038072467,0.01745212,0.02032101,-7.2602005,735.9297,3216.4638671875,0.2798059149722736
tensor(8467),"tensor(5966., dtype=torch.float64)",tensor(9),1,0,0,0,0,0.9911929,0.0002632664,0.00046169915,0.29253644,0.004663673,1,0,0,0,0,1.0,0.0,0,0.06134641,0.29253644,0.13819607,-5.378389,414.47772,3218.9267578125,0.3914048059149723
tensor(8483),"tensor(4970., dtype=torch.float64)",tensor(9),1,0,0,1,0,0.63789755,0.09600854,0.012019258,0.8893544,0.0108838165,1,0,0,1,0,1.0,0.0,0,0.11833191,0.36210245,0.28876314,-2.762297,87.17064,87.17063903808594,0.536275415896488
tensor(8525),"tensor(2407., dtype=torch.float64)",tensor(9),0,0,1,0,0,0.025885943,0.71127886,0.899955,0.23146586,0.22080435,0,0,1,0,0,1.0,0.0,0,0.17338449,0.28872114,0.42305738,-1.8374388,49.991333,332.097900390625,0.7026340110905731
tensor(8543),"tensor(2284., dtype=torch.float64)",tensor(9),0,0,0,0,0,2.9594381e-05,0.00081218436,8.384791e-07,0.0012337986,9.706033e-10,0,0,0,0,0,1.0,0.0,0,0.00041520596,0.0012338161,0.0032877126,-11.796814,1540.6016,1540.6015625,0.2546210720887246
tensor(8551),"tensor(4265., dtype=torch.float64)",tensor(9),0,1,0,1,1,0.009632537,0.44778135,0.17069101,0.99667263,0.46563855,0,0,0,1,0,0.5,0.5,1,0.21941411,0.46563852,0.38241205,-2.4526458,15.169976,15.169976234436035,0.5866451016635859
tensor(8563),"tensor(7919., dtype=torch.float64)",tensor(9),1,0,0,0,0,0.8614307,0.51741874,0.030524204,0.024889793,0.016980868,1,0,0,0,0,1.0,0.0,0,0.13870907,0.48258126,0.28680095,-2.6163595,87.82395,3998.629150390625,0.5711645101663585
tensor(8565),"tensor(6422., dtype=torch.float64)",tensor(9),1,0,0,0,0,0.95935655,0.085579835,0.0023008971,0.14677715,0.011019321,1,0,0,0,0,1.0,0.0,0,0.05726415,0.14677715,0.19123223,-3.5719097,160.88896,3653.60009765625,0.4128927911275416
tensor(8581),"tensor(385., dtype=torch.float64)",tensor(9),0,0,0,1,0,0.0069476175,0.7748009,0.5494028,0.9851158,0.50738186,0,0,0,1,0,1.0,0.0,0,0.23804927,0.49261814,0.40671045,-2.12365,18.282251,18.282251358032227,0.6365526802218114
tensor(8583),"tensor(5915., dtype=torch.float64)",tensor(9),1,0,0,0,0,0.99124956,0.0031328218,0.004470211,0.028569324,0.014775499,1,0,0,0,0,1.0,0.0,0,0.011939645,0.02856934,0.06133772,-4.724943,260.02216,3205.253662109375,0.3153881700554529
tensor(8603),"tensor(11296., dtype=torch.float64)",tensor(9),1,0,0,0,0,0.9919602,0.0044690715,0.0025741337,0.04305338,0.010269586,1,0,0,0,0,1.0,0.0,0,0.013681233,0.04305339,0.06562198,-4.7701197,270.89532,3262.94482421875,0.32208872458410354
tensor(8627),"tensor(5404., dtype=torch.float64)",tensor(9),1,0,0,0,0,0.93946373,0.10995542,0.079061575,0.042125504,0.018460853,1,0,0,0,0,1.0,0.0,0,0.06202793,0.10995543,0.22359248,-2.8771925,99.71297,3925.455078125,0.4420055452865065
tensor(8683),"tensor(3922., dtype=torch.float64)",tensor(9),0,1,0,0,0,0.025813034,0.9367785,0.4865594,0.13324393,0.05311691,0,1,0,0,0,1.0,0.0,0,0.15239096,0.4865594,0.3296997,-2.2267115,37.393066,37.39306640625,0.5635397412199631
tensor(8689),"tensor(8609., dtype=torch.float64)",tensor(9),1,0,0,0,0,0.99957246,9.951697e-06,0.00033886265,0.0005187854,0.003199047,1,0,0,0,0,1.0,0.0,0,0.00089883804,0.003199041,0.0065859617,-8.113902,603.8634,2416.55126953125,0.25693160813308685
tensor(8739),"tensor(2030., dtype=torch.float64)",tensor(9),1,0,0,0,0,0.93323743,0.0118459575,0.108556874,0.18586822,0.031885296,1,0,0,0,0,1.0,0.0,0,0.08098376,0.1858682,0.25488073,-2.8114452,108.13327,3863.560546875,0.4833641404805915
tensor(8757),"tensor(18426., dtype=torch.float64)",tensor(9),1,0,0,0,0,0.6439475,0.0072440812,0.20859398,0.37650692,0.6926594,1,0,0,0,0,1.0,0.0,0,0.25114763,0.37650692,0.49707976,-1.6326487,73.27678,3672.767822265625,0.8193160813308688
tensor(8761),"tensor(18223., dtype=torch.float64)",tensor(9),0,1,0,0,0,0.07752395,0.9635247,0.037133303,0.56709975,0.39748645,0,1,0,0,0,1.0,0.0,0,0.19630384,0.43290025,0.3888149,-1.9383633,34.837036,34.8370361328125,0.6548059149722736
tensor(8763),"tensor(18245., dtype=torch.float64)",tensor(9),0,0,1,0,0,0.021643959,0.2895372,0.85783726,0.95890933,0.35993445,0,0,1,1,0,0.6666666666666666,0.33333333333333337,1,0.17087382,0.35993445,0.38795045,-2.0463777,24.204496,24.204496383666992,0.5995841035120149
tensor(8767),"tensor(6690., dtype=torch.float64)",tensor(9),1,0,0,0,0,0.74389285,0.48995674,0.17159405,0.07995758,0.14966308,1,0,0,0,0,1.0,0.0,0,0.22945565,0.48995674,0.48421717,-1.3722042,38.09166,4205.2509765625,0.7525415896487985
tensor(8779),"tensor(17952., dtype=torch.float64)",tensor(9),0,0,1,0,0,0.086120024,0.16411936,0.9568588,0.010985358,0.026914757,0,0,1,0,0,1.0,0.0,0,0.066256166,0.16411936,0.22040752,-3.0353937,148.63278,293.9188232421875,0.46349353049907577
tensor(8789),"tensor(20786., dtype=torch.float64)",tensor(9),1,0,0,0,0,0.94786745,0.007427873,0.01975028,0.08348887,0.22559579,1,0,0,0,0,1.0,0.0,0,0.07767904,0.22559577,0.23334734,-3.065867,132.94409,3361.5859375,0.46811460258780035
tensor(8809),"tensor(14680., dtype=torch.float64)",tensor(9),1,0,0,0,0,0.97824746,0.030986952,0.0057643442,0.10714085,0.005527461,1,0,0,0,0,1.0,0.0,0,0.034234405,0.10714084,0.13062967,-3.9423587,195.36041,3701.228515625,0.3673752310536044
tensor(8863),"tensor(9899., dtype=torch.float64)",tensor(9),0,0,0,1,0,0.007995635,0.24544962,0.27902174,0.99716955,0.47769544,0,0,0,1,0,1.0,0.0,0,0.20259857,0.47769547,0.3814933,-2.5693908,19.102573,19.10257339477539,0.5683918669131238
tensor(8887),"tensor(18703., dtype=torch.float64)",tensor(9),0,1,0,0,0,0.10979282,0.557791,0.84985185,0.16880926,0.056036912,0,0,1,0,0,0.0,1.0,1,0.18539923,0.442209,0.42508286,-1.6953332,64.22255,341.3229675292969,0.7426062846580407
tensor(8907),"tensor(11141., dtype=torch.float64)",tensor(9),0,0,0,1,1,0.016822712,0.66791695,0.51098657,0.98007125,0.31051555,0,0,0,1,0,0.6666666666666666,0.33333333333333337,1,0.23367274,0.48901343,0.42624512,-1.9007925,13.834894,13.834894180297852,0.6580406654343807
tensor(8931),"tensor(7018., dtype=torch.float64)",tensor(9),1,0,0,0,0,0.12495838,0.14700025,0.9071767,0.5870925,0.3493164,0,0,1,0,0,0.0,1.0,1,0.22540116,0.41290748,0.4856206,-1.3916519,43.89081,296.1587829589844,0.7682532347504621
tensor(8935),"tensor(12835., dtype=torch.float64)",tensor(9),1,0,0,0,0,0.9626002,0.06545451,0.0018651666,0.19682702,0.002221507,1,0,0,0,0,1.0,0.0,0,0.060753644,0.19682705,0.18533167,-3.9405613,227.65979,3779.9501953125,0.42051756007393715
tensor(8967),"tensor(21654., dtype=torch.float64)",tensor(9),0,0,0,0,0,0.046529654,0.07556702,0.038846526,0.43709058,0.0014221037,0,0,0,0,0,1.0,0.0,0,0.11989117,0.43709058,0.26323795,-3.1079736,122.308716,122.3087158203125,0.5242606284658041
tensor(8977),"tensor(7062., dtype=torch.float64)",tensor(9),0,1,0,0,0,0.99480104,0.076572835,0.0011110875,0.00025084478,6.292831e-05,1,0,0,0,0,0.0,1.0,1,0.016639352,0.076572835,0.06290342,-6.501822,659.4294,3579.41650390625,0.32832717190388166
tensor(9007),"tensor(11412., dtype=torch.float64)",tensor(9),1,0,0,0,0,0.998659,0.0002516581,0.00048931275,0.060476054,0.0002771367,1,0,0,0,0,1.0,0.0,0,0.012567043,0.060476065,0.04951771,-6.691214,654.67224,3312.112060546875,0.3107670979667283
tensor(9011),"tensor(1688., dtype=torch.float64)",tensor(9),1,0,0,0,0,0.4451476,0.41398478,0.13079962,0.832148,0.062986426,0,0,0,1,0,0.0,1.0,1,0.2441541,0.44514763,0.48817363,-1.3524853,24.770634,24.770633697509766,0.7225046210720888
tensor(9043),"tensor(21546., dtype=torch.float64)",tensor(9),1,0,0,0,0,0.989627,0.031273253,0.01928312,0.0027542256,0.00013100806,1,0,0,0,0,1.0,0.0,0,0.012762904,0.031273246,0.06247456,-5.3504767,464.17578,3874.307373046875,0.3269408502772643
tensor(9073),"tensor(15003., dtype=torch.float64)",tensor(9),1,0,0,0,0,0.7898792,0.056522865,0.10543664,0.5558348,0.18357144,1,0,0,0,0,1.0,0.0,0,0.19996339,0.44416523,0.44638792,-1.5987918,36.484726,4076.912841796875,0.7095656192236599
tensor(9081),"tensor(19253., dtype=torch.float64)",tensor(9),0,0,0,1,0,0.0019304618,0.52240884,0.55908966,0.99482524,0.8867272,0,0,0,1,1,0.6666666666666666,0.33333333333333337,1,0.20777589,0.47759116,0.3555978,-2.7783494,36.388313,36.38831329345703,0.5743992606284658
tensor(9085),"tensor(6911., dtype=torch.float64)",tensor(9),1,0,1,1,0,0.2809077,0.084038466,0.2003623,0.9394206,0.3044261,0,0,0,1,0,0.5,0.5,1,0.18606281,0.30442607,0.44527262,-1.6560627,15.706439,15.706439018249512,0.6518022181146026
tensor(9127),"tensor(6277., dtype=torch.float64)",tensor(9),1,0,0,0,0,0.9952632,0.0006654397,0.004422292,0.0047490294,0.016408011,1,0,0,0,0,1.0,0.0,0,0.00619632,0.016408026,0.035570253,-5.503441,239.10532,2883.189453125,0.27241219963031427
tensor(9155),"tensor(15982., dtype=torch.float64)",tensor(9),1,0,0,0,0,0.9913981,0.00066413963,0.0051994165,0.020241335,0.036893416,1,0,0,0,0,1.0,0.0,0,0.014320016,0.036893427,0.06888936,-4.891838,198.96283,2996.026123046875,0.30175600739371533
tensor(9197),"tensor(19232., dtype=torch.float64)",tensor(9),1,0,0,0,0,0.99871075,0.00039248308,0.001965955,0.00026404546,0.0008071282,1,0,0,0,0,1.0,0.0,0,0.00094383955,0.00196594,0.0073094917,-7.217028,537.3148,2869.72265625,0.2603974121996303
tensor(9225),"tensor(21500., dtype=torch.float64)",tensor(9),1,0,0,0,0,0.952022,0.017798362,0.066955455,0.05697289,0.07024095,1,0,0,0,0,1.0,0.0,0,0.051989198,0.070240974,0.20007387,-3.0044951,107.94005,3639.113525390625,0.41728280961182995
tensor(9417),"tensor(10093., dtype=torch.float64)",tensor(9),1,0,0,0,0,0.9190036,0.07003352,0.022206757,0.09330159,0.21855779,1,0,0,0,0,1.0,0.0,0,0.097019196,0.21855778,0.2953233,-2.469605,80.14712,3603.19921875,0.5339648798521257
tensor(9431),"tensor(20520., dtype=torch.float64)",tensor(9),1,0,0,0,0,0.35174212,0.0022629502,0.7658375,0.019499386,0.8123523,0,0,1,0,0,0.0,1.0,1,0.15906298,0.35174215,0.35753965,-2.6536427,84.505005,84.5050048828125,0.6293900184842884
tensor(9459),"tensor(9206., dtype=torch.float64)",tensor(9),1,0,0,0,0,0.9348707,0.2899254,0.017620042,0.016107883,0.009735052,1,0,0,0,0,1.0,0.0,0,0.07970351,0.2899254,0.21376464,-3.2630336,123.93232,3827.66015625,0.4450092421441775
tensor(9479),"tensor(16595., dtype=torch.float64)",tensor(9),1,0,0,0,0,0.038612608,0.8250303,0.62131053,0.80262357,0.14501105,0,1,0,1,0,0.0,1.0,1,0.18693191,0.37868947,0.4402617,-1.6875544,27.294771,27.294771194458008,0.666358595194085
tensor(9521),"tensor(19367., dtype=torch.float64)",tensor(9),1,0,0,0,0,0.99931264,0.00012941826,0.00042378716,0.0024010625,0.0006685275,1,0,0,0,0,1.0,0.0,0,0.0008621216,0.002401054,0.0066264733,-7.467856,576.7356,2841.16015625,0.2576247689463956
tensor(9555),"tensor(19999., dtype=torch.float64)",tensor(9),1,0,0,0,0,0.9918995,0.0006478195,0.005683301,0.027087415,0.02217386,1,0,0,0,0,1.0,0.0,0,0.0127385855,0.02708739,0.06367664,-4.936222,219.73787,3075.26904296875,0.30106284658040666
tensor(9615),"tensor(18393., dtype=torch.float64)",tensor(9),0,0,0,0,1,0.16527423,0.110969946,0.8312771,0.33930817,0.80018485,0,0,1,0,0,0.0,1.0,1,0.19681805,0.33930814,0.4782857,-1.4697806,16.623096,239.44631958007812,0.6776802218114603
tensor(9645),"tensor(14816., dtype=torch.float64)",tensor(9),1,0,0,0,0,0.065859236,0.85089844,0.7030242,0.14002681,0.19252725,0,1,1,0,0,0.0,1.0,1,0.1688981,0.2969758,0.4334201,-1.7008505,33.22208,33.22208023071289,0.6575785582255083
tensor(9667),"tensor(15687., dtype=torch.float64)",tensor(9),1,0,0,0,0,0.9990307,0.00017455898,0.0002493742,0.012106795,0.0012232326,1,0,0,0,0,1.0,0.0,0,0.0029446483,0.012106776,0.017319243,-6.9988403,523.6494,2892.10693359375,0.27195009242144175
tensor(9671),"tensor(20833., dtype=torch.float64)",tensor(9),1,0,0,0,0,0.9544533,0.18986809,0.00936699,0.042000555,0.009004854,1,0,0,0,0,1.0,0.0,0,0.05915737,0.18986809,0.18998384,-3.3965065,136.11052,3783.244140625,0.4089648798521257
tensor(9673),"tensor(9402., dtype=torch.float64)",tensor(9),0,0,1,0,0,0.0009054509,0.44266462,0.95841324,0.9883974,0.6402661,0,0,1,1,0,0.6666666666666666,0.33333333333333337,1,0.17129868,0.44266462,0.31665385,-3.079081,49.768143,49.76814270019531,0.5390480591497226
tensor(9677),"tensor(17012., dtype=torch.float64)",tensor(9),1,0,0,0,0,0.9783473,0.0019830964,0.0117991455,0.031043502,0.11651689,1,0,0,0,0,1.0,0.0,0,0.03659904,0.11651689,0.13622357,-3.9852746,143.52386,3110.48583984375,0.3479667282809612
tensor(9699),"tensor(10577., dtype=torch.float64)",tensor(9),0,0,0,1,0,0.25552246,0.23419368,0.045848604,0.95509076,0.1151918,0,0,0,1,0,1.0,0.0,0,0.13913316,0.2555225,0.36783975,-2.0771132,17.620184,17.62018394470215,0.5450554528650647
tensor(9759),"tensor(17113., dtype=torch.float64)",tensor(9),1,0,0,0,0,0.9876116,0.0019490151,0.008055828,0.07554623,0.016641036,1,0,0,0,0,1.0,0.0,0,0.022916138,0.075546205,0.096019596,-4.402768,247.54384,3334.95068359375,0.35050831792975967
tensor(9771),"tensor(10614., dtype=torch.float64)",tensor(9),1,0,0,0,0,0.9974147,0.0008387942,0.00060155813,0.03034799,0.0027324243,1,0,0,0,0,1.0,0.0,0,0.0074211955,0.030348003,0.036926836,-5.9634895,421.20233,3082.275634765625,0.2920517560073937
tensor(9789),"tensor(14683., dtype=torch.float64)",tensor(9),0,0,1,0,0,0.8433922,0.015732635,0.16896963,0.5567699,0.019375907,1,0,0,0,0,0.0,1.0,1,0.16078317,0.4432301,0.35029373,-2.3130033,87.583954,4089.36328125,0.6557301293900184
tensor(9813),"tensor(13317., dtype=torch.float64)",tensor(9),0,0,0,1,1,0.009451282,0.10625736,0.4666092,0.99394256,0.21022122,0,0,0,1,0,0.6666666666666666,0.33333333333333337,1,0.15971929,0.46660924,0.32684383,-2.6678808,26.299316,26.29931640625,0.494916820702403
tensor(9841),"tensor(7877., dtype=torch.float64)",tensor(9),1,0,0,0,0,0.93067515,6.682024e-05,0.061573304,0.024130665,0.41136968,1,0,0,0,0,1.0,0.0,0,0.11329305,0.41136968,0.25498646,-3.7985349,142.73386,3025.78076171875,0.4819778188539741
tensor(9845),"tensor(1152., dtype=torch.float64)",tensor(9),0,0,1,0,0,0.37350988,0.0040745605,0.91123736,0.007609164,0.22425413,0,0,1,0,0,1.0,0.0,0,0.13964212,0.37350988,0.3127784,-2.891349,132.33698,132.33697509765625,0.5956561922365988
tensor(9847),"tensor(4660., dtype=torch.float64)",tensor(9),0,0,1,0,0,0.23641948,0.004275768,0.9399386,0.006424948,0.45205826,0,0,1,0,0,1.0,0.0,0,0.15184796,0.45205826,0.30580434,-2.9213688,124.20748,124.20748138427734,0.5972735674676525
tensor(9879),"tensor(13111., dtype=torch.float64)",tensor(9),0,1,0,0,0,0.02658977,0.9778541,0.3008967,0.16684574,0.08876929,0,1,0,0,0,1.0,0.0,0,0.12104952,0.3008967,0.318222,-2.4335845,28.071095,28.071094512939453,0.48105360443622924
tensor(9895),"tensor(8141., dtype=torch.float64)",tensor(9),0,1,0,1,1,0.014596233,0.2097935,0.04227225,0.9974486,0.7090497,0,0,0,1,0,0.5,0.5,1,0.11203271,0.2909503,0.27715057,-3.1036482,32.04325,32.043251037597656,0.3925600739371534
tensor(9899),"tensor(19456., dtype=torch.float64)",tensor(9),0,0,1,1,0,0.025936285,0.27289063,0.9701029,0.11601393,0.1952913,0,0,1,0,0,0.6666666666666666,0.33333333333333337,1,0.1280058,0.27289063,0.33870566,-2.3064399,70.5284,281.0289611816406,0.6048983364140481
tensor(9913),"tensor(12994., dtype=torch.float64)",tensor(9),0,1,1,0,1,0.00047311574,0.9884039,0.8567886,0.37565097,0.9237806,0,1,1,0,1,1.0,0.0,0,0.12143022,0.375651,0.2818783,-3.3785806,57.963165,57.963165283203125,0.4554066543438077
tensor(9915),"tensor(9979., dtype=torch.float64)",tensor(9),0,1,1,0,0,0.00487465,0.99721634,0.12138674,0.051002625,0.058055513,0,1,0,0,0,0.6666666666666666,0.33333333333333337,1,0.047620595,0.12138677,0.16853838,-3.7778976,51.066277,51.06627655029297,0.29505545286506474
tensor(9955),"tensor(16214., dtype=torch.float64)",tensor(9),1,0,0,0,0,0.97122926,0.00676902,0.0403061,0.013187548,0.082595125,1,0,0,0,0,1.0,0.0,0,0.0343256,0.08259511,0.1390326,-3.6801457,130.29388,3304.02392578125,0.3518946395563771
tensor(9965),"tensor(10897., dtype=torch.float64)",tensor(9),0,1,0,0,0,0.080028266,0.9396287,0.04212154,0.6667329,0.08439102,0,1,0,1,0,0.6666666666666666,0.33333333333333337,1,0.12003583,0.3332671,0.32145768,-2.277734,35.97663,35.97663116455078,0.5177911275415896
tensor(9989),"tensor(3936., dtype=torch.float64)",tensor(9),0,0,0,1,0,0.032811653,0.9804606,0.19776055,0.24916092,0.35926914,0,1,0,0,0,0.0,1.0,1,0.17170829,0.35926914,0.39046302,-2.0762362,26.014511,26.014511108398438,0.6018946395563771
tensor(10003),"tensor(5760., dtype=torch.float64)",tensor(9),0,0,0,1,0,0.012791764,0.50388795,0.45161113,0.99020046,0.37169805,0,0,0,1,0,1.0,0.0,0,0.26840246,0.49611205,0.43299475,-1.9392617,13.116625,13.11662483215332,0.6675138632162662
tensor(10005),"tensor(4499., dtype=torch.float64)",tensor(9),1,0,0,0,0,0.9999124,6.530072e-05,1.0672605e-05,0.0003160275,6.6450295e-05,1,0,0,0,0,1.0,0.0,0,0.00010919571,0.00031602383,0.0010604578,-9.620946,1038.117,2661.17236328125,0.25184842883548986
tensor(10013),"tensor(17483., dtype=torch.float64)",tensor(9),1,0,0,0,0,0.98524773,0.012197165,0.004440035,0.086484894,0.0106101995,1,0,0,0,0,1.0,0.0,0,0.025696933,0.08648491,0.10486235,-4.180204,213.29297,3497.9931640625,0.3509704251386322
tensor(10025),"tensor(7110., dtype=torch.float64)",tensor(9),0,1,0,0,0,0.7583836,0.20687142,0.1899519,0.10700316,0.41745347,1,0,0,0,0,0.0,1.0,1,0.23257929,0.41745347,0.51370627,-1.2786019,43.32457,3970.969970703125,0.7784195933456561
tensor(10035),"tensor(6230., dtype=torch.float64)",tensor(9),1,0,0,0,0,0.82346624,0.012842723,0.4176576,0.015616165,0.19139507,1,0,0,0,0,1.0,0.0,0,0.16280907,0.4176576,0.35659972,-2.3598275,115.28703,3698.24072265625,0.6820702402957486
tensor(10039),"tensor(21412., dtype=torch.float64)",tensor(9),1,0,0,0,0,0.9703466,0.0059146057,0.01912852,0.077794045,0.06115109,1,0,0,0,0,1.0,0.0,0,0.038728356,0.077794075,0.15357508,-3.5507493,151.35315,3445.77392578125,0.3791589648798521
tensor(10045),"tensor(11479., dtype=torch.float64)",tensor(9),0,0,0,1,1,0.99623305,0.00060289,0.005224662,0.009333254,0.0031545314,1,0,0,0,0,0.0,1.0,1,0.0044164658,0.009333253,0.027350336,-5.732112,320.28528,3126.359130859375,0.2719500924214418
tensor(10057),"tensor(4158., dtype=torch.float64)",tensor(9),0,0,1,0,0,0.03841963,0.11628025,0.9769795,0.038381558,0.3556699,0,0,1,0,0,1.0,0.0,0,0.11435431,0.35566986,0.28911215,-2.5622954,67.63008,219.0281982421875,0.5304990757855823
tensor(10103),"tensor(18832., dtype=torch.float64)",tensor(9),1,0,0,0,0,0.9765821,0.0055989735,0.01996808,0.021266336,0.08022194,1,0,0,0,0,1.0,0.0,0,0.030094743,0.08022195,0.1251653,-3.8144066,142.53836,3248.3759765625,0.34681146025878007
tensor(10111),"tensor(495., dtype=torch.float64)",tensor(9),0,0,1,0,0,0.7765765,0.04684323,0.5331419,0.04737861,0.10995054,1,0,0,0,0,0.0,1.0,1,0.17889082,0.4668581,0.3896808,-1.8967708,81.36575,4046.37548828125,0.7326709796672828
tensor(10125),"tensor(12855., dtype=torch.float64)",tensor(9),1,0,0,0,0,0.9984743,0.001730302,0.0009929282,0.009116286,0.00016152348,1,0,0,0,0,1.0,0.0,0,0.0027053952,0.009116292,0.017096404,-6.634919,627.55005,3385.457275390625,0.27818853974122
tensor(10145),"tensor(1347., dtype=torch.float64)",tensor(9),1,0,0,0,0,0.9977736,3.2203818e-05,0.00086431945,0.008288423,0.018702729,1,0,0,0,0,1.0,0.0,0,0.006022811,0.018702745,0.032814644,-6.4492083,329.9422,2598.78173828125,0.2765711645101664
tensor(10155),"tensor(4993., dtype=torch.float64)",tensor(9),1,0,0,0,0,0.76012206,0.010314544,0.44384772,0.10495891,0.2655672,1,0,0,0,0,1.0,0.0,0,0.21291322,0.44384772,0.44197053,-1.8206546,90.532425,3886.7900390625,0.7964417744916821
tensor(10191),"tensor(11124., dtype=torch.float64)",tensor(9),1,0,0,0,0,0.9994892,1.1547567e-05,0.00055126386,0.0020938504,0.0012770797,1,0,0,0,0,1.0,0.0,0,0.0008889437,0.0020938516,0.0068012783,-7.855878,620.7367,2690.028564453125,0.25993530499075784
tensor(10203),"tensor(17437., dtype=torch.float64)",tensor(9),1,0,0,1,0,0.42749292,0.108094186,0.18571778,0.71463984,0.6878901,0,0,0,1,0,0.6666666666666666,0.33333333333333337,1,0.26375496,0.42749292,0.5447569,-1.1177647,34.01803,34.018028259277344,0.7659426987060999
tensor(10209),"tensor(12421., dtype=torch.float64)",tensor(9),1,0,0,0,0,0.022166748,0.9848156,0.0987061,0.51594424,0.099375255,0,1,0,0,0,0.0,1.0,1,0.14389765,0.48405576,0.30471724,-2.48772,29.94286,29.942859649658203,0.49630314232902034
tensor(10217),"tensor(9238., dtype=torch.float64)",tensor(9),1,0,0,0,0,0.98840964,0.0033993411,0.027621387,0.01657014,0.0033891825,1,0,0,0,0,1.0,0.0,0,0.012514114,0.027621388,0.06386168,-4.6910124,283.545,3490.302734375,0.3234750462107209
tensor(10235),"tensor(17371., dtype=torch.float64)",tensor(9),1,0,0,0,0,0.87901694,0.22527274,0.024731882,0.20253593,0.082360074,1,0,0,0,0,1.0,0.0,0,0.13117677,0.22527277,0.36133942,-2.1348393,64.377075,3955.608154296875,0.6326247689463955
tensor(10263),"tensor(18245., dtype=torch.float64)",tensor(9),0,0,1,0,0,0.0139219975,0.2246981,0.97532266,0.77751255,0.30218238,0,0,1,1,0,0.6666666666666666,0.33333333333333337,1,0.15759343,0.30218238,0.37291688,-2.2527602,61.684002,61.68400192260742,0.649260628465804
tensor(10273),"tensor(10471., dtype=torch.float64)",tensor(9),0,1,1,1,0,0.01271293,0.813701,0.26361394,0.9810229,0.66559136,0,0,0,1,0,0.5,0.5,1,0.1632024,0.33440864,0.37140566,-2.297505,19.17673,19.176729202270508,0.5512939001848428
tensor(10277),"tensor(13646., dtype=torch.float64)",tensor(9),1,0,0,0,0,0.68119514,0.0070333714,0.7389908,0.015056837,0.08135745,1,0,1,0,0,0.6666666666666666,0.33333333333333337,1,0.13665235,0.31880486,0.32042828,-2.6709652,156.05307,159.31787109375,0.6323937153419593
tensor(10279),"tensor(21447., dtype=torch.float64)",tensor(9),0,0,0,1,1,0.040613025,0.043279357,0.005905344,0.9984816,0.4410724,0,0,0,1,0,0.6666666666666666,0.33333333333333337,1,0.10647774,0.4410724,0.21637373,-3.6218781,64.01575,64.0157470703125,0.39648798521256934
tensor(10297),"tensor(20406., dtype=torch.float64)",tensor(9),1,0,0,0,0,0.9633111,0.017157745,0.05343014,0.02768479,0.04481412,1,0,0,0,0,1.0,0.0,0,0.03595513,0.05343014,0.15241647,-3.36171,121.562386,3573.573486328125,0.36991682070240295
tensor(10301),"tensor(21606., dtype=torch.float64)",tensor(9),0,1,0,1,0,0.002048862,0.93109345,0.8435192,0.8593306,0.7932962,0,1,1,1,0,0.8,0.19999999999999996,1,0.1149618,0.20670378,0.3230105,-2.726266,40.733696,44.31147003173828,0.48613678373382624
tensor(10305),"tensor(12632., dtype=torch.float64)",tensor(9),0,0,0,1,0,0.8650162,0.12272095,0.013220326,0.44883013,0.03902566,1,0,0,0,0,0.0,1.0,1,0.15175617,0.44883013,0.33822474,-2.309265,70.61636,3985.117431640625,0.6254621072088724
tensor(10313),"tensor(8207., dtype=torch.float64)",tensor(9),0,1,0,1,0,0.024056127,0.94706345,0.018012034,0.9508924,0.5815712,0,1,0,1,0,1.0,0.0,0,0.11250818,0.41842878,0.257272,-2.7756877,41.980705,41.98070526123047,0.4390018484288355
tensor(10331),"tensor(3237., dtype=torch.float64)",tensor(9),0,0,0,1,0,0.010349122,0.7143101,0.7907115,0.9536722,0.5880535,0,0,1,1,0,0.6666666666666666,0.33333333333333337,1,0.1927203,0.41194648,0.40679517,-2.0373163,25.124514,25.124513626098633,0.6268484288354899
tensor(10347),"tensor(18563., dtype=torch.float64)",tensor(9),0,1,0,1,0,0.0060297316,0.9728589,0.14568241,0.76751554,0.016789645,0,1,0,1,0,1.0,0.0,0,0.08562547,0.23248446,0.24083264,-3.1434927,57.15965,57.15964889526367,0.40573012939001846
tensor(10349),"tensor(13867., dtype=torch.float64)",tensor(9),0,0,1,0,1,0.29226393,0.0073905326,0.8966744,0.08017356,0.42295304,0,0,1,0,0,0.6666666666666666,0.33333333333333337,1,0.1812213,0.422953,0.38810968,-2.1392026,88.19477,151.4554443359375,0.722735674676525
tensor(10361),"tensor(9565., dtype=torch.float64)",tensor(9),0,1,0,0,0,0.72001714,0.48070908,0.059851643,0.097539306,0.0090387035,1,0,0,0,0,0.0,1.0,1,0.18542421,0.48070908,0.37661546,-2.1395893,85.967155,4306.19140625,0.7153419593345656
tensor(10375),"tensor(6566., dtype=torch.float64)",tensor(9),1,0,0,0,0,0.2523792,0.06429241,0.6118076,0.19066802,0.88463295,0,0,0,0,1,0.0,1.0,1,0.20217979,0.38819242,0.46325332,-1.5402943,22.835215,22.835214614868164,0.682532347504621
tensor(10395),"tensor(7375., dtype=torch.float64)",tensor(9),0,0,0,1,0,0.012503552,0.026027163,0.045692302,0.99888057,0.5664829,0,0,0,1,0,1.0,0.0,0,0.103771865,0.4335171,0.21329956,-3.618367,60.238808,60.238807678222656,0.3867837338262477
tensor(10413),"tensor(889., dtype=torch.float64)",tensor(9),1,0,0,0,0,0.9982658,0.0001343553,0.0008216454,0.00599423,0.0067442963,1,0,0,0,0,1.0,0.0,0,0.0030857325,0.006744325,0.01956659,-6.4953904,364.0199,2721.286376953125,0.26709796672828096
tensor(10439),"tensor(3789., dtype=torch.float64)",tensor(9),0,0,0,1,0,0.58867633,0.0076856287,0.0068860697,0.9200574,0.47141907,1,0,0,1,0,0.6666666666666666,0.33333333333333337,1,0.19545138,0.4714191,0.34673882,-2.549621,90.8406,90.8405990600586,0.6742144177449169
tensor(10453),"tensor(2058., dtype=torch.float64)",tensor(9),0,1,1,0,0,0.0048730397,0.99082583,0.45788416,0.004382,0.009002582,0,1,0,0,0,0.6666666666666666,0.33333333333333337,1,0.09706324,0.4578842,0.17042123,-4.0594435,123.09725,123.09725189208984,0.40041589648798526
tensor(10483),"tensor(17168., dtype=torch.float64)",tensor(9),1,0,0,0,0,0.9811003,0.0029394052,0.0017930067,0.32869768,0.0049089426,1,0,0,0,0,1.0,0.0,0,0.07144773,0.32869768,0.15823494,-4.424812,249.90718,3508.870361328125,0.40757855822550837
tensor(10491),"tensor(17007., dtype=torch.float64)",tensor(9),1,0,0,0,0,0.9308319,0.0021817966,0.012665343,0.069088876,0.48656026,1,0,0,0,0,1.0,0.0,0,0.12793285,0.48656023,0.255802,-3.1471288,115.84744,3086.96630859375,0.5228743068391867
tensor(10509),"tensor(5450., dtype=torch.float64)",tensor(9),1,0,0,0,0,0.9842769,0.0046353247,0.017409664,0.018320648,0.030909052,1,0,0,0,0,1.0,0.0,0,0.01739961,0.030909061,0.085504495,-4.193178,181.49477,3287.270263671875,0.32809611829944546
tensor(10529),"tensor(3175., dtype=torch.float64)",tensor(9),0,1,1,1,1,0.0010832452,0.929993,0.8819153,0.9263484,0.6529772,0,1,1,1,0,0.8571428571428571,0.1428571428571429,1,0.12196982,0.34702277,0.30675906,-2.917608,40.917374,40.91737365722656,0.46926987060998154
tensor(10535),"tensor(5145., dtype=torch.float64)",tensor(9),1,0,0,0,0,0.89538425,0.3581382,0.03508065,0.05279537,0.020839436,1,0,0,0,0,1.0,0.0,0,0.11429387,0.3581382,0.28947657,-2.5563498,80.513336,4016.51904296875,0.5443622920517561
tensor(10549),"tensor(1218., dtype=torch.float64)",tensor(9),1,0,0,0,0,0.898505,0.028205391,0.29933414,0.01958797,0.030729797,1,0,0,0,0,1.0,0.0,0,0.095870495,0.29933417,0.26016065,-2.7870383,114.84494,3873.044189453125,0.5087800369685767
tensor(10575),"tensor(19785., dtype=torch.float64)",tensor(9),0,0,1,0,0,0.63639176,0.024866749,0.7635511,0.0018165073,0.1171631,1,0,1,0,0,0.6666666666666666,0.33333333333333337,1,0.14878064,0.36360824,0.3386698,-2.7459245,154.42123,154.42123413085938,0.6481053604436229
tensor(10595),"tensor(16144., dtype=torch.float64)",tensor(9),1,0,0,0,0,0.9887726,0.0013688125,0.0027692795,0.045981966,0.05189681,1,0,0,0,0,1.0,0.0,0,0.022648811,0.05189681,0.09632181,-4.578916,205.04178,3046.333984375,0.33248613678373384
tensor(10605),"tensor(11139., dtype=torch.float64)",tensor(9),0,0,0,0,0,0.0038889258,0.94940454,0.3005522,0.9694248,0.17592579,0,1,0,1,0,0.0,1.0,1,0.11230755,0.3005522,0.28779095,-2.864616,26.247192,26.2471923828125,0.4008780036968577
tensor(10609),"tensor(2817., dtype=torch.float64)",tensor(9),0,1,1,0,1,0.022508167,0.9517307,0.5363271,0.03833433,0.40761098,0,1,0,0,0,0.5,0.5,1,0.19607913,0.46367288,0.366026,-2.0988672,31.745985,31.74598503112793,0.6162199630314232
tensor(10621),"tensor(524., dtype=torch.float64)",tensor(9),1,0,0,0,0,0.4245068,0.012731696,0.81077003,0.020589441,0.37840354,0,0,1,0,0,0.0,1.0,1,0.20509231,0.42450678,0.39972362,-2.0937343,99.1505,136.378662109375,0.7590110905730129
tensor(10627),"tensor(14290., dtype=torch.float64)",tensor(9),1,0,0,0,0,0.9812422,0.002330394,0.049320813,0.016799172,0.015151939,1,0,0,0,0,1.0,0.0,0,0.02047205,0.049320817,0.09399047,-4.243853,199.46155,3407.0380859375,0.33733826247689463
tensor(10641),"tensor(20211., dtype=torch.float64)",tensor(9),1,0,0,0,0,0.99322057,0.0050453236,0.001703345,0.07209251,0.0033286547,1,0,0,0,0,1.0,0.0,0,0.01778984,0.07209253,0.07324473,-4.980318,333.13416,3393.709228515625,0.33618299445471345
tensor(10643),"tensor(5972., dtype=torch.float64)",tensor(9),0,0,1,0,0,0.9779443,0.010763087,0.109986395,0.001634205,0.00089931535,1,0,0,0,0,0.0,1.0,1,0.029067695,0.109986424,0.10624536,-4.766303,361.1953,3701.48388671875,0.36529574861367836
tensor(10653),"tensor(924., dtype=torch.float64)",tensor(9),1,0,0,0,0,0.9500004,0.001176632,0.06992875,0.012606399,0.32472545,1,0,0,0,0,1.0,0.0,0,0.09168738,0.32472545,0.23182452,-3.4738317,83.045685,3104.446533203125,0.416358595194085
tensor(10695),"tensor(17440., dtype=torch.float64)",tensor(9),0,0,0,1,1,0.6785629,0.28613976,0.023017429,0.4913447,0.47505933,1,0,0,0,0,0.0,1.0,1,0.31939965,0.4913447,0.5442135,-1.1088139,44.331722,3892.90869140625,0.8066081330868762
tensor(10711),"tensor(6815., dtype=torch.float64)",tensor(9),1,0,0,0,0,0.72765917,0.015711473,0.38325644,0.03292673,0.60164773,1,0,0,0,0,1.0,0.0,0,0.22051752,0.39835227,0.42983255,-1.877676,91.51295,3608.944091796875,0.79228280961183
tensor(10749),"tensor(1203., dtype=torch.float64)",tensor(9),1,0,0,0,0,0.99371207,0.006204843,0.0009258001,0.03014723,0.009508454,1,0,0,0,0,1.0,0.0,0,0.010614872,0.030147254,0.0544479,-5.0480027,316.36505,3138.800537109375,0.3066081330868762
tensor(10761),"tensor(20664., dtype=torch.float64)",tensor(9),0,1,0,0,1,0.05000536,0.9718921,0.06403486,0.34563038,0.12834574,0,1,0,0,0,0.6666666666666666,0.33333333333333337,1,0.123224854,0.3456304,0.31849816,-2.344728,27.244839,27.24483871459961,0.4882162661737523
tensor(10763),"tensor(6426., dtype=torch.float64)",tensor(9),0,0,1,0,1,0.05750637,0.3332409,0.9349847,0.061885133,0.69824845,0,0,1,0,0,0.6666666666666666,0.33333333333333337,1,0.16387987,0.33324087,0.38830292,-1.9427335,28.55901,248.39950561523438,0.606746765249538
tensor(10775),"tensor(344., dtype=torch.float64)",tensor(9),0,0,0,1,0,0.14677477,0.47427553,0.011475623,0.9765355,0.07009806,0,0,0,1,0,1.0,0.0,0,0.14521772,0.47427553,0.30733967,-2.526562,33.37228,33.37228012084961,0.5046210720887246
tensor(10783),"tensor(5960., dtype=torch.float64)",tensor(9),1,0,0,0,0,0.8298105,0.009778533,0.5769718,0.012937822,0.03459499,1,0,0,0,0,1.0,0.0,0,0.1301058,0.42302817,0.2823779,-2.8351588,156.23306,3847.91259765625,0.5831792975970425
tensor(10867),"tensor(19906., dtype=torch.float64)",tensor(9),0,1,0,0,0,0.008577246,0.9231406,0.8295462,0.34959903,0.5000905,0,1,1,0,0,0.6666666666666666,0.33333333333333337,1,0.2210797,0.49990952,0.42346755,-1.8878822,39.29375,39.29375076293945,0.7058687615526802
tensor(10873),"tensor(21528., dtype=torch.float64)",tensor(9),0,1,0,0,0,0.038009185,0.1414239,0.97101295,0.15945883,0.5555434,0,0,1,0,0,0.0,1.0,1,0.16246718,0.44445658,0.3652087,-2.0863068,33.850937,235.42648315429688,0.5919593345656192
tensor(10881),"tensor(13043., dtype=torch.float64)",tensor(9),0,1,0,0,0,0.0013559957,0.98242605,0.80063933,0.5330146,0.5970309,0,1,1,0,0,0.6666666666666666,0.33333333333333337,1,0.21764904,0.4669854,0.3926855,-2.5082257,42.768967,42.76896667480469,0.6520332717190389
tensor(10919),"tensor(20855., dtype=torch.float64)",tensor(9),0,1,0,0,0,0.29233631,0.5351767,0.6603033,0.25940254,0.4345273,0,0,0,0,0,0.0,1.0,1,0.35815728,0.4648233,0.638543,-0.60042584,42.21714,42.217140197753906,0.8142329020332716
tensor(10987),"tensor(2017., dtype=torch.float64)",tensor(9),1,0,0,1,0,0.7684995,0.4762676,0.026500333,0.30878708,0.07853961,1,0,0,0,0,0.6666666666666666,0.33333333333333337,1,0.22431904,0.47626758,0.44975525,-1.6333501,57.654922,4139.2666015625,0.7761090573012939
tensor(10995),"tensor(9936., dtype=torch.float64)",tensor(9),0,1,0,1,0,0.00075886346,0.9664049,0.6545805,0.94177324,0.913628,0,1,0,1,1,0.8,0.19999999999999996,1,0.10487449,0.34541953,0.26278457,-3.264709,51.796265,51.7962646484375,0.4228280961182994
tensor(11023),"tensor(9936., dtype=torch.float64)",tensor(9),0,1,1,1,0,0.0039770002,0.95820594,0.53107715,0.93230116,0.38877898,0,1,0,1,0,0.8,0.19999999999999996,1,0.19423437,0.46892285,0.3613228,-2.3710108,29.45253,29.452529907226562,0.5852587800369685
tensor(11045),"tensor(9439., dtype=torch.float64)",tensor(9),0,0,0,1,0,0.010164169,0.5201118,0.33940068,0.99388605,0.3070361,0,0,0,1,0,1.0,0.0,0,0.22852063,0.4798882,0.40873948,-2.2460396,12.946615,12.946615219116211,0.6206099815157116
tensor(11049),"tensor(3685., dtype=torch.float64)",tensor(9),1,0,0,0,0,0.9421422,0.015179559,0.014118246,0.44175154,0.0042172777,1,0,0,0,0,1.0,0.0,0,0.1066249,0.44175154,0.21748948,-3.3814285,163.45703,3931.974853515625,0.4849815157116451
tensor(11061),"tensor(15571., dtype=torch.float64)",tensor(9),0,1,0,0,1,0.19084759,0.8012855,0.30528644,0.071060136,0.71314186,0,0,0,0,0,0.0,1.0,1,0.21055335,0.3052864,0.4914058,-1.4284638,34.158195,34.15819549560547,0.7296672828096119
tensor(11069),"tensor(9534., dtype=torch.float64)",tensor(9),1,0,0,0,0,0.94059443,0.06864393,0.05176749,0.06611763,0.063732274,1,0,0,0,0,1.0,0.0,0,0.06193334,0.06864393,0.23194544,-2.7225595,82.536995,3787.672607421875,0.44246765249537895
tensor(11079),"tensor(11908., dtype=torch.float64)",tensor(9),1,0,0,0,0,0.98695403,0.037150394,0.0045683593,0.028552946,0.002842838,1,0,0,0,0,1.0,0.0,0,0.01723212,0.037150383,0.08134138,-4.4704447,242.85098,3601.234375,0.33687615526802217
tensor(11133),"tensor(12331., dtype=torch.float64)",tensor(9),0,0,1,0,0,0.021773938,0.20202932,0.95481026,0.25685987,0.9404843,0,0,1,0,1,0.6666666666666666,0.33333333333333337,1,0.117073655,0.2568599,0.31750956,-2.4103677,15.463566,15.463565826416016,0.45586876155268025
tensor(11179),"tensor(15488., dtype=torch.float64)",tensor(9),0,1,0,0,0,0.76410604,0.1821858,0.37644917,0.10981024,0.117335685,1,0,0,0,0,0.0,1.0,1,0.20433503,0.37644917,0.47819847,-1.4584334,49.868034,4233.61328125,0.7675600739371534
tensor(11201),"tensor(20037., dtype=torch.float64)",tensor(9),0,0,1,0,0,0.038718224,0.21450497,0.9651914,0.012741781,0.14264739,0,0,1,0,0,1.0,0.0,0,0.0886842,0.21450496,0.26255673,-2.7951837,107.16644,246.50906372070312,0.49630314232902034
tensor(11225),"tensor(20691., dtype=torch.float64)",tensor(9),1,0,0,0,0,0.9866757,0.053006444,0.0037770602,0.007951268,0.0022203107,1,0,0,0,0,1.0,0.0,0,0.016055882,0.05300647,0.07300618,-4.7393966,255.69345,3502.161376953125,0.32809611829944546
tensor(11235),"tensor(10078., dtype=torch.float64)",tensor(9),0,1,0,1,1,0.17884953,0.55129236,0.58446336,0.66747475,0.67689884,0,0,0,1,0,0.5,0.5,1,0.33974397,0.44870764,0.62029374,-0.70150405,34.0653,34.06529998779297,0.7855822550831794
tensor(11245),"tensor(20464., dtype=torch.float64)",tensor(9),1,0,0,0,0,0.9853666,0.009311513,0.010681633,0.09876728,0.005157709,1,0,0,0,0,1.0,0.0,0,0.027710319,0.09876728,0.10858907,-4.175687,233.32172,3631.610107421875,0.35951940850277264
tensor(11293),"tensor(21175., dtype=torch.float64)",tensor(9),0,1,1,0,0,0.009742898,0.6481145,0.9421321,0.23495547,0.23000827,0,0,1,0,0,0.6666666666666666,0.33333333333333337,1,0.17689198,0.3518855,0.4017929,-2.0821948,60.04119,324.5813293457031,0.6945471349353051
tensor(11303),"tensor(14859., dtype=torch.float64)",tensor(9),0,1,0,1,1,0.013961472,0.98340684,0.03240915,0.8027075,0.090784065,0,1,0,1,0,0.8,0.19999999999999996,1,0.07020807,0.1972925,0.2203918,-3.0886388,41.92731,41.927310943603516,0.3521256931608133
tensor(11331),"tensor(12114., dtype=torch.float64)",tensor(9),1,0,0,0,0,0.9387629,0.0123347,0.003621395,0.0675573,0.40885088,1,0,0,0,0,1.0,0.0,0,0.11072028,0.4088509,0.24890265,-3.144711,151.9177,3087.0712890625,0.5161737523105361
tensor(11333),"tensor(11908., dtype=torch.float64)",tensor(9),1,0,0,0,0,0.9802725,0.024547623,0.02221514,0.0136442585,0.010815347,1,0,0,0,0,1.0,0.0,0,0.018189907,0.024547637,0.090124354,-4.0338464,175.69492,3534.37060546875,0.3347966728280961
tensor(11369),"tensor(15677., dtype=torch.float64)",tensor(9),1,0,0,0,0,0.9919687,4.0153005e-05,0.0017800084,0.19224931,0.0101207,1,0,0,0,0,1.0,0.0,0,0.04244435,0.1922493,0.121252656,-5.457385,390.9411,3124.173828125,0.3678373382624769
tensor(11397),"tensor(14859., dtype=torch.float64)",tensor(9),0,1,0,1,1,0.0038161196,0.9818076,0.17276727,0.78317064,0.02187786,0,1,0,1,0,0.8,0.19999999999999996,1,0.086696625,0.21682936,0.24087003,-3.2407258,55.738644,55.738643646240234,0.3983364140480592
tensor(11405),"tensor(9162., dtype=torch.float64)",tensor(9),0,0,1,0,0,0.4798887,0.069672346,0.7875852,0.050226074,0.16422775,0,0,1,0,0,1.0,0.0,0,0.19528598,0.47988868,0.42161235,-1.7098888,74.244,208.6682891845703,0.7569316081330869
tensor(11433),"tensor(11719., dtype=torch.float64)",tensor(9),1,0,0,1,0,0.7041164,0.013986269,0.007040449,0.9499339,0.031099925,1,0,0,1,0,1.0,0.0,0,0.079615235,0.2958836,0.2120209,-3.2907193,92.77171,92.77171325683594,0.4200554528650647
tensor(11473),"tensor(20855., dtype=torch.float64)",tensor(9),1,0,0,0,0,0.90689427,0.18584038,0.062469266,0.06946798,0.031161496,1,0,0,0,0,1.0,0.0,0,0.08840895,0.18584037,0.28290513,-2.4987876,70.98349,4002.848876953125,0.506007393715342
tensor(11505),"tensor(8637., dtype=torch.float64)",tensor(9),0,0,1,0,1,0.025049543,0.13644211,0.9811887,0.039192375,0.5921438,0,0,1,0,0,0.6666666666666666,0.33333333333333337,1,0.12547034,0.40785623,0.2900708,-2.6066246,51.69749,215.7051544189453,0.517097966728281
tensor(11519),"tensor(16802., dtype=torch.float64)",tensor(9),1,0,0,0,0,0.4951546,0.4963711,0.4612855,0.028250255,0.105736665,0,0,0,0,0,0.0,1.0,1,0.31735963,0.4963711,0.5084964,-1.1724222,42.622177,42.62217712402344,0.7948243992606284
tensor(11527),"tensor(20074., dtype=torch.float64)",tensor(9),0,1,0,1,0,0.01212793,0.92193073,0.0032174033,0.9917719,0.12764727,0,1,0,1,0,1.0,0.0,0,0.045858026,0.12764728,0.15817034,-3.8637478,57.996357,57.99635696411133,0.2950554528650647
tensor(11529),"tensor(15795., dtype=torch.float64)",tensor(9),0,0,0,1,0,0.015778651,0.07024691,0.053317245,0.9984174,0.6070069,0,0,0,1,0,1.0,0.0,0,0.10678369,0.3929931,0.24508448,-3.2949302,40.907303,40.90730285644531,0.3835489833641405
tensor(11541),"tensor(8637., dtype=torch.float64)",tensor(9),0,0,1,0,0,0.03595226,0.13034838,0.9721869,0.009668024,0.06565948,0,0,1,0,0,1.0,0.0,0,0.0538882,0.13034838,0.19313966,-3.2050896,140.58054,257.880126953125,0.4232902033271719
tensor(11671),"tensor(9821., dtype=torch.float64)",tensor(9),0,1,0,0,0,0.988777,0.012193043,0.014540219,0.003768567,0.0047624107,1,0,0,0,0,0.0,1.0,1,0.009297371,0.014540195,0.0516723,-4.8017654,272.48334,3362.185546875,0.3047597042513863
tensor(11685),"tensor(10021., dtype=torch.float64)",tensor(9),0,0,1,0,0,0.37611362,0.5442696,0.6279254,0.07499349,0.033858236,0,0,0,0,0,0.0,1.0,1,0.26255405,0.45573038,0.48513573,-1.4140952,60.177757,60.177757263183594,0.8114602587800369
tensor(11693),"tensor(10172., dtype=torch.float64)",tensor(9),1,0,0,0,0,0.9998031,3.739863e-05,5.5200282e-05,0.0017238936,0.00015221159,1,0,0,0,0,1.0,0.0,0,0.00043308735,0.0017238855,0.0034147515,-8.736534,865.8616,2794.0166015625,0.2548521256931608
tensor(11773),"tensor(19270., dtype=torch.float64)",tensor(9),0,1,0,0,0,0.08151512,0.95473105,0.013695924,0.13398127,0.015129137,0,1,0,0,0,1.0,0.0,0,0.05791807,0.13398129,0.20229404,-3.1579413,52.01044,52.010440826416016,0.3537430683918669
tensor(11783),"tensor(18381., dtype=torch.float64)",tensor(9),1,0,0,0,0,0.99569076,5.646928e-05,0.0072014276,0.0019465291,0.040390227,1,0,0,0,0,1.0,0.0,0,0.010780692,0.040390253,0.050872248,-5.9116764,255.30399,2640.2626953125,0.2814232902033272
tensor(11791),"tensor(3007., dtype=torch.float64)",tensor(9),1,0,0,0,0,0.9997639,4.2298976e-05,0.00017492102,0.00011423268,0.00039063793,1,0,0,0,0,1.0,0.0,0,0.00019168854,0.00039064884,0.0017943142,-8.799403,770.13306,2556.817626953125,0.25207948243992606
tensor(11797),"tensor(13293., dtype=torch.float64)",tensor(9),1,0,0,0,0,0.98744744,0.00023434265,0.024682155,0.008737302,0.039534297,1,0,0,0,0,1.0,0.0,0,0.017148137,0.03953427,0.080387264,-4.8644,173.16418,3026.196044921875,0.3045286506469501
tensor(11823),"tensor(11996., dtype=torch.float64)",tensor(9),0,1,1,1,0,0.032010283,0.73122823,0.6011772,0.89388144,0.76821107,0,0,0,1,0,0.5,0.5,1,0.20750242,0.39882278,0.45519572,-1.6299307,28.21404,28.214040756225586,0.6929297597042513
tensor(11825),"tensor(7918., dtype=torch.float64)",tensor(9),1,0,0,0,0,0.99957293,9.3216666e-05,0.0002585314,0.00042447227,0.0007833753,1,0,0,0,0,1.0,0.0,0,0.00039732456,0.00078338385,0.003439737,-8.042848,610.58936,2619.77197265625,0.253003696857671
tensor(11839),"tensor(15034., dtype=torch.float64)",tensor(9),0,1,0,0,0,0.94911814,0.35212916,0.0014684602,0.010336984,0.0052485797,1,0,0,0,0,0.0,1.0,1,0.084012985,0.35212916,0.19024768,-3.9727929,199.18872,3596.2451171875,0.43414972273567465
tensor(11865),"tensor(20063., dtype=torch.float64)",tensor(9),0,0,0,0,0,0.01830823,0.015471648,0.0025034836,0.17092898,4.506599e-05,0,0,0,0,0,1.0,0.0,0,0.041451454,0.17092896,0.12931542,-5.1418085,325.5445,325.54449462890625,0.36806839186691315
tensor(11871),"tensor(18724., dtype=torch.float64)",tensor(9),0,1,0,0,0,0.9027634,0.18752098,0.010503518,0.013565966,0.19735067,1,0,0,0,0,0.0,1.0,1,0.10123557,0.19735068,0.28567934,-2.7858934,90.288605,3404.75732421875,0.5136321626617375
tensor(11873),"tensor(15280., dtype=torch.float64)",tensor(9),0,0,0,0,1,0.9482058,0.0007585063,0.017358005,0.07349514,0.30147678,1,0,0,0,0,0.0,1.0,1,0.08897656,0.30147678,0.23444808,-3.500272,132.335,3149.118896484375,0.449630314232902
tensor(11879),"tensor(15704., dtype=torch.float64)",tensor(9),0,0,0,0,0,0.018806113,0.03793426,0.0022957113,0.3787472,0.00041746418,0,0,0,0,0,1.0,0.0,0,0.08764017,0.37874722,0.18760699,-4.307599,197.8967,197.89669799804688,0.4209796672828096
tensor(11883),"tensor(15317., dtype=torch.float64)",tensor(9),0,1,1,0,0,0.0005848871,0.97697747,0.8363162,0.80958164,0.8923173,0,1,1,1,1,0.6666666666666666,0.33333333333333337,1,0.09707844,0.19041836,0.27774376,-3.2768989,49.372093,49.372093200683594,0.4147412199630314
tensor(11889),"tensor(19458., dtype=torch.float64)",tensor(9),0,0,0,1,0,0.012366295,0.5332785,0.7811822,0.95716757,0.74677736,0,0,1,1,0,0.6666666666666666,0.33333333333333337,1,0.1987921,0.46672148,0.4051284,-1.9948795,26.936487,26.936487197875977,0.6388632162661737
tensor(11891),"tensor(16321., dtype=torch.float64)",tensor(9),1,0,0,0,0,0.9957343,0.0047747125,0.0011248833,0.034534093,0.0013283469,1,0,0,0,0,1.0,0.0,0,0.00920552,0.034534097,0.045374203,-5.5069227,401.14722,3365.136962890625,0.30291127541589646
tensor(11911),"tensor(12403., dtype=torch.float64)",tensor(9),0,0,0,0,0,0.009063488,0.48457646,0.67846274,0.9874235,0.54854506,0,0,0,1,0,0.0,1.0,1,0.25584173,0.48457646,0.4256608,-2.0121772,18.30362,18.303619384765625,0.661275415896488
tensor(11915),"tensor(12403., dtype=torch.float64)",tensor(9),0,0,0,0,0,0.014289113,0.70534414,0.28165904,0.98445815,0.26912555,0,0,0,1,0,0.0,1.0,1,0.17505425,0.29465586,0.38763982,-2.2381215,12.392063,12.39206314086914,0.5739371534195934
tensor(11921),"tensor(14359., dtype=torch.float64)",tensor(9),1,0,0,0,0,0.9934948,0.004321189,0.0019792572,0.04115675,0.005317882,1,0,0,0,0,1.0,0.0,0,0.01185596,0.04115677,0.057225812,-5.0142517,329.5426,3292.587890625,0.3137707948243993
tensor(11941),"tensor(11811., dtype=torch.float64)",tensor(9),1,0,0,0,0,0.8228759,0.12193229,0.080164544,0.16941011,0.39526534,1,0,0,0,0,1.0,0.0,0,0.18877923,0.39526534,0.4485855,-1.5930744,55.86992,3872.966796875,0.7506931608133087
tensor(11947),"tensor(10077., dtype=torch.float64)",tensor(9),0,0,1,0,1,0.020512363,0.12541927,0.9859925,0.0039750575,0.4325472,0,0,1,0,0,0.6666666666666666,0.33333333333333337,1,0.11929226,0.4325472,0.25225335,-3.1714666,122.62031,202.95089721679688,0.513170055452865
tensor(11949),"tensor(15545., dtype=torch.float64)",tensor(9),0,0,1,0,0,0.83709556,0.21510074,0.32060763,0.020014424,0.020496331,1,0,0,0,0,0.0,1.0,1,0.14782476,0.32060766,0.3580956,-2.2880177,91.9203,4146.75537109375,0.6621996303142329
tensor(11951),"tensor(16130., dtype=torch.float64)",tensor(9),1,0,0,0,0,0.99191284,0.00039684432,0.0018187048,0.041638993,0.045285482,1,0,0,0,0,1.0,0.0,0,0.01944542,0.045285463,0.08426441,-5.0266705,234.96231,2912.52734375,0.32301293900184846
tensor(11959),"tensor(359., dtype=torch.float64)",tensor(9),1,0,0,0,0,0.1204858,0.6676215,0.54294205,0.44672504,0.7898653,0,0,0,0,0,0.0,1.0,1,0.31335634,0.45705795,0.5789584,-0.87910044,28.048586,28.048585891723633,0.7638632162661738
tensor(11963),"tensor(3204., dtype=torch.float64)",tensor(9),0,1,0,1,0,0.014259691,0.4047398,0.016934939,0.9974064,0.68780977,0,0,0,1,0,0.6666666666666666,0.33333333333333337,1,0.15014362,0.4047398,0.2948773,-3.085003,37.46729,37.467288970947266,0.46626617375231055
tensor(11969),"tensor(5051., dtype=torch.float64)",tensor(9),0,1,0,0,0,0.3415832,0.17503266,0.8164631,0.02642735,0.38280368,0,0,1,0,0,0.0,1.0,1,0.22187674,0.38280368,0.47401732,-1.5566845,57.024303,200.94644165039062,0.7818853974121995
tensor(11989),"tensor(18210., dtype=torch.float64)",tensor(9),1,0,0,0,0,0.9463215,0.06925775,0.02983939,0.11867006,0.053505916,1,0,0,0,0,1.0,0.0,0,0.06499034,0.11867005,0.23361671,-2.7654812,97.583916,3808.6611328125,0.4595656192236599
tensor(11997),"tensor(6971., dtype=torch.float64)",tensor(9),0,0,1,0,0,0.0031713184,0.25310934,0.97289634,0.96645766,0.37483567,0,0,1,1,0,0.6666666666666666,0.33333333333333337,1,0.13835251,0.37483567,0.30399814,-2.857099,58.064117,58.064117431640625,0.5240295748613678
tensor(12011),"tensor(2215., dtype=torch.float64)",tensor(9),0,0,0,1,0,0.06510237,0.12796311,0.00889801,0.9957105,0.39422485,0,0,0,1,0,1.0,0.0,0,0.12009561,0.39422488,0.2744835,-3.0346866,35.71422,35.71421813964844,0.4198243992606285
tensor(12035),"tensor(5976., dtype=torch.float64)",tensor(9),0,1,1,0,0,0.0027445406,0.928355,0.9228933,0.04892489,0.17156325,0,1,1,0,0,1.0,0.0,0,0.07439691,0.17156327,0.24042821,-3.0962605,58.25653,58.25653076171875,0.4018022181146026
tensor(12073),"tensor(4161., dtype=torch.float64)",tensor(9),1,0,0,0,0,0.9997254,2.2515944e-05,8.6620894e-05,0.0028864336,0.00046517825,1,0,0,0,0,1.0,0.0,0,0.0007470846,0.0028864145,0.0054964693,-8.354548,712.8602,2679.61328125,0.2555452865064695
tensor(12085),"tensor(658., dtype=torch.float64)",tensor(9),0,0,0,0,0,0.41461068,0.08135661,0.048370946,0.6956731,0.009673934,0,0,0,1,0,0.0,1.0,1,0.17166787,0.41461068,0.36464745,-2.240729,71.12607,71.12606811523438,0.6728280961182994
tensor(12115),"tensor(17825., dtype=torch.float64)",tensor(9),1,0,0,0,0,0.95713884,0.0060280575,0.048024405,0.06003879,0.09433697,1,0,0,0,0,1.0,0.0,0,0.05025786,0.09433699,0.18918875,-3.242148,137.44815,3499.482421875,0.41451016635859517
tensor(12123),"tensor(14146., dtype=torch.float64)",tensor(9),1,0,0,0,0,0.9990693,2.7007703e-05,0.00066859246,0.0035120705,0.003385311,1,0,0,0,0,1.0,0.0,0,0.001704812,0.0035120845,0.011856842,-7.2281203,486.05942,2669.6533203125,0.26270794824399263
tensor(12131),"tensor(9054., dtype=torch.float64)",tensor(9),0,0,1,0,1,0.16847788,0.024121216,0.94607353,0.0064679156,0.4865808,0,0,1,0,0,0.6666666666666666,0.33333333333333337,1,0.14791489,0.4865808,0.3017784,-2.6499002,108.8527,139.1737060546875,0.6042051756007394
tensor(12145),"tensor(9895., dtype=torch.float64)",tensor(9),0,1,0,0,0,0.51895267,0.38618273,0.044445407,0.2645061,0.0025537093,0,0,0,0,0,0.0,1.0,1,0.23574704,0.48104733,0.4273552,-2.1195188,126.0754,126.07540130615234,0.8045286506469501
tensor(12151),"tensor(5289., dtype=torch.float64)",tensor(9),0,1,1,1,0,0.00053327106,0.98282325,0.8128319,0.82779086,0.80976874,0,1,1,1,0,1.0,0.0,0,0.1134637,0.19023126,0.30388212,-3.2139792,55.278305,59.227760314941406,0.4688077634011091
tensor(12167),"tensor(6286., dtype=torch.float64)",tensor(9),0,1,0,1,0,0.0022697547,0.88831544,0.626833,0.9867606,0.39525607,0,1,0,1,0,1.0,0.0,0,0.17912328,0.39525604,0.353635,-2.682923,24.40113,24.40113067626953,0.5284195933456561
tensor(12171),"tensor(9970., dtype=torch.float64)",tensor(9),1,0,0,0,0,0.98306483,0.024716252,0.0135674765,0.046603896,0.0018795255,1,0,0,0,0,1.0,0.0,0,0.020740509,0.046603918,0.09512143,-4.263233,236.07062,3758.54541015625,0.34912199630314233
tensor(12173),"tensor(13066., dtype=torch.float64)",tensor(9),0,1,0,0,0,0.002217047,0.99786454,0.16829762,0.050254744,0.012149352,0,1,0,0,0,1.0,0.0,0,0.0470109,0.16829765,0.1498259,-4.238274,77.11775,77.11775207519531,0.30291127541589646
tensor(12191),"tensor(17566., dtype=torch.float64)",tensor(9),0,1,0,0,0,0.6503779,0.018594703,0.83615994,0.0033346654,0.007995805,1,0,1,0,0,0.0,1.0,1,0.10867739,0.34962207,0.25092715,-3.3475182,233.64136,275.3262939453125,0.5293438077634012
tensor(12209),"tensor(10632., dtype=torch.float64)",tensor(9),0,1,0,0,0,0.031317566,0.6958456,0.86212665,0.4447184,0.7855561,0,0,1,0,0,0.0,1.0,1,0.22650152,0.44471836,0.4723056,-1.5225589,22.29305,329.05010986328125,0.7000924214417744
tensor(12253),"tensor(9743., dtype=torch.float64)",tensor(9),1,0,0,0,0,0.5513313,0.016196573,0.057152208,0.90345067,0.32108632,0,0,0,1,0,0.0,1.0,1,0.18793058,0.44866872,0.38697782,-2.020163,45.969017,45.969017028808594,0.6744454713493531
tensor(12261),"tensor(19080., dtype=torch.float64)",tensor(9),1,0,0,0,0,0.9917556,0.0005488485,0.0044404846,0.030126832,0.030605292,1,0,0,0,0,1.0,0.0,0,0.014793217,0.030605316,0.07058908,-4.9273725,216.04337,3031.716552734375,0.3068391866913124
tensor(12263),"tensor(8090., dtype=torch.float64)",tensor(9),1,0,0,0,0,0.98706263,0.0041361516,0.0012673017,0.24661793,0.0013911341,1,0,0,0,0,1.0,0.0,0,0.053269982,0.24661791,0.13495538,-4.836207,320.07626,3585.568359375,0.3828558225508318
tensor(12269),"tensor(1234., dtype=torch.float64)",tensor(9),0,0,1,0,1,0.04121812,0.006972133,0.9713676,0.033192806,0.9327334,0,0,1,0,1,1.0,0.0,0,0.03545648,0.06726658,0.14710073,-3.5261817,95.85806,95.85806274414062,0.341728280961183
tensor(12271),"tensor(17468., dtype=torch.float64)",tensor(9),1,0,0,0,0,0.92752206,0.001985476,0.11405314,0.010145141,0.30103987,1,0,0,0,0,1.0,0.0,0,0.0999403,0.30103987,0.25953108,-3.24841,80.92209,3244.72021484375,0.4535582255083179
tensor(12305),"tensor(19763., dtype=torch.float64)",tensor(9),0,0,1,0,0,0.19009402,0.3554567,0.842128,0.07496222,0.64424855,0,0,1,0,0,1.0,0.0,0,0.22682726,0.35575145,0.49809337,-1.3650775,28.987434,250.45326232910156,0.7282809611829945
tensor(12311),"tensor(2026., dtype=torch.float64)",tensor(9),0,0,0,0,1,0.975722,0.0015222861,0.006668742,0.11107404,0.09536409,1,0,0,0,0,0.0,1.0,1,0.04778135,0.11107403,0.16584751,-3.9025817,194.82687,3236.78759765625,0.39325323475046214
tensor(12321),"tensor(3292., dtype=torch.float64)",tensor(9),1,0,0,0,0,0.999313,0.000749169,0.00040240563,0.0045079496,6.619818e-05,1,0,0,0,0,1.0,0.0,0,0.0012825727,0.004507959,0.0089863,-7.463225,776.6543,3308.69921875,0.2677911275415896
tensor(12357),"tensor(5461., dtype=torch.float64)",tensor(9),1,0,0,0,0,0.9984939,0.00048424146,0.00033799539,0.0038121173,0.00485633,1,0,0,0,0,1.0,0.0,0,0.0021993518,0.004856348,0.014852946,-6.6019287,382.46307,2685.9541015625,0.26224584103512016
tensor(12361),"tensor(2262., dtype=torch.float64)",tensor(9),1,0,0,0,0,0.8862031,0.32154605,0.025657257,0.13384216,0.014740819,1,0,0,0,0,1.0,0.0,0,0.12191665,0.32154608,0.3144275,-2.5011668,88.11745,4071.7685546875,0.585720887245841
tensor(12363),"tensor(2264., dtype=torch.float64)",tensor(9),0,0,0,0,1,0.94159174,0.0057003237,0.005834261,0.16974306,0.27512616,1,0,0,0,0,0.0,1.0,1,0.102962375,0.27512616,0.2674605,-3.1272006,153.99402,3285.562255859375,0.5207948243992606
tensor(12441),"tensor(3680., dtype=torch.float64)",tensor(9),0,0,1,0,0,0.7817122,0.0025265214,0.5745867,0.010167685,0.19973977,1,0,0,0,0,0.0,1.0,1,0.17122698,0.4254133,0.35623154,-2.7041774,110.14279,3615.6259765625,0.6573475046210722
tensor(12453),"tensor(4790., dtype=torch.float64)",tensor(9),1,0,0,0,0,0.96735525,0.2177576,0.00069366593,0.026290579,0.0029528276,1,0,0,0,0,1.0,0.0,0,0.056067824,0.21775758,0.16307251,-4.274886,239.40048,3562.74169921875,0.39741219963031427
tensor(12455),"tensor(414., dtype=torch.float64)",tensor(9),1,0,0,0,0,0.9928888,0.0030218689,0.002357012,0.052197322,0.006691865,1,0,0,0,0,1.0,0.0,0,0.014275849,0.052197337,0.06490658,-4.9370127,302.27545,3290.166015625,0.3234750462107209
tensor(12459),"tensor(13741., dtype=torch.float64)",tensor(9),0,0,0,1,0,0.80967754,0.0641835,0.06860471,0.752374,0.023825107,1,0,0,1,0,0.6666666666666666,0.33333333333333337,1,0.11891234,0.247626,0.32946345,-2.3120255,60.682243,60.68224334716797,0.5732439926062847
tensor(12465),"tensor(21107., dtype=torch.float64)",tensor(9),1,0,0,0,0,0.81979996,0.0011322637,0.057179358,0.02111296,0.80448544,1,0,0,0,0,1.0,0.0,0,0.091027856,0.19551456,0.25922087,-3.270235,66.47162,2882.347412109375,0.4265249537892791
tensor(12469),"tensor(19728., dtype=torch.float64)",tensor(9),1,0,0,0,0,0.7723695,0.18836485,0.42157245,0.043928824,0.0645028,1,0,0,0,0,1.0,0.0,0,0.18919992,0.42157245,0.42409033,-1.7506726,61.538227,4205.009765625,0.7372920517560074
tensor(12493),"tensor(20738., dtype=torch.float64)",tensor(9),0,1,0,0,1,0.30913934,0.71734464,0.048961475,0.50892335,0.6667608,0,0,0,0,0,0.0,1.0,1,0.2930144,0.49107665,0.5477473,-1.0862525,46.930607,46.930606842041016,0.8119223659889094
tensor(12499),"tensor(6396., dtype=torch.float64)",tensor(9),1,0,0,0,0,0.99541205,0.00027027942,0.003010269,0.0050557437,0.031542927,1,0,0,0,0,1.0,0.0,0,0.008893371,0.031542897,0.044818573,-5.620948,223.97888,2735.517578125,0.2712569316081331
tensor(12525),"tensor(359., dtype=torch.float64)",tensor(9),0,0,0,0,0,0.10867327,0.16052434,0.10576569,0.7003846,0.0054649864,0,0,0,1,0,0.0,1.0,1,0.13600874,0.29961538,0.3532596,-2.3892963,73.26383,73.26383209228516,0.6187615526802218
tensor(12579),"tensor(4269., dtype=torch.float64)",tensor(9),1,0,0,0,0,0.81741714,0.14485402,0.016348016,0.47240084,0.18274282,1,0,0,0,0,1.0,0.0,0,0.19978571,0.47240084,0.42791587,-1.7960079,47.10531,3910.962646484375,0.7185767097966728
tensor(12583),"tensor(5961., dtype=torch.float64)",tensor(9),0,0,1,0,0,0.00067580136,0.6146837,0.9857172,0.4177829,0.9570593,0,0,1,0,1,0.6666666666666666,0.33333333333333337,1,0.1721996,0.4177829,0.32076505,-3.0872433,32.895752,32.895751953125,0.4900646950092421
tensor(12615),"tensor(3872., dtype=torch.float64)",tensor(9),0,1,0,0,0,0.0008335539,0.5451561,0.9910938,0.0517752,0.95803213,0,0,1,0,1,0.0,1.0,1,0.11166537,0.45484388,0.22491536,-3.6035628,55.450867,55.45086669921875,0.3923290203327172
tensor(12645),"tensor(1961., dtype=torch.float64)",tensor(9),1,0,0,0,0,0.9487156,0.002441081,0.31474543,0.01067729,0.0101664,1,0,0,0,0,1.0,0.0,0,0.07786292,0.31474543,0.19162053,-3.7631938,225.12668,3667.73779296875,0.4459334565619224
tensor(12693),"tensor(5739., dtype=torch.float64)",tensor(9),0,0,1,0,0,0.009928536,0.35338265,0.97561544,0.5657624,0.3550308,0,0,1,0,0,1.0,0.0,0,0.23539281,0.4342376,0.43096218,-1.9514532,54.097652,316.485595703125,0.7476894639556376
tensor(12741),"tensor(15976., dtype=torch.float64)",tensor(9),0,1,1,0,0,0.03670917,0.92049015,0.6441561,0.06879285,0.019099602,0,1,0,0,0,0.6666666666666666,0.33333333333333337,1,0.11199111,0.3558439,0.28618398,-2.5707974,58.33976,58.339759826660156,0.509011090573013
tensor(12753),"tensor(6261., dtype=torch.float64)",tensor(9),0,0,1,0,1,0.05720555,0.37547284,0.9316448,0.09583257,0.69594485,0,0,1,0,0,0.6666666666666666,0.33333333333333337,1,0.18018425,0.37547284,0.4120931,-1.7991426,24.58118,262.2053527832031,0.6337800369685767
tensor(12789),"tensor(11149., dtype=torch.float64)",tensor(9),1,0,0,0,0,0.9158097,0.22432658,0.012765982,0.11623581,0.054711558,1,0,0,0,0,1.0,0.0,0,0.09844607,0.22432661,0.29221812,-2.570693,81.68909,3829.581787109375,0.5263401109057302
tensor(12805),"tensor(21686., dtype=torch.float64)",tensor(9),1,0,0,0,0,0.95095265,0.15505359,0.018861718,0.06746932,0.0009381383,1,0,0,0,0,1.0,0.0,0,0.05827397,0.15505362,0.19503458,-3.6417325,220.54799,4102.49609375,0.43114602587800366
tensor(12863),"tensor(10495., dtype=torch.float64)",tensor(9),0,0,1,0,0,0.9878755,0.00032789863,0.03122542,0.004567915,0.0384967,1,0,0,0,0,0.0,1.0,1,0.017348468,0.038496673,0.0799589,-4.8919306,169.62863,3008.876708984375,0.30291127541589646
tensor(12869),"tensor(13894., dtype=torch.float64)",tensor(9),0,0,0,0,0,0.06526784,0.22640383,0.017960927,0.34007743,0.0033096215,0,0,0,0,0,1.0,0.0,0,0.13060397,0.3400774,0.3058805,-2.8524957,98.60792,98.60791778564453,0.566543438077634
tensor(12871),"tensor(14167., dtype=torch.float64)",tensor(9),0,1,1,0,1,0.001521786,0.9059631,0.88644284,0.8630302,0.85667783,0,1,1,1,1,0.8571428571428571,0.1428571428571429,1,0.097881496,0.14332217,0.29748696,-2.8870451,36.82512,36.82511901855469,0.42005545286506474
tensor(12873),"tensor(8770., dtype=torch.float64)",tensor(9),0,1,0,0,0,0.06391485,0.96496695,0.053820014,0.596552,0.47652408,0,1,0,0,0,1.0,0.0,0,0.20654798,0.4765241,0.39309454,-1.8703674,35.713585,35.713584899902344,0.6732902033271719
tensor(12903),"tensor(1242., dtype=torch.float64)",tensor(9),0,0,1,0,0,0.006744629,0.43544257,0.9743919,0.42380098,0.74879354,0,0,1,0,0,1.0,0.0,0,0.22856057,0.43544257,0.4179,-2.0580401,24.042894,297.6898193359375,0.6522643253234751
tensor(12913),"tensor(17771., dtype=torch.float64)",tensor(9),1,0,0,0,0,0.9913366,0.0015966685,0.029731318,0.0032007762,0.003173099,1,0,0,0,0,1.0,0.0,0,0.009273052,0.029731333,0.047691006,-5.230916,285.54248,3295.6123046875,0.2966728280961183
tensor(12947),"tensor(4622., dtype=torch.float64)",tensor(9),1,0,0,0,0,0.9941379,0.0010044436,0.0005650013,0.34036723,0.00037663733,1,0,0,0,0,1.0,0.0,0,0.06963509,0.3403672,0.13866495,-5.611863,501.42654,3594.4296875,0.3983364140480592
tensor(12965),"tensor(15797., dtype=torch.float64)",tensor(9),1,0,0,0,0,0.999701,0.00010615915,3.0181081e-05,0.0030734933,0.00049740047,1,0,0,0,0,1.0,0.0,0,0.00080126524,0.0030735135,0.0058552613,-8.21218,715.9758,2660.088623046875,0.2576247689463956
tensor(12973),"tensor(15118., dtype=torch.float64)",tensor(9),0,1,0,0,0,0.7625407,0.5446727,0.0078086555,0.18990251,0.022135325,1,0,0,0,0,0.0,1.0,1,0.18252671,0.45532727,0.3750545,-2.2858703,84.468,4043.190185546875,0.700554528650647
tensor(13013),"tensor(12125., dtype=torch.float64)",tensor(9),0,1,1,0,0,0.0012567256,0.9394446,0.88574785,0.7014113,0.917912,0,1,1,1,1,0.6666666666666666,0.33333333333333337,1,0.11134815,0.2985887,0.29739207,-2.947216,34.354595,34.35459518432617,0.4225970425138632
tensor(13029),"tensor(2363., dtype=torch.float64)",tensor(9),1,0,0,0,0,0.30885643,0.0023369442,0.047351435,0.49118,0.9432171,0,0,0,0,1,0.0,1.0,1,0.18130147,0.49118,0.34726632,-2.5418077,147.02121,147.02120971679688,0.702634011090573
tensor(13041),"tensor(702., dtype=torch.float64)",tensor(9),0,0,1,1,0,0.010014115,0.8791844,0.88753,0.12300058,0.45166048,0,1,1,0,0,0.5,0.5,1,0.16359216,0.4516605,0.36751786,-2.1604924,39.93338,39.933380126953125,0.6115988909426987
tensor(13051),"tensor(18138., dtype=torch.float64)",tensor(9),1,0,0,0,0,0.98470914,0.0106460955,0.00478795,0.058004044,0.02160159,1,0,0,0,0,1.0,0.0,0,0.022066116,0.05800402,0.09880937,-4.126888,189.98349,3383.167724609375,0.3412661737523105
tensor(13069),"tensor(12204., dtype=torch.float64)",tensor(9),0,1,0,1,0,0.0052205394,0.8396726,0.48530912,0.9866588,0.45908105,0,1,0,1,0,1.0,0.0,0,0.2246558,0.48530912,0.3852417,-2.2864015,18.598476,18.59847640991211,0.6085951940850277
tensor(13073),"tensor(7003., dtype=torch.float64)",tensor(9),1,0,0,0,0,0.9796743,0.00069293607,0.005052255,0.01541766,0.28757882,1,0,0,0,0,1.0,0.0,0,0.06581342,0.28757882,0.16327736,-4.299189,113.22309,2747.67041015625,0.3539741219963032
tensor(13099),"tensor(10047., dtype=torch.float64)",tensor(9),0,1,0,0,0,0.2875648,0.7638405,0.010074834,0.66238356,0.06838069,0,0,0,1,0,0.0,1.0,1,0.18795931,0.33761644,0.41835722,-1.9908898,49.751915,49.751914978027344,0.7037892791127541
tensor(13119),"tensor(2094., dtype=torch.float64)",tensor(9),1,0,0,0,0,0.9807452,0.0034786488,0.00041616804,0.5207792,8.1609716e-05,1,0,0,0,0,1.0,0.0,0,0.10049039,0.4792208,0.16301581,-5.373766,531.37634,3880.374755859375,0.44385397412199634
tensor(13137),"tensor(18138., dtype=torch.float64)",tensor(9),0,0,1,0,0,0.7154278,0.0708942,0.6340545,0.04223114,0.08859242,1,0,0,0,0,0.0,1.0,1,0.17044705,0.36594552,0.39683366,-1.8993943,77.025696,4133.14013671875,0.7204251386321626
tensor(13159),"tensor(20691., dtype=torch.float64)",tensor(9),0,1,0,0,0,0.49768004,0.63790673,0.30301008,0.00975999,0.024682684,0,0,0,0,0,0.0,1.0,1,0.23944527,0.49768007,0.42635614,-1.9409784,74.968155,74.96815490722656,0.7768022181146026
tensor(13201),"tensor(11587., dtype=torch.float64)",tensor(9),0,0,1,1,0,0.007530199,0.06918287,0.9928582,0.038976636,0.8337191,0,0,1,0,1,0.5,0.5,1,0.057822526,0.16628093,0.19057266,-3.44649,65.63284,65.63284301757812,0.3486598890942699
tensor(13229),"tensor(18388., dtype=torch.float64)",tensor(9),1,0,0,0,0,0.5411925,0.40783587,0.5213296,0.027121997,0.013973378,0,0,0,0,0,0.0,1.0,1,0.27728188,0.47867042,0.45123777,-1.6919754,85.91899,85.91899108886719,0.8213955637707948
tensor(13281),"tensor(13547., dtype=torch.float64)",tensor(9),0,0,0,1,0,0.014406703,0.15458907,0.09955402,0.99725336,0.36562955,0,0,0,1,0,1.0,0.0,0,0.12738514,0.36562955,0.3011213,-2.9144816,20.595453,20.5954532623291,0.4175138632162662
tensor(13321),"tensor(19906., dtype=torch.float64)",tensor(9),0,0,1,1,0,0.03398105,0.37198853,0.95415586,0.23467878,0.47962385,0,0,1,0,0,0.6666666666666666,0.33333333333333337,1,0.23322326,0.47962385,0.44632024,-1.6340564,33.620674,284.84832763671875,0.717652495378928
tensor(13329),"tensor(21176., dtype=torch.float64)",tensor(9),0,1,0,0,0,0.014777151,0.9967535,0.011767219,0.09204049,0.06193252,0,1,0,0,0,1.0,0.0,0,0.03675282,0.09204048,0.14045016,-3.872811,57.79271,57.79270935058594,0.2814232902033272
tensor(13345),"tensor(11725., dtype=torch.float64)",tensor(9),0,1,0,0,0,0.3231524,0.5874489,0.625091,0.19958593,0.51748997,0,0,0,0,0,0.0,1.0,1,0.35854167,0.48251003,0.63217527,-0.6125676,43.26037,43.26036834716797,0.816543438077634
tensor(13417),"tensor(20901., dtype=torch.float64)",tensor(9),0,1,0,0,0,0.0004933571,0.9985459,0.5328711,0.06850753,0.39790946,0,1,0,0,0,1.0,0.0,0,0.18709868,0.46712887,0.32562074,-3.4602745,60.556786,60.556785583496094,0.5499075785582255
tensor(13427),"tensor(8047., dtype=torch.float64)",tensor(9),1,0,0,0,0,0.99401903,0.00033659273,0.004519782,0.023508389,0.016278118,1,0,0,0,0,1.0,0.0,0,0.010124803,0.02350837,0.05261894,-5.266472,257.50427,3023.59765625,0.294362292051756
tensor(13445),"tensor(11929., dtype=torch.float64)",tensor(9),0,1,0,0,1,0.00300457,0.99201876,0.59052765,0.035016324,0.6343302,0,1,0,0,0,0.6666666666666666,0.33333333333333337,1,0.16422892,0.40947235,0.3103997,-2.9721088,46.79448,46.79447937011719,0.5196395563770795
tensor(13487),"tensor(11859., dtype=torch.float64)",tensor(9),0,0,0,1,0,0.9314901,0.023005402,0.0039097266,0.56272084,0.009784773,1,0,0,0,0,0.0,1.0,1,0.1084978,0.43727916,0.2250261,-3.3536472,140.97006,3796.6572265625,0.4794362292051756
tensor(13503),"tensor(13889., dtype=torch.float64)",tensor(9),0,1,0,0,0,0.00024969107,0.9917086,0.70568293,0.9247241,0.7529675,0,1,1,1,0,0.5,0.5,1,0.12503326,0.29431707,0.29648307,-3.5153172,64.0565,64.05650329589844,0.474815157116451
tensor(13505),"tensor(19172., dtype=torch.float64)",tensor(9),1,0,0,0,0,0.8102439,0.07464049,0.53463024,0.006451592,0.008672648,1,0,0,0,0,1.0,0.0,0,0.14897811,0.46536976,0.3061748,-2.776733,157.9452,4068.655029296875,0.6259242144177449
tensor(13515),"tensor(9759., dtype=torch.float64)",tensor(9),0,1,0,1,1,0.006707642,0.99108535,0.056531876,0.8417991,0.4169722,0,1,0,1,0,0.8,0.19999999999999996,1,0.12946546,0.41697216,0.28489852,-2.9061077,42.564987,42.56498718261719,0.4669593345656192
tensor(13563),"tensor(10023., dtype=torch.float64)",tensor(9),0,1,0,1,0,0.012907622,0.7398619,0.022226138,0.99596137,0.15741701,0,0,0,1,0,0.6666666666666666,0.33333333333333337,1,0.09134549,0.2601381,0.2420812,-3.2703176,28.117773,28.117773056030273,0.3283271719038817
tensor(13581),"tensor(14982., dtype=torch.float64)",tensor(9),0,1,0,0,0,0.03924086,0.9492324,0.16191398,0.74597895,0.17196997,0,1,0,1,0,0.6666666666666666,0.33333333333333337,1,0.13558275,0.25402105,0.36696583,-2.0838933,34.024117,34.02411651611328,0.5720887245841035
tensor(13585),"tensor(20709., dtype=torch.float64)",tensor(9),0,1,0,0,0,0.0059502204,0.9884614,0.047430523,0.49628282,0.008647023,0,1,0,0,0,1.0,0.0,0,0.11396992,0.49628282,0.20661342,-3.4650865,63.574116,63.57411575317383,0.40942698706099817
tensor(13605),"tensor(13177., dtype=torch.float64)",tensor(9),1,0,0,0,0,0.9920175,7.5503456e-05,0.03331512,0.0008088945,0.03902378,1,0,0,0,0,1.0,0.0,0,0.016241193,0.039023757,0.07295649,-5.600884,236.96823,2778.616943359375,0.30429759704251386
tensor(13621),"tensor(17422., dtype=torch.float64)",tensor(9),1,0,0,0,0,0.98217875,0.0100128045,0.028477743,0.08032309,0.0021317624,1,0,0,0,0,1.0,0.0,0,0.027753353,0.0803231,0.11394079,-4.143917,245.942,3808.0068359375,0.3673752310536044
tensor(13641),"tensor(11537., dtype=torch.float64)",tensor(9),0,0,1,1,0,0.32464477,0.022409637,0.21925852,0.97628605,0.03464126,0,0,0,1,0,0.6666666666666666,0.33333333333333337,1,0.1249336,0.3246448,0.3052494,-2.5646498,69.69237,69.69236755371094,0.5568391866913123
tensor(13725),"tensor(2836., dtype=torch.float64)",tensor(9),0,0,0,1,1,0.46069473,0.02578497,0.03750214,0.9740813,0.075541176,0,0,0,1,0,0.6666666666666666,0.33333333333333337,1,0.1250884,0.46069473,0.27154893,-2.6331162,50.699684,50.699684143066406,0.5013863216266173
tensor(13771),"tensor(15680., dtype=torch.float64)",tensor(9),0,1,0,0,0,0.016768727,0.9958746,0.019149985,0.019666273,0.016027343,0,1,0,0,0,1.0,0.0,0,0.015147507,0.019666255,0.07710921,-4.304035,81.497574,81.49757385253906,0.25531423290203326
tensor(13785),"tensor(13454., dtype=torch.float64)",tensor(9),1,0,0,0,0,0.48984224,0.7159408,0.17350109,0.07611303,0.029072061,0,0,0,0,0,0.0,1.0,1,0.21051753,0.48984224,0.43035102,-1.7061821,45.399605,45.39960479736328,0.7292051756007394
tensor(13787),"tensor(15036., dtype=torch.float64)",tensor(9),0,1,0,0,0,0.14916718,0.7472048,0.20395832,0.8462942,0.3343459,0,0,0,1,0,0.0,1.0,1,0.21879452,0.33434594,0.5117571,-1.3162129,19.088303,19.088302612304688,0.708641404805915
tensor(13789),"tensor(19137., dtype=torch.float64)",tensor(9),0,0,1,0,0,0.6477568,0.004477304,0.8756104,0.0013015636,0.022021392,1,0,1,0,0,0.6666666666666666,0.33333333333333337,1,0.10088664,0.35224319,0.23376846,-3.680261,208.16302,208.16302490234375,0.4865988909426987
tensor(13815),"tensor(1271., dtype=torch.float64)",tensor(9),0,1,0,0,0,0.7681839,0.39244923,0.16261299,0.07807566,0.23823787,1,0,0,0,0,0.0,1.0,1,0.2206384,0.39244926,0.49567088,-1.3810352,38.09342,4113.4423828125,0.7493068391866913
tensor(13829),"tensor(11216., dtype=torch.float64)",tensor(9),0,0,0,1,0,0.996117,0.0008831675,0.0018028865,0.0102056395,0.00927149,1,0,0,0,0,0.0,1.0,1,0.005209267,0.0102056265,0.031057417,-5.628194,296.98593,2933.715576171875,0.27726432532347506
tensor(13831),"tensor(1672., dtype=torch.float64)",tensor(9),0,1,0,1,0,0.008064177,0.64752114,0.12285937,0.99595094,0.50141007,0,0,0,1,0,0.6666666666666666,0.33333333333333337,1,0.19720823,0.49858993,0.35758924,-2.5793736,16.755058,16.75505828857422,0.544362292051756
tensor(13839),"tensor(8114., dtype=torch.float64)",tensor(9),0,1,0,0,0,0.14275253,0.95819914,0.029092036,0.0664837,0.04893649,0,1,0,0,0,1.0,0.0,0,0.065813184,0.14275253,0.23098898,-2.8083155,37.215527,37.21552658081055,0.35628465804066545
tensor(13883),"tensor(12521., dtype=torch.float64)",tensor(9),0,0,1,0,0,0.047034428,0.13896193,0.969192,0.2174761,0.35913447,0,0,1,0,0,1.0,0.0,0,0.158683,0.35913444,0.38138333,-2.0281768,46.958035,249.78726196289062,0.6437153419593347
tensor(13909),"tensor(3380., dtype=torch.float64)",tensor(9),1,0,0,0,0,0.979861,0.010159257,0.03467119,0.039054953,0.0066105844,1,0,0,0,0,1.0,0.0,0,0.022126973,0.03905493,0.1021261,-4.001174,195.56676,3653.628662109375,0.3479667282809612
tensor(13925),"tensor(18847., dtype=torch.float64)",tensor(9),1,0,0,0,0,0.9910383,0.00069942244,0.006753611,0.0069342833,0.07033382,1,0,0,0,0,1.0,0.0,0,0.018736541,0.07033384,0.078664325,-4.9014287,156.5062,2820.6962890625,0.29690388170055454
tensor(13929),"tensor(11984., dtype=torch.float64)",tensor(9),1,0,0,0,0,0.9772101,0.0016710988,0.121346444,0.0054456536,0.008220058,1,0,0,0,0,1.0,0.0,0,0.031894684,0.12134647,0.11442636,-4.426225,225.71231,3452.87109375,0.3544362292051756
tensor(13953),"tensor(610., dtype=torch.float64)",tensor(9),0,1,0,1,0,0.0046516955,0.9582456,0.23683055,0.9096398,0.8813856,0,1,0,1,1,0.8,0.19999999999999996,1,0.0984422,0.23683053,0.28360552,-2.7968311,49.636097,49.6360969543457,0.45448243992606285
tensor(13977),"tensor(19446., dtype=torch.float64)",tensor(9),1,0,0,0,0,0.99544275,0.0011991566,0.00978743,0.01097058,0.0011190056,1,0,0,0,0,1.0,0.0,0,0.0055267215,0.0109705925,0.032507893,-5.6047845,412.4093,3365.236328125,0.291358595194085
tensor(13983),"tensor(2799., dtype=torch.float64)",tensor(9),0,1,1,1,1,0.0095818145,0.96976537,0.039814625,0.9515849,0.12441682,0,1,0,1,0,0.6666666666666666,0.33333333333333337,1,0.050492644,0.12441683,0.18528762,-3.2437577,36.9519,36.951900482177734,0.29089648798521256
tensor(13991),"tensor(5973., dtype=torch.float64)",tensor(9),1,0,0,0,0,0.9738554,0.0254328,0.007757765,0.03037911,0.089278385,1,0,0,0,0,1.0,0.0,0,0.03579855,0.0892784,0.14438161,-3.5800946,141.88849,3289.62646484375,0.3643715341959335
tensor(14013),"tensor(13685., dtype=torch.float64)",tensor(9),1,0,0,0,0,0.9819827,0.00067216484,0.0031042476,0.0865252,0.106258556,1,0,0,0,0,1.0,0.0,0,0.042915463,0.10625857,0.14997444,-4.3121624,194.7964,3035.3173828125,0.3657578558225508
tensor(14019),"tensor(7628., dtype=torch.float64)",tensor(9),0,1,1,1,0,0.0019336931,0.9942496,0.60070515,0.22412337,0.5742778,0,1,0,0,0,0.5,0.5,1,0.21136492,0.42572218,0.38725707,-2.669725,40.173206,40.1732063293457,0.6233826247689463
tensor(14033),"tensor(10493., dtype=torch.float64)",tensor(9),0,0,0,1,0,0.9381928,0.017704355,0.035395205,0.1741316,0.101061486,1,0,0,0,0,0.0,1.0,1,0.07801998,0.17413163,0.25273716,-2.756654,93.97463,3700.72119140625,0.47828096118299446
tensor(14047),"tensor(15010., dtype=torch.float64)",tensor(9),0,0,0,1,0,0.007636581,0.020072525,0.03369907,0.9993267,0.48255262,0,0,0,1,0,1.0,0.0,0,0.10892689,0.48255265,0.19773166,-3.8967395,70.879814,70.87981414794922,0.39071164510166356
tensor(14059),"tensor(10131., dtype=torch.float64)",tensor(9),0,0,0,1,0,0.2636915,0.4449648,0.04678521,0.9494506,0.083966516,0,0,0,1,0,1.0,0.0,0,0.17799151,0.44496477,0.38827592,-1.9169493,21.084572,21.084571838378906,0.6111367837338263
tensor(14075),"tensor(7883., dtype=torch.float64)",tensor(9),1,0,0,0,0,0.67004454,0.07265203,0.33199504,0.68538874,0.0560309,1,0,0,1,0,0.6666666666666666,0.33333333333333337,1,0.22104895,0.331995,0.47376385,-1.5114096,38.896362,38.8963623046875,0.7416820702402958
tensor(14093),"tensor(2048., dtype=torch.float64)",tensor(9),0,1,1,1,0,0.055809632,0.3960698,0.19497594,0.98318315,0.1758575,0,0,0,1,0,0.5,0.5,1,0.16790593,0.39606977,0.38609076,-2.0562658,8.979967,8.97996711730957,0.5769408502772644
tensor(14109),"tensor(3581., dtype=torch.float64)",tensor(9),0,1,0,1,0,0.015319994,0.5302855,0.35049677,0.98968875,0.35200766,0,0,0,1,0,0.6666666666666666,0.33333333333333337,1,0.23957002,0.46971452,0.4248782,-2.015137,10.144395,10.144394874572754,0.6497227356746765
tensor(14113),"tensor(5562., dtype=torch.float64)",tensor(9),1,0,0,0,0,0.9812872,0.008564532,0.020170636,0.009748304,0.037620228,1,0,0,0,0,1.0,0.0,0,0.018963218,0.037620246,0.091226496,-4.091413,168.09167,3269.004638671875,0.3315619223659889
tensor(14129),"tensor(19019., dtype=torch.float64)",tensor(9),1,0,0,0,0,0.9997142,2.0517238e-05,0.00018112581,0.00081627985,0.0006137336,1,0,0,0,0,1.0,0.0,0,0.0003835559,0.0008162856,0.0032749374,-8.415095,713.427,2622.61083984375,0.25231053604436227
tensor(14155),"tensor(16498., dtype=torch.float64)",tensor(9),0,1,0,0,0,0.39471754,0.8436735,0.0077450825,0.061587386,0.01084162,0,1,0,0,0,1.0,0.0,0,0.12624359,0.39471757,0.28816962,-2.840692,79.12938,79.12937927246094,0.5293438077634012
tensor(14161),"tensor(15261., dtype=torch.float64)",tensor(9),0,0,1,0,1,0.0019238117,0.11612022,0.9956001,0.076444924,0.96937484,0,0,1,0,1,1.0,0.0,0,0.04590285,0.11612022,0.16164966,-3.929896,65.77164,65.77163696289062,0.3068391866913124
tensor(14169),"tensor(17962., dtype=torch.float64)",tensor(9),1,0,0,0,0,0.9981293,4.346884e-05,0.00060812524,0.02405802,0.0060882582,1,0,0,0,0,1.0,0.0,0,0.006533742,0.024058044,0.0339553,-6.505149,412.27826,2814.6904296875,0.2846580406654344
tensor(14207),"tensor(18528., dtype=torch.float64)",tensor(9),1,0,0,0,0,0.9560018,0.15206693,0.010104562,0.05882134,0.0035806836,1,0,0,0,0,1.0,0.0,0,0.053714275,0.15206695,0.18213224,-3.5565896,161.65157,3887.9931640625,0.4050369685767098
tensor(14219),"tensor(10518., dtype=torch.float64)",tensor(9),0,0,0,1,0,0.004862798,0.060931087,0.17279498,0.99903667,0.4684628,0,0,0,1,0,1.0,0.0,0,0.141603,0.46846282,0.2838746,-3.3385518,44.261883,44.26188278198242,0.4551756007393716
tensor(14235),"tensor(8371., dtype=torch.float64)",tensor(9),1,0,0,0,0,0.023327777,0.14289975,0.9815121,0.10744493,0.47236112,0,0,1,0,0,0.0,1.0,1,0.15290433,0.4723611,0.32915345,-2.3451343,48.518234,236.40829467773438,0.5843345656192237
tensor(14297),"tensor(7800., dtype=torch.float64)",tensor(9),0,0,1,0,0,0.46319267,0.010479098,0.91142046,0.013960173,0.028532512,0,0,1,0,0,1.0,0.0,0,0.12094879,0.4631927,0.25019258,-2.962338,193.82443,225.33384704589844,0.5561460258780037
tensor(14339),"tensor(8081., dtype=torch.float64)",tensor(9),1,0,0,0,0,0.98909867,0.003783417,0.03470241,0.003868583,0.0026990615,1,0,0,0,0,1.0,0.0,0,0.011190891,0.03470242,0.05594337,-4.974003,297.67035,3413.177490234375,0.308456561922366
tensor(14349),"tensor(529., dtype=torch.float64)",tensor(9),0,1,1,0,0,0.05490634,0.24894106,0.9317138,0.41398844,0.03439911,0,0,1,0,0,0.6666666666666666,0.33333333333333337,1,0.16410428,0.41398847,0.3702122,-2.0490928,84.01747,354.05670166015625,0.6963955637707948
tensor(14385),"tensor(3687., dtype=torch.float64)",tensor(9),1,0,0,0,0,0.9689802,0.00021822915,0.47855064,0.00015487408,0.0018022296,1,0,0,0,0,1.0,0.0,0,0.1023491,0.47855067,0.16945119,-5.409377,401.10638,3410.79296875,0.4399260628465804
tensor(14403),"tensor(488., dtype=torch.float64)",tensor(9),1,0,0,0,0,0.3486234,0.23223293,0.65192986,0.7268018,0.07799095,0,0,0,1,0,0.0,1.0,1,0.2560231,0.3486234,0.5390087,-1.1793587,31.81916,31.81916046142578,0.7548521256931608
tensor(14407),"tensor(9815., dtype=torch.float64)",tensor(9),1,0,0,0,0,0.9834606,0.018937375,0.0028110791,0.17580466,0.0025723933,1,0,0,0,0,1.0,0.0,0,0.043332934,0.17580467,0.13606414,-4.281916,249.50903,3685.8603515625,0.38170055452865065
tensor(14435),"tensor(20180., dtype=torch.float64)",tensor(9),1,0,0,0,0,0.9751126,0.00010561229,0.029833125,0.031572767,0.108082555,1,0,0,0,0,1.0,0.0,0,0.038896263,0.10808253,0.14687665,-4.3679056,174.44183,3074.220703125,0.35351201478743066
tensor(14449),"tensor(488., dtype=torch.float64)",tensor(9),1,0,0,0,0,0.9638089,0.02200457,0.025586996,0.12367291,0.033556048,1,0,0,0,0,1.0,0.0,0,0.048202336,0.1236729,0.1803019,-3.2069182,134.34058,3701.79638671875,0.4096580406654344
tensor(14461),"tensor(3403., dtype=torch.float64)",tensor(9),1,0,0,0,0,0.5524239,0.5623105,0.30063516,0.06484042,0.3056184,0,0,0,0,0,0.0,1.0,1,0.31127185,0.4475761,0.5680074,-0.95895225,32.048416,32.04841613769531,0.7724121996303142
tensor(14467),"tensor(1716., dtype=torch.float64)",tensor(9),0,0,0,1,1,0.009403315,0.039183132,0.060478717,0.99896586,0.423811,0,0,0,1,0,0.6666666666666666,0.33333333333333337,1,0.10678208,0.42381096,0.22729962,-3.5560431,48.995007,48.9950065612793,0.37962107208872453
tensor(14487),"tensor(15893., dtype=torch.float64)",tensor(9),0,1,0,1,0,0.047436427,0.87629545,0.5759346,0.6281945,0.1329864,0,1,0,0,0,0.6666666666666666,0.33333333333333337,1,0.21999961,0.4240654,0.45972854,-1.5325934,34.789948,41.377315521240234,0.7213493530499075
tensor(14493),"tensor(3716., dtype=torch.float64)",tensor(9),0,0,0,1,1,0.014160613,0.012011916,0.0508872,0.99860066,0.33157766,0,0,0,1,0,0.6666666666666666,0.33333333333333337,1,0.08200729,0.33157766,0.19728085,-3.7700317,67.98724,67.98724365234375,0.3632162661737523
tensor(14495),"tensor(17466., dtype=torch.float64)",tensor(9),0,1,0,0,0,0.896584,0.45428663,0.011290373,0.03416643,0.0015781185,1,0,0,0,0,0.0,1.0,1,0.12094748,0.45428663,0.24880683,-3.3214676,175.87912,4063.84765625,0.5293438077634012
tensor(14509),"tensor(5555., dtype=torch.float64)",tensor(9),1,0,0,0,0,0.42241153,0.33052397,0.6564456,0.39726123,0.43698633,0,0,0,0,0,0.0,1.0,1,0.3861475,0.43698633,0.6632086,-0.46729678,41.252876,41.25287628173828,0.8142329020332717
tensor(14519),"tensor(19301., dtype=torch.float64)",tensor(9),1,0,0,0,0,0.99626595,0.0005003643,0.004887133,0.018208327,0.0026572896,1,0,0,0,0,1.0,0.0,0,0.0059973598,0.018208325,0.033835854,-5.6835456,352.21783,3185.07861328125,0.2855822550831793
tensor(14549),"tensor(4932., dtype=torch.float64)",tensor(9),1,0,0,0,0,0.79347634,0.0050189663,0.7480011,0.00027195492,0.03613712,1,0,1,0,0,0.6666666666666666,0.33333333333333337,1,0.09999007,0.2519989,0.25267714,-3.8433437,199.38174,199.38174438476562,0.4863678373382625
tensor(14589),"tensor(4395., dtype=torch.float64)",tensor(9),0,1,1,0,1,0.001248663,0.96912193,0.8924893,0.15414739,0.8225981,0,1,1,0,0,0.8,0.19999999999999996,1,0.09423733,0.1774019,0.27718467,-3.0967371,45.980217,52.7719841003418,0.4152033271719039
tensor(14601),"tensor(6780., dtype=torch.float64)",tensor(9),0,0,1,0,0,0.06751717,0.44993702,0.89113164,0.30551115,0.18344356,0,0,1,0,0,1.0,0.0,0,0.22305548,0.449937,0.47429496,-1.448625,53.932037,323.3337097167969,0.7835027726432533
tensor(14615),"tensor(11573., dtype=torch.float64)",tensor(9),0,0,1,0,0,0.11454878,0.34150586,0.89786905,0.21663809,0.6511856,0,0,1,0,0,1.0,0.0,0,0.22472763,0.34881443,0.499404,-1.3570154,23.759525,283.7419738769531,0.7160351201478743
tensor(14671),"tensor(14147., dtype=torch.float64)",tensor(9),0,0,1,1,0,0.010171545,0.87131983,0.8132053,0.60875887,0.07503409,0,1,1,0,0,0.5,0.5,1,0.15838432,0.39124113,0.371594,-2.1831005,52.40959,56.94042205810547,0.6386321626617375
tensor(14741),"tensor(6796., dtype=torch.float64)",tensor(9),0,0,0,1,1,0.005715823,0.59275824,0.7551597,0.97240055,0.85999745,0,0,1,1,1,0.8,0.19999999999999996,1,0.16508007,0.40724176,0.35978347,-2.4075458,30.758167,30.758167266845703,0.5586876155268022
tensor(14777),"tensor(12067., dtype=torch.float64)",tensor(9),0,1,0,0,0,0.0008072552,0.9981103,0.5110796,0.038882464,0.34660015,0,1,0,0,0,1.0,0.0,0,0.17541999,0.4889204,0.3045779,-3.4552867,60.34677,60.346771240234375,0.5265711645101663
tensor(14791),"tensor(16256., dtype=torch.float64)",tensor(9),1,0,0,0,0,0.92815274,0.101705305,0.05098585,0.10902245,0.058974285,1,0,0,0,0,1.0,0.0,0,0.078507066,0.10902244,0.27144307,-2.5063162,72.330215,3902.25146484375,0.4907578558225508
tensor(14809),"tensor(21216., dtype=torch.float64)",tensor(9),1,0,0,0,0,0.9971253,0.00026610543,0.0012122794,0.008335873,0.013053769,1,0,0,0,0,1.0,0.0,0,0.00514853,0.013053775,0.029862437,-5.9797373,286.35782,2775.248779296875,0.2696395563770795
tensor(14835),"tensor(10164., dtype=torch.float64)",tensor(9),1,0,0,0,0,0.9321809,0.14332515,0.05199737,0.08494523,0.00714097,1,0,0,0,0,1.0,0.0,0,0.07104558,0.14332515,0.23927188,-2.9247012,120.97132,4058.36328125,0.4653419593345656
tensor(14887),"tensor(1841., dtype=torch.float64)",tensor(9),0,0,0,1,0,0.006722113,0.5746784,0.7722209,0.9860308,0.31946704,0,0,1,1,0,0.6666666666666666,0.33333333333333337,1,0.19865179,0.42532158,0.3917711,-2.306105,23.021198,23.021198272705078,0.5993530499075785
tensor(14901),"tensor(1075., dtype=torch.float64)",tensor(9),1,0,0,0,0,0.86381674,0.3550632,0.020575458,0.1227301,0.07647074,1,0,0,0,0,1.0,0.0,0,0.14220458,0.3550632,0.35823247,-2.1530406,63.14512,3954.85986328125,0.6356284658040665
tensor(14921),"tensor(6074., dtype=torch.float64)",tensor(9),1,0,0,0,0,0.74167603,0.10434298,0.008589556,0.47909245,0.5164667,1,0,0,0,0,1.0,0.0,0,0.26677644,0.48353332,0.46802217,-1.6205447,64.785126,3654.0908203125,0.8059149722735676
tensor(14969),"tensor(6531., dtype=torch.float64)",tensor(9),0,0,1,0,0,0.88686824,0.00017783447,0.65313864,0.0004543852,0.04360526,1,0,0,0,0,0.0,1.0,1,0.10084611,0.34686136,0.23667948,-4.422118,207.7524,3331.9970703125,0.4595656192236599
tensor(14979),"tensor(475., dtype=torch.float64)",tensor(9),1,0,0,0,0,0.8494615,0.05238422,0.22874321,0.016220812,0.22673306,1,0,0,0,0,1.0,0.0,0,0.13492393,0.2287432,0.35702246,-2.2346215,77.02649,3748.42431640625,0.6374768946395564
tensor(15005),"tensor(2055., dtype=torch.float64)",tensor(9),1,0,1,0,0,0.41020924,0.16719979,0.8264428,0.02602141,0.056377538,0,0,1,0,0,0.6666666666666666,0.33333333333333337,1,0.16667306,0.41020924,0.38546887,-1.9938905,84.92813,254.31134033203125,0.7118761552680221
tensor(15009),"tensor(9561., dtype=torch.float64)",tensor(9),1,0,0,0,0,0.5755608,0.10427785,0.07965247,0.8961393,0.049194552,1,0,0,1,0,0.6666666666666666,0.33333333333333337,1,0.15228498,0.4244392,0.36472136,-2.0037596,33.17531,33.17530822753906,0.5910351201478742
tensor(15071),"tensor(19222., dtype=torch.float64)",tensor(9),0,0,1,0,0,0.06439665,0.059925217,0.97738373,0.0073497565,0.08681264,0,0,1,0,0,1.0,0.0,0,0.04822004,0.086812615,0.18244922,-3.29082,161.00461,229.66876220703125,0.41890018484288355
tensor(15079),"tensor(6194., dtype=torch.float64)",tensor(9),0,0,1,0,0,0.26081577,0.14260386,0.8674085,0.48407516,0.030891059,0,0,1,0,0,1.0,0.0,0,0.21019542,0.4840752,0.44106397,-1.6446861,75.27719,343.8629150390625,0.7883548983364141
tensor(15093),"tensor(3321., dtype=torch.float64)",tensor(9),0,1,0,0,0,0.12224984,0.6534558,0.7662615,0.20699209,0.20526697,0,0,1,0,0,0.0,1.0,1,0.22295833,0.3465442,0.5155962,-1.2979455,45.98598,342.05462646484375,0.7795748613678374
tensor(15119),"tensor(7803., dtype=torch.float64)",tensor(9),0,0,0,0,1,0.9652511,0.0002309978,0.010668051,0.15507108,0.15817328,1,0,0,0,0,0.0,1.0,1,0.071778476,0.15817326,0.21602578,-3.9188278,198.38533,3159.56494140625,0.4390018484288355
tensor(15125),"tensor(960., dtype=torch.float64)",tensor(9),0,1,1,0,1,0.009695302,0.5627191,0.9424627,0.3543218,0.93468434,0,0,1,0,1,0.8,0.19999999999999996,1,0.18483019,0.4372809,0.3702847,-2.1871428,16.671423,16.671422958374023,0.5785582255083179
tensor(15137),"tensor(14274., dtype=torch.float64)",tensor(9),1,0,0,0,0,0.9925804,0.005985176,0.001575515,0.09590779,0.002177451,1,0,0,0,0,1.0,0.0,0,0.022613168,0.09590781,0.08472755,-4.9662447,335.4579,3469.55029296875,0.3465804066543438
tensor(15153),"tensor(21608., dtype=torch.float64)",tensor(9),1,0,0,0,0,0.91102934,0.41119838,0.016403787,0.036744118,0.009175438,1,0,0,0,0,1.0,0.0,0,0.11249846,0.41119838,0.25415316,-2.9454665,113.91352,3960.5546875,0.511090573012939
tensor(15171),"tensor(9442., dtype=torch.float64)",tensor(9),1,0,0,0,0,0.9990374,0.0013512064,0.00015934161,0.0042579193,0.00055382994,1,0,0,0,0,1.0,0.0,0,0.0014570355,0.0042579174,0.0103355395,-7.0494795,599.47595,2975.578125,0.2657116451016636
tensor(15211),"tensor(20875., dtype=torch.float64)",tensor(9),1,0,0,0,0,0.9780489,0.009035983,0.019598586,0.04136916,0.034637447,1,0,0,0,0,1.0,0.0,0,0.025318503,0.04136914,0.11526308,-3.7754502,157.40248,3441.91455078125,0.35004621072088726
tensor(15251),"tensor(11092., dtype=torch.float64)",tensor(9),0,0,1,1,1,0.0015508634,0.91662776,0.8749834,0.9178649,0.57839674,0,1,1,1,0,0.6666666666666666,0.33333333333333337,1,0.1427356,0.42160326,0.32801428,-2.7080834,37.888214,37.888214111328125,0.5113216266173752
tensor(15301),"tensor(15228., dtype=torch.float64)",tensor(9),0,0,1,0,0,0.033849,0.03231554,0.9742594,0.18603918,0.27819338,0,0,1,0,0,1.0,0.0,0,0.11122751,0.27819335,0.29637095,-2.5627546,76.80254,218.62445068359375,0.5402033271719039
tensor(15341),"tensor(13753., dtype=torch.float64)",tensor(9),0,0,1,0,1,0.00012687681,0.9265078,0.9700907,0.6853469,0.97743416,0,1,1,1,1,0.6666666666666666,0.33333333333333337,1,0.08814943,0.3146531,0.22578175,-3.9065151,51.932755,51.93275451660156,0.35073937153419593
tensor(15343),"tensor(13897., dtype=torch.float64)",tensor(9),1,0,0,0,0,0.82631594,0.093465835,0.41690955,0.050170466,0.024597036,1,0,0,0,0,1.0,0.0,0,0.15176547,0.41690958,0.35317653,-2.157665,91.50745,4169.90478515625,0.6707486136783734
tensor(15361),"tensor(9500., dtype=torch.float64)",tensor(9),1,0,0,0,0,0.8775152,0.014710613,0.17098317,0.10269692,0.18887001,1,0,0,0,0,1.0,0.0,0,0.11994904,0.18887001,0.3443012,-2.2754257,90.71849,3784.74072265625,0.6254621072088724
tensor(15363),"tensor(15507., dtype=torch.float64)",tensor(9),1,0,0,0,0,0.8292581,0.0017951175,0.0027403152,0.2522865,0.7557968,1,0,0,0,0,1.0,0.0,0,0.13435346,0.2522865,0.3219635,-3.202886,173.86429,2905.74267578125,0.5998151571164511
tensor(15403),"tensor(16292., dtype=torch.float64)",tensor(9),1,0,0,0,0,0.6617546,0.49790195,0.12386782,0.13152495,0.013183756,1,0,0,0,0,1.0,0.0,0,0.22094476,0.49790192,0.4334011,-1.7677715,65.129395,4306.7333984375,0.7684842883548983
tensor(15413),"tensor(14145., dtype=torch.float64)",tensor(9),1,0,0,0,0,0.98874927,0.0056503415,0.005841046,0.016123762,0.032723725,1,0,0,0,0,1.0,0.0,0,0.01431787,0.032723725,0.07180932,-4.456192,194.71045,3143.96240234375,0.3103049907578558
tensor(15417),"tensor(13133., dtype=torch.float64)",tensor(9),0,0,1,0,0,0.6555631,0.37638536,0.33898026,0.34353632,0.12480213,1,0,0,0,0,0.0,1.0,1,0.30562818,0.37638533,0.5932593,-0.88232803,38.1363,4434.4677734375,0.7939001848428835
tensor(15465),"tensor(18102., dtype=torch.float64)",tensor(9),1,0,0,0,0,0.9919795,0.000992815,0.0060685077,0.11268591,0.0048017665,1,0,0,0,0,1.0,0.0,0,0.026513875,0.11268592,0.09481971,-4.8455567,332.55573,3423.534912109375,0.3542051756007394
tensor(15471),"tensor(13133., dtype=torch.float64)",tensor(9),0,0,1,0,0,0.18170153,0.20677246,0.87048084,0.19879729,0.035534482,0,0,1,0,0,1.0,0.0,0,0.15046501,0.20677245,0.4042596,-1.8898938,82.10442,321.8061218261719,0.7100277264325323
tensor(15479),"tensor(17997., dtype=torch.float64)",tensor(9),0,1,1,0,0,0.0043760682,0.9299095,0.8896658,0.1472558,0.24432833,0,1,1,0,0,1.0,0.0,0,0.11527699,0.24432832,0.32063183,-2.5970469,42.939484,42.939483642578125,0.503003696857671
tensor(15485),"tensor(12579., dtype=torch.float64)",tensor(9),0,0,0,1,1,0.0063954196,0.2813939,0.2927692,0.99734527,0.55675524,0,0,0,1,0,0.6666666666666666,0.33333333333333337,1,0.20529163,0.44324476,0.3885303,-2.6044097,20.440834,20.440834045410156,0.5743992606284658
tensor(15515),"tensor(17393., dtype=torch.float64)",tensor(9),0,1,0,0,0,0.0052760807,0.99609286,0.17722331,0.027900495,0.06820756,0,1,0,0,0,1.0,0.0,0,0.05650294,0.17722332,0.18039967,-3.6961918,52.325607,52.32560729980469,0.30891866913123844
tensor(15525),"tensor(8004., dtype=torch.float64)",tensor(9),1,0,0,0,0,0.7676422,0.050820455,0.0739162,0.8023913,0.032043975,1,0,0,1,0,0.6666666666666666,0.33333333333333337,1,0.117349446,0.2323578,0.32910663,-2.2919524,53.93458,53.9345817565918,0.5619223659889094
tensor(15537),"tensor(14188., dtype=torch.float64)",tensor(9),0,1,0,0,0,0.003720724,0.9933658,0.38049766,0.4159461,0.50049865,0,1,0,0,0,1.0,0.0,0,0.2612599,0.49950135,0.4201633,-2.2855706,35.4771,35.47710037231445,0.6725970425138632
tensor(15553),"tensor(17012., dtype=torch.float64)",tensor(9),1,0,0,0,0,0.9799857,0.00044038682,0.010386948,0.065640815,0.09057992,1,0,0,0,0,1.0,0.0,0,0.037412465,0.09057993,0.14116041,-4.227502,181.41904,3132.2646484375,0.358826247689464
tensor(15563),"tensor(14188., dtype=torch.float64)",tensor(9),0,1,0,0,0,0.004867766,0.9636878,0.5754268,0.8064642,0.27490875,0,1,0,1,0,0.6666666666666666,0.33333333333333337,1,0.18683946,0.42457318,0.38958684,-2.2599869,37.313232,37.313232421875,0.6326247689463955
tensor(15597),"tensor(14188., dtype=torch.float64)",tensor(9),0,1,1,1,0,0.00085515267,0.98598653,0.71706575,0.78049904,0.6136309,0,1,1,1,0,1.0,0.0,0,0.18073463,0.3863691,0.3739383,-2.7956262,46.76013,46.7601318359375,0.5947319778188539
tensor(15609),"tensor(12619., dtype=torch.float64)",tensor(9),1,0,0,0,0,0.99551386,0.0005114129,0.0024603982,0.009081994,0.019719971,1,0,0,0,0,1.0,0.0,0,0.0072520375,0.019719958,0.03980862,-5.5167217,242.17455,2851.5771484375,0.27541589648798526
tensor(15679),"tensor(18575., dtype=torch.float64)",tensor(9),1,0,0,0,0,0.9978084,0.00046113378,0.001670421,0.007933842,0.0019574678,1,0,0,0,0,1.0,0.0,0,0.0028429031,0.007933855,0.018480126,-6.251621,416.99448,3024.668212890625,0.27264325323475047
tensor(15687),"tensor(16502., dtype=torch.float64)",tensor(9),0,0,1,0,0,0.10146829,0.038618542,0.9616422,0.19721735,0.04345959,0,0,1,0,0,1.0,0.0,0,0.08382428,0.19721735,0.26596466,-2.6225219,131.0629,277.47064208984375,0.5270332717190389
tensor(15697),"tensor(8547., dtype=torch.float64)",tensor(9),1,0,0,0,0,0.9224899,0.0016330564,0.13837737,0.022735508,0.16723251,1,0,0,0,0,1.0,0.0,0,0.08149779,0.16723251,0.24934745,-3.2174733,110.83458,3411.064697265625,0.45771719038817005
tensor(15699),"tensor(16502., dtype=torch.float64)",tensor(9),1,0,0,0,0,0.9971474,0.0006702358,0.0030125165,0.014713731,0.0014929851,1,0,0,0,0,1.0,0.0,0,0.0045484304,0.014713705,0.02670311,-5.935092,398.9942,3192.7099609375,0.2784195933456562
tensor(15731),"tensor(14804., dtype=torch.float64)",tensor(9),0,1,0,1,0,0.019380827,0.36053693,0.7392117,0.9744767,0.117989875,0,0,1,1,0,0.5,0.5,1,0.15684384,0.36053693,0.36098897,-2.2385445,26.793873,26.793872833251953,0.5570702402957486
tensor(15763),"tensor(8258., dtype=torch.float64)",tensor(9),0,0,1,1,0,0.00092623604,0.44754586,0.9831823,0.77239066,0.9535195,0,0,1,1,1,0.8,0.19999999999999996,1,0.14787596,0.4475459,0.30096012,-3.1010802,28.863739,28.863739013671875,0.441543438077634
tensor(15775),"tensor(7056., dtype=torch.float64)",tensor(9),1,0,0,0,1,0.85399723,0.18797684,0.21072727,0.016999576,0.07572226,1,0,0,0,0,0.6666666666666666,0.33333333333333337,1,0.12748575,0.21072727,0.3536445,-2.2218843,64.23801,3946.34130859375,0.6148336414048059
tensor(15783),"tensor(15287., dtype=torch.float64)",tensor(9),0,1,0,0,0,0.005799928,0.99627954,0.006747651,0.00802785,0.00078174815,0,1,0,0,0,1.0,0.0,0,0.005015552,0.008027852,0.03074674,-5.5392065,174.02681,174.0268096923828,0.24560998151571162
tensor(15785),"tensor(16502., dtype=torch.float64)",tensor(9),1,0,0,0,0,0.9103494,0.013375277,0.24893159,0.046477027,0.032036494,1,0,0,0,0,1.0,0.0,0,0.0860942,0.24893159,0.25272757,-2.8305268,121.8678,3840.5185546875,0.49468576709796674
tensor(15799),"tensor(17354., dtype=torch.float64)",tensor(9),0,0,1,1,0,0.33037913,0.015995866,0.4389228,0.8799941,0.42001978,0,0,0,1,0,0.6666666666666666,0.33333333333333337,1,0.26506472,0.43892276,0.48987326,-1.4772745,47.119114,47.11911392211914,0.7860443622920518
tensor(15805),"tensor(8258., dtype=torch.float64)",tensor(9),0,0,1,1,0,0.0006981667,0.45079762,0.98951226,0.6266961,0.9602652,0,0,1,0,1,0.5,0.5,1,0.17500436,0.45079762,0.3160182,-3.142772,35.44931,35.449310302734375,0.493992606284658
tensor(15811),"tensor(20799., dtype=torch.float64)",tensor(9),0,1,0,0,0,0.00086034794,0.9989532,0.23591211,0.04091891,0.02697465,0,1,0,0,0,1.0,0.0,0,0.061142564,0.23591208,0.17128006,-4.3667006,80.301834,80.30183410644531,0.32162661737523107
tensor(15813),"tensor(7937., dtype=torch.float64)",tensor(9),1,0,0,0,0,0.9918213,0.0004882071,0.034109756,0.0063292882,0.0042117746,1,0,0,0,0,1.0,0.0,0,0.010663629,0.03410977,0.053201355,-5.2575235,283.8082,3259.23046875,0.3006007393715342
tensor(15819),"tensor(8682., dtype=torch.float64)",tensor(9),1,0,0,0,0,0.63643175,0.019996643,0.00060852495,0.97157794,0.0061090714,1,0,0,1,0,0.6666666666666666,0.33333333333333337,1,0.08374089,0.36356825,0.18500635,-4.095875,185.3265,185.32650756835938,0.4198243992606284
tensor(15831),"tensor(13204., dtype=torch.float64)",tensor(9),0,0,1,0,0,0.5634612,0.0076433783,0.6366652,0.53742903,0.07348196,0,0,0,0,0,0.0,1.0,1,0.268714,0.46257097,0.4676295,-1.6733547,92.41037,92.41036987304688,0.8338724584103512
tensor(15853),"tensor(21223., dtype=torch.float64)",tensor(9),0,0,1,1,1,0.0055921176,0.22774214,0.39593163,0.9974988,0.3651789,0,0,0,1,0,0.5,0.5,1,0.19938916,0.3959316,0.38325265,-2.6731548,22.896555,22.896554946899414,0.5609981515711646
tensor(15855),"tensor(9629., dtype=torch.float64)",tensor(9),0,0,1,0,0,0.36934018,0.60668916,0.4689776,0.06257944,0.008062113,0,0,0,0,0,0.0,1.0,1,0.26045406,0.46897757,0.46018618,-1.722379,83.72255,83.72254943847656,0.8133086876155269
tensor(15859),"tensor(12268., dtype=torch.float64)",tensor(9),0,0,1,0,1,0.00080492505,0.02581675,0.998346,0.06760516,0.9891276,0,0,1,0,1,1.0,0.0,0,0.021350563,0.06760514,0.08920873,-4.8584156,140.05394,140.05393981933594,0.2945933456561922
tensor(15867),"tensor(16720., dtype=torch.float64)",tensor(9),0,0,0,0,0,9.334929e-05,0.0033005315,4.9850387e-06,0.010399066,6.0507595e-08,0,0,0,0,0,1.0,0.0,0,0.0027596354,0.010399044,0.016201401,-9.674916,987.67896,987.678955078125,0.2712569316081331
tensor(15875),"tensor(11128., dtype=torch.float64)",tensor(9),1,0,0,0,0,0.43145642,0.67613095,0.04082711,0.31822476,0.6943154,0,0,0,0,0,0.0,1.0,1,0.28401244,0.43145645,0.545033,-1.1501997,53.626793,53.626792907714844,0.8223197781885397
tensor(15889),"tensor(17166., dtype=torch.float64)",tensor(9),0,0,1,0,0,0.11961929,0.09940983,0.96811455,0.0016814874,0.020587754,0,0,1,0,0,1.0,0.0,0,0.054636776,0.11961931,0.18878515,-3.572338,221.51744,291.8829345703125,0.4297597042513863
tensor(15895),"tensor(13953., dtype=torch.float64)",tensor(9),1,0,0,0,0,0.9942062,0.00044860842,0.0027678602,0.0076305163,0.04612511,1,0,0,0,0,1.0,0.0,0,0.012553215,0.046125114,0.058068383,-5.3276167,195.6229,2753.54345703125,0.2809611829944547
tensor(15905),"tensor(7434., dtype=torch.float64)",tensor(9),0,0,1,0,0,0.025151148,0.54173386,0.9377326,0.007283814,0.5196773,0,0,1,0,0,1.0,0.0,0,0.20665824,0.48032272,0.35515252,-2.306054,80.36922,246.340087890625,0.6954713493530499
tensor(15909),"tensor(17166., dtype=torch.float64)",tensor(9),1,0,0,0,0,0.23548964,0.11715684,0.89846575,0.026451072,0.11569084,0,0,1,0,0,0.0,1.0,1,0.11926448,0.2354896,0.3431837,-2.2034063,89.54982,232.3502197265625,0.6261552680221811
tensor(15921),"tensor(16502., dtype=torch.float64)",tensor(9),1,0,0,0,0,0.97592247,0.006149602,0.055823933,0.05238948,0.008258563,1,0,0,0,0,1.0,0.0,0,0.02933979,0.055823922,0.123919465,-3.8597724,199.19711,3676.45703125,0.3682994454713494
tensor(15945),"tensor(8665., dtype=torch.float64)",tensor(9),0,0,1,0,0,0.94073963,0.009618964,0.20752004,0.015151983,0.019153608,1,0,0,0,0,0.0,1.0,1,0.06214106,0.20752001,0.19261345,-3.3698597,160.52914,3712.40478515625,0.4297597042513863
tensor(15967),"tensor(3717., dtype=torch.float64)",tensor(9),1,0,0,0,0,0.96742713,0.0011594434,0.0094851535,0.5106015,0.0060539003,1,0,0,0,0,1.0,0.0,0,0.107733905,0.48939848,0.1872138,-3.988341,243.74728,3673.339111328125,0.4695009242144177
tensor(15989),"tensor(15877., dtype=torch.float64)",tensor(9),0,0,0,1,0,0.27094147,0.030129569,0.059136007,0.98346025,0.08144923,0,0,0,1,0,1.0,0.0,0,0.09163922,0.2709415,0.2621023,-2.7473183,42.93873,42.93872833251953,0.4225970425138632
tensor(15995),"tensor(3757., dtype=torch.float64)",tensor(9),0,0,0,1,1,0.7441471,0.020738024,0.005258779,0.92160815,0.006094673,1,0,0,1,0,0.5,0.5,1,0.07326716,0.25585288,0.20287983,-3.5447357,140.01361,140.01361083984375,0.4235212569316082
tensor(16011),"tensor(10532., dtype=torch.float64)",tensor(9),0,0,0,1,0,0.5780232,0.0068308967,0.007826397,0.9748948,0.03742361,1,0,0,1,0,0.6666666666666666,0.33333333333333337,1,0.099832535,0.4219768,0.20890121,-3.4086144,105.71502,105.71501922607422,0.4383086876155268
tensor(16057),"tensor(16563., dtype=torch.float64)",tensor(9),1,0,0,0,0,0.9958687,0.00076508266,0.0011642766,0.029257413,0.00948341,1,0,0,0,0,1.0,0.0,0,0.008960247,0.029257417,0.04556984,-5.512976,313.97635,3013.72998046875,0.2918207024029575
tensor(16067),"tensor(2847., dtype=torch.float64)",tensor(9),1,0,0,0,0,0.5825534,0.46636096,0.20322627,0.5349329,0.36700022,1,0,0,0,0,1.0,0.0,0,0.38382024,0.46636093,0.64464474,-0.50386834,30.791073,4315.20751953125,0.7795748613678373
tensor(16069),"tensor(2393., dtype=torch.float64)",tensor(9),0,0,0,1,0,0.05575463,0.022566939,0.80748546,0.9435358,0.5011339,0,0,1,1,0,0.6666666666666666,0.33333333333333337,1,0.16523325,0.49886608,0.34462184,-2.1704373,54.350624,54.350624084472656,0.6307763401109057
tensor(16085),"tensor(2718., dtype=torch.float64)",tensor(9),0,0,0,1,0,0.097709976,0.33257118,0.117915094,0.9780059,0.30311358,0,0,0,1,0,1.0,0.0,0,0.1746608,0.33257115,0.40758753,-1.9118178,6.870783,6.870782852172852,0.6053604436229205
tensor(16109),"tensor(11473., dtype=torch.float64)",tensor(9),1,0,0,0,0,0.9919891,0.003136028,0.0027253197,0.017815743,0.02564576,1,0,0,0,0,1.0,0.0,0,0.011466801,0.025645733,0.059069596,-4.8260202,221.59363,3039.32470703125,0.2982902033271719
tensor(16115),"tensor(8867., dtype=torch.float64)",tensor(9),0,0,1,0,0,0.020225482,0.05613429,0.97169185,0.05213488,0.08030541,0,0,1,0,0,1.0,0.0,0,0.047421634,0.0803054,0.1856381,-3.115418,118.176956,253.2823486328125,0.40711645101663585
tensor(16145),"tensor(16656., dtype=torch.float64)",tensor(9),1,0,0,0,0,0.99701154,0.00068633887,0.00082778605,0.0090304855,0.011124053,1,0,0,0,0,1.0,0.0,0,0.00493145,0.011124074,0.029069185,-5.874986,301.6117,2817.018798828125,0.2710258780036969
tensor(16153),"tensor(21398., dtype=torch.float64)",tensor(9),0,0,1,0,0,0.08894469,0.29837123,0.8281347,0.014907351,0.098731175,0,0,1,0,0,1.0,0.0,0,0.13456392,0.2983712,0.35363588,-2.2312808,72.343475,260.74102783203125,0.6305452865064695
tensor(16171),"tensor(13559., dtype=torch.float64)",tensor(9),0,1,0,1,0,0.0063122436,0.9157501,0.70362633,0.9134589,0.58622724,0,1,1,1,0,0.8,0.19999999999999996,1,0.17744988,0.41377276,0.38154355,-2.2029047,29.19978,29.199779510498047,0.5986598890942699
tensor(16209),"tensor(12826., dtype=torch.float64)",tensor(9),0,0,1,1,0,0.47689566,0.07070138,0.82798505,0.0050668996,0.12889077,0,0,1,0,0,0.6666666666666666,0.33333333333333337,1,0.17071402,0.4768957,0.36454016,-2.2861218,114.609604,180.01722717285156,0.7037892791127541
tensor(16253),"tensor(7307., dtype=torch.float64)",tensor(9),1,0,0,0,0,0.91548824,0.14341061,0.07368918,0.1129297,0.0061171516,1,0,0,0,0,1.0,0.0,0,0.08413172,0.14341062,0.27074215,-2.77057,122.68817,4140.33203125,0.5124768946395564
tensor(16267),"tensor(1284., dtype=torch.float64)",tensor(9),1,0,0,0,0,0.78248113,0.034512214,0.046973478,0.7443871,0.12173386,1,0,0,1,0,0.6666666666666666,0.33333333333333337,1,0.13527024,0.2556129,0.36042634,-2.1333146,41.275116,41.275115966796875,0.5891866913123844
tensor(16287),"tensor(9957., dtype=torch.float64)",tensor(9),1,0,0,0,0,0.9880519,0.027820988,0.009940629,0.014785477,0.0014990175,1,0,0,0,0,1.0,0.0,0,0.013198853,0.027821004,0.067162946,-4.654142,268.11612,3663.6708984375,0.3241682070240296
tensor(16303),"tensor(8239., dtype=torch.float64)",tensor(9),0,0,0,0,1,0.9957171,0.0026574186,0.00086859363,0.0707003,0.0013237561,1,0,0,0,0,0.0,1.0,1,0.015966594,0.07070029,0.06371506,-5.5252576,428.52924,3373.743408203125,0.327634011090573
tensor(16359),"tensor(5070., dtype=torch.float64)",tensor(9),0,0,1,1,0,0.0037946554,0.43482116,0.9089846,0.9749479,0.7408631,0,0,1,1,0,1.0,0.0,0,0.16276395,0.43482113,0.3407393,-2.5691504,34.02648,34.02648162841797,0.5353512014787432
tensor(16373),"tensor(6942., dtype=torch.float64)",tensor(9),0,1,0,0,0,0.0006236362,0.93086094,0.80942667,0.96330166,0.9165094,0,1,1,1,1,0.4,0.6,1,0.07610494,0.19057333,0.23764077,-3.4178143,48.264202,48.26420211791992,0.3613678373382625
tensor(16437),"tensor(3878., dtype=torch.float64)",tensor(9),1,0,0,0,0,0.9450117,0.15062524,0.009103265,0.13725752,0.0043346044,1,0,0,0,0,1.0,0.0,0,0.07126176,0.15062523,0.22328882,-3.3077598,159.02634,3951.066650390625,0.4549445471349353
tensor(16441),"tensor(20525., dtype=torch.float64)",tensor(9),0,0,0,0,1,0.9595271,0.0008344925,0.0043381727,0.068904795,0.40620482,1,0,0,0,0,0.0,1.0,1,0.10415107,0.40620482,0.2260735,-3.7345853,142.80927,2941.2470703125,0.45702402957486143
tensor(16445),"tensor(19238., dtype=torch.float64)",tensor(9),0,0,0,0,0,0.0089107305,0.03437462,0.0009200958,0.1686194,5.5317218e-05,0,0,0,0,0,1.0,0.0,0,0.042576015,0.1686194,0.13244165,-5.2869864,314.7057,314.7056884765625,0.36645101663585955
tensor(16455),"tensor(1513., dtype=torch.float64)",tensor(9),0,0,0,1,0,0.021355776,0.59831434,0.18314306,0.9878093,0.097432114,0,0,0,1,0,1.0,0.0,0,0.14316148,0.40168566,0.32766607,-2.4678795,17.020264,17.020263671875,0.4900646950092421
tensor(16521),"tensor(20762., dtype=torch.float64)",tensor(9),0,1,0,0,0,0.017352339,0.85670644,0.81584173,0.18597987,0.75248545,0,1,1,0,0,0.6666666666666666,0.33333333333333337,1,0.1556598,0.24751455,0.403203,-1.9802815,29.69788,42.4405517578125,0.6069778188539742
tensor(16527),"tensor(19167., dtype=torch.float64)",tensor(9),0,0,1,0,0,0.3700239,0.4973945,0.65330476,0.41647932,0.060396887,0,0,0,0,0,0.0,1.0,1,0.338198,0.4973945,0.58093345,-0.8515795,47.023582,47.023582458496094,0.8207024029574861
tensor(16545),"tensor(6830., dtype=torch.float64)",tensor(9),1,0,0,0,0,0.95067275,0.003585786,0.06110976,0.3278071,0.01168021,1,0,0,0,0,1.0,0.0,0,0.09070194,0.32780707,0.22930233,-3.294827,164.45337,3826.42626953125,0.4792051756007394
tensor(16551),"tensor(4952., dtype=torch.float64)",tensor(9),1,0,0,0,0,0.999091,0.00017997497,0.0006339276,0.011997325,0.0002861319,1,0,0,0,0,1.0,0.0,0,0.0028012395,0.011997342,0.016383696,-7.111499,605.5625,3131.7802734375,0.2740295748613678
tensor(16593),"tensor(3811., dtype=torch.float64)",tensor(9),0,1,0,1,0,0.010658514,0.4765799,0.04096211,0.9974752,0.44148588,0,0,0,1,0,0.6666666666666666,0.33333333333333337,1,0.19444227,0.4765799,0.32519063,-2.798386,22.156502,22.15650177001953,0.5048521256931608
tensor(16623),"tensor(19247., dtype=torch.float64)",tensor(9),1,0,0,0,0,0.98274696,0.0010785238,0.008779972,0.033339597,0.09820119,1,0,0,0,0,1.0,0.0,0,0.031730473,0.098201215,0.12263773,-4.2368765,150.88062,3065.030517578125,0.3352587800369686
tensor(16661),"tensor(19239., dtype=torch.float64)",tensor(9),0,1,1,1,1,0.012375256,0.04283934,0.12486795,0.998078,0.45549345,0,0,0,1,0,0.4,0.6,1,0.12749958,0.45549345,0.26463014,-3.1728396,39.733803,39.733802795410156,0.42883548983364145
tensor(16687),"tensor(10556., dtype=torch.float64)",tensor(9),0,0,1,0,0,0.044539616,0.9618581,0.35258988,0.08435829,0.2552643,0,1,0,0,0,0.0,1.0,1,0.15497875,0.35258985,0.3700945,-2.071265,23.695564,23.69556427001953,0.56862292051756
tensor(16711),"tensor(8826., dtype=torch.float64)",tensor(9),0,1,0,0,0,0.0059597967,0.9895754,0.30335644,0.6140087,0.13183849,0,1,0,0,0,1.0,0.0,0,0.16751415,0.38599128,0.35297707,-2.5700412,33.927986,33.92798614501953,0.547365988909427
tensor(16715),"tensor(10556., dtype=torch.float64)",tensor(9),0,0,1,0,0,0.12597461,0.8209573,0.6372087,0.16454735,0.08596737,0,1,0,0,0,0.0,1.0,1,0.18366468,0.3627913,0.4487699,-1.602364,41.046707,41.04670715332031,0.7139556377079483
tensor(16719),"tensor(10556., dtype=torch.float64)",tensor(9),0,0,0,0,1,0.07138741,0.79388094,0.5729967,0.56273794,0.75491595,0,0,0,0,0,0.0,1.0,1,0.27737117,0.43726206,0.5381116,-1.1170847,35.172756,35.17275619506836,0.7705637707948243
tensor(16741),"tensor(20893., dtype=torch.float64)",tensor(9),1,0,0,0,0,0.18109588,0.89887,0.03845073,0.532376,0.21666777,0,1,0,0,0,0.0,1.0,1,0.20099366,0.467624,0.43546122,-1.6655433,33.82093,33.82093048095703,0.6922365988909428
tensor(16763),"tensor(4470., dtype=torch.float64)",tensor(9),1,0,0,0,0,0.9668573,0.13252768,0.007238672,0.03194122,0.0024110728,1,0,0,0,0,1.0,0.0,0,0.04145223,0.13252771,0.14758413,-3.9219482,189.5523,3814.09716796875,0.3784658040665434
tensor(16773),"tensor(6550., dtype=torch.float64)",tensor(9),0,1,1,0,1,0.0063563418,0.64530426,0.95761347,0.03695978,0.7645092,0,0,1,0,0,0.5,0.5,1,0.13517779,0.35469574,0.31364688,-2.6411653,39.008514,268.010986328125,0.5034658040665434
tensor(16797),"tensor(6828., dtype=torch.float64)",tensor(9),0,1,1,0,1,0.00031977167,0.9703747,0.8812014,0.8275265,0.9476092,0,1,1,1,1,0.8571428571428571,0.1428571428571429,1,0.074721515,0.17247349,0.23322742,-3.6007805,49.20047,49.200469970703125,0.3481977818853974
tensor(16877),"tensor(10045., dtype=torch.float64)",tensor(9),0,1,0,0,0,0.9169766,0.34980878,0.009106045,0.06828228,0.0027648886,1,0,0,0,0,0.0,1.0,1,0.10259706,0.3498088,0.25069875,-3.2425747,157.3057,4005.7724609375,0.5039279112754159
tensor(16879),"tensor(8330., dtype=torch.float64)",tensor(9),0,0,0,0,0,0.0005036511,0.005813499,4.8764454e-05,0.016628485,3.1477907e-07,0,0,0,0,0,1.0,0.0,0,0.0045989156,0.016628504,0.025039654,-8.342918,759.306,759.3060302734375,0.2795748613678374
tensor(16925),"tensor(12478., dtype=torch.float64)",tensor(9),1,0,0,0,0,0.6687595,0.15875065,0.010122367,0.8019518,0.0198079,1,0,0,1,0,0.6666666666666666,0.33333333333333337,1,0.1435939,0.33124048,0.34483686,-2.4506345,71.952,71.9520034790039,0.616913123844732
tensor(16951),"tensor(6580., dtype=torch.float64)",tensor(9),0,1,0,0,0,0.25243884,0.9055984,0.023726987,0.37792107,0.2596815,0,1,0,0,0,1.0,0.0,0,0.20163399,0.3779211,0.4451147,-1.7219642,35.232033,35.232032775878906,0.6954713493530499
tensor(16973),"tensor(15492., dtype=torch.float64)",tensor(9),1,0,0,1,0,0.8455922,0.012123419,0.0066117337,0.85229313,0.0063264575,1,0,0,1,0,1.0,0.0,0,0.06543523,0.1544078,0.19852927,-3.5845008,145.67795,145.67794799804688,0.41589648798521256
tensor(16989),"tensor(2324., dtype=torch.float64)",tensor(9),0,1,0,1,0,0.0045468826,0.9786112,0.17843579,0.9450922,0.19332173,0,1,0,1,0,1.0,0.0,0,0.0905202,0.1933217,0.26103848,-3.0026402,35.48659,35.48659133911133,0.37407578558225507
tensor(16995),"tensor(7426., dtype=torch.float64)",tensor(9),0,0,0,0,0,0.031009689,0.18235853,0.0132462485,0.71003103,0.0011770979,0,0,0,1,0,0.0,1.0,1,0.10355204,0.28996897,0.2589721,-3.378434,129.69308,129.69308471679688,0.48405730129390023
tensor(17039),"tensor(10329., dtype=torch.float64)",tensor(9),1,0,0,0,0,0.96471745,0.07614016,0.006525825,0.11800098,0.018445496,1,0,0,0,0,1.0,0.0,0,0.050879,0.118000984,0.18321629,-3.3631377,145.2003,3697.939208984375,0.40549907578558225
tensor(17055),"tensor(21249., dtype=torch.float64)",tensor(9),1,0,0,0,0,0.9771484,0.017050648,0.015210061,0.08866724,0.015156429,1,0,0,0,0,1.0,0.0,0,0.031787217,0.08866727,0.1304011,-3.696907,162.018,3629.3291015625,0.36529574861367836
tensor(17059),"tensor(15201., dtype=torch.float64)",tensor(9),1,0,0,0,0,0.99707437,0.015355137,0.00020294148,0.021411458,0.00022243607,1,0,0,0,0,1.0,0.0,0,0.008023441,0.021411479,0.04137177,-6.145471,579.73755,3469.05126953125,0.300369685767098
tensor(17165),"tensor(11161., dtype=torch.float64)",tensor(9),0,1,0,1,0,0.01802021,0.7212172,0.12454195,0.976061,0.8251955,0,0,0,1,0,0.6666666666666666,0.33333333333333337,1,0.124017715,0.27878278,0.3268656,-2.4317317,28.899145,28.899145126342773,0.49168207024029575
tensor(17181),"tensor(19598., dtype=torch.float64)",tensor(9),1,0,0,0,0,0.8495615,0.002050758,0.26773205,0.06862525,0.22839016,1,0,0,0,0,1.0,0.0,0,0.14344728,0.26773202,0.3613186,-2.5500486,132.3588,3612.306640625,0.6668207024029575
tensor(17185),"tensor(20147., dtype=torch.float64)",tensor(9),1,0,0,0,0,0.84795135,0.009026241,0.45600867,0.003998975,0.121454194,1,0,0,0,0,1.0,0.0,0,0.1485073,0.45600867,0.312576,-2.8180075,121.20505,3616.30322265625,0.6030499075785583
tensor(17207),"tensor(15916., dtype=torch.float64)",tensor(9),0,1,0,0,0,0.387523,0.5296716,0.28528312,0.25375333,0.72608185,0,0,0,0,0,0.0,1.0,1,0.33416116,0.4703284,0.622085,-0.7096988,35.959755,35.959754943847656,0.7911275415896488
tensor(17227),"tensor(17322., dtype=torch.float64)",tensor(9),0,0,1,1,0,0.11662647,0.31659845,0.89338136,0.5126502,0.17552878,0,0,1,0,0,0.6666666666666666,0.33333333333333337,1,0.24054444,0.4873498,0.49623746,-1.3035052,44.675674,328.6621398925781,0.7800369685767098
tensor(17303),"tensor(11735., dtype=torch.float64)",tensor(9),0,1,0,1,0,0.01115671,0.8454695,0.6184039,0.9546738,0.42230502,0,1,0,1,0,1.0,0.0,0,0.2029829,0.422305,0.4044242,-2.0055156,20.45996,20.4599609375,0.6296210720887245
tensor(17317),"tensor(20439., dtype=torch.float64)",tensor(9),1,0,0,0,0,0.7791497,0.0052852905,0.026978893,0.6022308,0.44693437,1,0,0,0,0,1.0,0.0,0,0.2195636,0.44693434,0.40892857,-2.1422863,98.28501,3609.5517578125,0.7668669131238446
tensor(17335),"tensor(20273., dtype=torch.float64)",tensor(9),1,0,0,0,0,0.8215972,0.2950776,0.19573763,0.09329115,0.1103589,1,0,0,0,0,1.0,0.0,0,0.1745736,0.29507756,0.4454774,-1.6344764,44.941776,4171.72802734375,0.7121072088724585
tensor(17349),"tensor(18040., dtype=torch.float64)",tensor(9),1,0,0,0,0,0.6106662,0.093267605,0.010245628,0.9207855,0.032621726,1,0,0,1,0,0.6666666666666666,0.33333333333333337,1,0.12093669,0.38933378,0.2912394,-2.6275544,59.361313,59.36131286621094,0.5228743068391867
tensor(17373),"tensor(17736., dtype=torch.float64)",tensor(9),1,0,0,0,0,0.9404359,0.04460809,0.08680341,0.021841424,0.06256738,1,0,0,0,0,1.0,0.0,0,0.055076897,0.08680344,0.20845263,-2.9371133,92.01496,3689.21044921875,0.41751386321626616
tensor(17411),"tensor(21463., dtype=torch.float64)",tensor(9),1,0,0,0,0,0.89877224,0.023670299,0.015922165,0.20059027,0.36351123,1,0,0,0,0,1.0,0.0,0,0.14098436,0.3635112,0.3356231,-2.3939989,98.546745,3507.542236328125,0.6393253234750462
tensor(17433),"tensor(21107., dtype=torch.float64)",tensor(9),1,0,0,0,0,0.9312233,0.0117875645,0.14771914,0.012036472,0.11773437,1,0,0,0,0,1.0,0.0,0,0.07161081,0.14771914,0.23216149,-3.0417712,120.15773,3514.37841796875,0.45586876155268025
tensor(17523),"tensor(10229., dtype=torch.float64)",tensor(9),1,0,0,1,0,0.20359458,0.46736234,0.125935,0.56255335,0.8590833,0,0,0,0,1,0.0,1.0,1,0.275051,0.46736234,0.5333742,-1.0982662,38.81342,38.813419342041016,0.783271719038817
tensor(17609),"tensor(19851., dtype=torch.float64)",tensor(9),1,0,0,0,0,0.8613876,0.066767715,0.11571732,0.17768636,0.23831093,1,0,0,0,0,1.0,0.0,0,0.14741886,0.23831093,0.40458584,-1.8383976,59.764935,3949.359130859375,0.683456561922366
tensor(17613),"tensor(424., dtype=torch.float64)",tensor(9),1,0,0,0,0,0.9307016,0.016563745,0.25473726,0.012351558,0.023331404,1,0,0,0,0,1.0,0.0,0,0.07525653,0.25473726,0.21618584,-3.17415,153.23456,3749.3681640625,0.463724584103512
tensor(17633),"tensor(21365., dtype=torch.float64)",tensor(9),0,0,0,1,0,0.46954483,0.1062777,0.73204505,0.30675954,0.03388296,0,0,1,0,0,0.0,1.0,1,0.236884,0.46954483,0.47512823,-1.484404,67.683624,308.27716064453125,0.8100739371534196
tensor(17639),"tensor(1728., dtype=torch.float64)",tensor(9),0,1,1,1,1,0.0018067256,0.7923048,0.9643087,0.41306484,0.81393903,0,0,1,0,0,0.4,0.6,1,0.16886377,0.41306484,0.3673039,-2.5553858,27.97808,325.15911865234375,0.5480591497227356
tensor(17653),"tensor(2695., dtype=torch.float64)",tensor(9),0,0,1,0,0,0.0001632085,0.8590186,0.98357475,0.6678605,0.9457883,0,1,1,1,1,0.4,0.6,1,0.1087842,0.3321395,0.26770502,-3.6355004,44.328224,44.328224182128906,0.38817005545286504
tensor(17677),"tensor(11797., dtype=torch.float64)",tensor(9),1,0,0,0,0,0.99616134,0.00031385754,0.0016767229,0.027056184,0.007904158,1,0,0,0,0,1.0,0.0,0,0.008157909,0.027056158,0.042181626,-5.6858253,321.05048,3004.075927734375,0.2869685767097967
tensor(17681),"tensor(18040., dtype=torch.float64)",tensor(9),0,1,0,0,0,0.70070386,0.049239468,0.0036976896,0.91280943,0.014041659,1,0,0,1,0,0.0,1.0,1,0.090693116,0.29929614,0.24015287,-3.2015157,105.13316,105.13316345214844,0.45771719038817005
tensor(17717),"tensor(4218., dtype=torch.float64)",tensor(9),1,0,0,0,0,0.99949706,0.0001919376,8.529045e-05,0.002490757,0.00082214613,1,0,0,0,0,1.0,0.0,0,0.0008186102,0.002490759,0.006224755,-7.723483,614.3721,2681.892333984375,0.25808687615526804
tensor(17723),"tensor(5619., dtype=torch.float64)",tensor(9),1,0,0,0,0,0.9745058,0.009251531,0.0064642243,0.05202243,0.110073045,1,0,0,0,0,1.0,0.0,0,0.040661037,0.11007303,0.15227476,-3.6689572,158.88242,3232.877685546875,0.3782347504621072
tensor(17753),"tensor(2443., dtype=torch.float64)",tensor(9),1,0,0,0,0,0.9917503,0.015400697,0.0015160043,0.029146282,0.005986898,1,0,0,0,0,1.0,0.0,0,0.012059867,0.029146254,0.061415415,-4.8110595,277.13663,3319.793212890625,0.31608133086876156
tensor(17777),"tensor(8213., dtype=torch.float64)",tensor(9),1,0,0,0,0,0.9990833,3.2971824e-05,0.0006305595,0.0049105897,0.0023922634,1,0,0,0,0,1.0,0.0,0,0.001776576,0.0049105883,0.0121623,-7.205288,517.001,2749.228515625,0.2652495378927911
tensor(17787),"tensor(2976., dtype=torch.float64)",tensor(9),0,1,0,0,0,0.11358063,0.966153,0.017769676,0.30833536,0.1661011,0,1,0,0,0,1.0,0.0,0,0.1279267,0.30833536,0.33168927,-2.3679821,34.519066,34.519065856933594,0.5196395563770795
tensor(17807),"tensor(5403., dtype=torch.float64)",tensor(9),1,0,0,0,0,0.7540295,0.28169996,0.29448083,0.09101279,0.08597965,1,0,0,0,0,1.0,0.0,0,0.19982874,0.2944808,0.47130853,-1.5190117,44.585308,4228.66259765625,0.7428373382624769
tensor(17819),"tensor(4076., dtype=torch.float64)",tensor(9),0,0,1,0,0,0.6234824,0.14899996,0.6026233,0.3577903,0.103372246,1,0,0,0,0,0.0,1.0,1,0.2768113,0.39737672,0.54796076,-1.0817003,44.536713,4408.26513671875,0.80452865064695
tensor(17821),"tensor(2477., dtype=torch.float64)",tensor(9),1,0,0,0,0,0.99840975,0.0006108863,0.0005679525,0.0017482768,0.004749557,1,0,0,0,0,1.0,0.0,0,0.0018533468,0.0047495365,0.012954809,-6.601495,360.16156,2677.935302734375,0.25854898336414045
tensor(17823),"tensor(5136., dtype=torch.float64)",tensor(9),0,1,1,1,1,0.013285891,0.75818473,0.70845026,0.9432436,0.6283511,0,0,1,1,0,0.6666666666666666,0.33333333333333337,1,0.19501126,0.3716489,0.42101565,-1.9348013,23.287212,23.287212371826172,0.6384011090573013
tensor(17863),"tensor(1519., dtype=torch.float64)",tensor(9),1,0,0,0,0,0.9329759,0.15312079,0.08354349,0.0040978794,0.0072503397,1,0,0,0,0,1.0,0.0,0,0.063007355,0.15312076,0.20617147,-3.430283,157.0094,3815.273193359375,0.43299445471349357
tensor(17871),"tensor(4093., dtype=torch.float64)",tensor(9),1,0,0,0,0,0.98264426,0.0046508764,0.017828079,0.009296016,0.053059917,1,0,0,0,0,1.0,0.0,0,0.020438075,0.053059936,0.09336217,-4.192399,147.08664,3184.199462890625,0.31885397412199634
tensor(17873),"tensor(2042., dtype=torch.float64)",tensor(9),0,0,0,1,0,0.22492194,0.022161912,0.003718863,0.99574274,0.05390229,0,0,0,1,0,1.0,0.0,0,0.061792493,0.22492194,0.18025185,-3.786967,92.150986,92.15098571777344,0.3618299445471349
tensor(17883),"tensor(830., dtype=torch.float64)",tensor(9),1,0,0,0,0,0.9986332,0.0005028944,0.00076396693,0.0045457366,0.0010745024,1,0,0,0,0,1.0,0.0,0,0.001650691,0.0045457482,0.011684278,-6.717726,466.3338,2965.06298828125,0.2647874306839187
tensor(17905),"tensor(19051., dtype=torch.float64)",tensor(9),0,0,1,0,0,0.16581921,0.08553427,0.62098354,0.9212055,0.31212547,0,0,0,1,0,0.0,1.0,1,0.20425797,0.37901646,0.46029264,-1.5455482,22.76582,22.765819549560547,0.6820702402957487
tensor(17939),"tensor(12781., dtype=torch.float64)",tensor(9),0,1,0,1,0,0.0071108164,0.9694111,0.023825899,0.9766747,0.45996732,0,1,0,1,0,1.0,0.0,0,0.10896361,0.45996732,0.21845357,-3.200602,39.882782,39.882781982421875,0.3791589648798521
tensor(17949),"tensor(9108., dtype=torch.float64)",tensor(9),0,0,1,0,0,0.04967083,0.10698321,0.96802664,0.047238145,0.7827356,0,0,1,0,0,1.0,0.0,0,0.09062594,0.21726441,0.27859345,-2.5539045,35.57074,198.25592041015625,0.4249075785582255
tensor(17953),"tensor(3485., dtype=torch.float64)",tensor(9),0,0,0,1,0,0.036396805,0.17975758,0.2838412,0.99109846,0.30312705,0,0,0,1,0,1.0,0.0,0,0.16240484,0.30312705,0.3776541,-2.252943,11.44794,11.4479398727417,0.5506007393715342
tensor(17957),"tensor(16563., dtype=torch.float64)",tensor(9),1,0,0,0,0,0.9921703,0.0011365841,0.0036290614,0.06139684,0.011548777,1,0,0,0,0,1.0,0.0,0,0.017108142,0.061396837,0.07448472,-4.882459,279.60992,3217.755859375,0.330637707948244
tensor(17961),"tensor(7758., dtype=torch.float64)",tensor(9),0,1,0,1,0,0.010366763,0.8355011,0.7926865,0.72247165,0.8816143,0,1,1,1,1,0.6666666666666666,0.33333333333333337,1,0.15561867,0.27752835,0.39388213,-2.0979228,25.933445,25.93344497680664,0.5838724584103513
tensor(17979),"tensor(19775., dtype=torch.float64)",tensor(9),1,0,0,0,0,0.99173295,0.0010608884,0.002280364,0.037179742,0.033669423,1,0,0,0,0,1.0,0.0,0,0.016491413,0.037179768,0.075700656,-4.8653855,226.87155,3016.78662109375,0.31885397412199634
tensor(18003),"tensor(16391., dtype=torch.float64)",tensor(9),0,0,0,1,0,0.7172474,0.089778766,0.007418486,0.8512815,0.014827448,1,0,0,1,0,0.6666666666666666,0.33333333333333337,1,0.10869914,0.28275257,0.28779373,-2.8169093,88.84062,88.84062194824219,0.5187153419593346
tensor(18029),"tensor(7206., dtype=torch.float64)",tensor(9),0,0,1,0,1,0.0032965497,0.26082957,0.99064076,0.07921294,0.94718075,0,0,1,0,1,1.0,0.0,0,0.0811035,0.26082957,0.22653326,-3.350984,40.08161,40.08161163330078,0.3426524953789279
tensor(18037),"tensor(500., dtype=torch.float64)",tensor(9),0,0,0,1,1,0.007987504,0.02642366,0.22697231,0.9980287,0.40384734,0,0,0,1,0,0.6666666666666666,0.33333333333333337,1,0.13344038,0.40384734,0.27859944,-3.254125,49.709232,49.709232330322266,0.4641866913123845
tensor(18059),"tensor(993., dtype=torch.float64)",tensor(9),0,0,1,0,0,0.98252654,0.0021966405,0.065409034,0.04658323,0.0027420751,1,0,0,0,0,0.0,1.0,1,0.02688086,0.065409064,0.11050341,-4.344525,292.38965,3702.92724609375,0.3655268022181146
tensor(18073),"tensor(19957., dtype=torch.float64)",tensor(9),1,0,0,0,0,0.7561573,0.017889233,0.11013115,0.6949524,0.20665333,1,0,0,1,0,0.6666666666666666,0.33333333333333337,1,0.17671281,0.30504757,0.42330685,-1.8790452,48.005535,48.00553512573242,0.6977818853974123
tensor(18119),"tensor(17223., dtype=torch.float64)",tensor(9),0,0,1,0,0,0.02033545,0.035752058,0.98793656,0.020417433,0.67173886,0,0,1,0,0,1.0,0.0,0,0.08336592,0.32826114,0.21028471,-3.2323651,81.86737,174.68814086914062,0.4147412199630314
tensor(18137),"tensor(4638., dtype=torch.float64)",tensor(9),0,1,0,1,0,0.37554106,0.7606498,0.1719891,0.20271309,0.0523427,0,0,0,0,0,0.0,1.0,1,0.20838726,0.3755411,0.4761384,-1.5003923,38.36945,38.369449615478516,0.734750462107209
tensor(18141),"tensor(3766., dtype=torch.float64)",tensor(9),0,0,0,0,1,0.9953473,0.00068250846,0.0016085651,0.028135423,0.008458614,1,0,0,0,0,0.0,1.0,1,0.008707523,0.028135419,0.04484635,-5.4783516,321.1745,3063.218505859375,0.2929759704251386
tensor(18171),"tensor(5229., dtype=torch.float64)",tensor(9),1,0,0,0,0,0.88001597,0.068000995,0.21197914,0.04694521,0.12515265,1,0,0,0,0,1.0,0.0,0,0.11441243,0.21197915,0.339677,-2.1757267,63.364235,3895.22412109375,0.5889556377079482
tensor(18183),"tensor(4388., dtype=torch.float64)",tensor(9),1,0,0,0,0,0.9216421,0.010053987,0.27101386,0.1110855,0.008304068,1,0,0,0,0,1.0,0.0,0,0.09576303,0.27101386,0.2624175,-2.9812818,162.61084,4016.989013671875,0.522181146025878
tensor(18201),"tensor(7590., dtype=torch.float64)",tensor(9),1,0,0,0,0,0.9776253,0.0025329792,0.0016429557,0.5721757,0.0005004,1,0,0,0,0,1.0,0.0,0,0.09097499,0.42782432,0.16479711,-4.8105936,368.62158,3804.905517578125,0.43692236598890943
tensor(18203),"tensor(14335., dtype=torch.float64)",tensor(9),0,1,0,0,0,0.014848073,0.95294166,0.49112576,0.25648278,0.023040876,0,1,0,0,0,1.0,0.0,0,0.16651118,0.49112576,0.32779822,-2.4100192,48.195118,48.19511795043945,0.5894177449168206
tensor(18235),"tensor(5366., dtype=torch.float64)",tensor(9),0,0,1,0,0,0.55851877,0.007953107,0.8939179,0.0022182686,0.034818888,0,0,1,0,0,1.0,0.0,0,0.118510604,0.44148123,0.24755609,-3.3247447,195.55637,195.55636596679688,0.5295748613678374
tensor(18261),"tensor(2721., dtype=torch.float64)",tensor(9),0,0,1,0,0,0.062016707,0.31546178,0.9417296,0.027814023,0.26256007,0,0,1,0,0,1.0,0.0,0,0.14522457,0.31546175,0.35616815,-2.1720746,67.676125,248.5010986328125,0.6416358595194085
tensor(18273),"tensor(5833., dtype=torch.float64)",tensor(9),0,0,1,0,0,0.0033462925,0.06396084,0.995523,0.05003695,0.9613449,0,0,1,0,1,0.6666666666666666,0.33333333333333337,1,0.032095253,0.06396085,0.13021925,-3.9883122,75.60132,75.601318359375,0.29366913123844735
tensor(18277),"tensor(3802., dtype=torch.float64)",tensor(9),0,1,0,0,0,0.022754114,0.95213866,0.3414432,0.80460274,0.24238008,0,1,0,1,0,0.6666666666666666,0.33333333333333337,1,0.1699673,0.34144318,0.39809853,-1.9924505,30.473602,30.473602294921875,0.6196857670979667
tensor(18289),"tensor(7597., dtype=torch.float64)",tensor(9),1,0,0,0,0,0.9877302,0.001412939,0.023988785,0.011604436,0.018485676,1,0,0,0,0,1.0,0.0,0,0.013552308,0.023988783,0.069077924,-4.6143246,189.62375,3220.1640625,0.30429759704251386
tensor(18293),"tensor(500., dtype=torch.float64)",tensor(9),0,0,0,1,1,0.014339059,0.030876053,0.06585477,0.99839056,0.24765828,0,0,0,1,0,0.6666666666666666,0.33333333333333337,1,0.07206756,0.24765825,0.20547315,-3.5740533,46.280884,46.2808837890625,0.32832717190388166
tensor(18297),"tensor(21759., dtype=torch.float64)",tensor(9),0,0,1,0,0,0.011204102,0.110594176,0.99090904,0.008820567,0.81930244,0,0,1,0,0,1.0,0.0,0,0.06408149,0.18069756,0.19679192,-3.4979348,86.72552,197.70016479492188,0.3782347504621072
tensor(18343),"tensor(4659., dtype=torch.float64)",tensor(9),0,1,1,0,1,0.003333075,0.6131575,0.9624282,0.82047606,0.7622594,0,0,1,1,0,0.4,0.6,1,0.16900235,0.3868425,0.373787,-2.4178028,33.129967,51.704803466796875,0.577634011090573
tensor(18377),"tensor(7295., dtype=torch.float64)",tensor(9),1,0,0,0,0,0.6415118,0.11324329,0.656498,0.03590028,0.12943745,1,0,0,0,0,1.0,0.0,0,0.19611424,0.3584882,0.4378244,-1.6968164,64.723404,4161.0107421875,0.7576247689463956
tensor(18383),"tensor(15090., dtype=torch.float64)",tensor(9),0,1,0,0,0,0.022269405,0.6510481,0.93328905,0.07604164,0.38650808,0,0,1,0,0,0.0,1.0,1,0.18009645,0.3865081,0.38694817,-2.000683,47.7574,289.24322509765625,0.675369685767098
tensor(18393),"tensor(12178., dtype=torch.float64)",tensor(9),1,0,0,0,0,0.66832024,0.25357607,0.4126863,0.32096958,0.04007283,1,0,0,0,0,1.0,0.0,0,0.27179688,0.4126863,0.53503734,-1.2117155,50.43383,4399.33154296875,0.8137707948243993
tensor(18397),"tensor(1495., dtype=torch.float64)",tensor(9),0,0,1,1,1,0.005831943,0.37009445,0.9587142,0.91350126,0.20880619,0,0,1,1,0,0.8,0.19999999999999996,1,0.14250344,0.37009442,0.3347128,-2.5009468,52.784054,52.784053802490234,0.5774029574861368
tensor(18401),"tensor(451., dtype=torch.float64)",tensor(9),0,1,0,0,0,0.13602993,0.8372657,0.5259587,0.5051418,0.14164379,0,1,0,0,0,1.0,0.0,0,0.28186148,0.4948582,0.5269393,-1.082577,37.2882,40.6256103515625,0.7793438077634011
tensor(18405),"tensor(5452., dtype=torch.float64)",tensor(9),0,0,0,1,0,0.72415966,0.024096575,0.025967382,0.90205,0.034515824,1,0,0,1,0,0.6666666666666666,0.33333333333333337,1,0.09167403,0.27584034,0.25873074,-2.7685027,66.53085,66.53085327148438,0.46326247689463956
tensor(18417),"tensor(9143., dtype=torch.float64)",tensor(9),0,0,0,1,1,0.01683458,0.42991403,0.03316679,0.9959698,0.6685634,0,0,0,1,0,0.6666666666666666,0.33333333333333337,1,0.1630764,0.429914,0.315152,-2.7867181,26.694513,26.69451332092285,0.4805914972273568
tensor(18431),"tensor(16258., dtype=torch.float64)",tensor(9),0,1,0,0,0,0.01996563,0.94372743,0.7182769,0.074402936,0.056769032,0,1,1,0,0,0.6666666666666666,0.33333333333333337,1,0.0978266,0.28172308,0.2783859,-2.59608,44.776585,44.77658462524414,0.4570240295748613
tensor(18463),"tensor(11061., dtype=torch.float64)",tensor(9),0,1,0,0,0,0.071381986,0.9781546,0.037876368,0.015424482,0.004965985,0,1,0,0,0,1.0,0.0,0,0.03029883,0.071381986,0.12688455,-3.8117135,88.278046,88.27804565429688,0.31284658040665436
tensor(18477),"tensor(14969., dtype=torch.float64)",tensor(9),0,0,0,1,0,0.92266953,0.081095584,0.017112583,0.3826026,0.0064832917,1,0,0,0,0,0.0,1.0,1,0.11292493,0.38260257,0.26893365,-2.8935914,123.89035,4048.328125,0.5318853974121996
tensor(18521),"tensor(18988., dtype=torch.float64)",tensor(9),0,0,1,0,0,0.013323711,0.5296667,0.9602194,0.17173836,0.3695055,0,0,1,0,0,1.0,0.0,0,0.21293628,0.47033328,0.40934506,-1.943016,46.64032,296.03277587890625,0.7104898336414048
tensor(18523),"tensor(8513., dtype=torch.float64)",tensor(9),0,0,0,1,0,0.87840676,0.00569877,0.010442696,0.8658799,0.009741075,1,0,0,1,0,0.6666666666666666,0.33333333333333337,1,0.056319237,0.1341201,0.18243942,-3.6354396,146.108,146.10800170898438,0.3955637707948244
tensor(18525),"tensor(9251., dtype=torch.float64)",tensor(9),0,1,1,1,0,0.00019478082,0.97240555,0.9054423,0.9105767,0.9124029,0,1,1,1,1,0.8571428571428571,0.1428571428571429,1,0.059873402,0.0945577,0.20784779,-3.8057685,54.364456,54.36445617675781,0.3271719038817006
tensor(18537),"tensor(21486., dtype=torch.float64)",tensor(9),0,0,1,0,0,0.8386169,0.07300649,0.40659922,0.02694549,0.03347744,1,0,0,0,0,0.0,1.0,1,0.14028233,0.40659922,0.3298977,-2.303374,92.09838,4056.6923828125,0.6363216266173752
tensor(18549),"tensor(16527., dtype=torch.float64)",tensor(9),0,0,0,1,0,0.99876887,0.0012694715,0.0003695336,0.0067831688,0.00046013983,1,0,0,0,0,0.0,1.0,1,0.0020227432,0.0067831874,0.013426001,-6.787889,570.0053,3112.970703125,0.2712569316081331
tensor(18597),"tensor(15210., dtype=torch.float64)",tensor(9),1,0,0,0,0,0.97529095,0.003843325,0.13785927,0.014911988,0.0010752712,1,0,0,0,0,1.0,0.0,0,0.03647977,0.13785928,0.12560919,-4.4181976,336.28424,3801.17724609375,0.3823937153419593
tensor(18605),"tensor(9096., dtype=torch.float64)",tensor(9),1,0,0,0,0,0.9687546,0.009369627,0.0176473,0.061179258,0.09100468,1,0,0,0,0,1.0,0.0,0,0.042089283,0.09100467,0.16318429,-3.4293244,137.23837,3414.1279296875,0.3847042513863216
tensor(18609),"tensor(2919., dtype=torch.float64)",tensor(9),1,0,0,0,0,0.99977905,0.00016965665,6.331373e-05,0.003947926,1.9618352e-05,1,0,0,0,0,1.0,0.0,0,0.0008843541,0.0039479136,0.0060842214,-8.627199,1021.7161,3236.508056640625,0.26062846580406657
tensor(18611),"tensor(21792., dtype=torch.float64)",tensor(9),0,0,0,1,0,0.017269373,0.025633464,0.03269605,0.99878603,0.6987767,0,0,0,1,0,1.0,0.0,0,0.0756073,0.30122328,0.19433708,-3.7241402,70.41757,70.41757202148438,0.3602125693160813
tensor(18613),"tensor(3431., dtype=torch.float64)",tensor(9),1,0,0,0,0,0.9945201,0.00046376695,0.0020753362,0.07878983,0.0055393684,1,0,0,0,0,1.0,0.0,0,0.018469632,0.07878983,0.07260473,-5.340322,347.4264,3201.619384765625,0.3313308687615527
tensor(18625),"tensor(16153., dtype=torch.float64)",tensor(9),0,1,0,0,0,0.95271987,0.009373328,0.07539999,0.03862753,0.06394538,1,0,0,0,0,0.0,1.0,1,0.046925247,0.075399995,0.18243259,-3.2136593,123.35074,3577.662353515625,0.40318853974122
tensor(18641),"tensor(3341., dtype=torch.float64)",tensor(9),1,0,0,0,0,0.7583572,0.021287909,0.0042090714,0.9092781,0.017201407,1,0,0,1,0,0.6666666666666666,0.33333333333333337,1,0.075012565,0.24164277,0.21486895,-3.3576705,108.21484,108.21484375,0.4225970425138632
tensor(18709),"tensor(20133., dtype=torch.float64)",tensor(9),0,0,1,0,0,0.3192477,0.05966805,0.8858788,0.12492045,0.06991763,0,0,1,0,0,1.0,0.0,0,0.13757497,0.31924772,0.36748824,-2.0197158,94.96418,253.34239196777344,0.6859981515711645
tensor(18711),"tensor(8638., dtype=torch.float64)",tensor(9),0,1,1,1,1,0.00065925386,0.96270126,0.88430506,0.608573,0.9551633,0,1,1,0,1,0.8571428571428571,0.1428571428571429,1,0.11798334,0.39142698,0.27508256,-3.2217088,41.907845,41.90784454345703,0.42513863216266173
tensor(18753),"tensor(13340., dtype=torch.float64)",tensor(9),1,0,0,0,0,0.9994272,0.00016346456,0.00033465776,0.0046825605,0.00019713333,1,0,0,0,0,1.0,0.0,0,0.0011900663,0.004682541,0.008223446,-7.6151795,673.8312,3030.984375,0.2636321626617375
tensor(18811),"tensor(10036., dtype=torch.float64)",tensor(9),0,0,1,0,0,0.030636862,0.6389747,0.85771906,0.5468201,0.03861635,0,0,1,0,0,1.0,0.0,0,0.20514786,0.4531799,0.41046304,-1.8448708,62.824787,378.4417724609375,0.741913123844732
tensor(18851),"tensor(15223., dtype=torch.float64)",tensor(9),0,0,1,0,0,0.09259525,0.89721924,0.40106922,0.13191468,0.70361394,0,1,0,0,0,0.0,1.0,1,0.20494914,0.40106922,0.4621752,-1.5197532,31.951908,31.951908111572266,0.7051756007393716
tensor(18855),"tensor(15223., dtype=torch.float64)",tensor(9),1,0,0,0,0,0.81847036,0.032004677,0.02598965,0.21888214,0.59381986,1,0,0,0,0,1.0,0.0,0,0.17291719,0.40618014,0.38735765,-2.0382118,85.841644,3500.42724609375,0.7190388170055454
tensor(18871),"tensor(20111., dtype=torch.float64)",tensor(9),0,1,0,1,0,0.16712599,0.015787488,0.012200769,0.99525034,0.1279118,0,0,0,1,0,0.6666666666666666,0.33333333333333337,1,0.065555215,0.167126,0.20217757,-3.4794433,65.532394,65.53239440917969,0.3599815157116451
tensor(18895),"tensor(21740., dtype=torch.float64)",tensor(9),0,1,0,0,0,0.0033986592,0.9973635,0.027871542,0.031522736,0.00179793,0,1,0,0,0,1.0,0.0,0,0.013445497,0.03152275,0.06428451,-4.9825683,123.987206,123.9872055053711,0.26293900184842883
tensor(18913),"tensor(18566., dtype=torch.float64)",tensor(9),1,0,0,0,0,0.9742275,0.007777573,0.028677091,0.008901488,0.07699308,1,0,0,0,0,1.0,0.0,0,0.029624343,0.07699311,0.12352218,-3.8400226,130.82605,3248.1826171875,0.33895563770794823
tensor(18927),"tensor(15223., dtype=torch.float64)",tensor(9),1,0,0,0,0,0.60997427,0.69714504,0.010297336,0.06341642,0.3255607,1,0,0,0,0,1.0,0.0,0,0.218431,0.39002573,0.44132867,-1.8534622,57.342743,3719.715087890625,0.7560073937153419
tensor(18945),"tensor(19995., dtype=torch.float64)",tensor(9),0,0,1,0,0,0.92540056,0.044628546,0.16257028,0.15795664,0.008171013,1,0,0,0,0,0.0,1.0,1,0.089585185,0.1625703,0.27507043,-2.7387033,127.67488,4145.3740234375,0.525184842883549
tensor(18969),"tensor(9626., dtype=torch.float64)",tensor(9),1,0,0,0,0,0.9962114,0.00062353956,0.0013816528,0.009346481,0.017013125,1,0,0,0,0,1.0,0.0,0,0.006430745,0.017013133,0.035952102,-5.6509004,255.8238,2822.8857421875,0.27426062846580407
tensor(18975),"tensor(20676., dtype=torch.float64)",tensor(9),1,0,0,0,0,0.89691114,0.18140717,0.008163385,0.22625265,0.0420482,1,0,0,0,0,1.0,0.0,0,0.112192154,0.22625268,0.31236532,-2.5651364,87.895676,3853.3505859375,0.5621534195933456
tensor(19013),"tensor(18558., dtype=torch.float64)",tensor(9),0,0,1,0,0,0.1179852,0.7898131,0.6164044,0.20604524,0.72932583,0,0,0,0,0,0.0,1.0,1,0.23769742,0.3835956,0.52709806,-1.2299798,34.612095,34.61209487915039,0.7543900184842884
tensor(19025),"tensor(16024., dtype=torch.float64)",tensor(9),1,0,0,0,0,0.94258714,0.029999562,0.08291028,0.08691429,0.048604645,1,0,0,0,0,1.0,0.0,0,0.061168313,0.0869143,0.22601514,-2.8008075,95.82851,3815.4111328125,0.4450092421441775
tensor(19073),"tensor(10036., dtype=torch.float64)",tensor(9),0,0,1,0,0,0.014159234,0.67817855,0.916804,0.10081618,0.053076047,0,0,1,0,0,1.0,0.0,0,0.11461371,0.32182145,0.30468568,-2.4915836,73.30582,340.6816711425781,0.5552218114602587
tensor(19113),"tensor(8820., dtype=torch.float64)",tensor(9),0,1,0,1,0,0.0012918753,0.97062457,0.6347675,0.9288582,0.2865115,0,1,0,1,0,1.0,0.0,0,0.15071058,0.36523253,0.33087978,-2.8365078,38.392235,38.392234802246094,0.509011090573013
tensor(19161),"tensor(10396., dtype=torch.float64)",tensor(9),0,0,0,1,0,0.0048919236,0.007939707,0.07600633,0.99923503,0.62287223,0,0,0,1,0,1.0,0.0,0,0.09334612,0.37712777,0.20300183,-4.0635386,95.93643,95.93643188476562,0.3951016635859519
tensor(19165),"tensor(17718., dtype=torch.float64)",tensor(9),1,0,0,0,0,0.99939275,0.00014103591,0.00021740425,0.0016125446,0.0012686973,1,0,0,0,0,1.0,0.0,0,0.00076943636,0.0016125441,0.0060513346,-7.5605545,538.7976,2670.77734375,0.2543900184842884
tensor(19169),"tensor(13137., dtype=torch.float64)",tensor(9),1,0,0,0,0,0.99531746,0.00041232002,0.004114698,0.001755916,0.035601452,1,0,0,0,0,1.0,0.0,0,0.009313405,0.035601437,0.04534446,-5.656743,195.03786,2676.626708984375,0.26155268022181144
tensor(19195),"tensor(17840., dtype=torch.float64)",tensor(9),1,0,0,0,0,0.72560894,0.45404813,0.010769403,0.04348016,0.47761685,1,0,0,0,0,1.0,0.0,0,0.25206113,0.47761685,0.44139987,-1.7715183,67.617455,3497.79541015625,0.7883548983364141
tensor(19201),"tensor(14414., dtype=torch.float64)",tensor(9),0,1,1,0,0,0.036855888,0.6187451,0.89431846,0.3069364,0.66462445,0,0,1,0,0,0.6666666666666666,0.33333333333333337,1,0.23322082,0.3812549,0.4828866,-1.4762995,26.38469,320.1640319824219,0.7160351201478743
tensor(19205),"tensor(12709., dtype=torch.float64)",tensor(9),1,0,0,0,0,0.6481268,0.21986924,0.14710459,0.6819148,0.08744632,1,0,0,1,0,0.6666666666666666,0.33333333333333337,1,0.22487575,0.35187322,0.5030004,-1.3485088,25.284859,25.28485870361328,0.719731977818854
tensor(19283),"tensor(10147., dtype=torch.float64)",tensor(9),1,0,0,0,0,0.7798933,0.09264692,0.42042968,0.17811598,0.038462747,1,0,0,0,0,1.0,0.0,0,0.18995237,0.4204297,0.42952895,-1.7231596,67.072296,4279.08740234375,0.7495378927911276
tensor(19289),"tensor(21104., dtype=torch.float64)",tensor(9),1,0,0,0,0,0.9316697,0.19936846,0.032486856,0.06189136,0.0055052857,1,0,0,0,0,1.0,0.0,0,0.07351649,0.19936848,0.23167527,-3.0623555,125.872986,4033.60107421875,0.46164510166358597
tensor(19309),"tensor(10780., dtype=torch.float64)",tensor(9),0,1,0,0,0,0.000983218,0.8495586,0.9695234,0.016861252,0.8580853,0,1,1,0,1,0.5,0.5,1,0.06813544,0.15044141,0.21232852,-3.5959785,67.334015,67.33401489257812,0.3632162661737523
tensor(19313),"tensor(12980., dtype=torch.float64)",tensor(9),1,0,0,0,0,0.9818439,0.0034695328,0.01745016,0.009069776,0.088885665,1,0,0,0,0,1.0,0.0,0,0.027406335,0.088885665,0.110692784,-4.1405,123.65916,3070.078125,0.31908502772643255
tensor(19319),"tensor(21060., dtype=torch.float64)",tensor(9),0,0,0,0,1,0.9069784,0.004946221,0.14698899,0.017482465,0.2783328,1,0,0,0,0,0.0,1.0,1,0.108154476,0.27833283,0.28751248,-2.8643084,90.03378,3408.62646484375,0.5143253234750462
tensor(19321),"tensor(9434., dtype=torch.float64)",tensor(9),0,1,0,0,0,0.0009341901,0.99311066,0.763917,0.27579254,0.45783707,0,1,1,0,0,0.6666666666666666,0.33333333333333337,1,0.19550723,0.4578371,0.37473106,-2.8509037,43.60161,43.60160827636719,0.5935767097966729
tensor(19343),"tensor(20644., dtype=torch.float64)",tensor(9),0,1,0,0,0,0.89607817,0.27992553,0.04975261,0.025643863,0.037855756,1,0,0,0,0,0.0,1.0,1,0.09941989,0.27992553,0.2809221,-2.5843465,70.085884,3901.04931640625,0.5043900184842883
tensor(19355),"tensor(20536., dtype=torch.float64)",tensor(9),0,0,0,0,1,0.981188,0.00021708586,0.00034301393,0.6707732,0.0026760064,1,0,0,1,0,0.0,1.0,1,0.07025498,0.3292268,0.15013197,-5.39982,427.28217,427.28216552734375,0.4045748613678374
tensor(19357),"tensor(17064., dtype=torch.float64)",tensor(9),1,0,0,0,0,0.974642,0.0006862192,0.10283225,0.019771077,0.0155197475,1,0,0,0,0,1.0,0.0,0,0.032833457,0.10283226,0.12647152,-4.2304626,211.19019,3441.0341796875,0.3606746765249538
tensor(19361),"tensor(16357., dtype=torch.float64)",tensor(9),1,0,0,0,0,0.9947135,0.00027076813,0.0011269276,0.027873255,0.029805101,1,0,0,0,0,1.0,0.0,0,0.012872517,0.029805124,0.061118506,-5.4546094,253.0799,2834.200927734375,0.29967652495378927
tensor(19367),"tensor(11221., dtype=torch.float64)",tensor(9),1,0,0,0,0,0.98668057,0.0016961932,0.04708677,0.0033593166,0.00972911,1,0,0,0,0,1.0,0.0,0,0.015038133,0.047086775,0.070070766,-4.8011675,208.55286,3251.35205078125,0.30984288354898337
tensor(19399),"tensor(14833., dtype=torch.float64)",tensor(9),0,0,0,0,1,0.9547364,3.9939066e-05,0.57079834,0.00021567308,0.010182636,1,0,0,0,0,0.0,1.0,1,0.09698069,0.42920166,0.1853468,-5.2961054,348.08667,3278.367919921875,0.43669131238447323
tensor(19545),"tensor(21457., dtype=torch.float64)",tensor(9),0,1,0,0,0,0.017734323,0.9778276,0.037096836,0.865356,0.27341184,0,1,0,1,0,0.6666666666666666,0.33333333333333337,1,0.097011864,0.27341187,0.26716226,-2.7790308,40.68844,40.688438415527344,0.42028650646950094
tensor(19553),"tensor(13739., dtype=torch.float64)",tensor(9),1,0,0,0,0,0.9990243,2.0037569e-05,0.00014413818,0.011781329,0.0059439987,1,0,0,0,0,1.0,0.0,0,0.0037730932,0.011781335,0.021964382,-7.228514,502.8547,2577.0625,0.27195009242144175
tensor(19599),"tensor(11586., dtype=torch.float64)",tensor(9),0,0,1,0,0,0.03851021,0.16796646,0.97432464,0.0075685545,0.05216731,0,0,1,0,0,1.0,0.0,0,0.058377564,0.16796649,0.19690995,-3.2459526,149.74673,274.5743408203125,0.43068391866913125
tensor(19649),"tensor(16633., dtype=torch.float64)",tensor(9),1,0,0,0,0,0.990939,0.005686589,0.003287878,0.028838204,0.014659419,1,0,0,0,0,1.0,0.0,0,0.012306571,0.028838217,0.06318461,-4.659508,258.58447,3222.340087890625,0.31885397412199634
tensor(19663),"tensor(8070., dtype=torch.float64)",tensor(9),0,1,0,0,0,0.056415994,0.9564944,0.32737833,0.093885206,0.092571445,0,1,0,0,0,1.0,0.0,0,0.122751355,0.32737833,0.32962173,-2.2354224,27.392448,27.39244842529297,0.5062384473197782
tensor(19665),"tensor(20455., dtype=torch.float64)",tensor(9),0,0,1,0,0,0.0685956,0.07098425,0.9577214,0.024177898,0.75210816,0,0,1,0,0,1.0,0.0,0,0.09078562,0.24789184,0.27103516,-2.6216276,49.498383,174.84756469726562,0.4554066543438078
tensor(19711),"tensor(9513., dtype=torch.float64)",tensor(9),0,0,0,1,0,0.010115938,0.294822,0.2443615,0.99591416,0.5944649,0,0,0,1,0,1.0,0.0,0,0.19178402,0.4055351,0.3841489,-2.4926095,17.016098,17.016098022460938,0.5672365988909427
tensor(19719),"tensor(17715., dtype=torch.float64)",tensor(9),0,0,1,0,0,0.005660002,0.7135637,0.95865816,0.035436735,0.8170901,0,0,1,0,0,1.0,0.0,0,0.11035699,0.28643632,0.2869967,-2.8051505,40.6881,277.4337158203125,0.4452402957486137
tensor(19737),"tensor(14414., dtype=torch.float64)",tensor(9),0,1,0,0,1,0.0908699,0.24258004,0.929917,0.019050993,0.06489149,0,0,1,0,0,0.0,1.0,1,0.09749508,0.24258006,0.28939542,-2.5272815,96.744675,271.3556213378906,0.5452865064695009
tensor(19785),"tensor(17428., dtype=torch.float64)",tensor(9),0,1,0,0,0,0.56748956,0.69032204,0.19348474,0.37929726,0.08199808,0,0,0,0,0,0.0,1.0,1,0.27939373,0.43251044,0.5482861,-1.0817602,47.013012,47.01301193237305,0.8114602587800369
tensor(19795),"tensor(17621., dtype=torch.float64)",tensor(9),1,0,0,0,0,0.9984848,0.0005480601,0.0013399061,0.0030346005,0.0010023038,1,0,0,0,0,1.0,0.0,0,0.00148803,0.0030345917,0.010952781,-6.662425,448.4021,2995.024658203125,0.26293900184842883
tensor(19811),"tensor(8036., dtype=torch.float64)",tensor(9),0,1,0,0,0,0.027089082,0.6532492,0.88326,0.043689206,0.01045371,0,0,1,0,0,0.0,1.0,1,0.108944535,0.3467508,0.27356732,-2.7748914,107.97565,374.1266784667969,0.5295748613678373
tensor(19855),"tensor(10599., dtype=torch.float64)",tensor(9),1,0,0,0,0,0.92058724,0.022724353,0.012392774,0.46555224,0.032888733,1,0,0,0,0,1.0,0.0,0,0.12259418,0.4655522,0.2575875,-2.8218098,91.16154,3799.889892578125,0.5221811460258781
tensor(19859),"tensor(15817., dtype=torch.float64)",tensor(9),0,1,0,1,0,0.020353347,0.9619517,0.4731601,0.2985084,0.82556635,0,1,0,0,0,0.6666666666666666,0.33333333333333337,1,0.20090073,0.4731601,0.4050501,-1.9240904,41.208786,41.20878601074219,0.688539741219963
tensor(19953),"tensor(18220., dtype=torch.float64)",tensor(9),0,0,0,1,0,0.9637122,0.0009867914,0.0075460626,0.22355266,0.0852932,1,0,0,0,0,0.0,1.0,1,0.07073337,0.22355264,0.20620978,-3.7392242,207.08588,3311.41796875,0.4422365988909427
tensor(20089),"tensor(20671., dtype=torch.float64)",tensor(9),1,0,0,0,0,0.99634886,0.00051266945,0.0012844825,0.04362158,0.0037334966,1,0,0,0,0,1.0,0.0,0,0.010560691,0.0436216,0.048450936,-5.7029634,363.09424,3115.02197265625,0.29852125693160814
tensor(20105),"tensor(15413., dtype=torch.float64)",tensor(9),0,0,0,1,0,0.23719682,0.25369123,0.054884445,0.96215963,0.29331073,0,0,0,1,0,1.0,0.0,0,0.1753847,0.29331076,0.41858864,-1.8416742,11.418693,11.418692588806152,0.6150646950092422
tensor(20111),"tensor(19251., dtype=torch.float64)",tensor(9),1,0,0,0,0,0.8062687,0.014999009,0.021021778,0.8039701,0.08641124,1,0,0,1,0,0.6666666666666666,0.33333333333333337,1,0.10243863,0.1960299,0.29209214,-2.6442223,62.886574,62.886573791503906,0.5027726432532348
tensor(20131),"tensor(8941., dtype=torch.float64)",tensor(9),1,0,0,0,0,0.7166804,0.18573754,0.41596168,0.13820295,0.19544272,1,0,0,0,0,1.0,0.0,0,0.24373287,0.41596168,0.53014135,-1.1981394,46.246918,4242.2900390625,0.7932070240295748
tensor(20137),"tensor(10061., dtype=torch.float64)",tensor(9),0,1,1,1,1,0.0010182901,0.82617617,0.89999205,0.9230855,0.9440184,0,1,1,1,1,1.0,0.0,0,0.08154929,0.17382383,0.2563928,-3.1909328,36.188858,36.18885803222656,0.35674676524953797
tensor(20143),"tensor(21455., dtype=torch.float64)",tensor(9),1,0,0,0,0,0.99064225,0.0011271628,0.0010053751,0.34893557,0.0017549903,1,0,0,0,0,1.0,0.0,0,0.072436154,0.3489356,0.14588515,-5.063544,376.49194,3513.02490234375,0.4061922365988909
tensor(20151),"tensor(12750., dtype=torch.float64)",tensor(9),1,0,0,0,0,0.97582656,0.0022010657,0.010928083,0.052504163,0.109763086,1,0,0,0,0,1.0,0.0,0,0.039914012,0.109763086,0.14831968,-3.8612328,155.44875,3204.4833984375,0.3678373382624769
tensor(20199),"tensor(9113., dtype=torch.float64)",tensor(9),1,0,0,0,0,0.98919183,0.010641698,0.0050720684,0.047997393,0.004910445,1,0,0,0,0,1.0,0.0,0,0.01588595,0.047997415,0.0748106,-4.525336,239.41434,3491.364990234375,0.32878927911275413
tensor(20243),"tensor(16587., dtype=torch.float64)",tensor(9),0,0,0,1,0,0.022466935,0.010319242,0.004818029,0.99928766,0.68880117,0,0,0,1,0,1.0,0.0,0,0.069903076,0.31119883,0.16427946,-4.3415346,119.23938,119.2393798828125,0.35790203327171904
tensor(20245),"tensor(12917., dtype=torch.float64)",tensor(9),0,0,0,1,0,0.0045073084,0.16218935,0.420525,0.9978192,0.57494324,0,0,0,1,0,1.0,0.0,0,0.20289183,0.42505676,0.37000075,-2.757625,29.228586,29.228586196899414,0.5640018484288355
tensor(20247),"tensor(19945., dtype=torch.float64)",tensor(9),0,1,0,0,0,0.17816095,0.3436767,0.8319605,0.07114846,0.092605844,0,0,1,0,0,0.0,1.0,1,0.1707263,0.3436767,0.42598534,-1.7253602,61.44964,291.32196044921875,0.7220425138632163
tensor(20259),"tensor(18034., dtype=torch.float64)",tensor(9),1,0,0,0,0,0.9905702,0.0008161029,0.01187057,0.06557692,0.0073995246,1,0,0,0,0,1.0,0.0,0,0.01901853,0.06557691,0.08202703,-4.748385,291.81744,3375.66796875,0.3426524953789279
tensor(20267),"tensor(9897., dtype=torch.float64)",tensor(9),1,0,0,0,0,0.66501516,0.17141527,0.05164496,0.7927558,0.07400228,1,0,0,1,0,0.6666666666666666,0.33333333333333337,1,0.1678583,0.33498484,0.41465193,-1.808017,28.080214,28.08021354675293,0.6275415896487986
tensor(20279),"tensor(21605., dtype=torch.float64)",tensor(9),0,0,1,0,0,0.33715674,0.11714251,0.8429252,0.04107244,0.34130022,0,0,1,0,0,1.0,0.0,0,0.19874936,0.34130025,0.44966865,-1.6367805,52.951706,201.02731323242188,0.7502310536044362
tensor(20295),"tensor(17972., dtype=torch.float64)",tensor(9),0,0,1,1,1,0.00010744367,0.23668955,0.9716229,0.9916626,0.9776063,0,0,1,1,1,1.0,0.0,0,0.059181035,0.23668957,0.16656116,-4.4795384,79.337975,79.33797454833984,0.3137707948243993
tensor(20351),"tensor(8402., dtype=torch.float64)",tensor(9),1,0,0,0,0,0.72938234,0.5317141,0.1120946,0.15792838,0.030487128,1,0,0,0,0,1.0,0.0,0,0.2078827,0.46828592,0.43970576,-1.6642504,55.888824,4323.36083984375,0.7585489833641403
tensor(20355),"tensor(11738., dtype=torch.float64)",tensor(9),1,0,0,0,0,0.99621624,0.0035103022,0.00087269384,0.009434178,0.006763094,1,0,0,0,0,1.0,0.0,0,0.004872799,0.009434164,0.029831644,-5.581653,318.8089,2990.744140625,0.27749537892791126
tensor(20393),"tensor(8850., dtype=torch.float64)",tensor(9),1,0,0,0,0,0.88022405,0.38245562,0.029943679,0.1318361,0.01834938,1,0,0,0,0,1.0,0.0,0,0.1364721,0.3824556,0.32953686,-2.3632379,84.978,4100.16796875,0.6178373382624769
tensor(20403),"tensor(21545., dtype=torch.float64)",tensor(9),0,0,1,0,0,0.71886677,0.011281359,0.5207467,0.0064239167,0.4545802,1,0,0,0,0,0.0,1.0,1,0.24653447,0.4792533,0.41519228,-2.1437209,88.0383,3579.287109375,0.7687153419593346
tensor(20451),"tensor(14069., dtype=torch.float64)",tensor(9),0,1,1,0,0,0.00053684844,0.997246,0.6662471,0.10165499,0.6252555,0,1,0,0,0,0.6666666666666666,0.33333333333333337,1,0.16268861,0.37474447,0.33010086,-3.3606727,58.07094,58.07093811035156,0.5298059149722736
tensor(20499),"tensor(8174., dtype=torch.float64)",tensor(9),0,0,1,0,0,0.080164716,0.48096243,0.90235454,0.031327512,0.11132512,0,0,1,0,0,1.0,0.0,0,0.16028512,0.4809624,0.35601515,-2.0497336,66.38902,286.7621154785156,0.6610443622920517
tensor(20551),"tensor(18497., dtype=torch.float64)",tensor(9),0,1,1,0,0,0.025938846,0.3756156,0.9684949,0.021398192,0.47654477,0,0,1,0,0,0.6666666666666666,0.33333333333333337,1,0.1862005,0.47654474,0.3435239,-2.295247,61.888557,242.1590576171875,0.6541127541589649
tensor(20561),"tensor(20449., dtype=torch.float64)",tensor(9),0,1,0,1,0,0.000106888285,0.96954614,0.9222807,0.9302292,0.95949966,0,1,1,1,1,0.6666666666666666,0.33333333333333337,1,0.04371023,0.07771927,0.16662812,-4.16666,59.877018,59.877017974853516,0.29158964879852123
tensor(20585),"tensor(13287., dtype=torch.float64)",tensor(9),0,1,0,1,0,0.0013592655,0.9339753,0.8134928,0.88680106,0.92324686,0,1,1,1,1,0.6666666666666666,0.33333333333333337,1,0.08876866,0.18650723,0.27172005,-3.053503,39.066734,39.066734313964844,0.38978743068391863
tensor(20587),"tensor(10766., dtype=torch.float64)",tensor(9),0,0,0,1,0,0.016761543,0.29644582,0.9476519,0.87615955,0.13201027,0,0,1,1,0,0.6666666666666666,0.33333333333333337,1,0.12428129,0.29644585,0.33260903,-2.334394,53.98464,53.98463821411133,0.5713955637707948
tensor(20645),"tensor(11255., dtype=torch.float64)",tensor(9),0,0,1,0,0,0.042353213,0.20163795,0.96789294,0.041301955,0.4048772,0,0,1,0,0,1.0,0.0,0,0.14445555,0.4048772,0.33340168,-2.2860837,54.21988,232.944091796875,0.5988909426987061
tensor(20661),"tensor(13641., dtype=torch.float64)",tensor(9),0,1,1,0,0,0.0072772563,0.7277691,0.943504,0.16908911,0.3634109,0,0,1,0,0,0.6666666666666666,0.33333333333333337,1,0.17370081,0.3634109,0.39111027,-2.1734295,49.30441,311.9600830078125,0.6615064695009242
tensor(20737),"tensor(19353., dtype=torch.float64)",tensor(9),0,0,1,0,0,0.276796,0.12160645,0.89460844,0.031786766,0.119691715,0,0,1,0,0,1.0,0.0,0,0.13105452,0.27679598,0.36079907,-2.0976348,85.832184,232.57322692871094,0.6564232902033271
tensor(20787),"tensor(18283., dtype=torch.float64)",tensor(9),0,1,0,0,0,0.05207254,0.97051775,0.18898681,0.1167182,0.5538654,0,1,0,0,0,1.0,0.0,0,0.1666789,0.44613463,0.37398583,-2.0184941,27.384655,27.384654998779297,0.5942698706099815
tensor(20791),"tensor(17359., dtype=torch.float64)",tensor(9),0,0,1,0,0,0.82789254,0.102441184,0.14233233,0.08136173,0.32968646,1,0,0,0,0,0.0,1.0,1,0.16558588,0.32968646,0.422968,-1.7341595,50.116867,3865.698974609375,0.6970887245841035
tensor(20809),"tensor(18589., dtype=torch.float64)",tensor(9),0,0,0,0,1,0.45699582,0.092883855,0.14653826,0.34411058,0.8240356,0,0,0,0,0,0.0,1.0,1,0.24329853,0.45699584,0.50484073,-1.2804677,36.752842,36.75284194946289,0.7587800369685767
tensor(20833),"tensor(21219., dtype=torch.float64)",tensor(9),0,0,0,0,1,0.62296224,0.0011723958,0.030159585,0.17826574,0.9116836,1,0,0,0,1,0.6666666666666666,0.33333333333333337,1,0.1349904,0.37703776,0.31487086,-2.9165626,140.3125,182.10032653808594,0.5940388170055453
tensor(20835),"tensor(14966., dtype=torch.float64)",tensor(9),0,1,1,0,1,0.0056670057,0.90764576,0.8859886,0.2942115,0.6689419,0,1,1,0,0,0.8,0.19999999999999996,1,0.16746044,0.33105808,0.38770875,-2.216292,35.623253,43.00537109375,0.6081330868761552
tensor(20837),"tensor(11968., dtype=torch.float64)",tensor(9),0,1,0,1,0,0.0061989124,0.95955044,0.016732365,0.98824537,0.2512523,0,1,0,1,0,1.0,0.0,0,0.06527746,0.2512523,0.18394378,-3.5681472,38.97346,38.97346115112305,0.2897412199630314
tensor(20843),"tensor(13165., dtype=torch.float64)",tensor(9),0,1,0,0,0,0.8035477,0.6014071,0.00086603547,0.010278532,0.001835369,1,0,0,0,0,0.0,1.0,1,0.12160504,0.3985929,0.24910586,-3.9473412,210.31305,3765.110595703125,0.5122458410351202
tensor(20859),"tensor(19334., dtype=torch.float64)",tensor(9),0,1,0,0,0,0.97217214,0.029727012,0.002549749,0.111182645,0.04721597,1,0,0,0,0,0.0,1.0,1,0.043700576,0.11118263,0.1635778,-3.6183193,165.80032,3405.58349609375,0.3923290203327172
tensor(21023),"tensor(11080., dtype=torch.float64)",tensor(9),0,1,0,0,0,0.018520027,0.63343656,0.8291211,0.3859667,0.022351418,0,0,1,0,0,0.0,1.0,1,0.19285601,0.38596666,0.39611292,-2.0678334,77.16699,383.2808837890625,0.7282809611829945
tensor(21061),"tensor(19627., dtype=torch.float64)",tensor(9),1,0,0,0,0,0.9393035,0.17560692,0.027492974,0.0163744,0.015763966,1,0,0,0,0,1.0,0.0,0,0.059186935,0.1756069,0.1968188,-3.2162528,105.96645,3777.5478515625,0.4078096118299446
tensor(21103),"tensor(12376., dtype=torch.float64)",tensor(9),1,0,0,0,0,0.9837483,0.014323755,0.0025342337,0.10809074,0.0003600679,1,0,0,0,0,1.0,0.0,0,0.028312087,0.10809076,0.10430118,-4.8698325,348.53613,3775.35791015625,0.35975046210720885
tensor(21117),"tensor(9918., dtype=torch.float64)",tensor(9),0,0,1,0,0,0.028338555,0.35348475,0.9666308,0.06516309,0.42439893,0,0,1,0,0,1.0,0.0,0,0.18095094,0.4243989,0.36947542,-2.0945892,47.4767,259.30352783203125,0.657347504621072
tensor(21161),"tensor(19024., dtype=torch.float64)",tensor(9),1,0,0,0,0,0.93089616,0.13803433,0.010818975,0.022229917,0.1188697,1,0,0,0,0,1.0,0.0,0,0.07181132,0.13803434,0.23673752,-2.9469678,88.3168,3502.4296875,0.4420055452865065
tensor(21165),"tensor(8897., dtype=torch.float64)",tensor(9),0,1,1,0,1,9.452587e-05,0.9954454,0.9129623,0.034539327,0.97237474,0,1,1,0,1,1.0,0.0,0,0.030770183,0.08703768,0.120454535,-4.779093,125.34566,125.34565734863281,0.3066081330868762
tensor(21267),"tensor(15383., dtype=torch.float64)",tensor(9),1,0,0,0,0,0.44454888,0.22581315,0.7715087,0.004994219,0.13654815,0,0,1,0,0,0.0,1.0,1,0.20807916,0.44454885,0.43773907,-1.9620807,92.23007,219.61492919921875,0.7851201478743068
tensor(21341),"tensor(17428., dtype=torch.float64)",tensor(9),1,0,0,0,0,0.96691185,0.062249042,0.02825131,0.11283392,0.0040184553,1,0,0,0,0,1.0,0.0,0,0.048088193,0.11283392,0.17712376,-3.4400356,186.90654,3984.187255859375,0.4147412199630315
tensor(21349),"tensor(16124., dtype=torch.float64)",tensor(9),0,0,1,0,0,0.6033823,0.030885858,0.7985884,0.019710554,0.114947684,1,0,1,0,0,0.6666666666666666,0.33333333333333337,1,0.15271473,0.3966177,0.35308486,-2.2382042,111.0224,175.3589324951172,0.6811460258780038
tensor(21489),"tensor(16419., dtype=torch.float64)",tensor(9),0,1,1,0,0,0.0018213999,0.9611214,0.8836492,0.19070089,0.8641224,0,1,1,0,1,0.8,0.19999999999999996,1,0.09672582,0.19070089,0.2843821,-2.967371,39.39064,39.39064025878906,0.41058225508317925
tensor(21597),"tensor(11363., dtype=torch.float64)",tensor(9),1,0,0,0,0,0.93940884,0.0061533656,0.0071747247,0.3658494,0.068804726,1,0,0,0,0,1.0,0.0,0,0.10171473,0.36584938,0.24317364,-3.1821873,123.65431,3541.08203125,0.48636783733826244
tensor(21633),"tensor(8530., dtype=torch.float64)",tensor(9),0,0,1,1,0,0.49973467,0.6280939,0.26534876,0.055918645,0.07680643,0,0,0,0,0,0.0,1.0,1,0.25394285,0.49973464,0.48363456,-1.371265,37.47409,37.474090576171875,0.7580868761552679
tensor(21657),"tensor(7941., dtype=torch.float64)",tensor(9),0,1,0,1,0,0.065015614,0.11022403,0.16621718,0.98947805,0.03762298,0,0,0,1,0,0.6666666666666666,0.33333333333333337,1,0.07792032,0.16621721,0.2512145,-2.8305087,39.85585,39.85585021972656,0.3851663585951941
tensor(21699),"tensor(9612., dtype=torch.float64)",tensor(9),0,1,0,1,0,0.008464315,0.6113315,0.110313416,0.9933995,0.8311379,0,0,0,1,1,0.5,0.5,1,0.13658178,0.38866848,0.31158653,-2.782311,30.07756,30.077560424804688,0.46395563770794823
tensor(21765),"tensor(15902., dtype=torch.float64)",tensor(9),0,1,0,0,0,0.0016453257,0.96353686,0.7991123,0.48262075,0.95436937,0,1,1,0,1,0.5,0.5,1,0.15344942,0.48262072,0.3096686,-2.8346505,41.885567,41.88556671142578,0.5087800369685767
tensor(21777),"tensor(8572., dtype=torch.float64)",tensor(9),1,0,0,0,0,0.9998956,1.5979363e-06,9.511154e-06,0.0021275654,0.0006329779,1,0,0,0,0,1.0,0.0,0,0.0005752444,0.0021275878,0.00434292,-9.518339,960.923,2390.619140625,0.2562384473197782
tensor(21817),"tensor(18354., dtype=torch.float64)",tensor(9),0,0,0,0,0,0.03489573,0.24085811,0.9711968,0.024844673,0.25040466,0,0,1,0,0,0.0,1.0,1,0.11596125,0.25040466,0.3026218,-2.5504606,78.94533,240.392822265625,0.55452865064695
tensor(21831),"tensor(11905., dtype=torch.float64)",tensor(9),1,0,0,0,0,0.99965954,0.00013006631,2.8664852e-05,0.0054249726,0.00043749242,1,0,0,0,0,1.0,0.0,0,0.0012723804,0.0054249763,0.008442682,-8.067499,737.7766,2757.0263671875,0.26409426987060997
tensor(21837),"tensor(11744., dtype=torch.float64)",tensor(9),1,0,0,0,0,0.98404825,0.011079582,0.013419932,0.015258457,0.023985125,1,0,0,0,0,1.0,0.0,0,0.015938938,0.023985147,0.08121055,-4.1568823,175.83664,3341.356689453125,0.32393715341959334
