ecg_id,patient_id,strat_fold,true_NORM,true_MI,true_STTC,true_CD,true_HYP,prob_NORM,prob_MI,prob_STTC,prob_CD,prob_HYP,pred_NORM,pred_MI,pred_STTC,pred_CD,pred_HYP,sample_f1,sample_error,exact_match_error,MSP_risk,MSP_risk_max,Entropy_risk,Energy_risk,Prototype_risk,Prototype_D_pred,Risk_rank_fusion
tensor(17),"tensor(13619., dtype=torch.float64)",tensor(9),0,0,0,0,0,0.00018447913,0.0038918548,0.066244796,0.014004797,0.00011513269,0,0,0,0,0,1.0,0.0,0,0.01688826,0.06624478,0.0691817,-6.0224357,521.9868,521.98681640625,0.2786506469500924
tensor(23),"tensor(13619., dtype=torch.float64)",tensor(9),0,0,0,0,0,0.0025539,0.44041604,0.7151411,0.12611109,0.0060434337,0,0,1,0,0,0.0,1.0,1,0.17199671,0.44041604,0.34342757,-2.8332095,140.57852,339.1282653808594,0.6136783733826248
tensor(39),"tensor(13619., dtype=torch.float64)",tensor(9),0,1,1,0,0,0.0065092873,0.6454285,0.9568505,0.12675695,0.49001822,0,1,1,0,0,1.0,0.0,0,0.2042011,0.49001825,0.38808805,-2.13917,48.68084,53.88246154785156,0.641173752310536
tensor(41),"tensor(8420., dtype=torch.float64)",tensor(9),0,0,0,1,0,0.085650034,0.088883154,0.06934115,0.9971685,0.22794789,0,0,0,1,0,1.0,0.0,0,0.09493077,0.22794789,0.28009173,-2.8752363,43.19639,43.196388244628906,0.3673752310536044
tensor(47),"tensor(8295., dtype=torch.float64)",tensor(9),1,0,0,0,0,0.98822427,0.010269459,0.007274446,0.049929798,0.008755911,1,0,0,0,0,1.0,0.0,0,0.017601013,0.049929798,0.08256423,-4.317872,285.7368,5109.685546875,0.28927911275415896
tensor(49),"tensor(13958., dtype=torch.float64)",tensor(9),0,0,0,1,0,0.9514278,0.01606874,0.0053649903,0.43613452,0.02526808,1,0,0,0,0,0.0,1.0,1,0.10628164,0.43613452,0.22257185,-3.2443118,155.2213,5286.10400390625,0.4359981515711645
tensor(51),"tensor(16750., dtype=torch.float64)",tensor(9),1,0,0,0,0,0.9850256,0.0032468478,0.0035064614,0.034708176,0.1198586,1,0,0,0,0,1.0,0.0,0,0.03525895,0.11985862,0.1280666,-4.1764007,236.11447,5193.2509765625,0.31169131238447323
tensor(69),"tensor(8339., dtype=torch.float64)",tensor(9),1,0,0,0,0,0.15739477,0.11025866,0.8508243,0.113777824,0.75367093,0,0,1,0,1,0.0,1.0,1,0.15538722,0.24632907,0.4232529,-1.7355864,25.873549,25.87354850769043,0.5817929759704251
tensor(91),"tensor(8305., dtype=torch.float64)",tensor(9),1,0,0,0,0,0.99210465,0.015246851,0.0022019478,0.020479448,0.0074517303,1,0,0,0,0,1.0,0.0,0,0.0106550455,0.02047944,0.056901217,-4.7754507,324.82715,4973.6787109375,0.2652495378927911
tensor(127),"tensor(11926., dtype=torch.float64)",tensor(9),0,0,1,0,0,0.4693333,0.08211227,0.8011141,0.031351384,0.1710843,1,0,1,0,0,0.6666666666666666,0.33333333333333337,1,0.19055337,0.4693333,0.4142055,-1.7877371,103.77952,219.69485473632812,0.7426062846580408
tensor(151),"tensor(12152., dtype=torch.float64)",tensor(9),1,0,0,0,0,0.98861605,0.008037042,0.0045250286,0.020846283,0.043331075,1,0,0,0,0,1.0,0.0,0,0.017624676,0.043331087,0.08353741,-4.3234854,255.55751,5228.20166015625,0.283271719038817
tensor(153),"tensor(20254., dtype=torch.float64)",tensor(9),0,1,0,0,0,0.9242197,0.14040019,0.012599108,0.19986679,0.022118729,1,0,0,0,0,0.0,1.0,1,0.09015304,0.19986677,0.2696102,-2.7701244,123.1549,5752.6533203125,0.46511090573012936
tensor(155),"tensor(12640., dtype=torch.float64)",tensor(9),0,1,0,0,0,0.8343477,0.40768817,0.013462308,0.14522657,0.01685603,1,0,0,0,0,0.0,1.0,1,0.14977711,0.40768814,0.33923438,-2.4246373,117.19841,5983.669921875,0.6062846580406654
tensor(165),"tensor(9277., dtype=torch.float64)",tensor(9),1,0,0,0,0,0.9906591,0.007766736,0.0038028664,0.022681652,0.01639162,1,0,0,0,0,1.0,0.0,0,0.011996746,0.022681653,0.063068815,-4.587995,286.88055,5117.77197265625,0.2659426987060998
tensor(171),"tensor(15591., dtype=torch.float64)",tensor(9),0,0,1,0,0,0.004026444,0.05778798,0.994676,0.033645887,0.92990285,0,0,1,0,1,0.6666666666666666,0.33333333333333337,1,0.03417623,0.07009715,0.13626608,-3.895064,68.56354,68.56353759765625,0.2222735674676525
tensor(173),"tensor(10676., dtype=torch.float64)",tensor(9),0,0,1,0,1,0.09753641,0.15590447,0.9284906,0.12806584,0.65977293,0,0,1,0,0,0.6666666666666666,0.33333333333333337,1,0.15864861,0.34022707,0.40677136,-1.8116214,30.232224,165.41184997558594,0.5850277264325323
tensor(189),"tensor(13112., dtype=torch.float64)",tensor(9),0,1,0,0,0,0.005817099,0.9890605,0.091454364,0.7973443,0.02574421,0,1,0,1,0,0.6666666666666666,0.33333333333333337,1,0.067322135,0.20265567,0.20511791,-3.3889496,73.55235,73.55235290527344,0.3107670979667283
tensor(193),"tensor(17536., dtype=torch.float64)",tensor(9),1,0,0,0,0,0.96051764,0.015577286,0.004090672,0.123486415,0.19940944,1,0,0,0,0,1.0,0.0,0,0.07640922,0.19940943,0.22931132,-3.2365234,138.11955,5489.5146484375,0.39648798521256934
tensor(195),"tensor(14472., dtype=torch.float64)",tensor(9),0,0,0,1,0,0.13078906,0.30793634,0.0057746368,0.98884434,0.33955958,0,0,0,1,0,1.0,0.0,0,0.15904301,0.33955956,0.34856704,-2.6004252,39.327927,39.32792663574219,0.5025415896487985
tensor(205),"tensor(21222., dtype=torch.float64)",tensor(9),1,0,0,0,0,0.91304857,0.022740556,0.18768747,0.021405911,0.058841657,1,0,0,0,0,1.0,0.0,0,0.0755254,0.18768746,0.24280612,-2.834372,155.08008,6229.54296875,0.44385397412199634
tensor(217),"tensor(21519., dtype=torch.float64)",tensor(9),0,0,1,0,0,0.095967084,0.7473868,0.73650116,0.4038222,0.35725752,0,1,1,0,0,0.6666666666666666,0.33333333333333337,1,0.2746318,0.40382218,0.5568716,-1.0664594,40.861366,40.861366271972656,0.7844269870609981
tensor(219),"tensor(21519., dtype=torch.float64)",tensor(9),1,0,0,0,0,0.37868324,0.7101492,0.40345457,0.42586264,0.24109793,1,1,0,0,0,0.6666666666666666,0.33333333333333337,1,0.34778988,0.42586267,0.63485545,-0.6455526,45.235466,49.041412353515625,0.8230129390018485
tensor(223),"tensor(16039., dtype=torch.float64)",tensor(9),0,1,1,0,1,0.00017904383,0.19623579,0.9980262,0.40386513,0.98539793,0,0,1,0,1,0.8,0.19999999999999996,1,0.123371124,0.4038651,0.25237748,-4.1729574,88.68553,88.68553161621094,0.375
tensor(233),"tensor(20772., dtype=torch.float64)",tensor(9),1,0,0,0,0,0.9554661,0.02138104,0.010344753,0.09151662,0.17395681,1,0,0,0,0,1.0,0.0,0,0.06834662,0.17395681,0.22223568,-3.060712,120.98338,5712.58984375,0.38632162661737524
tensor(281),"tensor(641., dtype=torch.float64)",tensor(9),0,1,0,1,0,0.006281053,0.9740605,0.05194816,0.9594605,0.038962297,0,1,0,1,0,1.0,0.0,0,0.032734096,0.05194819,0.13938753,-3.5926604,76.171585,76.17158508300781,0.24537892791127544
tensor(287),"tensor(6437., dtype=torch.float64)",tensor(9),0,1,0,1,0,0.022693295,0.40812087,0.0093584275,0.9931179,0.7285876,0,0,0,1,0,0.6666666666666666,0.33333333333333337,1,0.14369345,0.40812087,0.29266492,-2.9511878,43.207047,43.20704650878906,0.42352125693160814
tensor(293),"tensor(1689., dtype=torch.float64)",tensor(9),1,0,0,0,0,0.9573738,0.0621642,0.011934298,0.05894854,0.09126804,1,0,0,0,0,1.0,0.0,0,0.053388238,0.09126806,0.20066437,-3.0620873,129.00409,5778.2939453125,0.3701478743068392
tensor(295),"tensor(603., dtype=torch.float64)",tensor(9),0,0,1,0,0,0.08847567,0.8042758,0.650239,0.045288313,0.0889653,0,1,0,0,0,0.0,1.0,1,0.15364283,0.349761,0.38505024,-1.9480823,53.137733,53.137733459472656,0.6148336414048059
tensor(303),"tensor(3327., dtype=torch.float64)",tensor(9),1,0,0,0,0,0.99472886,0.010743108,0.0019907875,0.012604299,0.0062353765,1,0,0,0,0,1.0,0.0,0,0.0073688626,0.012604296,0.042438827,-5.082485,383.3056,4884.7177734375,0.25947319778188543
tensor(343),"tensor(4004., dtype=torch.float64)",tensor(9),1,0,0,0,0,0.99007416,0.053060323,0.0012565355,0.024403183,0.00037488548,1,0,0,0,0,1.0,0.0,0,0.017804146,0.053060293,0.07815675,-5.1478853,507.11652,4822.2275390625,0.28927911275415896
tensor(365),"tensor(9158., dtype=torch.float64)",tensor(9),1,0,0,0,0,0.9823132,0.0017427515,0.0012420772,0.47039044,0.0072291894,1,0,0,0,0,1.0,0.0,0,0.09965831,0.47039044,0.16909823,-4.4196634,319.51315,4629.74755859375,0.3909426987060998
tensor(383),"tensor(15446., dtype=torch.float64)",tensor(9),0,1,1,0,1,0.0011487751,0.408195,0.9917778,0.075769596,0.9368603,0,0,1,0,1,0.8,0.19999999999999996,1,0.111295044,0.40819502,0.24732313,-3.4260888,39.809147,39.809146881103516,0.3123844731977819
tensor(387),"tensor(14950., dtype=torch.float64)",tensor(9),1,0,0,0,0,0.99586713,0.0007841457,0.0005748385,0.04600583,0.020638421,1,0,0,0,0,1.0,0.0,0,0.014427185,0.046005845,0.065031886,-5.3974504,397.5401,4446.94189453125,0.27264325323475047
tensor(419),"tensor(1909., dtype=torch.float64)",tensor(9),1,0,0,0,0,0.89004195,0.04826458,0.01386033,0.28962952,0.29089323,1,0,0,0,0,1.0,0.0,0,0.1505211,0.2908932,0.36352772,-2.225152,71.40714,5989.2646484375,0.6032809611829943
tensor(425),"tensor(2440., dtype=torch.float64)",tensor(9),0,1,1,0,1,0.001223753,0.8455033,0.9309249,0.7779731,0.7351823,0,1,1,1,1,0.8571428571428571,0.1428571428571429,1,0.14232808,0.2648177,0.35971943,-2.6560643,36.253365,36.25336456298828,0.47943622920517565
tensor(437),"tensor(2990., dtype=torch.float64)",tensor(9),1,0,0,0,0,0.9707181,0.008005816,0.008724485,0.12419607,0.10173834,1,0,0,0,0,1.0,0.0,0,0.054389298,0.12419605,0.18660052,-3.4369621,153.8375,5488.537109375,0.3542051756007394
tensor(441),"tensor(6036., dtype=torch.float64)",tensor(9),1,0,0,0,0,0.9422489,0.041568406,0.02509731,0.038906794,0.24446736,1,0,0,0,0,1.0,0.0,0,0.08155823,0.24446738,0.2463047,-2.7849808,122.38349,6038.595703125,0.43784658040665436
tensor(445),"tensor(3996., dtype=torch.float64)",tensor(9),1,0,0,0,0,0.7128443,0.19401522,0.05129795,0.37003648,0.5817481,1,0,0,0,0,1.0,0.0,0,0.26415145,0.41825187,0.5265188,-1.2225649,47.05088,6504.52685546875,0.7828096118299446
tensor(483),"tensor(19895., dtype=torch.float64)",tensor(9),0,1,0,1,0,0.0039208657,0.5387748,0.80889004,0.9877022,0.5237605,0,0,1,1,0,0.5,0.5,1,0.22895867,0.4762395,0.39238706,-2.3233616,27.95423,27.9542293548584,0.5797134935304991
tensor(491),"tensor(3731., dtype=torch.float64)",tensor(9),1,0,0,0,0,0.97966284,0.010069157,0.004274304,0.05920608,0.09704645,1,0,0,0,0,1.0,0.0,0,0.03818667,0.097046435,0.14531426,-3.7819896,183.90477,5343.267578125,0.3172365988909427
tensor(515),"tensor(12266., dtype=torch.float64)",tensor(9),0,1,0,0,0,0.13076581,0.4388189,0.8607136,0.17424887,0.45121196,0,0,1,0,0,0.0,1.0,1,0.2668664,0.45121193,0.52561736,-1.142595,45.29223,202.46566772460938,0.782347504621072
tensor(529),"tensor(13474., dtype=torch.float64)",tensor(9),0,0,1,0,0,0.025669673,0.7167465,0.8907588,0.14223897,0.65366685,0,1,1,0,0,0.6666666666666666,0.33333333333333337,1,0.18134725,0.34633315,0.42288622,-1.8190699,30.671501,37.95191192626953,0.6194547134935305
tensor(537),"tensor(21127., dtype=torch.float64)",tensor(9),0,1,1,0,1,6.363551e-05,0.88988465,0.98146,0.81251955,0.9487815,0,1,1,1,1,0.8571428571428571,0.1428571428571429,1,0.07348359,0.18748045,0.22487457,-4.0212984,54.86109,54.86109161376953,0.2652495378927911
tensor(545),"tensor(15734., dtype=torch.float64)",tensor(9),0,1,1,1,1,0.0006362958,0.6842749,0.9576839,0.94363177,0.93353343,0,1,1,1,1,1.0,0.0,0,0.09630239,0.3157251,0.25308347,-3.3424308,41.822975,41.822975158691406,0.3109981515711645
tensor(553),"tensor(10977., dtype=torch.float64)",tensor(9),1,0,0,0,0,0.9767288,0.021899972,0.0069847126,0.13110766,0.012895581,1,0,0,0,0,1.0,0.0,0,0.039231896,0.13110769,0.14297864,-3.7444465,202.74582,5313.9453125,0.3250924214417745
tensor(563),"tensor(12015., dtype=torch.float64)",tensor(9),0,1,0,1,0,0.0010304502,0.96432287,0.81514186,0.78980076,0.755975,0,1,1,1,1,0.6666666666666666,0.33333333333333337,1,0.13515794,0.24402499,0.34212947,-2.822376,36.493248,36.493247985839844,0.4433918669131238
tensor(587),"tensor(11694., dtype=torch.float64)",tensor(9),1,0,0,0,0,0.9891159,0.014894625,0.0037233075,0.025089156,0.020512594,1,0,0,0,0,1.0,0.0,0,0.015020728,0.025089145,0.07585378,-4.363315,264.5948,5151.9130859375,0.2807301293900185
tensor(601),"tensor(4261., dtype=torch.float64)",tensor(9),0,1,0,0,0,0.011485373,0.8835883,0.8106106,0.3417103,0.28356424,0,1,1,0,0,0.6666666666666666,0.33333333333333337,1,0.1885122,0.34171033,0.42924452,-1.9037006,33.244995,33.2449951171875,0.6307763401109057
tensor(615),"tensor(7655., dtype=torch.float64)",tensor(9),1,0,0,0,0,0.7613921,0.04152281,0.4224201,0.09789268,0.33196744,1,0,0,0,0,1.0,0.0,0,0.22648221,0.42242014,0.47185525,-1.5064876,84.183174,6767.880859375,0.7948243992606285
tensor(627),"tensor(2819., dtype=torch.float64)",tensor(9),0,1,1,0,0,0.0020432605,0.99764925,0.19783258,0.08860515,0.14415543,0,1,0,0,0,0.6666666666666666,0.33333333333333337,1,0.08699739,0.19783258,0.24807799,-3.5507398,63.665123,63.665122985839844,0.3304066543438078
tensor(633),"tensor(709., dtype=torch.float64)",tensor(9),0,0,0,1,0,0.7443538,0.094132245,0.051472835,0.7589991,0.12867598,1,0,0,1,0,0.6666666666666666,0.33333333333333337,1,0.15418565,0.25564623,0.40387425,-1.8613374,39.895706,39.89570617675781,0.6032809611829945
tensor(673),"tensor(2745., dtype=torch.float64)",tensor(9),1,0,0,0,0,0.99591774,0.0016607684,0.0015163104,0.017255394,0.02134828,1,0,0,0,0,1.0,0.0,0,0.009172618,0.021348298,0.04811506,-5.250643,390.49677,4771.33740234375,0.26155268022181144
tensor(705),"tensor(4874., dtype=torch.float64)",tensor(9),0,1,0,1,0,0.0062022447,0.49795952,0.86180806,0.9779562,0.08194662,0,0,1,1,0,0.5,0.5,1,0.14926875,0.4979595,0.30438057,-2.6247582,67.53669,67.53668975830078,0.5138632162661737
tensor(717),"tensor(3795., dtype=torch.float64)",tensor(9),0,1,1,0,0,0.12088307,0.29263154,0.8326837,0.84551907,0.13066591,0,0,1,1,0,0.5,0.5,1,0.17319554,0.2926315,0.44856626,-1.6132925,47.0971,47.09709930419922,0.6829944547134935
tensor(771),"tensor(3063., dtype=torch.float64)",tensor(9),1,0,0,0,0,0.47883582,0.3650873,0.56573606,0.43057063,0.09770815,1,0,0,0,0,1.0,0.0,0,0.3612932,0.47883582,0.60730255,-0.68100196,50.513657,7015.171875,0.832486136783734
tensor(787),"tensor(18804., dtype=torch.float64)",tensor(9),1,0,0,0,0,0.9842867,0.019344807,0.008049783,0.04310909,0.016642455,1,0,0,0,0,1.0,0.0,0,0.020571887,0.04310906,0.09710642,-4.0112414,234.94249,5311.2080078125,0.29390018484288355
tensor(823),"tensor(1791., dtype=torch.float64)",tensor(9),0,0,1,1,0,0.09449933,0.5633369,0.62163115,0.86459404,0.24016711,0,0,0,1,0,0.6666666666666666,0.33333333333333337,1,0.2570209,0.4366631,0.52179927,-1.203367,23.367744,23.36774444580078,0.7125693160813309
tensor(839),"tensor(1551., dtype=torch.float64)",tensor(9),1,0,0,0,0,0.90670186,0.043030124,0.0723677,0.06747395,0.28017396,1,0,0,0,0,1.0,0.0,0,0.1112687,0.28017396,0.31749076,-2.299303,93.78854,6275.8173828125,0.536275415896488
tensor(843),"tensor(1756., dtype=torch.float64)",tensor(9),1,0,0,0,0,0.98491526,0.012471446,0.035341386,0.041760523,0.0024455634,1,0,0,0,0,1.0,0.0,0,0.021420777,0.041760504,0.097760454,-4.200307,356.29886,5417.333984375,0.3093807763401109
tensor(849),"tensor(7475., dtype=torch.float64)",tensor(9),0,0,1,0,0,0.14979441,0.3539033,0.8601839,0.34356618,0.5073575,0,0,1,0,0,1.0,0.0,0,0.2959445,0.49264252,0.5626446,-0.9663664,43.057686,212.02801513671875,0.7971349353049908
tensor(881),"tensor(2682., dtype=torch.float64)",tensor(9),1,0,0,0,0,0.8729124,0.0040079076,0.1300366,0.06754947,0.5109935,1,0,0,0,0,1.0,0.0,0,0.16353762,0.48900652,0.34670988,-2.4024,135.39258,6173.158203125,0.6418669131238448
tensor(885),"tensor(2841., dtype=torch.float64)",tensor(9),0,0,1,0,1,0.39519706,0.15981932,0.6404754,0.16451854,0.72687936,1,0,0,0,0,0.0,1.0,1,0.270436,0.39519703,0.55939114,-1.0532702,31.027678,7070.1025390625,0.7553142329020333
tensor(889),"tensor(11105., dtype=torch.float64)",tensor(9),1,0,0,0,0,0.46805662,0.8459731,0.025061516,0.015985893,0.10021755,1,1,0,0,0,0.6666666666666666,0.33333333333333337,1,0.15266973,0.46805662,0.32908097,-2.3614185,84.80331,84.80330657958984,0.5797134935304991
tensor(901),"tensor(5843., dtype=torch.float64)",tensor(9),1,0,0,0,0,0.98637265,0.02645551,0.0040740035,0.05148004,0.00840741,1,0,0,0,0,1.0,0.0,0,0.020808876,0.051480055,0.094430596,-4.214078,276.36334,5106.0087890625,0.2959796672828096
tensor(913),"tensor(6560., dtype=torch.float64)",tensor(9),1,0,0,0,0,0.9958723,0.011468002,0.0011346532,0.017765306,0.0005839588,1,0,0,0,0,1.0,0.0,0,0.007015884,0.017765284,0.038478706,-5.636106,537.2783,4633.302734375,0.261090573012939
tensor(925),"tensor(5897., dtype=torch.float64)",tensor(9),1,0,0,0,0,0.8874147,0.020249583,0.010583518,0.674082,0.07145679,1,0,0,0,0,1.0,0.0,0,0.10815859,0.32591802,0.2796405,-2.7545626,93.6664,5667.06494140625,0.4671903881700554
tensor(927),"tensor(2826., dtype=torch.float64)",tensor(9),1,0,0,0,0,0.7372957,0.084749274,0.11780874,0.14477263,0.6771865,1,0,0,0,0,1.0,0.0,0,0.18656969,0.3228135,0.4542253,-1.5883763,62.22589,6553.28515625,0.7305914972273567
tensor(985),"tensor(7407., dtype=torch.float64)",tensor(9),1,0,0,0,0,0.9093545,0.041196864,0.015603081,0.11795547,0.4400008,1,0,0,0,0,1.0,0.0,0,0.14108026,0.44000077,0.32098272,-2.3701513,99.36734,6016.9736328125,0.5707024029574861
tensor(987),"tensor(7818., dtype=torch.float64)",tensor(9),0,0,1,0,0,0.008933534,0.36456624,0.97020197,0.17849752,0.80542684,0,0,1,0,1,0.6666666666666666,0.33333333333333337,1,0.15527374,0.3645662,0.36059505,-2.3389509,19.72472,19.724720001220703,0.4792051756007394
tensor(999),"tensor(1497., dtype=torch.float64)",tensor(9),1,0,0,0,0,0.8925406,0.02241143,0.004016467,0.2223843,0.5377516,1,0,0,0,0,1.0,0.0,0,0.16370404,0.46224838,0.33896473,-2.5617847,119.892654,5713.8095703125,0.6081330868761553
tensor(1007),"tensor(10526., dtype=torch.float64)",tensor(9),1,0,0,0,0,0.98769903,0.010836539,0.023379173,0.057670724,0.00089272397,1,0,0,0,0,1.0,0.0,0,0.021016002,0.057670712,0.0929441,-4.4891677,430.4306,5203.18115234375,0.30129390018484287
tensor(1015),"tensor(5995., dtype=torch.float64)",tensor(9),0,0,1,0,1,0.0027311994,0.65706766,0.9757471,0.05333025,0.6276712,0,1,1,0,0,0.5,0.5,1,0.15911514,0.37232882,0.32887188,-2.728777,54.45484,70.1400146484375,0.5131700554528651
tensor(1103),"tensor(4833., dtype=torch.float64)",tensor(9),0,0,0,0,1,0.9440536,0.022245668,0.013076321,0.010711662,0.440671,1,0,0,0,0,0.0,1.0,1,0.10853022,0.44067097,0.22747178,-3.1393564,178.13837,5890.82373046875,0.4572550831792976
tensor(1109),"tensor(4267., dtype=torch.float64)",tensor(9),0,1,0,1,0,0.0046985885,0.9326855,0.7570276,0.46400216,0.046842176,0,1,1,0,0,0.5,0.5,1,0.16516602,0.46400213,0.3421312,-2.4556332,62.549435,62.549434661865234,0.5679297597042514
tensor(1119),"tensor(16469., dtype=torch.float64)",tensor(9),1,0,0,0,0,0.9591828,0.13394941,0.0029096606,0.021774879,0.076044135,1,0,0,0,0,1.0,0.0,0,0.05509901,0.1339494,0.19162478,-3.4325194,169.80365,5621.2744140625,0.3646025878003697
tensor(1123),"tensor(7009., dtype=torch.float64)",tensor(9),0,0,0,1,0,0.054562636,0.09461109,0.036068264,0.9944918,0.6163002,0,0,0,1,0,1.0,0.0,0,0.11488998,0.38369977,0.27600923,-2.8132741,29.498716,29.498716354370117,0.35351201478743066
tensor(1139),"tensor(4705., dtype=torch.float64)",tensor(9),1,0,0,0,0,0.98574406,0.001309776,0.0025976321,0.08320726,0.079031006,1,0,0,0,0,1.0,0.0,0,0.03608024,0.08320725,0.13314822,-4.3356996,252.8785,5053.78466796875,0.31353974121996303
tensor(1159),"tensor(649., dtype=torch.float64)",tensor(9),0,1,0,0,0,0.3330825,0.7842388,0.12055653,0.6024236,0.3643776,1,1,0,0,0,0.6666666666666666,0.33333333333333337,1,0.2862708,0.3975764,0.57075506,-0.98879516,33.49655,41.257408142089844,0.7696395563770795
tensor(1205),"tensor(18791., dtype=torch.float64)",tensor(9),0,0,1,1,0,0.002948452,0.13837734,0.99434435,0.006267443,0.9101803,0,0,1,0,1,0.5,0.5,1,0.048613727,0.13837731,0.15943947,-4.040742,103.280045,103.28004455566406,0.2710258780036969
tensor(1249),"tensor(19947., dtype=torch.float64)",tensor(9),1,0,0,0,0,0.89189595,0.014264953,0.015896013,0.72329915,0.030499,1,0,0,1,0,0.6666666666666666,0.33333333333333337,1,0.08909303,0.27670085,0.24504182,-2.9782948,122.14414,122.1441421508789,0.42629390018484287
tensor(1261),"tensor(8420., dtype=torch.float64)",tensor(9),0,1,0,1,0,0.051385183,0.45412165,0.029932218,0.9876413,0.46734703,0,0,0,1,0,0.6666666666666666,0.33333333333333337,1,0.20302898,0.46734703,0.35672075,-2.2179732,15.129446,15.129446029663086,0.5311922365988909
tensor(1295),"tensor(20870., dtype=torch.float64)",tensor(9),0,0,1,0,0,0.92897564,0.022604052,0.103522286,0.15542549,0.043474205,1,0,0,0,0,0.0,1.0,1,0.0792101,0.15542549,0.26157603,-2.6560628,117.04016,6096.6376953125,0.4530961182994455
tensor(1321),"tensor(5894., dtype=torch.float64)",tensor(9),1,0,0,0,0,0.8481475,0.24263382,0.024393424,0.34284505,0.013537082,1,0,0,0,0,1.0,0.0,0,0.15505236,0.34284508,0.36185467,-2.2973037,111.17756,5953.806640625,0.6347042513863217
tensor(1367),"tensor(21233., dtype=torch.float64)",tensor(9),0,0,0,1,1,0.017931277,0.045783594,0.033071756,0.9968637,0.65905076,0,0,0,1,0,0.6666666666666666,0.33333333333333337,1,0.08817434,0.34094924,0.21678397,-3.3672328,45.70428,45.704280853271484,0.2888170055452865
tensor(1379),"tensor(7123., dtype=torch.float64)",tensor(9),1,0,0,0,0,0.8759599,0.22211334,0.023837699,0.12216263,0.22973198,1,0,0,0,0,1.0,0.0,0,0.14437711,0.22973198,0.3854505,-2.0204804,78.365204,6229.763671875,0.63724584103512
tensor(1399),"tensor(12213., dtype=torch.float64)",tensor(9),0,0,0,0,0,0.0008796397,0.003048042,0.0067369156,0.030269265,0.00037683273,0,0,0,0,0,1.0,0.0,0,0.008262157,0.030269265,0.04143883,-5.833786,411.23016,411.23016357421875,0.2564695009242144
tensor(1421),"tensor(4879., dtype=torch.float64)",tensor(9),1,0,0,0,0,0.17778446,0.038064197,0.85584915,0.18291327,0.8575967,0,0,1,0,1,0.0,1.0,1,0.1370632,0.1829133,0.38545436,-1.9669087,31.94087,31.94087028503418,0.5406654343807764
tensor(1427),"tensor(20044., dtype=torch.float64)",tensor(9),0,1,1,0,0,0.00089456193,0.8526169,0.9756428,0.055524245,0.93593925,0,1,1,0,1,0.8,0.19999999999999996,1,0.058443904,0.1473831,0.19846548,-3.595871,45.699795,45.69979476928711,0.23937153419593343
tensor(1433),"tensor(16989., dtype=torch.float64)",tensor(9),0,1,0,0,0,0.002049714,0.997563,0.09630248,0.030579958,0.054024823,0,1,0,0,0,1.0,0.0,0,0.03707874,0.09630251,0.13913336,-4.1521387,93.72522,93.7252197265625,0.24468576709796672
tensor(1439),"tensor(16142., dtype=torch.float64)",tensor(9),0,1,1,0,1,0.00025923288,0.5273055,0.9948367,0.18497485,0.9586424,0,0,1,0,1,0.8,0.19999999999999996,1,0.14088994,0.47269452,0.27549693,-3.650824,50.186466,50.186466217041016,0.3770794824399261
tensor(1449),"tensor(18349., dtype=torch.float64)",tensor(9),0,0,1,0,0,0.004815748,0.46744817,0.97507066,0.15560068,0.60285914,0,0,1,0,0,1.0,0.0,0,0.20998698,0.46744817,0.38846245,-2.247324,41.457188,166.08676147460938,0.618992606284658
tensor(1451),"tensor(16916., dtype=torch.float64)",tensor(9),0,0,0,0,1,0.00016509269,0.6252693,0.99644756,0.07810079,0.9891403,0,1,1,0,1,0.5,0.5,1,0.09348184,0.3747307,0.20412652,-4.367516,93.887566,93.88756561279297,0.31353974121996303
tensor(1453),"tensor(17864., dtype=torch.float64)",tensor(9),1,0,0,0,0,0.8777831,0.025245443,0.10161132,0.37073016,0.12545213,1,0,0,0,0,1.0,0.0,0,0.14905119,0.37073016,0.37094498,-2.0550916,72.50717,6261.04833984375,0.6217652495378928
tensor(1455),"tensor(20051., dtype=torch.float64)",tensor(9),1,0,0,0,0,0.80242246,0.06045799,0.040008545,0.38973755,0.4975492,1,0,0,0,0,1.0,0.0,0,0.23706615,0.49754918,0.45099774,-1.5561998,54.065353,6310.2890625,0.7497689463955638
tensor(1469),"tensor(4058., dtype=torch.float64)",tensor(9),0,0,1,1,1,0.00027181907,0.50521904,0.98861957,0.87616676,0.8843794,0,0,1,1,1,1.0,0.0,0,0.14917737,0.49478096,0.29808998,-3.337317,49.200436,49.200435638427734,0.4200554528650647
tensor(1473),"tensor(17115., dtype=torch.float64)",tensor(9),0,1,1,0,0,0.0013978904,0.99469334,0.499408,0.14330402,0.045163404,0,1,0,0,0,0.6666666666666666,0.33333333333333337,1,0.13891602,0.499408,0.26635212,-3.329322,70.14833,70.14833068847656,0.4237523105360444
tensor(1497),"tensor(18668., dtype=torch.float64)",tensor(9),1,0,0,0,0,0.99295855,0.006234162,0.0017642253,0.05877918,0.0031738007,1,0,0,0,0,1.0,0.0,0,0.015398622,0.05877918,0.06755074,-4.976328,375.13348,4741.927734375,0.2770332717190388
tensor(1515),"tensor(668., dtype=torch.float64)",tensor(9),0,1,1,0,0,0.024368847,0.9364899,0.44102162,0.7647957,0.42946106,0,1,0,1,0,0.5,0.5,1,0.23871315,0.44102162,0.45318598,-1.6161878,33.36841,33.368408203125,0.6947781885397413
tensor(1541),"tensor(20956., dtype=torch.float64)",tensor(9),0,1,0,0,0,0.579566,0.50713366,0.028903766,0.5526723,0.38699093,1,0,0,0,0,0.0,1.0,1,0.35530454,0.49286634,0.57187176,-0.907087,38.367203,6527.623046875,0.7952865064695009
tensor(1577),"tensor(7809., dtype=torch.float64)",tensor(9),0,1,0,0,0,0.16651112,0.68126255,0.5491203,0.6656355,0.59290457,0,1,0,0,0,1.0,0.0,0,0.3355176,0.4508797,0.6155098,-0.7263502,32.062042,46.74208068847656,0.7809611829944547
tensor(1595),"tensor(3742., dtype=torch.float64)",tensor(9),1,0,1,0,0,0.4975357,0.057778597,0.688769,0.024259223,0.66824025,1,0,0,0,0,0.6666666666666666,0.33333333333333337,1,0.2445128,0.4975357,0.45672554,-1.5980973,62.783527,6906.02294921875,0.7703327171903882
tensor(1611),"tensor(12706., dtype=torch.float64)",tensor(9),0,0,0,0,1,0.086372755,0.77603906,0.6795515,0.41823614,0.28686666,0,1,0,0,0,0.0,1.0,1,0.267177,0.41823614,0.54643714,-1.1187725,42.02468,42.024681091308594,0.7786506469500925
tensor(1619),"tensor(2638., dtype=torch.float64)",tensor(9),1,0,0,0,0,0.9676395,0.008636512,0.046100862,0.02928049,0.07634419,1,0,0,0,0,1.0,0.0,0,0.038544476,0.07634419,0.15626855,-3.4329867,187.84625,5856.7626953125,0.3421903881700554
tensor(1627),"tensor(6034., dtype=torch.float64)",tensor(9),0,1,1,0,0,0.0039930767,0.763352,0.80337644,0.9637778,0.26143628,0,1,1,1,0,0.8,0.19999999999999996,1,0.1469847,0.26143628,0.35984224,-2.4835153,34.484383,34.48438262939453,0.4921441774491682
tensor(1645),"tensor(7424., dtype=torch.float64)",tensor(9),1,0,0,0,0,0.7285937,0.052987967,0.009933581,0.88784236,0.13317227,1,0,0,1,0,0.6666666666666666,0.33333333333333337,1,0.11593151,0.2714063,0.31818905,-2.4829364,62.451214,62.45121383666992,0.48914048059149723
tensor(1699),"tensor(20837., dtype=torch.float64)",tensor(9),1,0,0,0,0,0.4546702,0.77506876,0.0070470953,0.36723417,0.014893961,1,1,0,0,0,0.6666666666666666,0.33333333333333337,1,0.21375537,0.4546702,0.39979157,-2.2205875,107.09776,107.09776306152344,0.7183456561922366
tensor(1701),"tensor(20919., dtype=torch.float64)",tensor(9),1,0,0,0,0,0.9520468,0.22520523,0.0039301137,0.0367474,0.0056239385,1,0,0,0,0,1.0,0.0,0,0.06389201,0.22520524,0.18875256,-3.6400914,226.07344,5505.9228515625,0.375
tensor(1713),"tensor(7961., dtype=torch.float64)",tensor(9),0,0,1,1,0,0.1294157,0.25263882,0.88150454,0.44219187,0.11966894,0,0,1,0,0,0.6666666666666666,0.33333333333333337,1,0.21248215,0.44219184,0.47342402,-1.4450638,65.0308,255.45811462402344,0.7687153419593346
tensor(1763),"tensor(21187., dtype=torch.float64)",tensor(9),0,0,1,0,1,0.0065584336,0.5347583,0.96667016,0.21298349,0.80358225,0,0,1,0,1,1.0,0.0,0,0.18290627,0.46524167,0.3779294,-2.248591,19.917835,19.917835235595703,0.5284195933456562
tensor(1809),"tensor(361., dtype=torch.float64)",tensor(9),0,1,0,1,0,0.0021789207,0.9938366,0.47450754,0.14370589,0.07086395,0,1,0,0,0,0.6666666666666666,0.33333333333333337,1,0.13948393,0.47450757,0.28247815,-3.1340175,57.111206,57.1112060546875,0.4316081330868761
tensor(1817),"tensor(11885., dtype=torch.float64)",tensor(9),0,0,1,1,0,0.0016423053,0.83092225,0.8545559,0.96301234,0.41877627,0,1,1,1,0,0.8,0.19999999999999996,1,0.15438557,0.41877627,0.34389192,-2.6720524,38.59277,38.592769622802734,0.4863678373382625
tensor(1841),"tensor(7070., dtype=torch.float64)",tensor(9),1,0,0,0,0,0.03249265,0.1389272,0.9580455,0.17847528,0.84368575,0,0,1,0,1,0.0,1.0,1,0.10963279,0.17847526,0.3246003,-2.3117743,16.608898,16.608898162841797,0.3978743068391867
tensor(1871),"tensor(1585., dtype=torch.float64)",tensor(9),1,0,0,0,0,0.91433054,0.008650002,0.08299823,0.101408884,0.31355897,1,0,0,0,0,1.0,0.0,0,0.11845714,0.31355894,0.3156444,-2.495339,122.8837,6144.41357421875,0.5450554528650647
tensor(1889),"tensor(2348., dtype=torch.float64)",tensor(9),0,0,1,0,0,0.3434705,0.2475304,0.7597936,0.21244876,0.42573857,1,0,1,0,0,0.6666666666666666,0.33333333333333337,1,0.2938789,0.42573857,0.59069884,-0.9041457,51.54033,215.69871520996094,0.8216266173752311
tensor(1907),"tensor(7931., dtype=torch.float64)",tensor(9),0,1,0,1,0,0.0062066102,0.8786146,0.039669532,0.99353963,0.41032875,0,1,0,1,0,1.0,0.0,0,0.11681014,0.41032875,0.25805798,-3.1280336,26.277481,26.277481079101562,0.3063770794824399
tensor(1977),"tensor(847., dtype=torch.float64)",tensor(9),0,1,0,1,0,0.00035895006,0.35521135,0.9671979,0.9931591,0.6902749,0,0,1,1,0,0.5,0.5,1,0.1409877,0.35521138,0.2915939,-3.5382943,80.657906,80.65790557861328,0.4392329020332717
tensor(1981),"tensor(459., dtype=torch.float64)",tensor(9),0,0,1,0,0,0.0050909105,0.51016545,0.9749784,0.1220335,0.9009423,0,0,1,0,1,0.6666666666666666,0.33333333333333337,1,0.14820766,0.48983455,0.3071701,-2.631918,19.47763,19.477630615234375,0.40272643253234747
tensor(1995),"tensor(389., dtype=torch.float64)",tensor(9),0,0,0,1,0,0.22226052,0.07979185,0.017909486,0.9690268,0.7378625,0,0,0,1,1,0.6666666666666666,0.33333333333333337,1,0.1226145,0.26213747,0.32223848,-2.436026,48.79684,48.79684066772461,0.4771256931608133
tensor(2033),"tensor(5507., dtype=torch.float64)",tensor(9),0,1,1,1,0,0.0011962269,0.75575143,0.8478574,0.98526025,0.64235806,0,1,1,1,0,1.0,0.0,0,0.15399379,0.35764194,0.34408408,-2.872556,36.18226,36.18225860595703,0.4616451016635859
tensor(2051),"tensor(389., dtype=torch.float64)",tensor(9),0,0,0,0,0,0.0016203306,0.44309974,0.94372135,0.82333,0.024821337,0,0,1,1,0,0.0,1.0,1,0.14049804,0.44309974,0.29956967,-2.93632,135.04503,135.04502868652344,0.5321164510166358
tensor(2089),"tensor(1651., dtype=torch.float64)",tensor(9),1,0,0,0,0,0.9644701,0.069379084,0.0059660403,0.10957481,0.033063386,1,0,0,0,0,1.0,0.0,0,0.05070269,0.109574795,0.18657245,-3.2967916,159.1742,5490.68701171875,0.3646025878003697
tensor(2099),"tensor(13882., dtype=torch.float64)",tensor(9),0,1,0,0,0,0.007842346,0.8918694,0.78885067,0.32878438,0.087613456,0,1,1,0,0,0.6666666666666666,0.33333333333333337,1,0.14870405,0.32878435,0.36683857,-2.2650304,48.935287,48.93528747558594,0.5596118299445472
tensor(2107),"tensor(2719., dtype=torch.float64)",tensor(9),1,0,0,0,0,0.50466603,0.36658415,0.48392257,0.46276566,0.6008577,1,0,0,0,0,1.0,0.0,0,0.44154978,0.49533397,0.6811762,-0.23762985,43.44497,7207.291015625,0.8223197781885397
tensor(2111),"tensor(4920., dtype=torch.float64)",tensor(9),0,1,1,1,1,0.0027520957,0.85296273,0.80667335,0.9157047,0.87919325,0,1,1,1,1,1.0,0.0,0,0.10964364,0.19332665,0.31703702,-2.689877,35.049835,35.049835205078125,0.4034195933456562
tensor(2115),"tensor(20329., dtype=torch.float64)",tensor(9),1,0,0,0,0,0.9792429,0.008469455,0.0037228935,0.09741707,0.071951106,1,0,0,0,0,1.0,0.0,0,0.040463567,0.09741706,0.1504762,-3.797912,183.04245,5240.3525390625,0.3186229205175601
tensor(2123),"tensor(4949., dtype=torch.float64)",tensor(9),0,0,0,1,1,0.8456413,0.12374279,0.072826676,0.15548274,0.36860716,1,0,0,0,0,0.0,1.0,1,0.17500365,0.36860716,0.43114305,-1.6865511,62.48763,6507.02978515625,0.7042513863216266
tensor(2135),"tensor(8046., dtype=torch.float64)",tensor(9),0,0,0,1,0,0.063142225,0.2810135,0.03438649,0.98990506,0.38795793,0,0,0,1,0,1.0,0.0,0,0.15531904,0.38795793,0.34067452,-2.4026313,14.465897,14.465896606445312,0.45402033271719044
tensor(2139),"tensor(20870., dtype=torch.float64)",tensor(9),1,0,0,0,0,0.24796282,0.03729181,0.9132787,0.024858199,0.19645566,0,0,1,0,0,0.0,1.0,1,0.11865795,0.24796283,0.32520956,-2.3585632,120.89566,221.00717163085938,0.565619223659889
tensor(2149),"tensor(7231., dtype=torch.float64)",tensor(9),1,0,0,0,0,0.99610645,0.009288066,0.00084169937,0.025440512,0.0006941807,1,0,0,0,0,1.0,0.0,0,0.008031547,0.025440514,0.041850567,-5.642239,540.6621,4517.2431640625,0.26247689463955637
tensor(2161),"tensor(20411., dtype=torch.float64)",tensor(9),1,0,0,0,0,0.98315215,0.0007337004,0.0033045749,0.013407948,0.30671158,1,0,0,0,0,1.0,0.0,0,0.068201065,0.30671155,0.16025694,-4.4212604,313.96335,5202.283203125,0.35489833641404805
tensor(2169),"tensor(6021., dtype=torch.float64)",tensor(9),0,0,1,0,0,0.73715806,0.17826895,0.2990796,0.0040002214,0.13480484,1,0,0,0,0,0.0,1.0,1,0.17579907,0.2990796,0.4152696,-2.1575158,131.49391,6591.8994140625,0.7215804066543438
tensor(2181),"tensor(2652., dtype=torch.float64)",tensor(9),1,0,0,0,0,0.46917772,0.09311827,0.27643386,0.37104204,0.8069896,1,0,0,0,1,0.6666666666666666,0.33333333333333337,1,0.28055644,0.46917772,0.54811203,-1.0640247,39.35575,39.355751037597656,0.7784195933456561
tensor(2205),"tensor(4376., dtype=torch.float64)",tensor(9),0,0,0,0,0,0.0047209295,0.96166515,0.42181244,0.93524784,0.4448306,0,1,0,1,0,0.0,1.0,1,0.19489014,0.4448306,0.36007503,-2.3560967,35.241455,35.241455078125,0.5586876155268022
tensor(2233),"tensor(5310., dtype=torch.float64)",tensor(9),0,0,0,1,0,0.13072467,0.37598902,0.69305176,0.93460274,0.136099,0,0,0,1,0,1.0,0.0,0,0.20303166,0.37598902,0.46117014,-1.5446632,34.901733,34.9017333984375,0.6876155268022182
tensor(2237),"tensor(2202., dtype=torch.float64)",tensor(9),1,0,0,0,0,0.9748164,0.14593102,0.0035319065,0.016844377,0.002471036,1,0,0,0,0,1.0,0.0,0,0.03879243,0.145931,0.13188452,-4.2265415,311.7528,5352.5947265625,0.3283271719038817
tensor(2261),"tensor(3857., dtype=torch.float64)",tensor(9),1,0,0,0,0,0.98640454,0.002950755,0.005036274,0.035362106,0.093695715,1,0,0,0,0,1.0,0.0,0,0.030128121,0.0936957,0.11753263,-4.1937094,240.45842,5263.193359375,0.3045286506469501
tensor(2273),"tensor(16350., dtype=torch.float64)",tensor(9),0,1,0,0,0,0.007265058,0.17699733,0.8378679,0.38991544,0.01292349,0,0,1,0,0,0.0,1.0,1,0.14984667,0.38991547,0.33815303,-2.5760062,138.57393,321.31719970703125,0.6062846580406653
tensor(2283),"tensor(3200., dtype=torch.float64)",tensor(9),1,0,0,0,0,0.68290037,0.37659305,0.22373953,0.0015483592,0.08828536,1,0,0,0,0,1.0,0.0,0,0.20145321,0.37659305,0.4257509,-2.263787,166.633,6567.1484375,0.759011090573013
tensor(2297),"tensor(4963., dtype=torch.float64)",tensor(9),0,0,0,1,1,0.1506883,0.40157992,0.3864237,0.93938065,0.26225266,0,0,0,1,0,0.6666666666666666,0.33333333333333337,1,0.25231284,0.40157992,0.5137476,-1.2730738,13.754902,13.754901885986328,0.6929297597042514
tensor(2301),"tensor(2793., dtype=torch.float64)",tensor(9),1,0,0,0,0,0.5471379,0.023641104,0.8072585,0.021965886,0.12917094,1,0,1,0,0,0.6666666666666666,0.33333333333333337,1,0.16407633,0.45286208,0.35623246,-2.2093227,147.17456,247.07034301757812,0.6762939001848428
tensor(2309),"tensor(1134., dtype=torch.float64)",tensor(9),1,0,0,0,0,0.8774695,0.11279886,0.21177329,0.077376194,0.08365704,1,0,0,0,0,1.0,0.0,0,0.12162715,0.21177328,0.36009723,-2.043525,95.51276,6515.20703125,0.6055914972273567
tensor(2311),"tensor(4897., dtype=torch.float64)",tensor(9),0,1,0,1,0,0.0025255329,0.92600983,0.47582802,0.9832381,0.39849356,0,1,0,1,0,1.0,0.0,0,0.19351977,0.47582805,0.34619933,-2.617196,29.784904,29.78490447998047,0.5057763401109057
tensor(2319),"tensor(2577., dtype=torch.float64)",tensor(9),1,0,0,0,0,0.63250124,0.010658045,0.72847176,0.027904557,0.25807583,1,0,1,0,0,0.6666666666666666,0.33333333333333337,1,0.18713301,0.36749876,0.3999607,-2.1334455,131.06201,225.72372436523438,0.7229667282809612
tensor(2335),"tensor(11190., dtype=torch.float64)",tensor(9),0,0,0,1,0,0.0029533177,0.6068893,0.88464135,0.97406346,0.514516,0,1,1,1,0,0.5,0.5,1,0.20456868,0.485484,0.37217817,-2.3954325,33.850193,33.85019302368164,0.5670055452865065
tensor(2357),"tensor(18869., dtype=torch.float64)",tensor(9),1,0,0,0,0,0.9921144,0.00076836173,0.0022073332,0.031312272,0.076663435,1,0,0,0,0,1.0,0.0,0,0.023767352,0.076663435,0.09556867,-4.807908,329.1931,4907.671875,0.29228280961182995
tensor(2359),"tensor(13668., dtype=torch.float64)",tensor(9),0,1,0,1,0,0.09059376,0.4500899,0.85582435,0.273575,0.6762763,0,0,1,0,0,0.0,1.0,1,0.25643158,0.45008993,0.5241929,-1.2002037,28.53984,187.927734375,0.7255083179297597
tensor(2361),"tensor(13039., dtype=torch.float64)",tensor(9),1,0,0,0,0,0.9609676,0.029278615,0.12194841,0.01964546,0.0061398903,1,0,0,0,0,1.0,0.0,0,0.043208957,0.12194842,0.16038373,-3.535139,263.44635,5902.43603515625,0.36598890942698703
tensor(2377),"tensor(20400., dtype=torch.float64)",tensor(9),1,0,0,0,0,0.882802,0.24696949,0.022153558,0.0890262,0.17752932,1,0,0,0,0,1.0,0.0,0,0.13057536,0.24696946,0.35889944,-2.1560385,79.900444,6220.7265625,0.591728280961183
tensor(2389),"tensor(19437., dtype=torch.float64)",tensor(9),1,0,0,0,0,0.9321961,0.110460475,0.0072710714,0.10543256,0.1482834,1,0,0,0,0,1.0,0.0,0,0.08785027,0.14828342,0.27900445,-2.7019842,107.52681,5822.880859375,0.4628003696857671
tensor(2395),"tensor(17170., dtype=torch.float64)",tensor(9),1,0,0,0,0,0.92307985,0.00753274,0.0025824034,0.62898695,0.13834219,1,0,0,0,0,1.0,0.0,0,0.11927813,0.37101305,0.2789826,-3.1358666,136.16939,5364.69140625,0.4805914972273567
tensor(2397),"tensor(9357., dtype=torch.float64)",tensor(9),0,1,0,0,0,0.8748867,0.3019085,0.021696221,0.20084289,0.024946254,1,0,0,0,0,0.0,1.0,1,0.1349014,0.3019085,0.3424622,-2.3277173,108.57504,6014.486328125,0.591728280961183
tensor(2421),"tensor(17173., dtype=torch.float64)",tensor(9),1,0,0,1,0,0.6806031,0.030124113,0.02384057,0.9589582,0.0049771382,1,0,0,1,0,1.0,0.0,0,0.08387613,0.3193969,0.2153635,-3.2779584,189.91934,189.91934204101562,0.4182070240295749
tensor(2429),"tensor(8456., dtype=torch.float64)",tensor(9),1,0,0,0,0,0.9848985,0.040716764,0.0033458376,0.03391052,0.009695594,1,0,0,0,0,1.0,0.0,0,0.020554066,0.040716767,0.09472301,-4.20197,256.11508,5213.44677734375,0.29158964879852123
tensor(2443),"tensor(21046., dtype=torch.float64)",tensor(9),0,0,1,0,0,0.40446246,0.01417941,0.64799285,0.034775488,0.85600895,1,0,0,0,1,0.0,1.0,1,0.18988311,0.40446246,0.39219946,-2.068959,70.23566,70.23565673828125,0.6749075785582255
tensor(2465),"tensor(1298., dtype=torch.float64)",tensor(9),1,0,0,0,0,0.9870329,0.006315879,0.011814568,0.020057002,0.015640097,1,0,0,0,0,1.0,0.0,0,0.013358951,0.020057023,0.07010076,-4.369649,273.05463,5395.029296875,0.27587800369685767
tensor(2467),"tensor(7513., dtype=torch.float64)",tensor(9),1,0,0,0,0,0.872867,0.108311996,0.099664025,0.0010300158,0.17530519,1,0,0,0,0,1.0,0.0,0,0.10228884,0.17530519,0.30410585,-2.9322495,206.24754,6303.4697265625,0.5219500924214417
tensor(2505),"tensor(20101., dtype=torch.float64)",tensor(9),0,0,1,0,1,0.03756722,0.07658286,0.97197366,0.03707234,0.76072156,0,0,1,0,1,1.0,0.0,0,0.083705425,0.23927844,0.25341254,-2.738594,46.37818,46.37818145751953,0.3576709796672828
tensor(2543),"tensor(13440., dtype=torch.float64)",tensor(9),0,0,1,0,0,0.007283831,0.492992,0.9549604,0.7129591,0.3931236,0,0,1,1,0,0.6666666666666666,0.33333333333333337,1,0.24509603,0.49299204,0.43788117,-1.8681902,56.38739,56.38739013671875,0.7326709796672828
tensor(2577),"tensor(8053., dtype=torch.float64)",tensor(9),1,0,0,0,0,0.9759552,0.011806041,0.0039670663,0.07241501,0.101893626,1,0,0,0,0,1.0,0.0,0,0.042825222,0.101893604,0.15849891,-3.6766102,169.86166,5362.4091796875,0.3241682070240296
tensor(2591),"tensor(17271., dtype=torch.float64)",tensor(9),0,1,0,0,0,0.00019917192,0.9996456,0.06688977,0.024492048,0.0030943733,0,1,0,0,0,1.0,0.0,0,0.019005954,0.06688976,0.077318974,-5.7122183,242.07622,242.0762176513672,0.26085951940850277
tensor(2613),"tensor(21108., dtype=torch.float64)",tensor(9),1,0,0,0,0,0.8922554,0.008140213,0.12861145,0.19223756,0.24370821,1,0,0,0,0,1.0,0.0,0,0.13608849,0.2437082,0.36350983,-2.2796078,111.26512,6250.630859375,0.6166820702402958
tensor(2623),"tensor(7433., dtype=torch.float64)",tensor(9),0,1,0,1,0,0.011794682,0.24968702,0.35459304,0.99609226,0.6616168,0,0,0,1,0,0.6666666666666666,0.33333333333333337,1,0.1916731,0.35459304,0.3883708,-2.4677649,20.173838,20.173837661743164,0.5228743068391867
tensor(2629),"tensor(17864., dtype=torch.float64)",tensor(9),1,0,0,0,0,0.8875478,0.04932185,0.105658054,0.19686766,0.18827517,1,0,0,0,0,1.0,0.0,0,0.13051498,0.19686764,0.3730414,-2.0055735,69.14886,6338.46630859375,0.601894639556377
tensor(2669),"tensor(585., dtype=torch.float64)",tensor(9),0,1,0,1,0,0.0037279392,0.73238736,0.72019565,0.9910789,0.2874813,0,1,1,1,0,0.8,0.19999999999999996,1,0.16950953,0.2874813,0.36981386,-2.6316786,31.803673,31.803672790527344,0.5041589648798521
tensor(2697),"tensor(5609., dtype=torch.float64)",tensor(9),1,0,0,0,0,0.96447444,0.01646487,0.005210201,0.031099504,0.2761405,1,0,0,0,0,1.0,0.0,0,0.072888196,0.2761405,0.19955954,-3.4091651,171.7673,5623.7548828125,0.3823937153419593
tensor(2707),"tensor(20920., dtype=torch.float64)",tensor(9),0,1,0,0,0,0.97051585,0.020390088,0.0033053162,0.22197184,0.02195909,1,0,0,0,0,0.0,1.0,1,0.059422135,0.22197187,0.17792787,-3.6251152,179.77055,5181.1064453125,0.3514325323475046
tensor(2721),"tensor(12807., dtype=torch.float64)",tensor(9),1,0,0,0,0,0.9380449,0.047890596,0.04610412,0.15347175,0.036114927,1,0,0,0,0,1.0,0.0,0,0.069107234,0.15347177,0.23910578,-2.7457387,111.746185,5967.486328125,0.4147412199630314
tensor(2727),"tensor(4424., dtype=torch.float64)",tensor(9),0,1,0,0,0,0.045798603,0.5079615,0.887732,0.23337764,0.40161276,0,0,1,0,0,0.0,1.0,1,0.2570191,0.4920385,0.48943815,-1.3448676,45.93329,202.2675018310547,0.7608595194085027
tensor(2745),"tensor(2158., dtype=torch.float64)",tensor(9),0,0,1,0,0,0.0035906313,0.56557125,0.97884023,0.06407898,0.91991013,0,0,1,0,1,0.6666666666666666,0.33333333333333337,1,0.12066966,0.43442875,0.265575,-2.969289,29.027233,29.027233123779297,0.33548983364140483
tensor(2801),"tensor(9053., dtype=torch.float64)",tensor(9),1,0,0,0,0,0.9781556,0.020908793,0.026158368,0.014514101,0.0133345295,1,0,0,0,0,1.0,0.0,0,0.01935196,0.026158392,0.09489367,-3.9574497,242.64114,5618.4384765625,0.2959796672828096
tensor(2825),"tensor(7860., dtype=torch.float64)",tensor(9),0,0,1,0,0,0.00095395156,0.8406216,0.9587533,0.39958116,0.44117746,0,1,1,0,0,0.6666666666666666,0.33333333333333337,1,0.2084676,0.4411775,0.39543292,-2.4812918,52.884544,52.884544372558594,0.6231515711645101
tensor(2841),"tensor(5273., dtype=torch.float64)",tensor(9),1,0,0,0,0,0.9724699,0.08197458,0.016649848,0.011650633,0.025588159,1,0,0,0,0,1.0,0.0,0,0.032678604,0.081974566,0.13536443,-3.6278636,203.51791,5748.8583984375,0.32208872458410354
tensor(2849),"tensor(7390., dtype=torch.float64)",tensor(9),1,0,0,0,0,0.9783595,0.028171193,0.0059717502,0.048997898,0.04981513,1,0,0,0,0,1.0,0.0,0,0.030919254,0.04981512,0.1325482,-3.6761985,184.1362,5431.92138671875,0.3103049907578558
tensor(2851),"tensor(14209., dtype=torch.float64)",tensor(9),1,0,0,0,0,0.8844616,0.12820931,0.0024423285,0.5822266,0.011414416,1,0,0,0,0,1.0,0.0,0,0.13507557,0.41777343,0.3000011,-2.951588,158.48158,5347.33740234375,0.539279112754159
tensor(2895),"tensor(15808., dtype=torch.float64)",tensor(9),0,0,0,1,0,0.0054176114,0.5101459,0.90514004,0.94695216,0.14783882,0,0,1,1,0,0.6666666666666666,0.33333333333333337,1,0.15820372,0.4898541,0.33331785,-2.4285305,56.730988,56.730987548828125,0.5464417744916821
tensor(2899),"tensor(20652., dtype=torch.float64)",tensor(9),0,1,1,0,0,0.00074978743,0.8830535,0.96771395,0.13400686,0.896558,0,1,1,0,1,0.8,0.19999999999999996,1,0.077486336,0.13400686,0.24721126,-3.3284957,35.177513,35.177513122558594,0.27033271719038815
tensor(2907),"tensor(21195., dtype=torch.float64)",tensor(9),1,0,0,0,0,0.98791856,0.007995362,0.0043140384,0.03819635,0.024000032,1,0,0,0,0,1.0,0.0,0,0.017317414,0.038196325,0.083024606,-4.3195662,247.83353,5153.40869140625,0.2811922365988909
tensor(2911),"tensor(13978., dtype=torch.float64)",tensor(9),0,0,0,0,1,0.5417596,0.011210602,0.0648564,0.09478475,0.92425454,1,0,0,0,1,0.6666666666666666,0.33333333333333337,1,0.14096755,0.4582404,0.31459966,-2.4147496,100.846,123.89368438720703,0.5628465804066544
tensor(2933),"tensor(13267., dtype=torch.float64)",tensor(9),1,0,0,0,0,0.48880503,0.6207606,0.4854156,0.2515928,0.3227105,1,1,0,0,0,0.6666666666666666,0.33333333333333337,1,0.38555264,0.48880506,0.6484566,-0.4854796,53.681767,53.681766510009766,0.8454251386321626
tensor(2949),"tensor(1627., dtype=torch.float64)",tensor(9),0,0,1,0,0,0.3866026,0.010832318,0.8561143,0.031823095,0.5426426,1,0,1,0,0,0.6666666666666666,0.33333333333333337,1,0.20610023,0.4573574,0.3938961,-2.0691078,98.25415,183.5986785888672,0.7181146025878004
tensor(2967),"tensor(7635., dtype=torch.float64)",tensor(9),0,1,1,0,0,0.012458739,0.39758343,0.9703929,0.035937734,0.6100402,0,0,1,0,0,0.6666666666666666,0.33333333333333337,1,0.17310941,0.39758343,0.3391904,-2.402975,51.5481,156.9675750732422,0.5589186691312384
tensor(2971),"tensor(13926., dtype=torch.float64)",tensor(9),0,1,0,0,0,0.005278532,0.9406091,0.82844853,0.16423081,0.7232662,0,1,1,0,0,0.6666666666666666,0.33333333333333337,1,0.13543713,0.27673382,0.35060662,-2.432735,30.983183,30.983182907104492,0.4676524953789279
tensor(3003),"tensor(20949., dtype=torch.float64)",tensor(9),1,0,0,0,0,0.962484,0.14482866,0.008987294,0.024654252,0.0073155407,1,0,0,0,0,1.0,0.0,0,0.04466039,0.14482868,0.15675955,-3.6623344,217.49504,5625.841796875,0.3438077634011091
tensor(3029),"tensor(3385., dtype=torch.float64)",tensor(9),0,0,0,1,0,0.022422422,0.61034477,0.020261662,0.99321365,0.29588583,0,1,0,1,0,0.6666666666666666,0.33333333333333337,1,0.14700222,0.38965523,0.30459127,-2.7910674,21.3709,21.370899200439453,0.3925600739371534
tensor(3041),"tensor(3851., dtype=torch.float64)",tensor(9),0,0,0,1,0,0.0054009515,0.809351,0.688508,0.97285765,0.36900556,0,1,0,1,0,0.6666666666666666,0.33333333333333337,1,0.18073797,0.36900556,0.38482514,-2.314069,24.170048,24.170047760009766,0.5300369685767098
tensor(3053),"tensor(21329., dtype=torch.float64)",tensor(9),1,0,0,0,0,0.9859779,0.020768577,0.008622935,0.03457905,0.010142258,1,0,0,0,0,1.0,0.0,0,0.017626941,0.03457904,0.08626318,-4.1522326,260.2503,5328.44970703125,0.29066543438077636
tensor(3083),"tensor(10698., dtype=torch.float64)",tensor(9),1,0,0,0,0,0.99133885,0.004682469,0.0037005998,0.040490028,0.018022407,1,0,0,0,0,1.0,0.0,0,0.015111327,0.04049003,0.072738945,-4.571664,292.93124,4980.4140625,0.2784195933456562
tensor(3089),"tensor(2095., dtype=torch.float64)",tensor(9),1,0,0,0,0,0.40576097,0.07946322,0.21251519,0.25583017,0.8679008,1,0,0,0,1,0.6666666666666666,0.33333333333333337,1,0.2171337,0.405761,0.48580256,-1.4182581,43.6957,43.695701599121094,0.7310536044362292
tensor(3111),"tensor(5711., dtype=torch.float64)",tensor(9),1,0,0,0,0,0.84147984,0.039774857,0.17572318,0.23410465,0.28302947,1,0,0,0,0,1.0,0.0,0,0.17823046,0.28302944,0.44185242,-1.702714,65.93702,6503.318359375,0.7144177449168208
tensor(3127),"tensor(17465., dtype=torch.float64)",tensor(9),0,1,0,0,0,0.0066236425,0.9814315,0.55544513,0.050278146,0.07930847,0,1,0,0,0,1.0,0.0,0,0.11986673,0.44455487,0.2591289,-2.9182167,53.483894,53.48389434814453,0.402264325323475
tensor(3155),"tensor(732., dtype=torch.float64)",tensor(9),0,0,0,1,0,0.0019151763,0.48201886,0.1961962,0.998161,0.82827604,0,0,0,1,1,0.6666666666666666,0.33333333333333337,1,0.17073858,0.48201883,0.3347024,-3.1216812,37.378334,37.378334045410156,0.45586876155268025
tensor(3169),"tensor(8852., dtype=torch.float64)",tensor(9),1,0,0,0,0,0.9533455,0.04207844,0.059993528,0.0099129025,0.045085188,1,0,0,0,0,1.0,0.0,0,0.04074496,0.059993505,0.16587408,-3.3102221,180.0191,6013.2001953125,0.3546672828096118
tensor(3189),"tensor(21285., dtype=torch.float64)",tensor(9),1,0,0,0,0,0.92596,0.027064191,0.051894464,0.24039344,0.09128095,1,0,0,0,0,1.0,0.0,0,0.09693462,0.24039346,0.2898861,-2.4924407,88.571205,6023.306640625,0.4762014787430684
tensor(3203),"tensor(10042., dtype=torch.float64)",tensor(9),1,0,0,0,0,0.76229465,0.023497032,0.5833465,0.039511643,0.13457729,1,0,0,0,0,1.0,0.0,0,0.170389,0.4166535,0.38006955,-2.0561712,135.75415,6648.53173828125,0.7056377079482439
tensor(3233),"tensor(14392., dtype=torch.float64)",tensor(9),1,0,0,1,0,0.7156762,0.025954368,0.00199512,0.94437486,0.22082792,1,0,0,1,0,1.0,0.0,0,0.11774528,0.2843238,0.2948965,-2.9712043,110.251656,110.25165557861328,0.4789741219963031
tensor(3265),"tensor(1353., dtype=torch.float64)",tensor(9),0,1,0,0,1,0.02573351,0.841745,0.80862546,0.19260123,0.81306326,0,1,1,0,1,0.8,0.19999999999999996,1,0.15098017,0.1926012,0.40325627,-1.9298998,27.678139,27.678138732910156,0.5556839186691312
tensor(3271),"tensor(10309., dtype=torch.float64)",tensor(9),1,0,0,0,0,0.92709506,0.09802305,0.061092664,0.22128798,0.0025833307,1,0,0,0,0,1.0,0.0,0,0.09117842,0.22128797,0.27165526,-2.941775,223.37903,5833.498046875,0.49514787430683915
tensor(3273),"tensor(1040., dtype=torch.float64)",tensor(9),1,0,0,0,0,0.99529076,0.004771342,0.0015120115,0.0037979519,0.026663002,1,0,0,0,0,1.0,0.0,0,0.008290648,0.026663005,0.043885328,-5.2707176,384.0474,4936.416015625,0.2590110905730129
tensor(3283),"tensor(1792., dtype=torch.float64)",tensor(9),1,0,0,0,0,0.98462117,0.02974831,0.0033482078,0.041285314,0.014656292,1,0,0,0,0,1.0,0.0,0,0.020883381,0.041285336,0.09684043,-4.138646,240.74469,5194.91015625,0.2929759704251386
tensor(3337),"tensor(746., dtype=torch.float64)",tensor(9),0,0,1,1,0,0.020338178,0.19309022,0.92953837,0.87977374,0.23705333,0,0,1,1,0,1.0,0.0,0,0.12823391,0.23705333,0.35197836,-2.208715,54.07008,54.0700798034668,0.5459796672828096
tensor(3345),"tensor(7784., dtype=torch.float64)",tensor(9),1,0,0,0,0,0.89339525,0.05519312,0.0033823699,0.5617659,0.07901555,1,0,0,0,0,1.0,0.0,0,0.13648593,0.4382341,0.3074728,-2.671193,98.203476,5539.716796875,0.52818853974122
tensor(3349),"tensor(4835., dtype=torch.float64)",tensor(9),0,0,0,1,0,0.8694704,0.13285965,0.05572419,0.17010154,0.26119092,1,0,0,0,0,0.0,1.0,1,0.15008116,0.2611909,0.40491232,-1.8453785,61.824913,6370.90966796875,0.6511090573012939
tensor(3389),"tensor(10644., dtype=torch.float64)",tensor(9),0,1,0,0,0,0.0036405467,0.9677213,0.5356852,0.87512463,0.20831886,0,1,0,1,0,0.6666666666666666,0.33333333333333337,1,0.1666857,0.46431482,0.34910005,-2.4875271,42.083458,42.083457946777344,0.5298059149722736
tensor(3401),"tensor(7511., dtype=torch.float64)",tensor(9),0,0,1,0,0,0.0088955,0.8351332,0.89725935,0.16420439,0.82470644,0,1,1,0,1,0.5,0.5,1,0.12320024,0.17529356,0.34806722,-2.3357406,24.289257,24.289257049560547,0.44108133086876156
tensor(3409),"tensor(7108., dtype=torch.float64)",tensor(9),0,0,0,1,0,0.1264338,0.21746248,0.6554934,0.8812771,0.7286411,0,0,0,1,0,1.0,0.0,0,0.21569693,0.34450662,0.49923724,-1.369795,25.100311,25.100311279296875,0.6820702402957487
tensor(3411),"tensor(4377., dtype=torch.float64)",tensor(9),0,1,0,1,0,0.00056270533,0.90610975,0.65240246,0.9957481,0.25081068,0,1,0,1,0,1.0,0.0,0,0.1394226,0.34759754,0.31057018,-3.385854,51.44233,51.44232940673828,0.41543438077634004
tensor(3417),"tensor(1044., dtype=torch.float64)",tensor(9),1,0,0,1,0,0.8151399,0.07129712,0.0133014135,0.8083922,0.008651822,1,0,0,1,0,1.0,0.0,0,0.093943596,0.19160777,0.26891884,-2.9076161,137.68387,137.68386840820312,0.4658040665434381
tensor(3433),"tensor(2663., dtype=torch.float64)",tensor(9),0,0,1,0,0,0.0014855878,0.056591246,0.9972771,0.05854319,0.9319405,0,0,1,0,1,0.6666666666666666,0.33333333333333337,1,0.037480533,0.068059504,0.14379463,-4.124392,81.25053,81.25052642822266,0.23729205175600737
tensor(3443),"tensor(4536., dtype=torch.float64)",tensor(9),0,1,0,1,0,0.09910931,0.6661785,0.04838537,0.9318687,0.51343703,0,1,0,1,0,1.0,0.0,0,0.20720208,0.48656297,0.4190542,-1.7093179,17.888306,17.8883056640625,0.6180683918669131
tensor(3447),"tensor(21065., dtype=torch.float64)",tensor(9),1,0,0,0,0,0.7668112,0.073510915,0.011234551,0.79296803,0.1856357,1,0,0,1,0,0.6666666666666666,0.33333333333333337,1,0.14212036,0.23318881,0.37143168,-2.2046711,52.973476,52.97347640991211,0.5725508317929761
tensor(3457),"tensor(6881., dtype=torch.float64)",tensor(9),0,0,1,0,1,0.0038123622,0.53263634,0.967225,0.56916654,0.74538535,0,0,1,0,1,1.0,0.0,0,0.23787981,0.46736366,0.422242,-2.086757,26.48206,26.482059478759766,0.6215341959334566
tensor(3475),"tensor(10208., dtype=torch.float64)",tensor(9),1,0,0,0,0,0.9039128,0.14683121,0.10954323,0.010118053,0.01811491,1,0,0,0,0,1.0,0.0,0,0.07613897,0.14683121,0.24525683,-2.9345136,166.45343,6205.19970703125,0.44085027726432535
tensor(3495),"tensor(17675., dtype=torch.float64)",tensor(9),0,1,0,1,0,0.8842077,0.11603625,0.070501685,0.16577068,0.18428539,1,0,0,0,0,0.0,1.0,1,0.13047713,0.1842854,0.37985796,-1.9491796,65.530205,6380.421875,0.6058225508317929
tensor(3531),"tensor(5612., dtype=torch.float64)",tensor(9),0,0,1,0,0,0.00050765957,0.31401274,0.99546295,0.2547575,0.97386634,0,0,1,0,1,0.6666666666666666,0.33333333333333337,1,0.11998969,0.31401277,0.26883486,-3.6898003,51.506508,51.506507873535156,0.347735674676525
tensor(3587),"tensor(13541., dtype=torch.float64)",tensor(9),1,0,0,0,0,0.97829,0.0154721085,0.015409114,0.028252088,0.046592668,1,0,0,0,0,1.0,0.0,0,0.025487244,0.046592653,0.11620624,-3.7349904,197.53745,5585.9990234375,0.30198706099815154
tensor(3595),"tensor(19798., dtype=torch.float64)",tensor(9),1,0,0,0,0,0.9899379,0.0030563823,0.0025992636,0.05012821,0.040439937,1,0,0,0,0,1.0,0.0,0,0.021257222,0.05012822,0.09266736,-4.486931,263.43744,4989.4462890625,0.28604436229205177
tensor(3597),"tensor(14329., dtype=torch.float64)",tensor(9),0,0,0,1,1,0.0028495598,0.58774567,0.8066685,0.98859733,0.69782144,0,0,1,1,0,0.5,0.5,1,0.1844033,0.41225433,0.37265652,-2.5880556,29.356812,29.3568115234375,0.5145563770794824
tensor(3607),"tensor(12194., dtype=torch.float64)",tensor(9),1,0,0,0,0,0.3191842,0.24863757,0.629847,0.82494926,0.14838539,1,0,0,1,0,0.6666666666666666,0.33333333333333337,1,0.25228214,0.370153,0.5459654,-1.1385086,34.57697,34.576969146728516,0.7511552680221811
tensor(3611),"tensor(14707., dtype=torch.float64)",tensor(9),1,0,0,0,0,0.9721648,0.051671747,0.025401238,0.027359342,0.01354105,1,0,0,0,0,1.0,0.0,0,0.029161751,0.051671743,0.12921183,-3.5939186,204.58319,5745.64892578125,0.3204713493530499
tensor(3637),"tensor(14504., dtype=torch.float64)",tensor(9),0,0,0,0,1,0.91406214,0.0636051,0.06298019,0.03338175,0.22927451,1,0,0,0,0,0.0,1.0,1,0.09503585,0.22927451,0.28992146,-2.4663415,104.533554,6274.189453125,0.4896025878003697
tensor(3651),"tensor(9624., dtype=torch.float64)",tensor(9),0,1,0,0,0,0.034890953,0.77615696,0.8333025,0.1891987,0.74585307,0,1,1,0,1,0.5,0.5,1,0.17375547,0.25414693,0.4371194,-1.7408962,28.227913,28.22791290283203,0.6141404805914973
tensor(3663),"tensor(14521., dtype=torch.float64)",tensor(9),0,0,1,0,0,0.050881535,0.33845216,0.7582984,0.94876844,0.6027905,0,0,1,1,0,0.6666666666666666,0.33333333333333337,1,0.2158953,0.39720953,0.45362586,-1.615104,20.889156,20.889156341552734,0.6506469500924215
tensor(3687),"tensor(20965., dtype=torch.float64)",tensor(9),0,0,1,0,0,0.004742577,0.12562893,0.99269,0.011987347,0.84909904,0,0,1,0,1,0.6666666666666666,0.33333333333333337,1,0.060113907,0.15090096,0.1881108,-3.667434,81.584015,81.58401489257812,0.28927911275415896
tensor(3715),"tensor(11558., dtype=torch.float64)",tensor(9),0,1,0,0,0,0.35287943,0.762433,0.25065914,0.012815222,0.04153909,1,1,0,0,0,0.6666666666666666,0.33333333333333337,1,0.17909193,0.3528794,0.40038067,-2.0700977,89.23547,89.2354736328125,0.691543438077634
tensor(3727),"tensor(15447., dtype=torch.float64)",tensor(9),1,0,0,0,0,0.987581,0.028842859,0.0044083004,0.07059644,0.0005770417,1,0,0,0,0,1.0,0.0,0,0.023368716,0.07059646,0.097181745,-4.6694174,443.86188,4960.0556640625,0.3036044362292052
tensor(3739),"tensor(19781., dtype=torch.float64)",tensor(9),0,0,1,0,0,0.004684443,0.9624864,0.7825071,0.04386848,0.104336545,0,1,1,0,0,0.6666666666666666,0.33333333333333337,1,0.08157921,0.21749288,0.24560647,-3.023122,55.036762,55.03676223754883,0.343807763401109
tensor(3741),"tensor(4989., dtype=torch.float64)",tensor(9),1,0,0,1,0,0.62918764,0.019636352,0.0020353796,0.98509467,0.07333327,1,0,0,1,0,1.0,0.0,0,0.09614456,0.37081236,0.22206335,-3.4723816,142.81335,142.8133544921875,0.39995378927911274
tensor(3747),"tensor(16811., dtype=torch.float64)",tensor(9),1,0,0,1,0,0.5620233,0.066534825,0.013169966,0.94067127,0.34785786,1,0,0,1,0,1.0,0.0,0,0.1849736,0.43797672,0.37426978,-2.1198165,47.474464,47.474464416503906,0.6136783733826248
tensor(3757),"tensor(1187., dtype=torch.float64)",tensor(9),1,0,0,0,0,0.9513453,0.0029300037,0.0027521271,0.066592485,0.5192409,1,0,0,0,0,1.0,0.0,0,0.120337665,0.48075908,0.23413286,-3.482565,213.63481,5415.08935546875,0.458641404805915
tensor(3771),"tensor(8569., dtype=torch.float64)",tensor(9),1,0,0,0,0,0.9995407,0.00034577103,0.00019999307,0.011154828,9.276132e-05,1,0,0,0,0,1.0,0.0,0,0.0024505854,0.01115483,0.014238268,-7.5883265,1064.5684,3750.460693359375,0.2532347504621072
tensor(3783),"tensor(14136., dtype=torch.float64)",tensor(9),0,1,0,0,0,0.62700707,0.5487549,0.19258925,0.26703885,0.2849872,1,0,0,0,0,0.0,1.0,1,0.31377065,0.45124513,0.6033528,-0.81557333,49.4065,6946.6796875,0.822550831792976
tensor(3789),"tensor(12138., dtype=torch.float64)",tensor(9),0,1,0,0,0,0.0032034153,0.43162164,0.986139,0.03777937,0.9494361,0,0,1,0,1,0.0,1.0,1,0.10740584,0.43162167,0.22788575,-3.2900796,41.233196,41.23319625854492,0.3112292051756007
tensor(3799),"tensor(17602., dtype=torch.float64)",tensor(9),0,0,1,0,0,0.0009764378,0.9614031,0.8775076,0.13330495,0.08089097,0,1,1,0,0,0.6666666666666666,0.33333333333333337,1,0.075252354,0.13330495,0.24332528,-3.2834466,66.48259,66.48258972167969,0.3343345656192236
tensor(3807),"tensor(1717., dtype=torch.float64)",tensor(9),1,0,0,0,0,0.97685575,0.001584731,0.0014378243,0.06048906,0.30123678,1,0,0,0,0,1.0,0.0,0,0.077578545,0.30123675,0.19458058,-4.063169,251.3515,5132.150390625,0.3798521256931608
tensor(3821),"tensor(15040., dtype=torch.float64)",tensor(9),0,1,0,1,0,0.034473453,0.9224773,0.1810453,0.7637826,0.6909535,0,1,0,1,0,1.0,0.0,0,0.16766107,0.3090465,0.41212636,-1.8592739,30.903948,30.903947830200195,0.5972735674676525
tensor(3833),"tensor(2162., dtype=torch.float64)",tensor(9),1,0,0,0,0,0.7860048,0.0704967,0.053307395,0.120251,0.65393215,1,0,0,0,0,1.0,0.0,0,0.16082364,0.34606785,0.39893362,-1.8766835,76.56673,6351.625,0.669362292051756
tensor(3835),"tensor(3490., dtype=torch.float64)",tensor(9),0,0,0,1,0,0.004929188,0.3771018,0.5839938,0.9905504,0.83141994,0,0,0,1,1,0.6666666666666666,0.33333333333333337,1,0.19521332,0.4160062,0.37595713,-2.4793425,28.78267,28.782669067382812,0.5330406654343808
tensor(3857),"tensor(12069., dtype=torch.float64)",tensor(9),1,0,0,1,0,0.8526644,0.048299935,0.004674793,0.5024278,0.40110216,1,0,0,0,0,0.6666666666666666,0.33333333333333337,1,0.21979696,0.49757218,0.40157527,-2.1015887,82.3506,5806.6318359375,0.714648798521257
tensor(3877),"tensor(13533., dtype=torch.float64)",tensor(9),0,1,0,0,0,0.001368551,0.3002363,0.9921325,0.16672234,0.90259355,0,0,1,0,1,0.0,1.0,1,0.114720225,0.30023634,0.2874817,-3.2222667,35.32895,35.328948974609375,0.34519408502772647
tensor(3883),"tensor(17269., dtype=torch.float64)",tensor(9),0,1,1,0,0,0.0021858187,0.77755797,0.89495647,0.8840074,0.6147578,0,1,1,1,0,0.8,0.19999999999999996,1,0.1661812,0.38524222,0.3814032,-2.403153,40.96592,40.965919494628906,0.5554528650646949
tensor(3889),"tensor(10581., dtype=torch.float64)",tensor(9),1,0,0,1,0,0.5854714,0.10629384,0.046056323,0.91070414,0.13844739,1,0,0,1,0,1.0,0.0,0,0.1589244,0.4145286,0.3813873,-1.9311386,33.17206,33.17205810546875,0.5672365988909428
tensor(3891),"tensor(19879., dtype=torch.float64)",tensor(9),0,1,0,1,0,0.026027367,0.8732957,0.7321263,0.456109,0.19893914,0,1,1,0,0,0.5,0.5,1,0.21513069,0.456109,0.45401454,-1.6254089,36.62604,36.626041412353516,0.6931608133086876
tensor(3893),"tensor(17201., dtype=torch.float64)",tensor(9),0,0,0,0,0,0.0019952036,0.006272835,0.007829534,0.008358462,0.00058475276,0,0,0,0,0,1.0,0.0,0,0.0050081015,0.008358479,0.03029726,-5.668412,377.37448,377.3744812011719,0.25115526802218113
tensor(3899),"tensor(18692., dtype=torch.float64)",tensor(9),0,1,0,0,0,0.00036810222,0.9957717,0.76237476,0.037627485,0.5001401,0,1,1,0,0,0.6666666666666666,0.33333333333333337,1,0.15594184,0.49985993,0.28648266,-3.555294,72.116554,72.1165542602539,0.4420055452865065
tensor(3903),"tensor(21345., dtype=torch.float64)",tensor(9),1,0,0,0,0,0.8949271,0.058596432,0.06304134,0.08542466,0.30468035,1,0,0,0,0,1.0,0.0,0,0.12336314,0.30468035,0.34020635,-2.1627135,83.40482,6315.30859375,0.5737060998151571
tensor(3905),"tensor(16933., dtype=torch.float64)",tensor(9),0,0,1,0,1,0.004210771,0.02028987,0.994007,0.16163641,0.9627355,0,0,1,0,1,1.0,0.0,0,0.045878887,0.16163641,0.15291342,-3.8704026,79.344025,79.34402465820312,0.25161737523105365
tensor(3917),"tensor(14457., dtype=torch.float64)",tensor(9),1,0,0,0,0,0.16264145,0.09253691,0.91082156,0.07231955,0.62701464,0,0,1,0,0,0.0,1.0,1,0.1579324,0.37298536,0.39462978,-1.8632959,40.20133,159.39962768554688,0.6009704251386321
tensor(3919),"tensor(12865., dtype=torch.float64)",tensor(9),0,1,0,0,0,0.89516747,0.36061186,0.005201385,0.046856083,0.0024533013,1,0,0,0,0,0.0,1.0,1,0.10399103,0.36061186,0.24564621,-3.398304,230.65604,5637.85498046875,0.45794824399260625
tensor(3939),"tensor(12807., dtype=torch.float64)",tensor(9),0,0,1,0,0,0.8598098,0.044201437,0.09302963,0.37413216,0.14190547,1,0,0,0,0,0.0,1.0,1,0.15869176,0.37413216,0.39308006,-1.8957552,58.69233,6316.4130859375,0.6416358595194085
tensor(3979),"tensor(3495., dtype=torch.float64)",tensor(9),0,0,1,1,1,0.16023572,0.09528721,0.33400244,0.69562954,0.8832858,0,0,0,0,1,0.5,0.5,1,0.20212203,0.33400244,0.47329777,-1.4895654,33.937355,33.937355041503906,0.6887707948243993
tensor(4005),"tensor(1030., dtype=torch.float64)",tensor(9),1,0,0,0,0,0.023844415,0.48056352,0.9401135,0.052102856,0.37833935,0,0,1,0,0,0.0,1.0,1,0.19894731,0.48056352,0.37991968,-1.9882069,60.74406,184.00308227539062,0.6675138632162662
tensor(4057),"tensor(21263., dtype=torch.float64)",tensor(9),1,0,0,0,0,0.9512973,0.03784248,0.008841257,0.055319473,0.19511583,1,0,0,0,0,1.0,0.0,0,0.069164395,0.1951158,0.22275119,-3.0364218,126.072975,5784.02734375,0.3925600739371534
tensor(4105),"tensor(5419., dtype=torch.float64)",tensor(9),0,1,0,1,0,0.0019246332,0.8704628,0.9490913,0.13799347,0.88844395,0,1,1,0,1,0.4,0.6,1,0.086384,0.13799345,0.27034125,-2.9977243,28.0612,28.061199188232422,0.2948243992606284
tensor(4117),"tensor(19574., dtype=torch.float64)",tensor(9),0,0,0,0,0,0.71730196,0.011882501,0.5308459,0.026832743,0.16662034,1,0,0,0,0,0.0,1.0,1,0.19143754,0.46915412,0.38505003,-2.1352196,143.57132,6531.2236328125,0.7268946395563771
tensor(4145),"tensor(1022., dtype=torch.float64)",tensor(9),0,0,1,0,0,0.001965406,0.9271591,0.8891125,0.49007648,0.6562306,0,1,1,0,0,0.6666666666666666,0.33333333333333337,1,0.2039079,0.49007648,0.3919919,-2.3083768,31.4131,31.41309928894043,0.5785582255083179
tensor(4161),"tensor(18532., dtype=torch.float64)",tensor(9),0,1,0,0,0,0.0037977432,0.3860296,0.93045086,0.039070573,0.014027178,0,0,1,0,0,0.0,1.0,1,0.102494895,0.3860296,0.23662493,-3.216475,153.33656,306.9278869628906,0.4392329020332717
tensor(4185),"tensor(8611., dtype=torch.float64)",tensor(9),1,0,0,0,0,0.99233913,0.0035153145,0.0014619178,0.10484715,0.004791455,1,0,0,0,0,1.0,0.0,0,0.024455369,0.10484713,0.08906093,-4.9036384,353.79276,4642.232421875,0.291358595194085
tensor(4195),"tensor(17410., dtype=torch.float64)",tensor(9),0,1,1,0,0,0.0013889484,0.97245425,0.857295,0.17763983,0.67381525,0,1,1,0,0,1.0,0.0,0,0.13509285,0.32618475,0.32914275,-2.8385417,33.761314,33.761314392089844,0.4237523105360444
tensor(4209),"tensor(17668., dtype=torch.float64)",tensor(9),0,1,0,0,0,0.028251354,0.96804994,0.2882857,0.13124277,0.050438568,0,1,0,0,0,1.0,0.0,0,0.10603368,0.28828573,0.29184467,-2.5356097,43.81353,43.81352996826172,0.41451016635859517
tensor(4223),"tensor(17367., dtype=torch.float64)",tensor(9),0,0,0,1,0,0.4403357,0.19703148,0.02845964,0.9460616,0.16341886,1,0,0,1,0,0.6666666666666666,0.33333333333333337,1,0.17663682,0.4403357,0.39337286,-1.9345238,26.119884,26.119884490966797,0.5718576709796672
tensor(4233),"tensor(14717., dtype=torch.float64)",tensor(9),0,1,0,0,1,0.012527224,0.9776674,0.51863,0.1343982,0.1691122,0,1,0,0,0,0.6666666666666666,0.33333333333333337,1,0.16394806,0.48136997,0.34317812,-2.3350937,34.08186,34.08185958862305,0.5134011090573013
tensor(4243),"tensor(12033., dtype=torch.float64)",tensor(9),1,0,0,0,0,0.8736094,0.2937017,0.013187261,0.112591416,0.15608908,1,0,0,0,0,1.0,0.0,0,0.14039195,0.2937017,0.36802158,-2.1756234,86.5015,6115.7353515625,0.6157578558225508
tensor(4279),"tensor(3040., dtype=torch.float64)",tensor(9),0,0,0,1,0,0.059147466,0.744933,0.79219615,0.1920362,0.789893,0,1,1,0,1,0.0,1.0,1,0.18483227,0.255067,0.46134835,-1.58757,27.79097,27.790969848632812,0.6434842883548983
tensor(4281),"tensor(10812., dtype=torch.float64)",tensor(9),0,0,0,1,0,0.42989132,0.28782725,0.46657413,0.65131867,0.11727325,1,0,0,0,0,0.0,1.0,1,0.3300495,0.46657413,0.5964946,-0.7931015,36.20709,6961.4599609375,0.7888170055452864
tensor(4307),"tensor(13866., dtype=torch.float64)",tensor(9),0,1,1,0,0,7.270498e-05,0.9920793,0.941899,0.022924721,0.6796775,0,1,1,0,0,1.0,0.0,0,0.08186835,0.3203225,0.20100252,-4.3299417,103.61888,103.61888122558594,0.3082255083179298
tensor(4333),"tensor(4365., dtype=torch.float64)",tensor(9),0,1,1,0,0,0.0391413,0.34302446,0.8423071,0.92634153,0.14176315,0,0,1,1,0,0.5,0.5,1,0.15105611,0.3430245,0.38304067,-1.9717033,43.36632,43.3663215637207,0.5866451016635859
tensor(4367),"tensor(14477., dtype=torch.float64)",tensor(9),0,0,1,0,0,0.29995093,0.31432885,0.7646513,0.10334548,0.32156828,1,0,1,0,0,0.6666666666666666,0.33333333333333337,1,0.25490844,0.32156825,0.5478841,-1.1426017,57.73976,210.33326721191406,0.809380776340111
tensor(4395),"tensor(7589., dtype=torch.float64)",tensor(9),0,0,1,0,0,0.040121134,0.48254973,0.8856374,0.63982123,0.6715718,0,0,1,0,0,1.0,0.0,0,0.26512808,0.48254973,0.5005976,-1.3163116,31.552958,200.2659912109375,0.7289741219963031
tensor(4415),"tensor(2405., dtype=torch.float64)",tensor(9),0,0,0,1,0,0.001889117,0.4879451,0.93507123,0.95980936,0.8747082,0,0,1,1,1,0.5,0.5,1,0.14404905,0.48794508,0.2985596,-2.8203323,39.750595,39.75059509277344,0.4329944547134935
tensor(4439),"tensor(9118., dtype=torch.float64)",tensor(9),1,0,0,0,0,0.7818649,0.056657102,0.015025513,0.049384266,0.78675693,1,0,0,0,1,0.6666666666666666,0.33333333333333337,1,0.11048901,0.21813512,0.30702308,-2.5069623,119.83972,124.48551940917969,0.5277264325323475
tensor(4447),"tensor(18578., dtype=torch.float64)",tensor(9),1,0,0,0,0,0.95468307,0.013216899,0.002934942,0.6044335,0.0022821862,1,0,0,0,0,1.0,0.0,0,0.09186351,0.39556652,0.19243516,-3.9386177,282.15088,4997.3505859375,0.40318853974121993
tensor(4483),"tensor(9206., dtype=torch.float64)",tensor(9),1,0,0,0,0,0.95868194,0.031006552,0.020656139,0.0042250264,0.243925,1,0,0,0,0,1.0,0.0,0,0.06822616,0.24392498,0.19875829,-3.4077926,197.08595,5949.3466796875,0.3884011090573013
tensor(4485),"tensor(5786., dtype=torch.float64)",tensor(9),1,0,0,0,0,0.9671107,0.009569541,0.007786369,0.055092674,0.19797453,1,0,0,0,0,1.0,0.0,0,0.060662568,0.19797456,0.19100992,-3.4218712,159.29869,5554.201171875,0.3648336414048059
tensor(4507),"tensor(15898., dtype=torch.float64)",tensor(9),1,0,0,0,0,0.96050775,0.017784065,0.00586578,0.03774884,0.33741516,1,0,0,0,0,1.0,0.0,0,0.08766115,0.33741516,0.21832626,-3.249752,167.36499,5653.51318359375,0.416358595194085
tensor(4543),"tensor(7514., dtype=torch.float64)",tensor(9),1,0,0,0,0,0.9445399,0.021360725,0.0040962645,0.3751956,0.073722206,1,0,0,0,0,1.0,0.0,0,0.105967045,0.37519562,0.2538021,-3.038816,123.769455,5379.099609375,0.44570240295748614
tensor(4571),"tensor(1606., dtype=torch.float64)",tensor(9),0,1,0,1,1,0.0006587589,0.98185873,0.4395279,0.98407525,0.21433853,0,1,0,1,0,0.8,0.19999999999999996,1,0.1377182,0.43952787,0.2766772,-3.3963265,61.38144,61.381439208984375,0.4124306839186691
tensor(4587),"tensor(761., dtype=torch.float64)",tensor(9),1,0,0,0,0,0.9916658,0.037096865,0.0034481562,0.00709183,0.0052623847,1,0,0,0,0,1.0,0.0,0,0.012246728,0.037096858,0.060964145,-4.777098,355.2429,5200.14697265625,0.27033271719038815
tensor(4647),"tensor(531., dtype=torch.float64)",tensor(9),1,0,0,0,0,0.9797117,0.014352436,0.020927107,0.057439707,0.013029709,1,0,0,0,0,1.0,0.0,0,0.0252074,0.057439685,0.11306138,-3.8154845,222.55515,5526.1669921875,0.30429759704251386
tensor(4651),"tensor(6944., dtype=torch.float64)",tensor(9),0,0,1,1,0,0.015361172,0.5412744,0.865862,0.8934723,0.39570156,0,0,1,1,0,1.0,0.0,0,0.22209084,0.45872557,0.4347454,-1.748176,30.644382,30.64438247680664,0.6608133086876156
tensor(4661),"tensor(15993., dtype=torch.float64)",tensor(9),0,1,0,0,1,0.0033367483,0.98467386,0.59814405,0.4969764,0.59043527,0,1,0,0,0,0.6666666666666666,0.33333333333333337,1,0.26541197,0.49697638,0.42903787,-2.1275525,30.103106,30.103105545043945,0.6457948243992606
tensor(4663),"tensor(5941., dtype=torch.float64)",tensor(9),0,0,0,0,1,0.9891495,0.0039488114,0.0018060851,0.00948846,0.14304155,1,0,0,0,0,0.0,1.0,1,0.033827126,0.14304155,0.1125932,-4.5592413,292.79437,5127.70166015625,0.30753234750462105
tensor(4677),"tensor(4670., dtype=torch.float64)",tensor(9),1,0,0,0,0,0.8704845,0.025781881,0.023855107,0.26004696,0.4282542,1,0,0,0,0,1.0,0.0,0,0.1734907,0.4282542,0.3747663,-2.1167054,77.61916,6049.439453125,0.6508780036968578
tensor(4681),"tensor(5632., dtype=torch.float64)",tensor(9),0,0,0,1,0,0.63202614,0.087835975,0.63118994,0.13932355,0.16471119,1,0,0,0,0,0.0,1.0,1,0.2257309,0.36881006,0.49296474,-1.3726193,77.48547,6910.90380859375,0.7966728280961183
tensor(4695),"tensor(4798., dtype=torch.float64)",tensor(9),0,0,1,0,0,0.004077801,0.3780147,0.95158684,0.35837224,0.04830356,0,0,1,0,0,1.0,0.0,0,0.1674363,0.37801468,0.34587437,-2.5075262,113.849174,275.97003173828125,0.6196857670979666
tensor(4733),"tensor(21541., dtype=torch.float64)",tensor(9),0,0,0,1,0,0.006333358,0.820843,0.3615181,0.95510155,0.876155,0,1,0,1,1,0.5,0.5,1,0.14315045,0.36151814,0.3440998,-2.4320698,34.662388,34.66238784790039,0.48521256931608137
tensor(4751),"tensor(3264., dtype=torch.float64)",tensor(9),0,0,1,0,0,0.29132095,0.4854092,0.69491804,0.029722074,0.057016905,1,0,0,0,0,0.0,1.0,1,0.23371017,0.4854092,0.45272288,-1.6123927,81.108734,7005.31884765625,0.783271719038817
tensor(4761),"tensor(9303., dtype=torch.float64)",tensor(9),0,0,1,0,0,0.015139949,0.7202206,0.8954599,0.32035524,0.28986362,0,1,1,0,0,0.6666666666666666,0.33333333333333337,1,0.20193565,0.32035524,0.44706488,-1.7833344,43.19808,43.19807815551758,0.6853049907578558
tensor(4861),"tensor(8484., dtype=torch.float64)",tensor(9),0,1,0,0,0,0.008544731,0.9681873,0.58868074,0.30620202,0.2163487,0,1,0,0,0,1.0,0.0,0,0.1948455,0.41131926,0.40116015,-2.1265886,29.303392,29.30339241027832,0.5871072088724584
tensor(4863),"tensor(16346., dtype=torch.float64)",tensor(9),0,0,0,0,1,0.009236752,0.3977154,0.9688437,0.1944416,0.77631146,0,0,1,0,1,0.6666666666666666,0.33333333333333337,1,0.17124766,0.3977154,0.3774828,-2.2386136,21.523384,21.52338409423828,0.5219500924214417
tensor(4925),"tensor(13415., dtype=torch.float64)",tensor(9),0,1,0,0,0,0.0052255536,0.94929796,0.7891299,0.21136273,0.37786716,0,1,1,0,0,0.6666666666666666,0.33333333333333337,1,0.17120552,0.37786716,0.38542384,-2.2627482,29.192087,29.192087173461914,0.5408964879852125
tensor(4953),"tensor(16348., dtype=torch.float64)",tensor(9),0,1,0,0,0,0.01367129,0.2699504,0.9729778,0.071235806,0.7389995,0,0,1,0,1,0.0,1.0,1,0.1285761,0.2699504,0.3221257,-2.4931808,32.372433,32.372432708740234,0.43414972273567465
tensor(4961),"tensor(6777., dtype=torch.float64)",tensor(9),1,0,0,0,0,0.38122204,0.591476,0.15538953,0.006004108,0.010325229,1,0,0,0,0,1.0,0.0,0,0.19229299,0.40852398,0.37342212,-2.44389,147.34088,6430.51171875,0.692467652495379
tensor(4989),"tensor(21679., dtype=torch.float64)",tensor(9),0,0,1,0,0,0.0061698337,0.19591632,0.98721576,0.17239058,0.6028921,0,0,1,0,0,1.0,0.0,0,0.15687382,0.3971079,0.3464292,-2.5653794,52.607735,167.45440673828125,0.535351201478743
tensor(5109),"tensor(17295., dtype=torch.float64)",tensor(9),0,1,0,0,0,0.7676207,0.33511752,0.1535929,0.088108905,0.16019753,1,0,0,0,0,0.0,1.0,1,0.19387913,0.33511752,0.46938157,-1.516091,58.44455,6627.43994140625,0.7386783733826248
tensor(5139),"tensor(21190., dtype=torch.float64)",tensor(9),0,1,0,0,0,0.015379684,0.89247936,0.64452493,0.75643885,0.72852093,0,1,0,1,0,0.6666666666666666,0.33333333333333337,1,0.19868314,0.35547507,0.44228226,-1.7981945,34.847717,34.84771728515625,0.6594269870609981
tensor(5161),"tensor(16546., dtype=torch.float64)",tensor(9),1,0,0,0,0,0.99461997,0.0024867945,0.0051042885,0.019952456,0.006842575,1,0,0,0,0,1.0,0.0,0,0.007953286,0.019952476,0.044336695,-5.071695,395.0953,4928.8046875,0.2620147874306839
tensor(5199),"tensor(13233., dtype=torch.float64)",tensor(9),1,0,0,0,0,0.7650357,0.061605543,0.044140983,0.80595356,0.015631618,1,0,0,1,0,0.6666666666666666,0.33333333333333337,1,0.11007774,0.23496431,0.3060012,-2.5091522,99.95734,99.95733642578125,0.5099353049907578
tensor(5211),"tensor(12626., dtype=torch.float64)",tensor(9),0,1,1,0,1,0.002482691,0.5267392,0.9832062,0.11046635,0.88435876,0,0,1,0,1,0.8,0.19999999999999996,1,0.14372891,0.47326082,0.3000022,-2.8586297,27.229393,27.229393005371094,0.39071164510166356
tensor(5253),"tensor(8175., dtype=torch.float64)",tensor(9),1,0,0,0,0,0.8833276,0.04929791,0.0020815984,0.6574156,0.08050602,1,0,0,0,0,1.0,0.0,0,0.118228436,0.34258437,0.29887113,-2.8486943,106.54411,5433.8388671875,0.49121996303142335
tensor(5263),"tensor(15753., dtype=torch.float64)",tensor(9),1,0,0,0,0,0.9688468,0.053988647,0.029299552,0.047149256,0.0074205715,1,0,0,0,0,1.0,0.0,0,0.03380221,0.053988636,0.14298744,-3.5406616,214.36664,5710.31494140625,0.3375693160813309
tensor(5293),"tensor(14465., dtype=torch.float64)",tensor(9),0,1,1,0,1,0.00014111299,0.8856711,0.98219717,0.441956,0.9507276,0,1,1,0,1,1.0,0.0,0,0.12470025,0.44195604,0.26579696,-3.6233196,42.42282,42.422821044921875,0.3352587800369686
tensor(5335),"tensor(19037., dtype=torch.float64)",tensor(9),0,0,1,1,0,0.93669736,0.07090715,0.066255346,0.05779645,0.068620175,1,0,0,0,0,0.0,1.0,1,0.0653764,0.070907176,0.2413396,-2.6624665,114.99534,6152.04248046875,0.42490757855822553
tensor(5345),"tensor(20329., dtype=torch.float64)",tensor(9),1,0,0,0,0,0.9922367,0.011684245,0.0044455403,0.00956299,0.0101017915,1,0,0,0,0,1.0,0.0,0,0.008711636,0.011684239,0.04960386,-4.7849693,326.58868,5175.103515625,0.2617837338262477
tensor(5347),"tensor(17734., dtype=torch.float64)",tensor(9),0,1,0,0,0,0.042787086,0.7132637,0.7961372,0.27473322,0.023393834,0,1,1,0,0,0.6666666666666666,0.33333333333333337,1,0.16630256,0.2867363,0.39609912,-2.0167503,84.72325,84.72325134277344,0.6751386321626618
tensor(5371),"tensor(8992., dtype=torch.float64)",tensor(9),1,0,0,0,0,0.86206007,0.026760785,0.008792629,0.02204215,0.762415,1,0,0,0,1,0.6666666666666666,0.33333333333333337,1,0.086624146,0.23758501,0.24580845,-3.021937,139.80862,167.81564331054688,0.4320702402957486
tensor(5377),"tensor(12289., dtype=torch.float64)",tensor(9),1,0,0,0,0,0.9626293,0.14246789,0.0066135097,0.07402653,0.0044483207,1,0,0,0,0,1.0,0.0,0,0.05298537,0.14246786,0.18023114,-3.5985844,237.67361,5452.6328125,0.36829944547134935
tensor(5403),"tensor(19194., dtype=torch.float64)",tensor(9),1,0,0,0,0,0.9833761,0.014966391,0.0055180513,0.04935985,0.035473138,1,0,0,0,0,1.0,0.0,0,0.024388313,0.049359858,0.10928702,-3.9444146,206.65619,5315.6748046875,0.2936691312384473
tensor(5405),"tensor(19508., dtype=torch.float64)",tensor(9),1,0,0,0,0,0.90510213,0.033154413,0.02143117,0.2802113,0.21423951,1,0,0,0,0,1.0,0.0,0,0.12878686,0.28021133,0.33509955,-2.3384652,75.07062,5995.0107421875,0.547365988909427
tensor(5427),"tensor(14119., dtype=torch.float64)",tensor(9),1,0,0,0,0,0.98065454,0.0068838983,0.011588384,0.048803475,0.03970345,1,0,0,0,0,1.0,0.0,0,0.025264919,0.04880345,0.11235388,-3.899849,203.84305,5428.0205078125,0.2959796672828096
tensor(5437),"tensor(14197., dtype=torch.float64)",tensor(9),0,0,1,0,0,0.051158417,0.16645792,0.9543877,0.012636373,0.0929495,0,0,1,0,0,1.0,0.0,0,0.07376289,0.16645789,0.24292517,-2.8417501,136.11133,235.72662353515625,0.42952865064695006
tensor(5487),"tensor(10480., dtype=torch.float64)",tensor(9),1,0,0,0,0,0.45804006,0.78095526,0.048684247,0.046922456,0.38511288,1,1,0,0,0,0.6666666666666666,0.33333333333333337,1,0.23156089,0.45804006,0.45316085,-1.5782139,53.14764,53.147640228271484,0.7465341959334565
tensor(5579),"tensor(12253., dtype=torch.float64)",tensor(9),1,0,0,0,0,0.9763465,0.0026495277,0.0039299084,0.08026142,0.19197573,1,0,0,0,0,1.0,0.0,0,0.060494065,0.19197571,0.18489513,-3.8124504,207.38524,5242.6240234375,0.3555914972273567
tensor(5589),"tensor(17964., dtype=torch.float64)",tensor(9),1,0,0,0,0,0.8594056,0.03275707,0.012091252,0.5697478,0.26887807,1,0,0,0,0,1.0,0.0,0,0.17691457,0.4302522,0.37623397,-2.1759892,69.33151,5918.830078125,0.642097966728281
tensor(5621),"tensor(16080., dtype=torch.float64)",tensor(9),1,0,0,0,0,0.99493587,0.0014991587,0.0013468273,0.06420095,0.0073636784,1,0,0,0,0,1.0,0.0,0,0.015895009,0.06420094,0.06703755,-5.1947374,391.04306,4561.88720703125,0.27657116451016633
tensor(5625),"tensor(20009., dtype=torch.float64)",tensor(9),0,0,1,0,1,0.013270128,0.34978703,0.96382785,0.32693875,0.7231204,0,0,1,0,0,0.6666666666666666,0.33333333333333337,1,0.20060956,0.349787,0.4190813,-1.978707,25.499937,168.91616821289062,0.6035120147874307
tensor(5655),"tensor(10654., dtype=torch.float64)",tensor(9),1,0,0,0,0,0.94919825,0.0020619722,0.002604991,0.051894434,0.6004939,1,0,0,0,0,1.0,0.0,0,0.10137385,0.3995061,0.22212987,-3.6740425,244.25026,5367.5966796875,0.4299907578558226
tensor(5665),"tensor(17295., dtype=torch.float64)",tensor(9),0,1,0,0,0,0.043987326,0.20750657,0.9517988,0.03742547,0.54864115,0,0,1,0,0,0.0,1.0,1,0.15769589,0.45135885,0.34646314,-2.1688602,50.753555,158.42626953125,0.5707024029574861
tensor(5687),"tensor(16438., dtype=torch.float64)",tensor(9),0,0,1,1,1,0.0013399593,0.13712297,0.994449,0.3828173,0.9605214,0,0,1,0,1,0.8,0.19999999999999996,1,0.113262,0.38281727,0.2551971,-3.4621398,47.009857,47.009857177734375,0.33595194085027724
tensor(5731),"tensor(7028., dtype=torch.float64)",tensor(9),1,0,0,0,0,0.9907742,0.011863816,0.003699355,0.028703291,0.010364068,1,0,0,0,0,1.0,0.0,0,0.012771249,0.028703272,0.06581877,-4.555064,299.79846,5056.8349609375,0.272181146025878
tensor(5733),"tensor(11021., dtype=torch.float64)",tensor(9),1,0,0,0,0,0.9917555,0.013995985,0.0043114135,0.023861421,0.003943543,1,0,0,0,0,1.0,0.0,0,0.01087141,0.023861408,0.057534862,-4.7460113,348.64752,5054.6826171875,0.26848428835489835
tensor(5755),"tensor(6338., dtype=torch.float64)",tensor(9),0,1,0,0,0,0.15903278,0.19191174,0.8783996,0.15796049,0.7067972,0,0,1,0,0,0.0,1.0,1,0.18474162,0.29320282,0.46768284,-1.5267601,25.720201,167.2863006591797,0.6407116451016635
tensor(5769),"tensor(8484., dtype=torch.float64)",tensor(9),0,1,1,0,1,0.006980646,0.82234097,0.86405516,0.80758476,0.35772127,0,1,1,1,0,0.6666666666666666,0.33333333333333337,1,0.17414415,0.35772127,0.40975457,-2.0717893,39.61004,39.61003875732422,0.6104436229205176
tensor(5825),"tensor(823., dtype=torch.float64)",tensor(9),1,0,0,0,0,0.93700767,0.006301713,0.0075962157,0.044141147,0.5200097,1,0,0,0,0,1.0,0.0,0,0.12020433,0.4799903,0.23824151,-3.1576142,179.88571,5702.3251953125,0.4731977818853974
tensor(5857),"tensor(14338., dtype=torch.float64)",tensor(9),0,1,0,1,0,0.1340666,0.14277653,0.04035365,0.96802694,0.6959347,0,0,0,1,0,0.6666666666666666,0.33333333333333337,1,0.13064706,0.3040653,0.3457775,-2.2130308,25.255,25.2549991607666,0.4623382624768947
tensor(5861),"tensor(19492., dtype=torch.float64)",tensor(9),0,0,1,0,0,0.09650383,0.877442,0.4626269,0.2175747,0.59226066,0,1,0,0,0,0.0,1.0,1,0.26140058,0.46262693,0.5159041,-1.2016124,29.4461,29.44610023498535,0.7294362292051755
tensor(5863),"tensor(9194., dtype=torch.float64)",tensor(9),0,1,0,0,0,0.0007865795,0.9806928,0.25249738,0.99236697,0.26619664,0,1,0,1,0,0.6666666666666666,0.33333333333333337,1,0.1092841,0.2661966,0.25821146,-3.6083531,55.404205,55.404205322265625,0.3426524953789279
tensor(5889),"tensor(17657., dtype=torch.float64)",tensor(9),0,1,0,0,0,0.009833761,0.98698795,0.14429581,0.60796326,0.13504675,0,1,0,0,0,1.0,0.0,0,0.13884497,0.39203674,0.320573,-2.6033406,35.23786,35.23786163330078,0.4459334565619224
tensor(5923),"tensor(20812., dtype=torch.float64)",tensor(9),1,0,0,1,0,0.71595925,0.0861152,0.015146148,0.89364535,0.036127802,1,0,0,1,0,1.0,0.0,0,0.105556846,0.28404075,0.29258817,-2.5747395,78.682465,78.68246459960938,0.4706561922365988
tensor(5925),"tensor(16910., dtype=torch.float64)",tensor(9),0,0,0,1,0,0.0077016214,0.049807012,0.018593863,0.9987256,0.68247926,0,0,0,1,0,1.0,0.0,0,0.07897949,0.31752074,0.19407329,-3.840486,61.033676,61.03367614746094,0.2737985212569316
tensor(5927),"tensor(13482., dtype=torch.float64)",tensor(9),0,1,0,0,0,0.0015821568,0.9941042,0.36959124,0.024564674,0.0153255705,0,1,0,0,0,1.0,0.0,0,0.083391964,0.36959124,0.18024316,-3.9906642,114.69203,114.69203186035156,0.3211645101663586
tensor(5943),"tensor(7252., dtype=torch.float64)",tensor(9),0,0,0,1,0,0.020212626,0.08422929,0.057263345,0.9971512,0.7369561,0,0,0,1,1,0.6666666666666666,0.33333333333333337,1,0.08551961,0.26304388,0.24059454,-3.1913195,39.77617,39.77616882324219,0.29713493530499074
tensor(5945),"tensor(3122., dtype=torch.float64)",tensor(9),1,0,0,0,0,0.92109853,0.010477888,0.005168513,0.24138601,0.3832839,1,0,0,0,0,1.0,0.0,0,0.14384353,0.3832839,0.3169907,-2.7772079,121.78861,5661.43896484375,0.5547597042513863
tensor(5949),"tensor(3483., dtype=torch.float64)",tensor(9),0,0,1,0,0,0.0055280877,0.44253385,0.9670671,0.45537743,0.43406868,0,0,1,0,0,1.0,0.0,0,0.2740882,0.45537746,0.4478313,-1.8494574,53.222317,198.84202575683594,0.7432994454713494
tensor(5955),"tensor(20843., dtype=torch.float64)",tensor(9),0,0,0,0,1,0.5236634,0.053813104,0.43868876,0.14929266,0.7768585,1,0,0,0,1,0.6666666666666666,0.33333333333333337,1,0.26825452,0.4763366,0.5079132,-1.2391489,40.586845,40.58684539794922,0.7627079482439927
tensor(5961),"tensor(9038., dtype=torch.float64)",tensor(9),1,0,0,1,0,0.69022286,0.036944833,0.013295546,0.82623756,0.4746028,1,0,0,1,0,1.0,0.0,0,0.20167649,0.47460282,0.40026778,-2.0059314,58.491974,58.491973876953125,0.6781423290203327
tensor(6011),"tensor(7745., dtype=torch.float64)",tensor(9),0,1,0,0,0,0.0037345826,0.86792123,0.8882977,0.62991476,0.70536035,0,1,1,0,0,0.6666666666666666,0.33333333333333337,1,0.18244809,0.37008524,0.40604764,-2.189471,33.380695,35.27981185913086,0.5889556377079482
tensor(6031),"tensor(14402., dtype=torch.float64)",tensor(9),1,0,0,0,0,0.6109911,0.06763502,0.2089073,0.66871506,0.5617695,1,0,0,0,0,1.0,0.0,0,0.28701335,0.4382305,0.5497735,-1.0714657,36.260002,6707.666015625,0.7731053604436229
tensor(6057),"tensor(7969., dtype=torch.float64)",tensor(9),0,0,0,1,0,0.62271035,0.17386405,0.0028544513,0.9349519,0.039257035,1,0,0,1,0,0.6666666666666666,0.33333333333333337,1,0.13166267,0.37728965,0.3100939,-2.755703,96.64272,96.6427230834961,0.5154805914972274
tensor(6067),"tensor(3191., dtype=torch.float64)",tensor(9),0,1,0,0,0,0.6236797,0.66768986,0.096787676,0.044480678,0.0461095,1,1,0,0,0,0.6666666666666666,0.33333333333333337,1,0.17920172,0.3763203,0.39696628,-1.9066238,75.029526,75.02952575683594,0.686460258780037
tensor(6073),"tensor(1107., dtype=torch.float64)",tensor(9),0,0,1,1,0,0.007208703,0.6770047,0.54277265,0.97632766,0.16774455,0,1,0,1,0,0.5,0.5,1,0.19576961,0.45722735,0.3851255,-2.2315936,26.658722,26.658721923828125,0.5589186691312383
tensor(6097),"tensor(4982., dtype=torch.float64)",tensor(9),1,0,0,0,0,0.6165518,0.046640594,0.0124193635,0.30605537,0.85506994,1,0,0,0,1,0.6666666666666666,0.33333333333333337,1,0.17869872,0.38344818,0.39015892,-2.0924037,116.31784,116.31784057617188,0.7047134935304991
tensor(6109),"tensor(7594., dtype=torch.float64)",tensor(9),1,0,0,1,0,0.9137617,0.043446857,0.024925398,0.17132299,0.304344,1,0,0,0,0,0.6666666666666666,0.33333333333333337,1,0.12605554,0.304344,0.3323213,-2.304371,83.091255,6024.0693359375,0.5542975970425139
tensor(6111),"tensor(2090., dtype=torch.float64)",tensor(9),1,0,0,0,0,0.4749854,0.06665726,0.21289258,0.12326662,0.85662323,1,0,0,0,1,0.6666666666666666,0.33333333333333337,1,0.20423573,0.47498536,0.44779882,-1.5592606,49.53035,49.53034973144531,0.7192698706099816
tensor(6115),"tensor(4861., dtype=torch.float64)",tensor(9),0,1,0,1,0,0.065297596,0.9094804,0.031427026,0.9003401,0.3250165,0,1,0,1,0,1.0,0.0,0,0.12238419,0.3250165,0.3279273,-2.2657113,32.609028,32.60902786254883,0.45471349353049906
tensor(6135),"tensor(5382., dtype=torch.float64)",tensor(9),0,0,1,0,1,0.0021677993,0.3975669,0.9832965,0.435232,0.9687092,0,0,1,0,1,1.0,0.0,0,0.17659223,0.43523204,0.3192653,-2.8631911,26.958464,26.958463668823242,0.43646025878003697
tensor(6153),"tensor(3064., dtype=torch.float64)",tensor(9),0,0,0,1,0,0.004983052,0.018223848,0.03955703,0.9993285,0.8138224,0,0,0,1,1,0.6666666666666666,0.33333333333333337,1,0.049922645,0.18617761,0.15503538,-4.2506576,99.56798,99.56797790527344,0.2606284658040665
tensor(6187),"tensor(13784., dtype=torch.float64)",tensor(9),1,0,0,0,0,0.9832819,0.038764186,0.0066915257,0.02679818,0.010899259,1,0,0,0,0,1.0,0.0,0,0.019974232,0.03876418,0.09453379,-4.077137,240.0464,5387.28662109375,0.291358595194085
tensor(6191),"tensor(7156., dtype=torch.float64)",tensor(9),1,0,0,0,0,0.7936774,0.042819086,0.051353022,0.41100648,0.50444037,1,0,0,0,0,1.0,0.0,0,0.24141216,0.49555963,0.4517312,-1.5496252,56.49332,6332.1298828125,0.7578558225508318
tensor(6221),"tensor(11885., dtype=torch.float64)",tensor(9),0,1,1,0,0,0.003243883,0.7517171,0.8899694,0.9315578,0.34250164,0,1,1,1,0,0.8,0.19999999999999996,1,0.1545003,0.34250164,0.3642242,-2.437798,40.102467,40.10246658325195,0.5242606284658041
tensor(6233),"tensor(18411., dtype=torch.float64)",tensor(9),0,0,1,0,0,0.7290727,0.07034083,0.43318462,0.21942422,0.32988837,1,0,0,0,0,0.0,1.0,1,0.26475304,0.43318462,0.5366336,-1.1635946,60.991596,6853.0107421875,0.8149260628465803
tensor(6241),"tensor(14331., dtype=torch.float64)",tensor(9),0,1,0,0,1,0.006796157,0.99138415,0.3399009,0.111232586,0.35286307,0,1,0,0,0,0.6666666666666666,0.33333333333333337,1,0.16388166,0.35286307,0.3458981,-2.6157002,35.75441,35.75440979003906,0.4942236598890942
tensor(6255),"tensor(8492., dtype=torch.float64)",tensor(9),0,1,0,0,0,0.9760926,0.027423657,0.010462741,0.043377206,0.062244497,1,0,0,0,0,0.0,1.0,1,0.033483148,0.062244475,0.14165947,-3.5266445,180.06052,5552.5859375,0.32647874306839186
tensor(6263),"tensor(13296., dtype=torch.float64)",tensor(9),1,0,0,1,0,0.9572241,0.021081045,0.011869775,0.28768837,0.017393544,1,0,0,0,0,0.6666666666666666,0.33333333333333337,1,0.07616174,0.28768837,0.20621893,-3.2617404,152.41928,5495.669921875,0.39348428835489835
tensor(6281),"tensor(16104., dtype=torch.float64)",tensor(9),1,0,0,0,0,0.95934623,0.016111944,0.0064236214,0.0996763,0.20797637,1,0,0,0,0,1.0,0.0,0,0.074168384,0.20797634,0.22539464,-3.1704867,134.12103,5601.2314453125,0.39348428835489835
tensor(6285),"tensor(13634., dtype=torch.float64)",tensor(9),0,1,0,0,1,0.00756565,0.91948956,0.76394624,0.66369873,0.5426283,0,1,1,0,0,0.5,0.5,1,0.22356057,0.4573717,0.43981028,-1.8674324,31.285458,31.285457611083984,0.6585027726432533
tensor(6289),"tensor(10880., dtype=torch.float64)",tensor(9),1,0,0,0,0,0.40494493,0.26051915,0.46429992,0.82521147,0.21150894,1,0,0,1,0,0.6666666666666666,0.33333333333333337,1,0.30321229,0.46429992,0.58370167,-0.8878271,25.022766,25.02276611328125,0.7490757855822551
tensor(6319),"tensor(10181., dtype=torch.float64)",tensor(9),0,0,0,0,1,0.99355185,0.0035346164,0.004021416,0.023988318,0.0049850554,1,0,0,0,0,0.0,1.0,1,0.008595467,0.023988307,0.046641666,-5.0386834,374.3413,4915.7236328125,0.26132162661737524
tensor(6323),"tensor(2713., dtype=torch.float64)",tensor(9),1,0,0,0,0,0.95869106,0.041064225,0.0038837644,0.2834428,0.014824329,1,0,0,0,0,1.0,0.0,0,0.07690477,0.2834428,0.20843005,-3.3932464,171.56253,5286.8974609375,0.39209796672828096
tensor(6329),"tensor(6421., dtype=torch.float64)",tensor(9),1,0,1,0,0,0.0063530384,0.9381225,0.7768855,0.45386946,0.41197237,0,1,1,0,0,0.5,0.5,1,0.23143739,0.45386946,0.4335699,-1.9119294,28.235321,28.235321044921875,0.6457948243992606
tensor(6335),"tensor(6787., dtype=torch.float64)",tensor(9),0,0,1,0,0,0.0070871245,0.56613946,0.9574576,0.15123111,0.4671334,0,0,1,0,0,1.0,0.0,0,0.22037089,0.4671334,0.40365547,-2.0357788,48.63407,181.617919921875,0.6719038817005545
tensor(6359),"tensor(2267., dtype=torch.float64)",tensor(9),0,0,1,0,0,0.036978096,0.3007913,0.92405266,0.33208102,0.18319887,0,0,1,0,0,1.0,0.0,0,0.1857993,0.33208102,0.4300724,-1.7591244,68.75284,224.93106079101562,0.7139556377079482
tensor(6365),"tensor(13919., dtype=torch.float64)",tensor(9),1,0,0,0,0,0.99737287,0.0017383925,0.0011790482,0.040881917,0.0006221401,1,0,0,0,0,1.0,0.0,0,0.009409726,0.04088193,0.04321962,-5.9142447,611.8491,4340.1826171875,0.2634011090573013
tensor(6377),"tensor(629., dtype=torch.float64)",tensor(9),0,0,1,0,0,0.33680165,0.7392784,0.27559277,0.2705665,0.5016563,1,1,0,0,0,0.0,1.0,1,0.32840526,0.4983437,0.61568147,-0.7369212,40.731026,40.73102569580078,0.8045286506469501
tensor(6431),"tensor(19907., dtype=torch.float64)",tensor(9),1,0,0,0,0,0.9865654,0.017878378,0.0044334386,0.019843318,0.017294234,1,0,0,0,0,1.0,0.0,0,0.014576793,0.01984334,0.07481948,-4.3312874,248.5043,5279.6103515625,0.27564695009242146
tensor(6439),"tensor(19985., dtype=torch.float64)",tensor(9),0,0,0,1,0,0.6480154,0.09340084,0.03212744,0.9003701,0.123593524,1,0,0,1,0,0.6666666666666666,0.33333333333333337,1,0.14014721,0.35198462,0.35987145,-2.0897384,43.67812,43.67811965942383,0.5478280961182994
tensor(6445),"tensor(18186., dtype=torch.float64)",tensor(9),0,1,1,1,0,0.0009094775,0.8455093,0.9475943,0.69873893,0.942804,0,1,1,0,1,0.6666666666666666,0.33333333333333337,1,0.11325264,0.30126107,0.29486948,-3.0480244,26.594536,26.59453582763672,0.32809611829944546
tensor(6469),"tensor(4330., dtype=torch.float64)",tensor(9),0,1,0,1,0,0.081694245,0.93961877,0.09490935,0.5772017,0.08756224,0,1,0,0,0,0.6666666666666666,0.33333333333333337,1,0.14946908,0.42279828,0.360539,-2.0149043,37.983433,37.98343276977539,0.5538354898336414
tensor(6481),"tensor(2133., dtype=torch.float64)",tensor(9),1,0,0,0,0,0.25187984,0.04065603,0.6319677,0.05898865,0.905221,0,0,0,0,1,0.0,1.0,1,0.16286719,0.36803228,0.3859895,-1.9633245,43.40152,43.401519775390625,0.6014325323475047
tensor(6487),"tensor(7131., dtype=torch.float64)",tensor(9),0,1,1,0,1,0.0012906594,0.796838,0.9597371,0.53963125,0.938575,0,1,1,0,1,1.0,0.0,0,0.15330184,0.46036875,0.3208565,-2.814918,21.361664,21.361663818359375,0.4075785582255083
tensor(6493),"tensor(15171., dtype=torch.float64)",tensor(9),1,0,0,0,0,0.94647086,0.03221639,0.03780173,0.14415778,0.04528452,1,0,0,0,0,1.0,0.0,0,0.06259787,0.14415777,0.22177307,-2.8683078,114.41011,5905.53125,0.3948706099815157
tensor(6505),"tensor(11903., dtype=torch.float64)",tensor(9),0,0,0,1,0,0.10795252,0.08380227,0.095292844,0.9962955,0.09447354,0,0,0,1,0,1.0,0.0,0,0.07704514,0.107952535,0.25639826,-2.9217913,58.70362,58.70362091064453,0.3629852125693161
tensor(6515),"tensor(12961., dtype=torch.float64)",tensor(9),0,0,1,0,0,0.69893897,0.2732148,0.29183316,0.16134527,0.23657784,1,0,0,0,0,0.0,1.0,1,0.25280637,0.30106103,0.5581945,-1.1053814,54.834026,6868.34521484375,0.8073012939001848
tensor(6517),"tensor(1033., dtype=torch.float64)",tensor(9),0,0,0,1,0,0.00874007,0.8086697,0.5880907,0.9578286,0.69994634,0,1,0,1,0,0.6666666666666666,0.33333333333333337,1,0.19084102,0.41190928,0.40030298,-2.0996985,23.817867,23.817867279052734,0.5702402957486137
tensor(6547),"tensor(5383., dtype=torch.float64)",tensor(9),0,1,0,0,0,0.00038379672,0.99322295,0.75915045,0.43728465,0.35381532,0,1,1,0,0,0.6666666666666666,0.33333333333333337,1,0.20782208,0.43728465,0.38621926,-2.9709897,44.651276,44.651275634765625,0.5559149722735675
tensor(6563),"tensor(6070., dtype=torch.float64)",tensor(9),0,0,0,1,0,0.09713326,0.33783978,0.08632254,0.98936707,0.09030522,0,0,0,1,0,1.0,0.0,0,0.12444675,0.33783978,0.32288194,-2.4209685,30.33085,30.33085060119629,0.4332255083179298
tensor(6581),"tensor(20675., dtype=torch.float64)",tensor(9),0,0,0,0,1,0.8511654,0.0808526,0.06699669,0.13052738,0.44362557,1,0,0,0,0,0.0,1.0,1,0.17416734,0.44362557,0.40429893,-1.7862238,70.84601,6432.357421875,0.6917744916820703
tensor(6585),"tensor(14204., dtype=torch.float64)",tensor(9),0,1,0,0,0,0.0026943565,0.966652,0.7702875,0.52827644,0.42029962,0,1,1,0,0,0.6666666666666666,0.33333333333333337,1,0.23155564,0.47172356,0.41513816,-2.1850886,29.583645,29.58364486694336,0.6180683918669132
tensor(6589),"tensor(853., dtype=torch.float64)",tensor(9),0,0,0,1,0,0.002814708,0.01572255,0.03607519,0.99961984,0.7476043,0,0,0,1,1,0.6666666666666666,0.33333333333333337,1,0.06147766,0.2523957,0.16476384,-4.4505734,102.10513,102.10513305664062,0.26894639556377076
tensor(6615),"tensor(15212., dtype=torch.float64)",tensor(9),0,0,1,0,0,0.025504073,0.3430705,0.95540905,0.09751799,0.7653905,0,0,1,0,1,0.6666666666666666,0.33333333333333337,1,0.14905864,0.3430705,0.36169004,-2.1529813,23.482414,23.48241424560547,0.49676524953789275
tensor(6667),"tensor(3794., dtype=torch.float64)",tensor(9),1,0,0,0,0,0.65474814,0.15574403,0.43611947,0.06874533,0.54114264,1,0,0,0,0,1.0,0.0,0,0.2929436,0.45885736,0.540421,-1.0716424,53.33003,6906.25,0.8133086876155268
tensor(6697),"tensor(4314., dtype=torch.float64)",tensor(9),0,0,1,0,0,0.009521406,0.69238204,0.9339256,0.07751517,0.95037085,0,1,1,0,1,0.5,0.5,1,0.10207158,0.30761796,0.2768832,-2.7066824,26.859386,26.859386444091797,0.338724584103512
tensor(6731),"tensor(6579., dtype=torch.float64)",tensor(9),0,0,1,0,0,0.047019575,0.17881538,0.95727825,0.18281698,0.6214254,0,0,1,0,0,1.0,0.0,0,0.1659897,0.3785746,0.39494732,-1.9271578,32.770073,167.3191680908203,0.5843345656192237
tensor(6753),"tensor(14774., dtype=torch.float64)",tensor(9),1,0,0,0,0,0.94364357,0.009359736,0.010784527,0.085212946,0.3783558,1,0,0,0,0,1.0,0.0,0,0.10801393,0.3783558,0.25680202,-2.9737713,141.10036,5733.5849609375,0.4683456561922366
tensor(6771),"tensor(13065., dtype=torch.float64)",tensor(9),1,0,0,0,0,0.9544708,0.033181652,0.0060751694,0.30153096,0.013783685,1,0,0,0,0,1.0,0.0,0,0.08002013,0.30153096,0.21054539,-3.3245354,161.91864,5382.4892578125,0.3987985212569316
tensor(6781),"tensor(3051., dtype=torch.float64)",tensor(9),0,0,0,1,0,0.35739926,0.38715914,0.17527379,0.5110926,0.7566719,1,0,0,0,1,0.0,1.0,1,0.33041352,0.4889074,0.606261,-0.7547077,37.199455,44.503944396972656,0.7939001848428836
tensor(6803),"tensor(10368., dtype=torch.float64)",tensor(9),0,1,0,1,0,0.7566437,0.3144699,0.028372135,0.55552155,0.046753883,1,0,0,0,0,0.0,1.0,1,0.21548617,0.44447845,0.43647975,-1.7370434,60.48075,6181.490234375,0.7322088724584104
tensor(6837),"tensor(12779., dtype=torch.float64)",tensor(9),1,0,0,1,0,0.4868173,0.3758346,0.02963719,0.8409928,0.018388465,1,0,0,1,0,1.0,0.0,0,0.21393692,0.4868173,0.40359706,-1.938351,74.35667,74.3566665649414,0.7171903881700554
tensor(6865),"tensor(18726., dtype=torch.float64)",tensor(9),1,0,0,0,0,0.9758508,0.0031815567,0.007383813,0.07018355,0.15277763,1,0,0,0,0,1.0,0.0,0,0.05153513,0.15277761,0.17209134,-3.728833,193.42868,5413.38330078125,0.34334565619223656
tensor(6953),"tensor(18245., dtype=torch.float64)",tensor(9),0,0,1,0,0,0.042618174,0.4154768,0.9030385,0.6769383,0.4790213,0,0,1,0,0,1.0,0.0,0,0.27142793,0.4790213,0.49894896,-1.3016886,39.130417,214.8311767578125,0.755083179297597
tensor(6985),"tensor(14958., dtype=torch.float64)",tensor(9),1,0,0,0,0,0.28465533,0.13856941,0.8722191,0.093030386,0.30445445,0,0,1,0,0,0.0,1.0,1,0.1896981,0.30445445,0.46117717,-1.554558,64.68947,201.90203857421875,0.7402957486136784
tensor(6987),"tensor(13822., dtype=torch.float64)",tensor(9),0,1,1,0,0,0.016245728,0.44585317,0.9577117,0.13811901,0.8927586,0,0,1,0,1,0.5,0.5,1,0.14994943,0.44585317,0.3375417,-2.2782512,14.16681,14.166810035705566,0.4567929759704251
tensor(6999),"tensor(18284., dtype=torch.float64)",tensor(9),1,0,0,0,0,0.8356243,0.08590068,0.21209076,0.028209051,0.31815758,1,0,0,0,0,1.0,0.0,0,0.16174668,0.31815755,0.40209025,-1.920978,91.1499,6589.87451171875,0.6869223659889094
tensor(7023),"tensor(13908., dtype=torch.float64)",tensor(9),0,1,1,0,0,0.002256843,0.79758316,0.9511605,0.3438598,0.86300004,0,1,1,0,1,0.8,0.19999999999999996,1,0.1468746,0.3438598,0.35157362,-2.5837011,20.08868,20.088680267333984,0.4422365988909427
tensor(7027),"tensor(13822., dtype=torch.float64)",tensor(9),0,0,1,0,0,0.008058038,0.37967756,0.9447985,0.8597603,0.610031,0,0,1,1,0,0.6666666666666666,0.33333333333333337,1,0.19462919,0.389969,0.39969343,-2.0809274,43.943382,44.46497344970703,0.6323937153419593
tensor(7045),"tensor(19599., dtype=torch.float64)",tensor(9),1,0,0,0,0,0.96135867,0.084951326,0.0073779686,0.06940913,0.052927855,1,0,0,0,0,1.0,0.0,0,0.050661445,0.08495134,0.1914054,-3.1946044,147.50598,5615.24462890625,0.3706099815157116
tensor(7091),"tensor(1866., dtype=torch.float64)",tensor(9),1,0,0,0,0,0.81301725,0.07434386,0.042342346,0.50644016,0.2898644,1,0,0,0,0,1.0,0.0,0,0.21741867,0.49355984,0.44339275,-1.6064091,44.802383,6282.22265625,0.7118761552680222
tensor(7093),"tensor(2001., dtype=torch.float64)",tensor(9),0,1,0,1,0,0.0063365884,0.9116221,0.5980647,0.9265264,0.6871455,0,1,0,1,0,1.0,0.0,0,0.17659551,0.40193528,0.37896883,-2.221479,30.74326,30.74325942993164,0.5522181146025877
tensor(7123),"tensor(11142., dtype=torch.float64)",tensor(9),0,1,0,0,0,0.3978722,0.704079,0.35454014,0.17016241,0.44576153,1,1,0,0,0,0.6666666666666666,0.33333333333333337,1,0.33285153,0.44576156,0.6146231,-0.7365132,41.817,41.81700134277344,0.8075323475046211
tensor(7129),"tensor(19643., dtype=torch.float64)",tensor(9),1,0,0,0,0,0.90981054,0.052264854,0.021098133,0.57124406,0.0021878383,1,0,0,0,0,1.0,0.0,0,0.118899226,0.42875594,0.26178724,-3.0911803,226.07755,5526.666015625,0.5085489833641405
tensor(7153),"tensor(8651., dtype=torch.float64)",tensor(9),0,1,0,0,0,0.83533734,0.03105474,0.21812373,0.00081840024,0.2972831,1,0,0,0,0,0.0,1.0,1,0.14238852,0.2972831,0.3450828,-2.8617275,234.35452,6346.7294921875,0.6182994454713494
tensor(7183),"tensor(8651., dtype=torch.float64)",tensor(9),0,1,0,0,0,0.90769535,0.2845924,0.043448195,0.037990883,0.016155759,1,0,0,0,0,0.0,1.0,1,0.0948984,0.2845924,0.26560172,-2.7280486,137.62544,6096.49462890625,0.4792051756007394
tensor(7191),"tensor(17069., dtype=torch.float64)",tensor(9),0,0,1,0,0,0.06312969,0.19539058,0.7550101,0.106797785,0.011274139,0,0,1,0,0,1.0,0.0,0,0.124316394,0.24498987,0.3375496,-2.367201,129.79282,311.7018737792969,0.5882624768946396
tensor(7205),"tensor(21697., dtype=torch.float64)",tensor(9),1,0,0,0,0,0.9822495,0.08673301,0.00796707,0.009005539,0.00599822,1,0,0,0,0,1.0,0.0,0,0.02549088,0.08673298,0.10370965,-4.2006416,287.4406,5502.90576171875,0.30591497227356745
tensor(7245),"tensor(10190., dtype=torch.float64)",tensor(9),1,0,0,0,0,0.96721876,0.027529072,0.008575847,0.14650995,0.0409701,1,0,0,0,0,1.0,0.0,0,0.051273227,0.14650995,0.18145959,-3.3229356,146.57552,5486.30078125,0.35304990757855825
tensor(7263),"tensor(19612., dtype=torch.float64)",tensor(9),1,0,0,0,0,0.97735894,0.054301113,0.0048963367,0.0021763812,0.10738195,1,0,0,0,0,1.0,0.0,0,0.038279355,0.10738194,0.14131759,-4.036502,259.9782,5664.1787109375,0.330637707948244
tensor(7279),"tensor(9621., dtype=torch.float64)",tensor(9),1,0,0,0,0,0.9446275,0.067644,0.07162675,0.021541867,0.03451987,1,0,0,0,0,1.0,0.0,0,0.050140977,0.07162678,0.19469352,-3.0338402,150.282,6096.876953125,0.3821626617375231
tensor(7281),"tensor(11903., dtype=torch.float64)",tensor(9),0,0,1,0,0,0.26880395,0.083699815,0.0647189,0.97193694,0.4050945,0,0,0,1,0,0.0,1.0,1,0.17007607,0.4050945,0.382501,-1.9987437,21.199432,21.199432373046875,0.5445933456561923
tensor(7347),"tensor(14255., dtype=torch.float64)",tensor(9),1,0,0,0,0,0.9968726,0.0023186898,0.0026133386,0.016737858,0.0028460003,1,0,0,0,0,1.0,0.0,0,0.005528629,0.016737878,0.032055113,-5.5411124,500.5132,4686.888671875,0.25901109057301297
tensor(7411),"tensor(9068., dtype=torch.float64)",tensor(9),0,0,1,1,0,0.005306582,0.16428202,0.9761865,0.86029136,0.23925705,0,0,1,1,0,1.0,0.0,0,0.11447352,0.23925704,0.30939645,-2.7096124,90.95311,90.95310974121094,0.493992606284658
tensor(7419),"tensor(17395., dtype=torch.float64)",tensor(9),0,0,0,1,0,0.9480886,0.08639908,0.018080167,0.045765452,0.10766643,1,0,0,0,0,0.0,1.0,1,0.061964512,0.10766643,0.2232327,-2.8820405,116.85991,5952.02587890625,0.3960258780036969
tensor(7421),"tensor(9659., dtype=torch.float64)",tensor(9),1,0,0,0,0,0.9015058,0.042241156,0.011446783,0.64910775,0.0049441275,1,0,0,0,0,1.0,0.0,0,0.10160369,0.35089225,0.24769858,-3.1427045,180.09822,5481.83056640625,0.46118299445471345
tensor(7435),"tensor(13885., dtype=torch.float64)",tensor(9),1,0,0,0,0,0.8525852,0.040302984,0.017499365,0.04438825,0.7098949,1,0,0,0,0,1.0,0.0,0,0.107942104,0.2901051,0.29182768,-2.5834804,124.58819,6039.23291015625,0.5127079482439926
tensor(7437),"tensor(8219., dtype=torch.float64)",tensor(9),0,0,1,0,0,0.00838167,0.7622555,0.9096227,0.17415728,0.17756136,0,1,1,0,0,0.6666666666666666,0.33333333333333337,1,0.13764441,0.23774451,0.36607876,-2.267363,53.542633,53.542633056640625,0.5561460258780038
tensor(7441),"tensor(8219., dtype=torch.float64)",tensor(9),0,1,0,0,1,0.06864532,0.23433979,0.9479642,0.0096892,0.304665,0,0,1,0,0,0.0,1.0,1,0.13387507,0.30466497,0.3336776,-2.4292452,104.87852,191.2393341064453,0.5697781885397412
tensor(7493),"tensor(8748., dtype=torch.float64)",tensor(9),0,0,0,1,0,0.7818926,0.017376568,0.01921565,0.91069484,0.039675497,1,0,0,1,0,0.6666666666666666,0.33333333333333337,1,0.07673609,0.2181074,0.2349914,-2.9506295,110.381584,110.38158416748047,0.39718114602587806
tensor(7505),"tensor(12474., dtype=torch.float64)",tensor(9),0,0,0,0,0,0.16313529,0.72013706,0.3979342,0.4159319,0.09600405,0,1,0,0,0,0.0,1.0,1,0.27057368,0.41593194,0.5409959,-1.115247,44.21102,44.211021423339844,0.7851201478743068
tensor(7601),"tensor(15914., dtype=torch.float64)",tensor(9),0,1,1,1,0,0.0005743062,0.9465344,0.87892425,0.8752456,0.848932,0,1,1,1,1,0.8571428571428571,0.1428571428571429,1,0.09018767,0.15106797,0.2766735,-3.198446,44.495068,44.49506759643555,0.338724584103512
tensor(7649),"tensor(15009., dtype=torch.float64)",tensor(9),1,0,0,0,0,0.9809295,0.048157413,0.003906393,0.0520273,0.0019514665,1,0,0,0,0,1.0,0.0,0,0.025022507,0.052027285,0.106316015,-4.3210573,317.18488,5171.916015625,0.3068391866913124
tensor(7653),"tensor(14935., dtype=torch.float64)",tensor(9),0,1,0,0,0,0.0007310974,0.9330863,0.9294631,0.4707917,0.92478204,0,1,1,0,1,0.5,0.5,1,0.13683832,0.4707917,0.29299778,-3.0119863,31.671698,31.67169761657715,0.37638632162661745
tensor(7671),"tensor(13622., dtype=torch.float64)",tensor(9),1,0,0,0,0,0.99077564,0.030077444,0.0038358017,0.02548582,0.0013926664,1,0,0,0,0,1.0,0.0,0,0.014003158,0.030077457,0.06836366,-4.7857146,404.72128,4981.5087890625,0.2798059149722736
tensor(7675),"tensor(10206., dtype=torch.float64)",tensor(9),1,0,0,0,0,0.89916724,0.26842767,0.007434158,0.13988006,0.06436679,1,0,0,0,0,1.0,0.0,0,0.11618835,0.26842767,0.3192014,-2.5155482,106.26629,5878.5224609375,0.5298059149722735
tensor(7701),"tensor(1299., dtype=torch.float64)",tensor(9),1,0,0,0,0,0.9507733,0.051938295,0.055767097,0.017959388,0.05398508,1,0,0,0,0,1.0,0.0,0,0.045775294,0.05576712,0.18312937,-3.111892,151.89345,6028.28564453125,0.368992606284658
tensor(7725),"tensor(16393., dtype=torch.float64)",tensor(9),0,0,0,1,0,0.26058805,0.031631712,0.0230637,0.9931536,0.2924726,0,0,0,1,0,1.0,0.0,0,0.12292051,0.2924726,0.29381418,-2.8142166,60.34972,60.3497200012207,0.44801293900184835
tensor(7753),"tensor(16513., dtype=torch.float64)",tensor(9),0,1,0,0,0,0.3000449,0.6381536,0.50924397,0.3606018,0.22265342,1,1,0,0,0,0.6666666666666666,0.33333333333333337,1,0.3471805,0.49075603,0.6284722,-0.6548893,45.75083,49.09862518310547,0.8237060998151572
tensor(7767),"tensor(17183., dtype=torch.float64)",tensor(9),0,0,1,1,1,0.0019708702,0.9570976,0.7408796,0.81750965,0.86509526,0,1,1,1,1,0.8571428571428571,0.1428571428571429,1,0.12427777,0.2591204,0.32683915,-2.748133,40.310123,40.310123443603516,0.43576709796672825
tensor(7771),"tensor(14938., dtype=torch.float64)",tensor(9),1,0,0,0,0,0.90692085,0.02211691,0.06900706,0.045387648,0.35809442,1,0,0,0,0,1.0,0.0,0,0.11753714,0.35809445,0.30077043,-2.4594812,113.18805,6218.5302734375,0.5325785582255084
tensor(7821),"tensor(18347., dtype=torch.float64)",tensor(9),0,0,1,0,1,0.002929881,0.12450377,0.9911458,0.37812364,0.9619364,0,0,1,0,1,1.0,0.0,0,0.11049497,0.37812364,0.2542729,-3.2450988,38.52037,38.52037048339844,0.32832717190388166
tensor(7829),"tensor(11445., dtype=torch.float64)",tensor(9),0,1,0,1,0,0.003734489,0.47230962,0.84644955,0.97170323,0.096668124,0,0,1,1,0,0.5,0.5,1,0.15091193,0.4723096,0.31830117,-2.6350818,59.043125,59.04312515258789,0.5131700554528651
tensor(7839),"tensor(10550., dtype=torch.float64)",tensor(9),1,0,0,0,0,0.96659887,0.020547548,0.02560683,0.018367933,0.08471359,1,0,0,0,0,1.0,0.0,0,0.036527455,0.08471358,0.14948174,-3.445395,169.34949,5805.6953125,0.33109981515711645
tensor(7855),"tensor(16859., dtype=torch.float64)",tensor(9),1,0,0,0,0,0.8806751,0.040451463,0.041458458,0.04090343,0.50752175,1,0,0,0,0,1.0,0.0,0,0.14692336,0.49247825,0.31426895,-2.2981572,106.07719,6228.4248046875,0.5831792975970425
tensor(7871),"tensor(10463., dtype=torch.float64)",tensor(9),1,0,0,0,0,0.9840046,0.014231501,0.016141344,0.03786531,0.0049966774,1,0,0,0,0,1.0,0.0,0,0.017846107,0.03786528,0.08636757,-4.1992974,283.1359,5440.455078125,0.29390018484288355
tensor(7879),"tensor(20610., dtype=torch.float64)",tensor(9),1,0,0,0,0,0.9116378,0.0053538014,0.006334187,0.110208414,0.6120291,1,0,0,0,0,1.0,0.0,0,0.11964589,0.38797092,0.27704614,-3.031656,168.80522,5642.38720703125,0.5034658040665434
tensor(7937),"tensor(2359., dtype=torch.float64)",tensor(9),1,0,0,0,0,0.54013145,0.49347308,0.32305336,0.22927164,0.5131622,1,0,0,0,0,1.0,0.0,0,0.39850092,0.49347305,0.6486659,-0.43836913,52.62124,7124.9306640625,0.8435767097966728
tensor(7941),"tensor(7244., dtype=torch.float64)",tensor(9),1,0,0,0,0,0.99804807,0.0021902767,0.001272012,0.017019132,0.00044598998,1,0,0,0,0,1.0,0.0,0,0.0045758486,0.017019153,0.025913347,-6.1590815,680.9391,4364.3642578125,0.2562384473197782
tensor(7945),"tensor(6212., dtype=torch.float64)",tensor(9),0,0,1,1,1,0.006803948,0.31647334,0.9794885,0.10624673,0.5250159,0,0,1,0,0,0.5,0.5,1,0.18500388,0.4749841,0.3590861,-2.3698618,51.152405,167.69268798828125,0.5854898336414047
tensor(7953),"tensor(4939., dtype=torch.float64)",tensor(9),0,1,1,0,0,0.022614488,0.97921664,0.10722953,0.4865609,0.42120603,0,1,0,0,0,0.6666666666666666,0.33333333333333337,1,0.21167886,0.48656094,0.3846534,-2.0219684,27.100122,27.100122451782227,0.590804066543438
tensor(8007),"tensor(632., dtype=torch.float64)",tensor(9),0,0,1,1,0,0.04594318,0.8051921,0.18916458,0.90187025,0.6541438,0,1,0,1,0,0.5,0.5,1,0.17478025,0.3458562,0.42606384,-1.7526633,20.114208,20.114208221435547,0.5933456561922366
tensor(8017),"tensor(1683., dtype=torch.float64)",tensor(9),0,0,0,0,1,0.4769577,0.051400602,0.07924885,0.05887574,0.9198363,1,0,0,0,1,0.6666666666666666,0.33333333333333337,1,0.14932936,0.47695768,0.33493328,-2.1343877,78.08236,98.34660339355469,0.5947319778188539
tensor(8063),"tensor(9540., dtype=torch.float64)",tensor(9),0,0,0,1,0,0.26942497,0.6289596,0.020019798,0.9173099,0.22518148,0,1,0,1,0,0.6666666666666666,0.33333333333333337,1,0.1936714,0.3710404,0.43179768,-1.8116353,27.555183,27.55518341064453,0.6236136783733827
tensor(8081),"tensor(512., dtype=torch.float64)",tensor(9),0,1,1,1,1,0.00025962616,0.97969097,0.9332074,0.1250502,0.7682099,0,1,1,0,1,0.8571428571428571,0.1428571428571429,1,0.088840306,0.23179013,0.25304055,-3.5825799,53.77356,53.7735595703125,0.316543438077634
tensor(8111),"tensor(9221., dtype=torch.float64)",tensor(9),1,0,0,1,0,0.63967586,0.047054414,0.010442943,0.91074175,0.39501902,1,0,0,1,0,1.0,0.0,0,0.18041974,0.39501905,0.37462786,-2.1765058,57.13617,57.13616943359375,0.6277726432532348
tensor(8159),"tensor(14818., dtype=torch.float64)",tensor(9),0,0,0,0,1,0.98302346,0.022459358,0.006676485,0.02609474,0.02853817,1,0,0,0,0,0.0,1.0,1,0.020149052,0.028538167,0.096820615,-3.9963474,213.83437,5435.2685546875,0.2869685767097967
tensor(8171),"tensor(19447., dtype=torch.float64)",tensor(9),0,0,1,0,0,0.11403056,0.052149955,0.91756845,0.28036022,0.8092049,0,0,1,0,1,0.6666666666666666,0.33333333333333337,1,0.14395344,0.28036022,0.38499862,-1.949515,29.52027,29.5202693939209,0.5418207024029574
tensor(8177),"tensor(10035., dtype=torch.float64)",tensor(9),0,0,0,0,1,0.08446237,0.32528967,0.9018322,0.16858152,0.21037178,0,0,1,0,0,0.0,1.0,1,0.17737466,0.32528967,0.4418889,-1.6497847,66.970276,221.88375854492188,0.7190388170055453
tensor(8181),"tensor(16043., dtype=torch.float64)",tensor(9),1,0,0,1,0,0.9639418,0.005027789,0.012429104,0.44308943,0.0101073,1,0,0,0,0,0.6666666666666666,0.33333333333333337,1,0.10134238,0.44308943,0.19937405,-3.552362,211.2341,5318.8876953125,0.4161275415896488
tensor(8225),"tensor(13741., dtype=torch.float64)",tensor(9),0,1,0,1,0,0.13607885,0.7868053,0.018896537,0.9468191,0.06466948,0,1,0,1,0,1.0,0.0,0,0.09720409,0.21319473,0.2914113,-2.530948,49.555492,49.55549240112305,0.4198243992606285
tensor(8233),"tensor(14717., dtype=torch.float64)",tensor(9),0,0,0,1,0,0.08093459,0.911166,0.5069932,0.17603847,0.43561286,0,1,0,0,0,0.0,1.0,1,0.25488538,0.49300683,0.48481855,-1.3176107,29.304405,29.304405212402344,0.7116451016635861
tensor(8235),"tensor(3500., dtype=torch.float64)",tensor(9),1,0,0,0,0,0.94012105,0.031078849,0.036231678,0.042232633,0.2507125,1,0,0,0,0,1.0,0.0,0,0.08402693,0.2507125,0.25179535,-2.738097,127.82965,6011.9111328125,0.45147874306839186
tensor(8243),"tensor(16762., dtype=torch.float64)",tensor(9),1,0,0,0,0,0.09076134,0.1173701,0.93326485,0.2743969,0.50571775,0,0,1,0,0,0.0,1.0,1,0.20870912,0.49428225,0.43834472,-1.591041,43.20115,187.50685119628906,0.7014787430683919
tensor(8251),"tensor(12459., dtype=torch.float64)",tensor(9),0,0,0,1,1,0.9617045,0.00719529,0.011413834,0.29895514,0.03419101,1,0,0,0,0,0.0,1.0,1,0.0780102,0.29895514,0.20531233,-3.3610427,155.89864,5453.76171875,0.3884011090573013
tensor(8255),"tensor(11256., dtype=torch.float64)",tensor(9),1,0,0,0,0,0.89972323,0.025440669,0.14081173,0.13335359,0.14767292,1,0,0,0,0,1.0,0.0,0,0.1095112,0.14767289,0.33240113,-2.2545903,90.73082,6326.3935546875,0.5469038817005545
tensor(8257),"tensor(8500., dtype=torch.float64)",tensor(9),0,1,0,0,0,0.011201895,0.10686338,0.9827502,0.06840416,0.22163846,0,0,1,0,0,0.0,1.0,1,0.08507156,0.22163844,0.25339195,-2.9027512,108.375145,208.1561279296875,0.4242144177449168
tensor(8323),"tensor(3061., dtype=torch.float64)",tensor(9),0,0,1,1,0,0.000608109,0.70711005,0.9068632,0.99033535,0.23684414,0,1,1,1,0,0.8,0.19999999999999996,1,0.1266287,0.29288995,0.30428708,-3.2722988,66.25908,66.25907897949219,0.4332255083179298
tensor(8337),"tensor(7254., dtype=torch.float64)",tensor(9),0,0,0,1,1,0.02934466,0.37687963,0.01932013,0.9934236,0.65885204,0,0,0,1,0,0.6666666666666666,0.33333333333333337,1,0.15465373,0.37687963,0.31434885,-2.7209253,27.457468,27.457468032836914,0.42167282809611834
tensor(8357),"tensor(384., dtype=torch.float64)",tensor(9),0,0,1,0,0,0.049857557,0.07444333,0.9650008,0.13778904,0.6603925,0,0,1,0,0,1.0,0.0,0,0.12733936,0.33960748,0.3312991,-2.2566843,40.300137,161.39064025878906,0.48729205175600737
tensor(8393),"tensor(21692., dtype=torch.float64)",tensor(9),0,0,0,0,1,0.69002914,0.2460635,0.41694963,0.32100582,0.21117361,1,0,0,0,0,0.0,1.0,1,0.30103266,0.41694963,0.59989345,-0.8644602,47.365265,6956.22119140625,0.8160813308687616
tensor(8425),"tensor(12891., dtype=torch.float64)",tensor(9),0,1,0,0,0,0.3239929,0.63934004,0.5029355,0.05421767,0.08683153,1,1,0,0,0,0.6666666666666666,0.33333333333333337,1,0.2645533,0.49706447,0.49653324,-1.3063363,55.44121,55.44121170043945,0.7906654343807764
tensor(8427),"tensor(2515., dtype=torch.float64)",tensor(9),1,0,0,0,0,0.80009204,0.055208586,0.3321997,0.030563343,0.3178952,1,0,0,0,0,1.0,0.0,0,0.18715495,0.3321997,0.4223086,-1.8290685,93.724945,6656.13720703125,0.7340573012939002
tensor(8439),"tensor(5534., dtype=torch.float64)",tensor(9),1,0,0,1,0,0.5384931,0.03659909,0.038338892,0.6214554,0.7890551,1,0,0,0,1,0.5,0.5,1,0.22518688,0.4615069,0.4376687,-1.692378,69.65588,83.40888977050781,0.7539279112754159
tensor(8441),"tensor(9819., dtype=torch.float64)",tensor(9),1,0,0,0,0,0.9902768,0.014094161,0.0036147423,0.032081675,0.0063015423,1,0,0,0,0,1.0,0.0,0,0.013162971,0.032081664,0.06656776,-4.5915766,311.89743,5022.9267578125,0.2724121996303142
tensor(8467),"tensor(5966., dtype=torch.float64)",tensor(9),1,0,0,0,0,0.95259094,0.010967214,0.0038095994,0.5755437,0.008923231,1,0,0,0,0,1.0,0.0,0,0.09911311,0.4244563,0.20178397,-3.616649,212.72787,5090.40625,0.4119685767097967
tensor(8483),"tensor(4970., dtype=torch.float64)",tensor(9),1,0,0,1,0,0.6702004,0.026020583,0.008352619,0.9509163,0.1352207,1,0,0,1,0,1.0,0.0,0,0.109695435,0.3297996,0.2789896,-2.7855706,78.77995,78.77995300292969,0.45286506469500926
tensor(8525),"tensor(2407., dtype=torch.float64)",tensor(9),0,0,1,0,0,0.014084595,0.46476734,0.940738,0.21041952,0.10415216,0,0,1,0,0,1.0,0.0,0,0.17053711,0.46476734,0.36764818,-2.1257331,79.99855,240.2163848876953,0.646256931608133
tensor(8543),"tensor(2284., dtype=torch.float64)",tensor(9),0,0,0,0,0,6.616588e-05,0.00024894637,0.0023252068,0.0004274358,1.974531e-05,0,0,0,0,0,1.0,0.0,0,0.0006175041,0.0023251772,0.0046833768,-8.514555,915.2309,915.2308959960938,0.2513863216266174
tensor(8551),"tensor(4265., dtype=torch.float64)",tensor(9),0,1,0,1,1,0.0017955133,0.6673004,0.041661344,0.9996152,0.36886945,0,1,0,1,0,0.8,0.19999999999999996,1,0.14908206,0.36886942,0.29683402,-3.7103448,51.715256,51.71525573730469,0.3985674676524954
tensor(8563),"tensor(7919., dtype=torch.float64)",tensor(9),1,0,0,0,0,0.86924165,0.34224203,0.04510985,0.062759764,0.050517254,1,0,0,0,0,1.0,0.0,0,0.12627745,0.342242,0.32974476,-2.2474627,91.1541,6275.30029296875,0.5676987060998151
tensor(8565),"tensor(6422., dtype=torch.float64)",tensor(9),1,0,0,0,0,0.9658552,0.010612473,0.0045558605,0.32281175,0.018235065,1,0,0,0,0,1.0,0.0,0,0.07807207,0.32281172,0.19136626,-3.5982242,180.67865,5213.072265625,0.3766173752310536
tensor(8581),"tensor(385., dtype=torch.float64)",tensor(9),0,0,0,1,0,0.028821621,0.6719618,0.31032977,0.93195903,0.68187743,0,1,0,1,0,0.6666666666666666,0.33333333333333337,1,0.21067059,0.32803822,0.451351,-1.6825253,15.803598,15.803598403930664,0.6363216266173752
tensor(8583),"tensor(5915., dtype=torch.float64)",tensor(9),1,0,0,0,0,0.9607949,0.037350986,0.009887723,0.07857937,0.11228241,1,0,0,0,0,1.0,0.0,0,0.05546111,0.112282395,0.20137465,-3.1168506,128.98434,5682.86328125,0.37037892791127547
tensor(8603),"tensor(11296., dtype=torch.float64)",tensor(9),1,0,0,0,0,0.9898149,0.007767031,0.0033693956,0.030772127,0.020280683,1,0,0,0,0,1.0,0.0,0,0.014474869,0.03077215,0.07228192,-4.4887586,270.2288,5080.12109375,0.275184842883549
tensor(8627),"tensor(5404., dtype=torch.float64)",tensor(9),1,0,0,0,0,0.7971716,0.31071097,0.13167417,0.053421088,0.2520578,1,0,0,0,0,1.0,0.0,0,0.19013846,0.31071097,0.45731527,-1.602812,63.624958,6627.7998046875,0.7363678373382624
tensor(8683),"tensor(3922., dtype=torch.float64)",tensor(9),0,1,0,0,0,0.020246716,0.90012723,0.7111173,0.23879819,0.17253433,0,1,1,0,0,0.6666666666666666,0.33333333333333337,1,0.16406697,0.28888267,0.4069044,-1.9411631,33.607773,33.60777282714844,0.5919593345656192
tensor(8689),"tensor(8609., dtype=torch.float64)",tensor(9),1,0,0,0,0,0.99468344,0.0016192772,0.0034883139,0.027341664,0.009888834,1,0,0,0,0,1.0,0.0,0,0.009530902,0.027341664,0.049850933,-5.0977273,379.88345,4834.427734375,0.26363216266173756
tensor(8739),"tensor(2030., dtype=torch.float64)",tensor(9),1,0,0,0,0,0.9350224,0.070028774,0.032330517,0.1981614,0.011085001,1,0,0,0,0,1.0,0.0,0,0.07531661,0.19816136,0.2391375,-2.9080992,145.29361,5820.650390625,0.4288354898336414
tensor(8757),"tensor(18426., dtype=torch.float64)",tensor(9),1,0,0,0,0,0.33324656,0.0694691,0.54125994,0.31881598,0.83661807,1,0,0,0,1,0.6666666666666666,0.33333333333333337,1,0.26873076,0.45874006,0.52993304,-1.1692646,29.824724,29.824724197387695,0.7398336414048059
tensor(8761),"tensor(18223., dtype=torch.float64)",tensor(9),0,1,0,0,0,0.1522875,0.9197088,0.056143403,0.4267716,0.5065708,0,1,0,0,0,1.0,0.0,0,0.24178457,0.49342918,0.45956048,-1.4597108,34.630093,34.63009262084961,0.7121072088724584
tensor(8763),"tensor(18245., dtype=torch.float64)",tensor(9),0,0,1,0,0,0.18568125,0.16152811,0.7126902,0.8081325,0.6301202,0,0,1,1,0,0.6666666666666666,0.33333333333333337,1,0.23925322,0.36987978,0.5339263,-1.2008723,28.482859,28.482858657836914,0.7206561922365989
tensor(8767),"tensor(6690., dtype=torch.float64)",tensor(9),1,0,0,0,0,0.7006938,0.43725792,0.2069463,0.07404026,0.16954479,1,0,0,0,0,1.0,0.0,0,0.23741913,0.4372579,0.5049083,-1.3122824,56.42922,6761.4208984375,0.7844269870609981
tensor(8779),"tensor(17952., dtype=torch.float64)",tensor(9),0,0,1,0,0,0.019334396,0.47349074,0.9499758,0.09761006,0.6835743,0,0,1,0,0,1.0,0.0,0,0.19137698,0.47349072,0.38594207,-1.9941448,30.076183,159.68228149414062,0.5910351201478744
tensor(8789),"tensor(20786., dtype=torch.float64)",tensor(9),1,0,0,0,0,0.90883267,0.047126777,0.029618086,0.05273665,0.37877694,1,0,0,0,0,1.0,0.0,0,0.11988515,0.3787769,0.29971337,-2.4356837,106.411804,6151.83544921875,0.5293438077634012
tensor(8809),"tensor(14680., dtype=torch.float64)",tensor(9),1,0,0,0,0,0.97501695,0.051120494,0.0033354766,0.092847385,0.00947562,1,0,0,0,0,1.0,0.0,0,0.036352456,0.09284741,0.14073062,-3.8428032,227.56955,5203.9599609375,0.3243992606284658
tensor(8863),"tensor(9899., dtype=torch.float64)",tensor(9),0,0,0,1,0,0.0070806253,0.57415897,0.37959287,0.99247146,0.6275276,0,0,0,1,0,1.0,0.0,0,0.2385031,0.42584103,0.41852903,-2.2273066,14.853071,14.853071212768555,0.5903419593345656
tensor(8887),"tensor(18703., dtype=torch.float64)",tensor(9),0,1,0,0,0,0.036726702,0.6027205,0.89822,0.13414437,0.271439,0,1,1,0,0,0.6666666666666666,0.33333333333333337,1,0.1882739,0.3972795,0.42742842,-1.7426767,48.964058,48.96405792236328,0.6834565619223659
tensor(8907),"tensor(11141., dtype=torch.float64)",tensor(9),0,0,0,1,1,0.011911133,0.80059296,0.5430274,0.9680902,0.30058196,0,1,0,1,0,0.5,0.5,1,0.20015651,0.4569726,0.40126094,-2.047556,20.59581,20.595809936523438,0.5787892791127541
tensor(8931),"tensor(7018., dtype=torch.float64)",tensor(9),1,0,0,0,0,0.11090001,0.3194399,0.8218432,0.8239247,0.39867407,0,0,1,1,0,0.0,1.0,1,0.23664916,0.39867407,0.5162573,-1.2641947,30.261768,30.261768341064453,0.7199630314232902
tensor(8935),"tensor(12835., dtype=torch.float64)",tensor(9),1,0,0,0,0,0.9391308,0.053082276,0.0052701263,0.4075028,0.011166462,1,0,0,0,0,1.0,0.0,0,0.10757816,0.40750277,0.2413958,-3.1431844,162.49928,5383.955078125,0.45471349353049906
tensor(8967),"tensor(21654., dtype=torch.float64)",tensor(9),0,0,0,0,0,0.0010455367,0.0040888926,0.01081548,0.04376334,0.0005872698,0,0,0,0,0,1.0,0.0,0,0.012060046,0.04376334,0.055837113,-5.4794226,364.46652,364.4665222167969,0.26270794824399263
tensor(8977),"tensor(7062., dtype=torch.float64)",tensor(9),0,1,0,0,0,0.87478423,0.37551123,0.012047892,0.0025900244,0.005439979,1,0,0,0,0,0.0,1.0,1,0.104160964,0.37551123,0.23120575,-3.6042695,258.99088,5848.6015625,0.44408502772643255
tensor(9007),"tensor(11412., dtype=torch.float64)",tensor(9),1,0,0,0,0,0.9878883,0.005154442,0.003050998,0.10755844,0.013050888,1,0,0,0,0,1.0,0.0,0,0.028185248,0.10755843,0.10589576,-4.3790092,265.88272,4936.82373046875,0.300369685767098
tensor(9011),"tensor(1688., dtype=torch.float64)",tensor(9),1,0,0,0,0,0.5920368,0.30556962,0.18179353,0.72970724,0.18060724,1,0,0,1,0,0.6666666666666666,0.33333333333333337,1,0.26924527,0.40796322,0.5643167,-1.0405852,25.54704,25.547040939331055,0.7368299445471349
tensor(9043),"tensor(21546., dtype=torch.float64)",tensor(9),1,0,0,0,0,0.9415242,0.083600156,0.072615094,0.056580808,0.0018963974,1,0,0,0,0,1.0,0.0,0,0.054633737,0.08360016,0.20036288,-3.3600464,259.90735,5843.0244140625,0.40110905730129387
tensor(9073),"tensor(15003., dtype=torch.float64)",tensor(9),1,0,0,0,0,0.6768154,0.16735461,0.13785395,0.3239766,0.6649525,1,0,0,0,0,1.0,0.0,0,0.25748342,0.33504748,0.5498977,-1.1195794,48.01088,6697.537109375,0.7915896487985213
tensor(9081),"tensor(19253., dtype=torch.float64)",tensor(9),0,0,0,1,0,0.00791317,0.28849187,0.7578505,0.9792834,0.87047064,0,0,1,1,1,0.5,0.5,1,0.13776016,0.28849185,0.33736446,-2.5271893,37.70057,37.70056915283203,0.47111829944547134
tensor(9085),"tensor(6911., dtype=torch.float64)",tensor(9),1,0,1,1,0,0.15289156,0.1863817,0.32860303,0.9321034,0.69169587,0,0,0,1,0,0.5,0.5,1,0.2088154,0.32860303,0.4815423,-1.4655641,17.429634,17.42963409423828,0.6566543438077633
tensor(9127),"tensor(6277., dtype=torch.float64)",tensor(9),1,0,0,0,0,0.98022264,0.03366033,0.0072442396,0.017652888,0.06877748,1,0,0,0,0,1.0,0.0,0,0.029422462,0.0687775,0.12531066,-3.7610767,198.69669,5576.861328125,0.3077634011090573
tensor(9155),"tensor(15982., dtype=torch.float64)",tensor(9),1,0,0,0,0,0.9806177,0.013531302,0.003638008,0.06418339,0.048068374,1,0,0,0,0,1.0,0.0,0,0.029760718,0.064183414,0.12449287,-3.8982334,191.07785,5239.9052734375,0.2992144177449168
tensor(9197),"tensor(19232., dtype=torch.float64)",tensor(9),1,0,0,0,0,0.98683155,0.020874318,0.015502279,0.024643745,0.005112109,1,0,0,0,0,1.0,0.0,0,0.0158602,0.02464372,0.07983371,-4.253051,306.86417,5364.57470703125,0.29089648798521256
tensor(9225),"tensor(21500., dtype=torch.float64)",tensor(9),1,0,0,0,0,0.9307297,0.017385209,0.010417449,0.19237813,0.2755859,1,0,0,0,0,1.0,0.0,0,0.11300737,0.2755859,0.29514557,-2.7174895,103.49084,5782.9921875,0.4926062846580407
tensor(9417),"tensor(10093., dtype=torch.float64)",tensor(9),1,0,0,0,0,0.8877781,0.059815433,0.019132245,0.37204444,0.14672828,1,0,0,0,0,1.0,0.0,0,0.14198858,0.37204444,0.3498528,-2.2088141,65.37845,5977.306640625,0.5801756007393716
tensor(9431),"tensor(20520., dtype=torch.float64)",tensor(9),1,0,0,0,0,0.45662,0.022260398,0.73714983,0.051586367,0.6416196,1,0,1,0,0,0.6666666666666666,0.33333333333333337,1,0.23033947,0.45661998,0.44554934,-1.6963065,63.32437,157.80990600585938,0.7525415896487986
tensor(9459),"tensor(9206., dtype=torch.float64)",tensor(9),1,0,0,0,0,0.8997939,0.12303467,0.031003717,0.07463471,0.25508547,1,0,0,0,0,1.0,0.0,0,0.11679286,0.25508547,0.33399937,-2.238069,86.90834,6224.966796875,0.5559149722735675
tensor(9479),"tensor(16595., dtype=torch.float64)",tensor(9),1,0,0,0,0,0.07115358,0.8122308,0.71968234,0.2763279,0.23434909,0,1,1,0,0,0.0,1.0,1,0.20998347,0.28031766,0.49335352,-1.424645,35.884457,35.884456634521484,0.708641404805915
tensor(9521),"tensor(19367., dtype=torch.float64)",tensor(9),1,0,0,0,0,0.99128646,0.018974228,0.0019900694,0.02062292,0.012915182,1,0,0,0,0,1.0,0.0,0,0.012643218,0.02062291,0.06556912,-4.6188216,302.52124,4992.7607421875,0.26987060998151574
tensor(9555),"tensor(19999., dtype=torch.float64)",tensor(9),1,0,0,0,0,0.97273004,0.006244167,0.0066950927,0.102777444,0.11729366,1,0,0,0,0,1.0,0.0,0,0.052056134,0.117293656,0.17917456,-3.5657756,164.44089,5444.9775390625,0.344731977818854
tensor(9615),"tensor(18393., dtype=torch.float64)",tensor(9),0,0,0,0,1,0.026467098,0.08840424,0.9695575,0.011207744,0.94793504,0,0,1,0,1,0.6666666666666666,0.33333333333333337,1,0.04171735,0.08840424,0.16467535,-3.356196,68.583084,68.58308410644531,0.2682532347504621
tensor(9645),"tensor(14816., dtype=torch.float64)",tensor(9),1,0,0,0,0,0.010510855,0.93288755,0.73216194,0.03867504,0.086509116,0,1,1,0,0,0.0,1.0,1,0.094129086,0.26783806,0.26872674,-2.7504914,55.597473,55.59747314453125,0.40041589648798515
tensor(9667),"tensor(15687., dtype=torch.float64)",tensor(9),1,0,0,0,0,0.9962335,0.0017247029,0.00096931466,0.047157582,0.002793779,1,0,0,0,0,1.0,0.0,0,0.011282325,0.047157586,0.050890356,-5.5520554,460.63794,4446.09619140625,0.2666358595194085
tensor(9671),"tensor(20833., dtype=torch.float64)",tensor(9),1,0,0,0,0,0.96597177,0.03953384,0.011267582,0.06677724,0.054945685,1,0,0,0,0,1.0,0.0,0,0.04131049,0.06677723,0.16694696,-3.2985759,145.13286,5627.96826171875,0.33987985212569316
tensor(9673),"tensor(9402., dtype=torch.float64)",tensor(9),0,0,1,0,0,0.00236616,0.3087873,0.9368919,0.98529273,0.6138047,0,0,1,1,0,0.6666666666666666,0.33333333333333337,1,0.15503281,0.3861953,0.32278055,-2.8431125,50.1818,50.181800842285156,0.4840573012939001
tensor(9677),"tensor(17012., dtype=torch.float64)",tensor(9),1,0,0,0,0,0.9160953,0.015531001,0.05061474,0.048826654,0.39768302,1,0,0,0,0,1.0,0.0,0,0.11931199,0.39768302,0.28714544,-2.571165,127.57224,6076.6884765625,0.5249537892791127
tensor(9699),"tensor(10577., dtype=torch.float64)",tensor(9),0,0,0,1,0,0.04685078,0.7606226,0.53024906,0.84950095,0.38089952,0,1,0,1,0,0.6666666666666666,0.33333333333333337,1,0.25747555,0.46975094,0.503778,-1.3012937,20.925766,20.925765991210938,0.7021719038817006
tensor(9759),"tensor(17113., dtype=torch.float64)",tensor(9),1,0,0,0,0,0.9927857,0.0030149438,0.0011924442,0.17574358,0.0009623235,1,0,0,0,0,1.0,0.0,0,0.03762549,0.17574358,0.10900388,-5.18936,463.41046,4485.24755859375,0.3149260628465804
tensor(9771),"tensor(10614., dtype=torch.float64)",tensor(9),1,0,0,0,0,0.9976942,0.0024307696,0.0007696255,0.026472453,0.00058776094,1,0,0,0,0,1.0,0.0,0,0.0065132976,0.02647245,0.033373915,-6.0598807,628.3694,4295.3603515625,0.25831792975970425
tensor(9789),"tensor(14683., dtype=torch.float64)",tensor(9),0,0,1,0,0,0.7508261,0.11144874,0.14951046,0.6098895,0.14465332,1,0,0,0,0,0.0,1.0,1,0.20897937,0.3901105,0.48298746,-1.4283023,39.22849,6525.0771484375,0.7128003696857672
tensor(9813),"tensor(13317., dtype=torch.float64)",tensor(9),0,0,0,1,1,0.042555347,0.35368094,0.2675181,0.9755313,0.47547102,0,0,0,1,0,0.6666666666666666,0.33333333333333337,1,0.23273885,0.47547102,0.44266996,-1.701479,12.845276,12.84527587890625,0.6404805914972274
tensor(9841),"tensor(7877., dtype=torch.float64)",tensor(9),1,0,0,0,0,0.6221957,0.03832582,0.44520235,0.15352917,0.7006124,1,0,0,0,0,1.0,0.0,0,0.2628498,0.44520235,0.51036435,-1.2997812,50.71815,6751.19775390625,0.7837338262476895
tensor(9845),"tensor(1152., dtype=torch.float64)",tensor(9),0,0,1,0,0,0.3176647,0.051732242,0.8461429,0.03512225,0.71656334,1,0,1,0,0,0.6666666666666666,0.33333333333333337,1,0.16836262,0.31766474,0.40126246,-1.9236777,52.28344,148.00457763671875,0.6441774491682071
tensor(9847),"tensor(4660., dtype=torch.float64)",tensor(9),0,0,1,0,0,0.049214415,0.0857438,0.9646651,0.06703502,0.7761705,0,0,1,0,1,0.6666666666666666,0.33333333333333337,1,0.09223157,0.22382951,0.28384215,-2.5022798,34.42646,34.42646026611328,0.37222735674676527
tensor(9879),"tensor(13111., dtype=torch.float64)",tensor(9),0,1,0,0,0,0.02700625,0.95045495,0.52892524,0.2341802,0.23004158,0,1,0,0,0,1.0,0.0,0,0.20236957,0.47107476,0.41928548,-1.809426,25.846306,25.84630584716797,0.6196857670979666
tensor(9895),"tensor(8141., dtype=torch.float64)",tensor(9),0,1,0,1,1,0.002652382,0.4679711,0.1879812,0.9986307,0.66383374,0,0,0,1,0,0.5,0.5,1,0.19922799,0.4679711,0.36832327,-2.9587283,28.935957,28.935956954956055,0.4914510166358595
tensor(9899),"tensor(19456., dtype=torch.float64)",tensor(9),0,0,1,1,0,0.001979958,0.48077002,0.98021334,0.43884718,0.44388223,0,0,1,0,0,0.6666666666666666,0.33333333333333337,1,0.27705324,0.48077,0.43528047,-2.1347358,60.860146,194.4854736328125,0.7275878003696857
tensor(9913),"tensor(12994., dtype=torch.float64)",tensor(9),0,1,1,0,1,0.00089038996,0.9773127,0.7913278,0.7244748,0.1880731,0,1,1,1,0,0.6666666666666666,0.33333333333333337,1,0.1391697,0.2755252,0.3399502,-2.9096518,48.311924,48.31192398071289,0.46811460258780035
tensor(9915),"tensor(9979., dtype=torch.float64)",tensor(9),0,1,1,0,0,0.002493719,0.9940836,0.3437777,0.0205105,0.05183327,0,1,0,0,0,0.6666666666666666,0.33333333333333337,1,0.08490628,0.34377766,0.200219,-3.7069352,87.709595,87.7095947265625,0.3202402957486137
tensor(9955),"tensor(16214., dtype=torch.float64)",tensor(9),1,0,0,0,0,0.95790064,0.036300972,0.017872587,0.08416215,0.09706256,1,0,0,0,0,1.0,0.0,0,0.055499554,0.09706259,0.2055207,-3.0054977,120.93411,5780.21630859375,0.3747689463955638
tensor(9965),"tensor(10897., dtype=torch.float64)",tensor(9),0,1,0,0,0,0.13841797,0.7978544,0.1683052,0.8994879,0.3212604,0,1,0,1,0,0.6666666666666666,0.33333333333333337,1,0.18612826,0.3212604,0.462531,-1.5477301,19.665764,19.66576385498047,0.6317005545286507
tensor(9989),"tensor(3936., dtype=torch.float64)",tensor(9),0,0,0,1,0,0.064916134,0.98146963,0.035298064,0.14364274,0.09306289,0,1,0,0,0,0.0,1.0,1,0.07109004,0.14364272,0.24126783,-2.8014646,49.57894,49.578941345214844,0.33895563770794823
tensor(10003),"tensor(5760., dtype=torch.float64)",tensor(9),0,0,0,1,0,0.0036903818,0.79849434,0.71111816,0.97816694,0.46573457,0,1,1,1,0,0.5,0.5,1,0.19632912,0.4657346,0.3847748,-2.3631186,24.665272,24.665271759033203,0.539279112754159
tensor(10005),"tensor(4499., dtype=torch.float64)",tensor(9),1,0,0,0,0,0.9958817,0.005486128,0.0031740072,0.002701923,0.007352182,1,0,0,0,0,1.0,0.0,0,0.0045665503,0.0073521733,0.028861579,-5.4508495,452.69653,5000.1923828125,0.2571626617375231
tensor(10013),"tensor(17483., dtype=torch.float64)",tensor(9),1,0,0,0,0,0.9563993,0.02071917,0.007018847,0.09229834,0.17687656,1,0,0,0,0,1.0,0.0,0,0.06810266,0.17687654,0.21925943,-3.1439037,125.502396,5642.7119140625,0.3805452865064695
tensor(10025),"tensor(7110., dtype=torch.float64)",tensor(9),0,1,0,0,0,0.4147128,0.12427202,0.62137413,0.04389825,0.73697656,1,0,0,0,1,0.0,1.0,1,0.24490643,0.4147128,0.4947206,-1.3807573,38.240524,38.24052429199219,0.7370609981515712
tensor(10035),"tensor(6230., dtype=torch.float64)",tensor(9),1,0,0,0,0,0.8905726,0.014076176,0.12137951,0.09442665,0.29392785,1,0,0,0,0,1.0,0.0,0,0.12664747,0.29392785,0.34145218,-2.2924514,103.34457,6265.15185546875,0.5808687615526802
tensor(10039),"tensor(21412., dtype=torch.float64)",tensor(9),1,0,0,0,0,0.90837,0.023528013,0.02043502,0.20331316,0.30718938,1,0,0,0,0,1.0,0.0,0,0.12921917,0.30718935,0.32785672,-2.4137025,86.0855,5990.0478515625,0.5485212569316081
tensor(10045),"tensor(11479., dtype=torch.float64)",tensor(9),0,0,0,1,1,0.97775674,0.016051657,0.018719,0.034565024,0.04956616,1,0,0,0,0,0.0,1.0,1,0.028229058,0.04956615,0.12588158,-3.628329,192.64615,5638.79833984375,0.31169131238447323
tensor(10057),"tensor(4158., dtype=torch.float64)",tensor(9),0,0,1,0,0,0.031070594,0.17143396,0.9534313,0.11058333,0.14669934,0,0,1,0,0,1.0,0.0,0,0.10127115,0.17143393,0.30991116,-2.3760178,94.21039,217.19149780273438,0.5103974121996303
tensor(10103),"tensor(18832., dtype=torch.float64)",tensor(9),1,0,0,0,0,0.98932755,0.006289256,0.0034175857,0.07284754,0.012545387,1,0,0,0,0,1.0,0.0,0,0.021154523,0.072847545,0.089675225,-4.4353766,282.22614,4908.8447265625,0.28951016635859517
tensor(10111),"tensor(495., dtype=torch.float64)",tensor(9),0,0,1,0,0,0.6038484,0.10687905,0.61483693,0.14279835,0.40158108,1,0,0,0,0,0.0,1.0,1,0.28651464,0.40158105,0.5523108,-1.0406724,62.782207,7025.20947265625,0.8345656192236599
tensor(10125),"tensor(12855., dtype=torch.float64)",tensor(9),1,0,0,0,0,0.97908235,0.028064324,0.02362394,0.056395315,0.006837697,1,0,0,0,0,1.0,0.0,0,0.027167797,0.056395292,0.11983939,-3.7816322,251.5252,5540.15625,0.31931608133086875
tensor(10145),"tensor(1347., dtype=torch.float64)",tensor(9),1,0,0,0,0,0.9958027,0.0020610988,0.00057936565,0.031399764,0.01504061,1,0,0,0,0,1.0,0.0,0,0.010655582,0.031399786,0.05289843,-5.3430934,385.7298,4502.0400390625,0.2634011090573013
tensor(10155),"tensor(4993., dtype=torch.float64)",tensor(9),1,0,0,0,0,0.28351483,0.13072394,0.60609156,0.08725544,0.8673106,0,0,0,0,1,0.0,1.0,1,0.20561844,0.39390844,0.4684152,-1.4955161,28.157742,28.15774154663086,0.6698243992606284
tensor(10191),"tensor(11124., dtype=torch.float64)",tensor(9),1,0,0,0,0,0.99331105,0.0026212577,0.0034965035,0.048237268,0.008633168,1,0,0,0,0,1.0,0.0,0,0.013935447,0.048237264,0.06490785,-4.86404,347.80676,4830.572265625,0.272181146025878
tensor(10203),"tensor(17437., dtype=torch.float64)",tensor(9),1,0,0,1,0,0.7637825,0.07835116,0.015566845,0.5214855,0.528107,1,0,0,0,0,0.6666666666666666,0.33333333333333337,1,0.25610858,0.4785145,0.4570876,-1.5967915,56.012966,6169.0234375,0.7631700554528651
tensor(10209),"tensor(12421., dtype=torch.float64)",tensor(9),1,0,0,0,0,0.0287181,0.8915319,0.14853068,0.93724257,0.51942724,0,1,0,1,0,0.0,1.0,1,0.16580945,0.48057276,0.36411804,-2.0310318,20.07444,20.074440002441406,0.5235674676524954
tensor(10217),"tensor(9238., dtype=torch.float64)",tensor(9),1,0,0,0,0,0.9622037,0.0062269107,0.03534417,0.040764716,0.13255452,1,0,0,0,0,1.0,0.0,0,0.05053729,0.13255453,0.18262891,-3.3306317,169.84393,5811.56103515625,0.36321626617375236
tensor(10235),"tensor(17371., dtype=torch.float64)",tensor(9),1,0,0,0,0,0.87360287,0.3359956,0.014366163,0.098348245,0.071257256,1,0,0,0,0,1.0,0.0,0,0.12927282,0.3359956,0.33427146,-2.3252091,92.18791,6068.767578125,0.5663123844731978
tensor(10263),"tensor(18245., dtype=torch.float64)",tensor(9),0,0,1,0,0,0.01568213,0.4377609,0.9348696,0.7115178,0.55109376,0,0,1,1,0,0.6666666666666666,0.33333333333333337,1,0.2511924,0.44890624,0.45913234,-1.6323111,40.066505,43.681705474853516,0.7201940850277264
tensor(10273),"tensor(10471., dtype=torch.float64)",tensor(9),0,1,1,1,0,0.008619822,0.8033259,0.44271368,0.9815346,0.51393753,0,1,0,1,0,0.8,0.19999999999999996,1,0.23050708,0.48606247,0.4033297,-2.0822778,16.742006,16.742006301879883,0.5935767097966729
tensor(10277),"tensor(13646., dtype=torch.float64)",tensor(9),1,0,0,0,0,0.66466486,0.062724754,0.6332214,0.14300857,0.22483234,1,0,0,0,0,1.0,0.0,0,0.22653586,0.3667786,0.49457112,-1.3925365,77.7653,6901.72802734375,0.7966728280961183
tensor(10279),"tensor(21447., dtype=torch.float64)",tensor(9),0,0,0,1,1,0.14592157,0.0380244,0.01610091,0.9899547,0.67426056,0,0,0,1,0,0.6666666666666666,0.33333333333333337,1,0.10716641,0.32573944,0.2693924,-2.8856878,56.65359,56.65359115600586,0.40388170055452866
tensor(10297),"tensor(20406., dtype=torch.float64)",tensor(9),1,0,0,0,0,0.98381513,0.011862798,0.0034286275,0.07318662,0.02411037,1,0,0,0,0,1.0,0.0,0,0.02575463,0.073186636,0.10910171,-4.0882773,217.22575,5128.49462890625,0.2948243992606284
tensor(10301),"tensor(21606., dtype=torch.float64)",tensor(9),0,1,0,1,0,0.0032035627,0.72160155,0.8976072,0.8899222,0.8774054,0,1,1,1,1,0.6666666666666666,0.33333333333333337,1,0.123333454,0.27839845,0.33241645,-2.5843303,27.693645,27.693645477294922,0.4121996303142329
tensor(10305),"tensor(12632., dtype=torch.float64)",tensor(9),0,0,0,1,0,0.82480747,0.13296196,0.018456481,0.52080804,0.12815048,1,0,0,0,0,0.0,1.0,1,0.18679065,0.47919196,0.404622,-1.8797373,51.278397,6061.578125,0.6635859519408503
tensor(10313),"tensor(8207., dtype=torch.float64)",tensor(9),0,1,0,1,0,0.07387074,0.47368008,0.03595033,0.98381144,0.41765103,0,0,0,1,0,0.6666666666666666,0.33333333333333337,1,0.20346814,0.47368008,0.3744969,-2.0725265,13.643625,13.643625259399414,0.5536044362292052
tensor(10331),"tensor(3237., dtype=torch.float64)",tensor(9),0,0,0,1,0,0.024746776,0.39258918,0.55805254,0.98118925,0.5515988,0,0,0,1,0,1.0,0.0,0,0.26529908,0.4484012,0.4506897,-1.7010349,14.460608,14.460607528686523,0.6575785582255084
tensor(10347),"tensor(18563., dtype=torch.float64)",tensor(9),0,1,0,1,0,0.0045166677,0.99110997,0.08359637,0.36432242,0.014895221,0,1,0,0,0,0.6666666666666666,0.33333333333333337,1,0.09524411,0.36432242,0.22010148,-3.4504318,78.988434,78.98843383789062,0.3465804066543438
tensor(10349),"tensor(13867., dtype=torch.float64)",tensor(9),0,0,1,0,1,0.01445137,0.14537084,0.9755796,0.35948703,0.8920828,0,0,1,0,1,1.0,0.0,0,0.13032943,0.35948706,0.3200417,-2.474238,18.096703,18.096702575683594,0.40318853974122
tensor(10361),"tensor(9565., dtype=torch.float64)",tensor(9),0,1,0,0,0,0.6417556,0.57962507,0.14293629,0.12225334,0.05432347,1,0,0,0,0,0.0,1.0,1,0.21962649,0.42037493,0.4651034,-1.5047092,62.169975,6652.591796875,0.7640942698706099
tensor(10375),"tensor(6566., dtype=torch.float64)",tensor(9),1,0,0,0,0,0.16117659,0.101657316,0.5878358,0.14481834,0.9270606,0,0,0,0,1,0.0,1.0,1,0.17855108,0.4121642,0.4245506,-1.7003384,29.406918,29.406917572021484,0.621996303142329
tensor(10395),"tensor(7375., dtype=torch.float64)",tensor(9),0,0,0,1,0,0.0064154277,0.15424968,0.04480745,0.99857867,0.60399383,0,0,0,1,0,1.0,0.0,0,0.12058002,0.39600617,0.26676542,-3.3561432,35.877857,35.87785720825195,0.3299445471349353
tensor(10413),"tensor(889., dtype=torch.float64)",tensor(9),1,0,0,0,0,0.9840835,0.0051306244,0.0043646963,0.04592969,0.10587024,1,0,0,0,0,1.0,0.0,0,0.035442352,0.10587025,0.13321537,-3.997766,215.76654,5252.765625,0.31353974121996303
tensor(10439),"tensor(3789., dtype=torch.float64)",tensor(9),0,0,0,1,0,0.62258136,0.0145075945,0.008558646,0.72564656,0.7842764,1,0,0,1,1,0.5,0.5,1,0.17811239,0.37741864,0.37937015,-2.3469234,112.48896,112.48896026611328,0.6682070240295749
tensor(10453),"tensor(2058., dtype=torch.float64)",tensor(9),0,1,1,0,0,0.0009325632,0.99235547,0.6171918,0.009991374,0.018665966,0,1,0,0,0,0.6666666666666666,0.33333333333333337,1,0.084008515,0.3828082,0.17329939,-4.1757174,137.90414,137.90414428710938,0.32971349353049906
tensor(10483),"tensor(17168., dtype=torch.float64)",tensor(9),1,0,0,0,0,0.9602495,0.03283994,0.0070474325,0.22192489,0.025715668,1,0,0,0,0,1.0,0.0,0,0.065455735,0.2219249,0.20048499,-3.2808793,147.64804,5444.19873046875,0.37892791127541586
tensor(10491),"tensor(17007., dtype=torch.float64)",tensor(9),1,0,0,0,0,0.8291504,0.051542312,0.060541715,0.030833485,0.64917576,1,0,0,0,0,1.0,0.0,0,0.13291824,0.35082424,0.33486018,-2.2594552,96.604195,6276.21142578125,0.5808687615526802
tensor(10509),"tensor(5450., dtype=torch.float64)",tensor(9),1,0,0,0,0,0.97005063,0.013170021,0.011953758,0.03314884,0.15201546,1,0,0,0,0,1.0,0.0,0,0.048047423,0.15201545,0.16823654,-3.4601994,167.5144,5661.494140625,0.34565619223659894
tensor(10529),"tensor(3175., dtype=torch.float64)",tensor(9),0,1,1,1,1,0.00061112625,0.75526595,0.93279886,0.96345055,0.8626205,0,1,1,1,1,1.0,0.0,0,0.097295105,0.24473405,0.27298874,-3.253215,46.957127,46.95712661743164,0.34611829944547134
tensor(10535),"tensor(5145., dtype=torch.float64)",tensor(9),1,0,0,0,0,0.7665141,0.5351319,0.023498923,0.13001332,0.25742945,1,0,0,0,0,1.0,0.0,0,0.22185916,0.46486813,0.46045083,-1.6033449,64.718796,6415.609375,0.7613216266173752
tensor(10549),"tensor(1218., dtype=torch.float64)",tensor(9),1,0,0,0,0,0.8404406,0.09935736,0.1711898,0.06574946,0.3406922,1,0,0,0,0,1.0,0.0,0,0.16730964,0.34069216,0.4208742,-1.7514436,80.060814,6618.16015625,0.7072550831792976
tensor(10575),"tensor(19785., dtype=torch.float64)",tensor(9),0,0,1,0,0,0.379545,0.17884366,0.82582426,0.026311167,0.23698047,1,0,1,0,0,0.6666666666666666,0.33333333333333337,1,0.19917125,0.37954497,0.4530345,-1.6704805,88.13452,208.35183715820312,0.7645563770794823
tensor(10595),"tensor(16144., dtype=torch.float64)",tensor(9),1,0,0,0,0,0.9885048,0.004586208,0.0029405428,0.1025818,0.014702813,1,0,0,0,0,1.0,0.0,0,0.027261376,0.1025818,0.10389346,-4.4068713,269.54654,4899.17236328125,0.29852125693160814
tensor(10605),"tensor(11139., dtype=torch.float64)",tensor(9),0,0,0,0,0,0.0042877295,0.5493804,0.34509444,0.98780626,0.07045661,0,0,0,1,0,0.0,1.0,1,0.17653036,0.45061958,0.33618957,-2.6521602,40.59827,40.598270416259766,0.5108595194085028
tensor(10609),"tensor(2817., dtype=torch.float64)",tensor(9),0,1,1,0,1,0.0005639118,0.9532054,0.9561437,0.0296853,0.90445125,0,1,1,0,1,1.0,0.0,0,0.04328978,0.09554875,0.16451964,-3.862152,69.80115,69.8011474609375,0.24214417744916822
tensor(10621),"tensor(524., dtype=torch.float64)",tensor(9),1,0,0,0,0,0.06822903,0.03064995,0.96282005,0.09816971,0.72025484,0,0,1,0,0,0.0,1.0,1,0.10279477,0.27974516,0.29173177,-2.4971526,51.857216,156.15753173828125,0.43322550831792983
tensor(10627),"tensor(14290., dtype=torch.float64)",tensor(9),1,0,0,0,0,0.97470134,0.005172592,0.027230103,0.029026601,0.075803466,1,0,0,0,0,1.0,0.0,0,0.032506287,0.07580346,0.13502142,-3.6994529,203.69952,5659.2470703125,0.3170055452865065
tensor(10641),"tensor(20211., dtype=torch.float64)",tensor(9),1,0,0,0,0,0.9847356,0.015381647,0.0034186614,0.07970588,0.017527819,1,0,0,0,0,1.0,0.0,0,0.02625972,0.079705894,0.109518506,-4.094729,234.01434,5082.349609375,0.29967652495378927
tensor(10643),"tensor(5972., dtype=torch.float64)",tensor(9),0,0,1,0,0,0.87841594,0.056967486,0.23646678,0.115342446,0.09879816,1,0,0,0,0,0.0,1.0,1,0.12583178,0.23646677,0.36311164,-2.0408459,91.73103,6489.4345703125,0.6115988909426987
tensor(10653),"tensor(924., dtype=torch.float64)",tensor(9),1,0,0,0,0,0.93385756,0.025821276,0.057102203,0.029136237,0.26213136,1,0,0,0,0,1.0,0.0,0,0.0880667,0.26213133,0.2578732,-2.7246296,133.43387,6157.6640625,0.4655730129390019
tensor(10695),"tensor(17440., dtype=torch.float64)",tensor(9),0,0,0,1,1,0.75710803,0.184006,0.033317067,0.45449194,0.33988065,1,0,0,0,0,0.0,1.0,1,0.25091755,0.45449197,0.50157005,-1.3680984,39.358353,6376.84130859375,0.7444547134935304
tensor(10711),"tensor(6815., dtype=torch.float64)",tensor(9),1,0,0,0,0,0.7141537,0.05176516,0.3457654,0.18959099,0.5300486,1,0,0,0,0,1.0,0.0,0,0.26858383,0.4699514,0.5247652,-1.2068487,62.18605,6753.138671875,0.8153881700554528
tensor(10749),"tensor(1203., dtype=torch.float64)",tensor(9),1,0,0,0,0,0.97413266,0.028805409,0.0021458422,0.07773699,0.06878465,1,0,0,0,0,1.0,0.0,0,0.04066801,0.077736974,0.15793058,-3.6735234,178.50574,5223.91943359375,0.32555452865064693
tensor(10761),"tensor(20664., dtype=torch.float64)",tensor(9),0,1,0,0,1,0.05234827,0.95177835,0.22107725,0.60702395,0.34363267,0,1,0,0,0,0.6666666666666666,0.33333333333333337,1,0.2116512,0.39297605,0.44807243,-1.6439918,27.494759,27.49475860595703,0.6550369685767097
tensor(10763),"tensor(6426., dtype=torch.float64)",tensor(9),0,0,1,0,1,0.009727639,0.4098362,0.97032446,0.15210375,0.8932353,0,0,1,0,1,1.0,0.0,0,0.14162159,0.40983617,0.32623917,-2.4634757,15.173666,15.173666000366211,0.42121072088724587
tensor(10775),"tensor(344., dtype=torch.float64)",tensor(9),0,0,0,1,0,0.42111215,0.32410434,0.007437062,0.95864743,0.04171827,1,0,0,1,0,0.6666666666666666,0.33333333333333337,1,0.1671449,0.42111218,0.3400039,-2.4449177,72.30679,72.30679321289062,0.5820240295748613
tensor(10783),"tensor(5960., dtype=torch.float64)",tensor(9),1,0,0,0,0,0.8007976,0.058617476,0.25618568,0.057072572,0.37092006,1,0,0,0,0,1.0,0.0,0,0.18839967,0.37092006,0.43394986,-1.713286,77.349304,6588.5029296875,0.7310536044362292
tensor(10867),"tensor(19906., dtype=torch.float64)",tensor(9),0,1,0,0,0,0.0019832037,0.94730145,0.8556979,0.3359576,0.30645624,0,1,1,0,0,0.6666666666666666,0.33333333333333337,1,0.16827953,0.3359576,0.37759176,-2.4776387,35.974792,35.97479248046875,0.5339648798521257
tensor(10873),"tensor(21528., dtype=torch.float64)",tensor(9),0,1,0,0,0,0.017565934,0.47018942,0.94871634,0.20088775,0.72252303,0,0,1,0,0,0.0,1.0,1,0.20348072,0.47018945,0.41484803,-1.879792,23.252968,162.95216369628906,0.6069778188539741
tensor(10881),"tensor(13043., dtype=torch.float64)",tensor(9),0,1,0,0,0,0.0009349621,0.8669705,0.93952614,0.7898849,0.8358972,0,1,1,1,1,0.4,0.6,1,0.113731205,0.21011508,0.31767014,-2.9087825,32.979546,32.97954559326172,0.3803142329020333
tensor(10919),"tensor(20855., dtype=torch.float64)",tensor(9),0,1,0,0,0,0.3604092,0.43792903,0.5551412,0.15584235,0.36227944,1,0,0,0,0,0.0,1.0,1,0.35226375,0.4448588,0.62271154,-0.6599209,46.550583,7121.50439453125,0.8248613678373382
tensor(10987),"tensor(2017., dtype=torch.float64)",tensor(9),1,0,0,1,0,0.8546141,0.2884549,0.009334401,0.33641693,0.022464344,1,0,0,0,0,0.6666666666666666,0.33333333333333337,1,0.16041124,0.33641696,0.36288297,-2.3582475,108.597015,5836.3115234375,0.6323937153419594
tensor(10995),"tensor(9936., dtype=torch.float64)",tensor(9),0,1,0,1,0,0.0005825054,0.98803174,0.41989607,0.9687265,0.26462597,0,1,0,1,0,1.0,0.0,0,0.14566928,0.41989607,0.29340455,-3.3279037,57.62985,57.62984848022461,0.43183918669131244
tensor(11023),"tensor(9936., dtype=torch.float64)",tensor(9),0,1,1,1,0,0.0022975195,0.9711195,0.53416395,0.92585814,0.20739895,0,1,0,1,0,0.8,0.19999999999999996,1,0.155711,0.46583605,0.3225215,-2.7182388,46.59042,46.59041976928711,0.48798521256931604
tensor(11045),"tensor(9439., dtype=torch.float64)",tensor(9),0,0,0,1,0,0.018132504,0.75637364,0.13310798,0.9835023,0.54062754,0,1,0,1,0,0.6666666666666666,0.33333333333333337,1,0.17414731,0.45937246,0.36241487,-2.2498345,12.661137,12.661136627197266,0.502079482439926
tensor(11049),"tensor(3685., dtype=torch.float64)",tensor(9),1,0,0,0,0,0.9261141,0.04655153,0.027236484,0.2421502,0.046264213,1,0,0,0,0,1.0,0.0,0,0.08721763,0.24215019,0.26354426,-2.6581059,94.51586,5873.51171875,0.44362292051756014
tensor(11061),"tensor(15571., dtype=torch.float64)",tensor(9),0,1,0,0,1,0.11980987,0.6894579,0.52947426,0.07222143,0.8148997,0,1,0,0,1,1.0,0.0,0,0.23163992,0.47052574,0.48317513,-1.389015,32.36407,32.364070892333984,0.708641404805915
tensor(11069),"tensor(9534., dtype=torch.float64)",tensor(9),1,0,0,0,0,0.7864782,0.092294425,0.21007134,0.15979896,0.47322217,1,0,0,0,0,1.0,0.0,0,0.22978175,0.47322214,0.49429995,-1.3362392,61.666668,6718.10302734375,0.784195933456562
tensor(11079),"tensor(11908., dtype=torch.float64)",tensor(9),1,0,0,0,0,0.97166336,0.05515601,0.015760561,0.036205564,0.015331039,1,0,0,0,0,1.0,0.0,0,0.030157924,0.055155993,0.13166782,-3.5908318,190.57895,5651.0859375,0.31769870609981515
tensor(11133),"tensor(12331., dtype=torch.float64)",tensor(9),0,0,1,0,0,0.000743044,0.5801084,0.9862147,0.44994012,0.9551699,0,0,1,0,1,0.6666666666666666,0.33333333333333337,1,0.18583792,0.4499401,0.326046,-3.0114841,26.534504,26.534503936767578,0.4341497227356747
tensor(11179),"tensor(15488., dtype=torch.float64)",tensor(9),0,1,0,0,0,0.7042234,0.15670589,0.29937106,0.15061687,0.5637411,1,0,0,0,0,0.0,1.0,1,0.26774585,0.4362589,0.55210346,-1.0773723,55.189606,6878.92431640625,0.8137707948243993
tensor(11201),"tensor(20037., dtype=torch.float64)",tensor(9),0,0,1,0,0,0.0014866246,0.7343997,0.9470082,0.34543815,0.024040096,0,1,1,0,0,0.6666666666666666,0.33333333333333337,1,0.13791144,0.34543812,0.31103572,-2.9505684,126.98604,126.98603820800781,0.5295748613678373
tensor(11225),"tensor(20691., dtype=torch.float64)",tensor(9),1,0,0,0,0,0.9257914,0.069142275,0.051249053,0.0070314207,0.17501502,1,0,0,0,0,1.0,0.0,0,0.075329304,0.17501503,0.24471934,-2.9085927,142.78275,6162.66796875,0.4313770794824399
tensor(11235),"tensor(10078., dtype=torch.float64)",tensor(9),0,1,0,1,1,0.16963476,0.32541907,0.53687614,0.41494164,0.8640936,0,0,0,0,1,0.5,0.5,1,0.30180514,0.46312386,0.57053757,-0.9316514,20.599672,20.599672317504883,0.7402957486136784
tensor(11245),"tensor(20464., dtype=torch.float64)",tensor(9),1,0,0,0,0,0.97002935,0.012356695,0.046030644,0.013074002,0.027973175,1,0,0,0,0,1.0,0.0,0,0.025880992,0.04603064,0.117036775,-3.7523322,224.97804,5783.0556640625,0.31053604436229204
tensor(11293),"tensor(21175., dtype=torch.float64)",tensor(9),0,1,1,0,0,0.0008920077,0.85364914,0.94845647,0.41288894,0.07233174,0,1,1,0,0,1.0,0.0,0,0.13680142,0.41288894,0.3128078,-2.9201024,92.07917,92.07917022705078,0.5039279112754158
tensor(11303),"tensor(14859., dtype=torch.float64)",tensor(9),0,1,0,1,1,0.003519988,0.95510155,0.018813478,0.9892559,0.5281744,0,1,0,1,0,0.8,0.19999999999999996,1,0.10996038,0.4718256,0.21018939,-3.4585576,46.451103,46.45110321044922,0.30707024029574864
tensor(11331),"tensor(12114., dtype=torch.float64)",tensor(9),1,0,0,0,0,0.9092147,0.09025409,0.024441585,0.097781315,0.221401,1,0,0,0,0,1.0,0.0,0,0.104932606,0.22140098,0.31423736,-2.3561976,83.451675,6118.767578125,0.5103974121996304
tensor(11333),"tensor(11908., dtype=torch.float64)",tensor(9),1,0,0,0,0,0.95994884,0.11259196,0.013990589,0.029730437,0.03687175,1,0,0,0,0,1.0,0.0,0,0.04664725,0.11259198,0.17706117,-3.2489364,151.97476,5822.115234375,0.3576709796672828
tensor(11369),"tensor(15677., dtype=torch.float64)",tensor(9),1,0,0,0,0,0.979014,0.0024351175,0.0038854822,0.21471128,0.04009324,1,0,0,0,0,1.0,0.0,0,0.056422234,0.21471131,0.16655102,-3.9754033,213.39505,5134.009765625,0.3408040665434381
tensor(11397),"tensor(14859., dtype=torch.float64)",tensor(9),0,1,0,1,1,0.019508561,0.8966786,0.087399155,0.963774,0.28626883,0,1,0,1,0,0.8,0.19999999999999996,1,0.10654479,0.28626883,0.29589096,-2.5237043,21.653797,21.653797149658203,0.35998151571164505
tensor(11405),"tensor(9162., dtype=torch.float64)",tensor(9),0,0,1,0,0,0.18342133,0.20519629,0.8612695,0.10862382,0.46243623,0,0,1,0,0,1.0,0.0,0,0.21968162,0.4624362,0.48413342,-1.3857509,44.859764,186.95977783203125,0.7361367837338262
tensor(11433),"tensor(11719., dtype=torch.float64)",tensor(9),1,0,0,1,0,0.63509566,0.10011677,0.014514251,0.9174914,0.11601733,1,0,0,1,0,1.0,0.0,0,0.13561231,0.36490434,0.34022743,-2.2815022,48.45386,48.453861236572266,0.5228743068391867
tensor(11473),"tensor(20855., dtype=torch.float64)",tensor(9),1,0,0,0,0,0.9052538,0.19938423,0.035934333,0.0823332,0.028531652,1,0,0,0,0,1.0,0.0,0,0.08818591,0.19938421,0.2763526,-2.5750964,111.14383,6096.017578125,0.4736598890942698
tensor(11505),"tensor(8637., dtype=torch.float64)",tensor(9),0,0,1,0,1,0.0036180753,0.31082872,0.987281,0.059181493,0.8096973,0,0,1,0,1,1.0,0.0,0,0.11532992,0.3108287,0.28464732,-2.996097,40.861313,40.86131286621094,0.37546210720887246
tensor(11519),"tensor(16802., dtype=torch.float64)",tensor(9),1,0,0,0,0,0.6520869,0.31876975,0.37116724,0.017398173,0.27199808,1,0,0,0,0,1.0,0.0,0,0.26544923,0.37116724,0.52092534,-1.3866432,73.7769,6828.8525390625,0.8176987060998152
tensor(11527),"tensor(20074., dtype=torch.float64)",tensor(9),0,1,0,1,0,0.04689615,0.8109181,0.023694038,0.97161937,0.20511913,0,1,0,1,0,1.0,0.0,0,0.09863436,0.20511913,0.28454667,-2.614837,26.257965,26.257965087890625,0.3440388170055453
tensor(11529),"tensor(15795., dtype=torch.float64)",tensor(9),0,0,0,1,0,0.05061139,0.101717755,0.015627656,0.9939176,0.70353043,0,0,0,1,0,1.0,0.0,0,0.09410179,0.29646957,0.250918,-3.0426633,41.9267,41.926700592041016,0.3267097966728281
tensor(11541),"tensor(8637., dtype=torch.float64)",tensor(9),0,0,1,0,0,0.008641367,0.20083646,0.97870696,0.018537167,0.2512595,0,0,1,0,0,1.0,0.0,0,0.10011351,0.2512595,0.262051,-3.002523,110.48009,196.379638671875,0.43692236598890943
tensor(11671),"tensor(9821., dtype=torch.float64)",tensor(9),0,1,0,0,0,0.98800653,0.022968177,0.0111209955,0.007012994,0.011883201,1,0,0,0,0,0.0,1.0,1,0.012995839,0.022968173,0.068339884,-4.40462,299.78833,5455.34130859375,0.2765711645101664
tensor(11685),"tensor(10021., dtype=torch.float64)",tensor(9),0,0,1,0,0,0.47386122,0.3940627,0.6471519,0.13075909,0.1382073,1,0,0,0,0,0.0,1.0,1,0.2979477,0.47386122,0.5602051,-0.9731968,62.54131,7111.7890625,0.8394177449168208
tensor(11693),"tensor(10172., dtype=torch.float64)",tensor(9),1,0,0,0,0,0.9964012,0.0045738793,0.0022531506,0.00870321,0.0034411277,1,0,0,0,0,1.0,0.0,0,0.004514098,0.008703232,0.02838791,-5.5006733,459.1992,4785.6689453125,0.2562384473197782
tensor(11773),"tensor(19270., dtype=torch.float64)",tensor(9),0,1,0,0,0,0.15927647,0.91020525,0.0065274355,0.48714557,0.0065476527,0,1,0,0,0,1.0,0.0,0,0.1498583,0.48714554,0.30242997,-2.8156931,127.90362,127.90361785888672,0.5522181146025879
tensor(11783),"tensor(18381., dtype=torch.float64)",tensor(9),1,0,0,0,0,0.9694877,0.005846127,0.022844627,0.052418433,0.11300444,1,0,0,0,0,1.0,0.0,0,0.044925094,0.113004446,0.16792941,-3.4611497,174.71857,5662.390625,0.3456561922365989
tensor(11791),"tensor(3007., dtype=torch.float64)",tensor(9),1,0,0,0,0,0.99476105,0.0121489605,0.0034636094,0.009437971,0.0021420096,1,0,0,0,0,1.0,0.0,0,0.0064862967,0.012148976,0.038036786,-5.2208085,432.6836,4969.03857421875,0.2592421441774492
tensor(11797),"tensor(13293., dtype=torch.float64)",tensor(9),1,0,0,0,0,0.94982356,0.054060157,0.020453585,0.01617478,0.19495489,1,0,0,0,0,1.0,0.0,0,0.067163944,0.19495487,0.21704316,-3.0395737,138.14511,6016.23876953125,0.3948706099815157
tensor(11823),"tensor(11996., dtype=torch.float64)",tensor(9),0,1,1,1,0,0.01871297,0.54577327,0.6718397,0.92358065,0.8640074,0,0,0,1,1,0.4,0.6,1,0.2027024,0.45422673,0.41647273,-1.8401552,30.858612,30.858612060546875,0.6321626617375231
tensor(11825),"tensor(7918., dtype=torch.float64)",tensor(9),1,0,0,0,0,0.9977709,0.0045598396,0.0011664829,0.007838904,0.0010853332,1,0,0,0,0,1.0,0.0,0,0.003376007,0.007838905,0.021664022,-5.9815927,583.65015,4542.6123046875,0.2539279112754159
tensor(11839),"tensor(15034., dtype=torch.float64)",tensor(9),0,1,0,0,0,0.8936558,0.4853238,0.0018863749,0.024761453,0.016731666,1,0,0,0,0,0.0,1.0,1,0.12700951,0.4853238,0.24926004,-3.2411087,188.6011,5642.283203125,0.48821626617375236
tensor(11865),"tensor(20063., dtype=torch.float64)",tensor(9),0,0,0,0,0,0.052865054,0.041848566,0.03720569,0.44344068,0.068626516,0,0,0,0,0,1.0,0.0,0,0.12879735,0.44344068,0.29528165,-2.4210434,70.259224,70.25922393798828,0.5067005545286507
tensor(11871),"tensor(18724., dtype=torch.float64)",tensor(9),0,1,0,0,0,0.8989406,0.09214086,0.032924928,0.034633167,0.35478604,1,0,0,0,0,0.0,1.0,1,0.123108864,0.35478604,0.31609792,-2.3558176,99.920944,6244.53515625,0.5471349353049908
tensor(11873),"tensor(15280., dtype=torch.float64)",tensor(9),0,0,0,0,1,0.9317966,0.003955537,0.013761516,0.110166065,0.4177151,1,0,0,0,0,0.0,1.0,1,0.122760296,0.41771507,0.27477032,-2.9673047,155.58441,5743.203125,0.5071626617375231
tensor(11879),"tensor(15704., dtype=torch.float64)",tensor(9),0,0,0,0,0,0.0034606352,0.0022779312,0.008792614,0.08156215,0.0029163477,0,0,0,0,0,1.0,0.0,0,0.019801915,0.08156216,0.07841598,-4.9451733,285.65262,285.6526184082031,0.27726432532347506
tensor(11883),"tensor(15317., dtype=torch.float64)",tensor(9),0,1,1,0,0,0.0026489862,0.89126176,0.750374,0.95910996,0.46063605,0,1,1,1,0,0.8,0.19999999999999996,1,0.17250788,0.46063602,0.35699278,-2.4896262,32.152473,32.15247344970703,0.511090573012939
tensor(11889),"tensor(19458., dtype=torch.float64)",tensor(9),0,0,0,1,0,0.002522571,0.5468065,0.87006736,0.96226925,0.9268231,0,0,1,1,1,0.5,0.5,1,0.13931131,0.4531935,0.3030145,-2.7693965,36.68461,36.684608459472656,0.4249075785582256
tensor(11891),"tensor(16321., dtype=torch.float64)",tensor(9),1,0,0,0,0,0.95088786,0.08297705,0.018994499,0.06677212,0.08196911,1,0,0,0,0,1.0,0.0,0,0.059965014,0.08297706,0.22094676,-2.8727078,120.54516,5903.55126953125,0.3957948243992606
tensor(11911),"tensor(12403., dtype=torch.float64)",tensor(9),0,0,0,0,0,0.0077607348,0.62569594,0.8730592,0.89662045,0.8511031,0,1,1,1,1,0.0,1.0,1,0.15225637,0.37430406,0.36808208,-2.2392943,29.744947,29.74494743347168,0.515018484288355
tensor(11915),"tensor(12403., dtype=torch.float64)",tensor(9),0,0,0,0,0,0.0067643863,0.71340203,0.8651289,0.8712209,0.8506959,0,1,1,1,1,0.0,1.0,1,0.14126337,0.28659797,0.36814326,-2.2823374,29.127941,29.127941131591797,0.4946857670979667
tensor(11921),"tensor(14359., dtype=torch.float64)",tensor(9),1,0,0,0,0,0.9843902,0.00547948,0.0043665925,0.074115485,0.058871564,1,0,0,0,0,1.0,0.0,0,0.03168857,0.074115515,0.12610169,-4.0143228,212.93211,5165.3115234375,0.30429759704251386
tensor(11941),"tensor(11811., dtype=torch.float64)",tensor(9),1,0,0,0,0,0.8871056,0.038130503,0.0227181,0.052920416,0.55444336,1,0,0,0,0,1.0,0.0,0,0.13444406,0.44555664,0.3034302,-2.4308448,113.165344,6086.083984375,0.55637707948244
tensor(11947),"tensor(10077., dtype=torch.float64)",tensor(9),0,0,1,0,1,0.0034913947,0.44695285,0.98210275,0.016857356,0.4338238,0,0,1,0,0,0.6666666666666666,0.33333333333333337,1,0.18380451,0.44695282,0.3140781,-2.8408465,92.4159,177.2766571044922,0.5630776340110906
tensor(11949),"tensor(15545., dtype=torch.float64)",tensor(9),0,0,1,0,0,0.6960579,0.13542575,0.46276936,0.020260602,0.05622816,1,0,0,0,0,0.0,1.0,1,0.19572526,0.4627694,0.40332484,-1.9061368,110.566055,6658.11083984375,0.738909426987061
tensor(11951),"tensor(16130., dtype=torch.float64)",tensor(9),1,0,0,0,0,0.9176512,0.022842338,0.0095516555,0.114136904,0.47800493,1,0,0,0,0,1.0,0.0,0,0.14137685,0.47800493,0.2989122,-2.589106,118.85962,5849.3486328125,0.5533733826247689
tensor(11959),"tensor(359., dtype=torch.float64)",tensor(9),1,0,0,0,0,0.005841002,0.9515532,0.57831943,0.67495555,0.8092867,0,1,0,0,1,0.0,1.0,1,0.19834518,0.42168057,0.4056955,-2.121314,28.69405,28.694049835205078,0.5914972273567468
tensor(11963),"tensor(3204., dtype=torch.float64)",tensor(9),0,1,0,1,0,0.007471,0.49332663,0.006455451,0.99722606,0.7725896,0,0,0,1,1,0.5,0.5,1,0.14748752,0.49332666,0.26626056,-3.4119968,61.29432,61.29431915283203,0.41520332717190384
tensor(11969),"tensor(5051., dtype=torch.float64)",tensor(9),0,1,0,0,0,0.13179491,0.55670744,0.8022658,0.13736652,0.61203784,0,0,1,0,0,0.0,1.0,1,0.25963008,0.44329256,0.5283427,-1.1613462,36.845425,188.47116088867188,0.7585489833641405
tensor(11989),"tensor(18210., dtype=torch.float64)",tensor(9),1,0,0,0,0,0.88791096,0.12230884,0.040327176,0.23931472,0.14391363,1,0,0,0,0,1.0,0.0,0,0.13159066,0.23931473,0.3707274,-2.029898,64.7515,6177.28564453125,0.5951940850277264
tensor(11997),"tensor(6971., dtype=torch.float64)",tensor(9),0,0,1,0,0,0.0065305256,0.25792554,0.94142044,0.9704996,0.31398702,0,0,1,1,0,0.6666666666666666,0.33333333333333337,1,0.1333046,0.31398702,0.3177076,-2.6266897,57.426437,57.42643737792969,0.48960258780036975
tensor(12011),"tensor(2215., dtype=torch.float64)",tensor(9),0,0,0,1,0,0.16441755,0.17509344,0.07072139,0.97741514,0.4543678,0,0,0,1,0,1.0,0.0,0,0.177437,0.45436776,0.39264145,-1.9404007,13.032955,13.032955169677734,0.5540665434380777
tensor(12035),"tensor(5976., dtype=torch.float64)",tensor(9),0,1,1,0,0,0.0010552268,0.80158293,0.968926,0.13972133,0.42900598,0,1,1,0,0,1.0,0.0,0,0.15985471,0.42900598,0.34648663,-2.7584987,61.569565,61.56956481933594,0.5385859519408502
tensor(12073),"tensor(4161., dtype=torch.float64)",tensor(9),1,0,0,0,0,0.9800657,0.0060039344,0.008316573,0.036448594,0.09579467,1,0,0,0,0,1.0,0.0,0,0.033299625,0.09579468,0.13096547,-3.8610444,199.59479,5433.3203125,0.30891866913123844
tensor(12085),"tensor(658., dtype=torch.float64)",tensor(9),0,0,0,0,0,0.056056704,0.06554007,0.101884894,0.9282752,0.52537584,0,0,0,1,0,0.0,1.0,1,0.15396613,0.47462416,0.3474129,-2.0639095,27.470036,27.470035552978516,0.5097042513863216
tensor(12115),"tensor(17825., dtype=torch.float64)",tensor(9),1,0,0,0,0,0.9739257,0.041340183,0.0020178093,0.09920912,0.022601318,1,0,0,0,0,1.0,0.0,0,0.03824854,0.09920913,0.14777522,-3.7881482,195.54077,5200.14453125,0.32208872458410354
tensor(12123),"tensor(14146., dtype=torch.float64)",tensor(9),1,0,0,0,0,0.9943111,0.0025765882,0.0050261766,0.03406633,0.0039633433,1,0,0,0,0,1.0,0.0,0,0.010264277,0.03406632,0.051822126,-5.0563583,404.0794,4867.9521484375,0.2673290203327172
tensor(12131),"tensor(9054., dtype=torch.float64)",tensor(9),0,0,1,0,1,0.08023568,0.13123895,0.93855906,0.03105689,0.83877945,0,0,1,0,1,1.0,0.0,0,0.09303856,0.16122055,0.29581583,-2.4290051,36.236134,36.23613357543945,0.39487060998151574
tensor(12145),"tensor(9895., dtype=torch.float64)",tensor(9),0,1,0,0,0,0.46494368,0.4803389,0.41294053,0.70578176,0.12428248,1,0,0,1,0,0.0,1.0,1,0.35534477,0.48033893,0.6084458,-0.67968684,35.864616,35.86461639404297,0.7952865064695009
tensor(12151),"tensor(5289., dtype=torch.float64)",tensor(9),0,1,1,1,0,0.00079962285,0.8160545,0.95471,0.8305873,0.7995794,0,1,1,1,1,0.8571428571428571,0.1428571428571429,1,0.11997366,0.20042062,0.32483405,-2.9284396,36.642952,36.64295196533203,0.40226432532347506
tensor(12167),"tensor(6286., dtype=torch.float64)",tensor(9),0,1,0,1,0,0.012471305,0.6860273,0.6138574,0.97418207,0.28109628,0,1,0,1,0,1.0,0.0,0,0.20390016,0.3861426,0.41403618,-2.0373,20.799894,20.799894332885742,0.5914972273567468
tensor(12171),"tensor(9970., dtype=torch.float64)",tensor(9),1,0,0,0,0,0.9622567,0.03827552,0.024869263,0.1859607,0.0022447917,1,0,0,0,0,1.0,0.0,0,0.05781871,0.18596071,0.18716054,-3.5409398,258.54077,5497.93115234375,0.386090573012939
tensor(12173),"tensor(13066., dtype=torch.float64)",tensor(9),0,1,0,0,0,0.0004970886,0.9976291,0.41025496,0.24688798,0.017151773,0,1,0,0,0,1.0,0.0,0,0.13543254,0.41025496,0.26871112,-3.834983,106.768845,106.76884460449219,0.42352125693160814
tensor(12191),"tensor(17566., dtype=torch.float64)",tensor(9),0,1,0,0,0,0.78141063,0.056064263,0.47606617,0.034996826,0.19797654,1,0,0,0,0,0.0,1.0,1,0.1967386,0.47606617,0.41648084,-1.7818276,103.45222,6712.9072265625,0.7495378927911276
tensor(12209),"tensor(10632., dtype=torch.float64)",tensor(9),0,1,0,0,0,0.02133949,0.44441634,0.943655,0.19218332,0.8292576,0,0,1,0,1,0.0,1.0,1,0.17700529,0.44441634,0.39067745,-1.976682,14.647607,14.64760684967041,0.5522181146025877
tensor(12253),"tensor(9743., dtype=torch.float64)",tensor(9),1,0,0,0,0,0.65532595,0.022217585,0.008044237,0.8947293,0.5327379,1,0,0,1,0,0.6666666666666666,0.33333333333333337,1,0.18949378,0.4672621,0.36499143,-2.302557,78.52579,78.52578735351562,0.6418669131238447
tensor(12261),"tensor(19080., dtype=torch.float64)",tensor(9),1,0,0,0,0,0.96763414,0.00868322,0.0032995054,0.19601738,0.11487193,1,0,0,0,0,1.0,0.0,0,0.071047604,0.19601738,0.21325836,-3.4598718,154.13611,5310.81298828125,0.3775415896487985
tensor(12263),"tensor(8090., dtype=torch.float64)",tensor(9),1,0,0,0,0,0.9651559,0.02785813,0.0038128616,0.23869626,0.016069027,1,0,0,0,0,1.0,0.0,0,0.06425607,0.23869628,0.18706891,-3.542768,175.22281,5254.00390625,0.3652957486136784
tensor(12269),"tensor(1234., dtype=torch.float64)",tensor(9),0,0,1,0,1,0.042817388,0.011063908,0.9784597,0.020878542,0.9194662,0,0,1,0,1,1.0,0.0,0,0.035366833,0.0805338,0.14462331,-3.5398185,93.02904,93.02903747558594,0.27310536044362294
tensor(12271),"tensor(17468., dtype=torch.float64)",tensor(9),1,0,0,0,0,0.91404265,0.02070457,0.14442791,0.010161689,0.19178146,1,0,0,0,0,1.0,0.0,0,0.09060657,0.19178146,0.27046233,-2.8033774,156.7232,6264.1669921875,0.4856746765249538
tensor(12305),"tensor(19763., dtype=torch.float64)",tensor(9),0,0,1,0,0,0.014408492,0.6010343,0.9439107,0.069941066,0.8704631,0,1,1,0,1,0.5,0.5,1,0.13378829,0.39896572,0.32060918,-2.3901882,22.069252,22.069252014160156,0.4230591497227357
tensor(12311),"tensor(2026., dtype=torch.float64)",tensor(9),0,0,0,0,1,0.875762,0.030034859,0.018554816,0.052013684,0.62096244,1,0,0,0,0,0.0,1.0,1,0.12077582,0.37903756,0.29410028,-2.5585122,119.647,6037.275390625,0.5277264325323475
tensor(12321),"tensor(3292., dtype=torch.float64)",tensor(9),1,0,0,0,0,0.9871787,0.014070788,0.024815919,0.018004041,0.0033562735,1,0,0,0,0,1.0,0.0,0,0.014613748,0.024815917,0.074285984,-4.391384,343.80725,5432.80517578125,0.2878927911275416
tensor(12357),"tensor(5461., dtype=torch.float64)",tensor(9),1,0,0,0,0,0.9938153,0.01201246,0.0015272807,0.015158023,0.0098530715,1,0,0,0,0,1.0,0.0,0,0.008947074,0.015157998,0.04959467,-4.951192,346.19714,4874.13720703125,0.26132162661737524
tensor(12361),"tensor(2262., dtype=torch.float64)",tensor(9),1,0,0,0,0,0.8964204,0.1777436,0.01219341,0.29904804,0.020610457,1,0,0,0,0,1.0,0.0,0,0.12263501,0.29904807,0.31542936,-2.559467,112.68429,5793.0322265625,0.5376617375231054
tensor(12363),"tensor(2264., dtype=torch.float64)",tensor(9),0,0,0,0,1,0.850597,0.053933945,0.01326159,0.08531783,0.64529836,1,0,0,0,0,0.0,1.0,1,0.13132364,0.35470164,0.32879815,-2.376801,114.56575,6041.93994140625,0.5778650646950092
tensor(12441),"tensor(3680., dtype=torch.float64)",tensor(9),0,0,1,0,0,0.61598283,0.062379237,0.637964,0.088511825,0.4517446,1,0,0,0,0,0.0,1.0,1,0.26973772,0.45174456,0.5083211,-1.2549499,62.889435,6947.1259765625,0.8126155268022182
tensor(12453),"tensor(4790., dtype=torch.float64)",tensor(9),1,0,0,0,0,0.9352519,0.3251259,0.0019590885,0.012706122,0.0074352208,1,0,0,0,0,1.0,0.0,0,0.0823949,0.32512593,0.19932598,-3.7761776,240.13953,5511.904296875,0.3925600739371534
tensor(12455),"tensor(414., dtype=torch.float64)",tensor(9),1,0,0,0,0,0.94826496,0.023633676,0.026185606,0.024669783,0.23426345,1,0,0,0,0,1.0,0.0,0,0.07209748,0.23426342,0.21934967,-3.021453,140.44385,5957.5556640625,0.40249537892791126
tensor(12459),"tensor(13741., dtype=torch.float64)",tensor(9),0,0,0,1,0,0.48326072,0.12936045,0.07808959,0.94333667,0.11099291,1,0,0,1,0,0.6666666666666666,0.33333333333333337,1,0.17167342,0.48326075,0.38362128,-1.8670269,33.278736,33.27873611450195,0.5882624768946395
tensor(12465),"tensor(21107., dtype=torch.float64)",tensor(9),1,0,0,0,0,0.87056005,0.012219021,0.028401768,0.025998283,0.7259901,1,0,0,0,0,1.0,0.0,0,0.09401381,0.27400988,0.25763577,-2.8857265,143.58788,6010.705078125,0.46418669131238444
tensor(12469),"tensor(19728., dtype=torch.float64)",tensor(9),1,0,0,0,0,0.73253983,0.39858007,0.23794618,0.15085694,0.1559377,1,0,0,0,0,1.0,0.0,0,0.24215621,0.39858007,0.5317827,-1.1999141,58.267387,6827.796875,0.8012939001848428
tensor(12493),"tensor(20738., dtype=torch.float64)",tensor(9),0,1,0,0,1,0.055100653,0.950574,0.11779143,0.6566906,0.35999218,0,1,0,0,0,0.6666666666666666,0.33333333333333337,1,0.18512392,0.35999215,0.41384226,-1.8071995,28.700401,28.700401306152344,0.6095194085027726
tensor(12499),"tensor(6396., dtype=torch.float64)",tensor(9),1,0,0,0,0,0.98529077,0.004219539,0.0031094027,0.015698573,0.1791148,1,0,0,0,0,1.0,0.0,0,0.043370366,0.17911482,0.13516805,-4.219838,262.31766,5216.00390625,0.3269408502772643
tensor(12525),"tensor(359., dtype=torch.float64)",tensor(9),0,0,0,0,0,0.06290237,0.5477916,0.58599734,0.9348856,0.16094536,0,0,0,1,0,0.0,1.0,1,0.23103464,0.4522084,0.4567565,-1.5111774,24.956554,24.956554412841797,0.6719038817005545
tensor(12579),"tensor(4269., dtype=torch.float64)",tensor(9),1,0,0,0,0,0.6656868,0.31468958,0.029787943,0.52182066,0.41175002,1,0,0,0,0,1.0,0.0,0,0.313744,0.47817934,0.55273616,-1.0789021,37.48337,6450.01318359375,0.7804990757855823
tensor(12583),"tensor(5961., dtype=torch.float64)",tensor(9),0,0,1,0,0,0.0007197658,0.61635876,0.9816688,0.68084747,0.92291766,0,1,1,0,1,0.5,0.5,1,0.15978545,0.38364124,0.33220643,-2.9861932,25.74724,25.74724006652832,0.41150646950092423
tensor(12615),"tensor(3872., dtype=torch.float64)",tensor(9),0,1,0,0,0,0.0004492996,0.17285363,0.99806887,0.034928545,0.9784766,0,0,1,0,1,0.0,1.0,1,0.046337247,0.17285365,0.14673607,-4.5312696,96.99501,96.99501037597656,0.2483826247689464
tensor(12645),"tensor(1961., dtype=torch.float64)",tensor(9),1,0,0,0,0,0.7199693,0.021592455,0.6196272,0.04401281,0.11389303,1,0,0,0,0,1.0,0.0,0,0.16798037,0.38037282,0.3792948,-2.07514,134.9607,6638.76123046875,0.699630314232902
tensor(12693),"tensor(5739., dtype=torch.float64)",tensor(9),0,0,1,0,0,0.018595362,0.20217313,0.97337,0.28060555,0.76760286,0,0,1,0,1,0.6666666666666666,0.33333333333333337,1,0.15208024,0.28060555,0.37088546,-2.2147698,24.513031,24.513031005859375,0.5018484288354899
tensor(12741),"tensor(15976., dtype=torch.float64)",tensor(9),0,1,1,0,0,0.1944734,0.7655681,0.58155143,0.089132875,0.12932724,0,1,0,0,0,0.6666666666666666,0.33333333333333337,1,0.21316278,0.41844857,0.48052806,-1.4329975,46.80832,46.808319091796875,0.7345194085027726
tensor(12753),"tensor(6261., dtype=torch.float64)",tensor(9),0,0,1,0,1,0.0039941464,0.27385736,0.9876704,0.11037386,0.8890089,0,0,1,0,1,1.0,0.0,0,0.10230923,0.27385736,0.27508664,-3.0089993,28.0228,28.02280044555664,0.31215341959334564
tensor(12789),"tensor(11149., dtype=torch.float64)",tensor(9),1,0,0,0,0,0.9219296,0.18806936,0.012947611,0.09869325,0.045612186,1,0,0,0,0,1.0,0.0,0,0.08467853,0.18806934,0.2668353,-2.7035997,114.90155,5912.2685546875,0.4588724584103512
tensor(12805),"tensor(21686., dtype=torch.float64)",tensor(9),1,0,0,0,0,0.9753416,0.05213924,0.019004762,0.03547011,0.008385539,1,0,0,0,0,1.0,0.0,0,0.027931571,0.052139223,0.12325473,-3.7195225,223.02457,5605.140625,0.31353974121996303
tensor(12863),"tensor(10495., dtype=torch.float64)",tensor(9),0,0,1,0,0,0.940195,0.014104075,0.032724604,0.020324139,0.33544454,1,0,0,0,0,0.0,1.0,1,0.09248048,0.33544457,0.2363782,-2.989503,152.99158,5983.32666015625,0.44269870609981515
tensor(12869),"tensor(13894., dtype=torch.float64)",tensor(9),0,0,0,0,0,0.016175592,0.14177217,0.17723708,0.47809163,0.019502044,0,0,0,0,0,1.0,0.0,0,0.1665557,0.4780916,0.34927666,-2.2898006,81.95768,81.95767974853516,0.6173752310536045
tensor(12871),"tensor(14167., dtype=torch.float64)",tensor(9),0,1,1,0,1,0.0069721523,0.64622164,0.9077818,0.7714698,0.8508681,0,1,1,1,1,0.8571428571428571,0.1428571428571429,1,0.16612613,0.35377836,0.39153188,-2.1612415,21.064888,21.06488800048828,0.5321164510166358
tensor(12873),"tensor(8770., dtype=torch.float64)",tensor(9),0,1,0,0,0,0.14465877,0.90888786,0.014848818,0.696839,0.2956213,0,1,0,0,0,1.0,0.0,0,0.16988051,0.30316103,0.40326223,-1.9945313,46.650078,46.65007781982422,0.6270794824399262
tensor(12903),"tensor(1242., dtype=torch.float64)",tensor(9),0,0,1,0,0,0.0015982677,0.35764173,0.988336,0.2775296,0.71111655,0,0,1,0,0,1.0,0.0,0,0.1874634,0.3576417,0.3838412,-2.6639876,45.10746,164.39089965820312,0.5633086876155269
tensor(12913),"tensor(17771., dtype=torch.float64)",tensor(9),1,0,0,0,0,0.9883582,0.0076398524,0.023267247,0.023088232,0.007925305,1,0,0,0,0,1.0,0.0,0,0.0147125125,0.02326727,0.074964486,-4.324025,319.72107,5428.62158203125,0.2888170055452865
tensor(12947),"tensor(4622., dtype=torch.float64)",tensor(9),1,0,0,0,0,0.9682528,0.00741226,0.0036481877,0.3599357,0.028823877,1,0,0,0,0,1.0,0.0,0,0.08631343,0.3599357,0.19852696,-3.603537,190.93187,5070.12890625,0.39024953789279115
tensor(12965),"tensor(15797., dtype=torch.float64)",tensor(9),1,0,0,0,0,0.98393214,0.027311884,0.007489816,0.019328458,0.016989833,1,0,0,0,0,1.0,0.0,0,0.017437577,0.027311862,0.086639285,-4.1117673,234.22943,5443.279296875,0.28373382624768945
tensor(12973),"tensor(15118., dtype=torch.float64)",tensor(9),0,1,0,0,0,0.80659676,0.4643151,0.00458981,0.15368824,0.078435585,1,0,0,0,0,0.0,1.0,1,0.17888641,0.46431506,0.38299888,-2.2240205,98.17513,5953.42724609375,0.6714417744916821
tensor(13013),"tensor(12125., dtype=torch.float64)",tensor(9),0,1,1,0,0,0.00075599866,0.8233937,0.9486373,0.8544257,0.9357516,0,1,1,1,1,0.6666666666666666,0.33333333333333337,1,0.087709546,0.1766063,0.26567224,-3.2181354,32.04819,32.04819107055664,0.2929759704251386
tensor(13029),"tensor(2363., dtype=torch.float64)",tensor(9),1,0,0,0,0,0.4649719,0.032403894,0.09541536,0.24508986,0.8679701,1,0,0,0,1,0.6666666666666666,0.33333333333333337,1,0.19398224,0.4649719,0.41913748,-1.7588434,69.50358,69.50357818603516,0.7178835489833642
tensor(13041),"tensor(702., dtype=torch.float64)",tensor(9),0,0,1,1,0,0.0033759482,0.84091717,0.9305194,0.23240873,0.7346652,0,1,1,0,1,0.4,0.6,1,0.14593661,0.26533478,0.36675122,-2.4321287,28.828753,28.828752517700195,0.48243992606284664
tensor(13051),"tensor(18138., dtype=torch.float64)",tensor(9),1,0,0,0,0,0.96795225,0.025870439,0.0133131165,0.06782273,0.074135296,1,0,0,0,0,1.0,0.0,0,0.042637825,0.0741353,0.16895413,-3.297493,142.59235,5666.52099609375,0.34034195933456557
tensor(13069),"tensor(12204., dtype=torch.float64)",tensor(9),0,1,0,1,0,0.0070327288,0.8527688,0.4387962,0.9795523,0.48293066,0,1,0,1,0,1.0,0.0,0,0.2192877,0.48293066,0.38754475,-2.1780376,19.698662,19.69866180419922,0.5709334565619224
tensor(13073),"tensor(7003., dtype=torch.float64)",tensor(9),1,0,0,0,0,0.90093863,0.012442282,0.013147273,0.04521133,0.6443563,1,0,0,0,0,1.0,0.0,0,0.10510123,0.3556437,0.25900108,-2.9089208,148.47322,5867.294921875,0.47851201478743066
tensor(13099),"tensor(10047., dtype=torch.float64)",tensor(9),0,1,0,0,0,0.72755307,0.21493243,0.030796979,0.6078888,0.2233002,1,0,0,0,0,0.0,1.0,1,0.22671753,0.39211118,0.4888669,-1.4823459,35.036148,6290.3720703125,0.7123382624768947
tensor(13119),"tensor(2094., dtype=torch.float64)",tensor(9),1,0,0,0,0,0.9486817,0.051231656,0.020296669,0.13296868,0.067039564,1,0,0,0,0,1.0,0.0,0,0.06457102,0.13296866,0.22832009,-2.8441334,108.97624,5824.2841796875,0.39625693160813313
tensor(13137),"tensor(18138., dtype=torch.float64)",tensor(9),0,0,1,0,0,0.69462675,0.27748123,0.4296827,0.058909755,0.19144478,1,0,0,0,0,0.0,1.0,1,0.25257838,0.42968273,0.5202801,-1.2547314,66.03576,6903.6923828125,0.8112292051756007
tensor(13159),"tensor(20691., dtype=torch.float64)",tensor(9),0,1,0,0,0,0.182298,0.6400442,0.67690915,0.0082277,0.36201173,0,1,0,0,0,1.0,0.0,0,0.2471168,0.36201173,0.49193722,-1.6349291,78.43963,78.43962860107422,0.7950554528650647
tensor(13201),"tensor(11587., dtype=torch.float64)",tensor(9),0,0,1,1,0,0.0024967813,0.13608913,0.9930016,0.2971042,0.91817474,0,0,1,0,1,0.5,0.5,1,0.104902744,0.29710424,0.26971048,-3.2144752,37.719437,37.71943664550781,0.3329482439926063
tensor(13229),"tensor(18388., dtype=torch.float64)",tensor(9),1,0,0,0,0,0.103012644,0.7874848,0.6786014,0.008762679,0.041108932,0,1,0,0,0,0.0,1.0,1,0.13735962,0.32139862,0.33970588,-2.4198754,101.71188,101.71188354492188,0.5783271719038817
tensor(13281),"tensor(13547., dtype=torch.float64)",tensor(9),0,0,0,1,0,0.0073444042,0.06740238,0.07679186,0.99860746,0.68427765,0,0,0,1,0,1.0,0.0,0,0.09373075,0.31572235,0.23905793,-3.47384,45.34417,45.34416961669922,0.29528650646950094
tensor(13321),"tensor(19906., dtype=torch.float64)",tensor(9),0,0,1,1,0,0.004464947,0.42462793,0.9730244,0.49069038,0.6957251,0,0,1,0,0,0.6666666666666666,0.33333333333333337,1,0.25020677,0.49069035,0.42836842,-2.0321138,31.637428,171.74984741210938,0.6527264325323476
tensor(13329),"tensor(21176., dtype=torch.float64)",tensor(9),0,1,0,0,0,0.02831729,0.97883135,0.103443414,0.04554076,0.0678478,0,1,0,0,0,1.0,0.0,0,0.053263545,0.103443384,0.19943717,-3.0383387,52.559166,52.559165954589844,0.2906654343807763
tensor(13345),"tensor(11725., dtype=torch.float64)",tensor(9),0,1,0,0,0,0.095932476,0.5270732,0.8381698,0.2989929,0.6379419,0,0,1,0,0,0.0,1.0,1,0.2783481,0.4729268,0.54300547,-1.0829743,33.648026,198.10252380371094,0.7594731977818854
tensor(13417),"tensor(20901., dtype=torch.float64)",tensor(9),0,1,0,0,0,0.000961609,0.9978098,0.313872,0.08887001,0.07977987,0,1,0,0,0,1.0,0.0,0,0.09713477,0.31387198,0.2447104,-3.7244847,73.077866,73.07786560058594,0.33641404805914976
tensor(13427),"tensor(8047., dtype=torch.float64)",tensor(9),1,0,0,0,0,0.96641225,0.015879236,0.010599564,0.07169525,0.14891477,1,0,0,0,0,1.0,0.0,0,0.056135297,0.14891475,0.19321987,-3.2653046,142.75137,5627.6513671875,0.3657578558225508
tensor(13445),"tensor(11929., dtype=torch.float64)",tensor(9),0,1,0,0,1,0.00063205895,0.9962198,0.6523366,0.06542804,0.40953624,0,1,0,0,0,0.6666666666666666,0.33333333333333337,1,0.16540796,0.40953624,0.3188946,-3.3188872,59.407955,59.407955169677734,0.4729667282809611
tensor(13487),"tensor(11859., dtype=torch.float64)",tensor(9),0,0,0,1,0,0.97029537,0.017378394,0.0065140636,0.32875767,0.0032555151,1,0,0,0,0,0.0,1.0,1,0.07712203,0.32875764,0.18316825,-3.7973008,264.217,5127.2763671875,0.3844731977818854
tensor(13503),"tensor(13889., dtype=torch.float64)",tensor(9),0,1,0,0,0,0.0018488449,0.9642932,0.511677,0.963304,0.34370792,0,1,0,1,0,0.6666666666666666,0.33333333333333337,1,0.18125647,0.48832297,0.33223408,-2.7097254,40.23853,40.238529205322266,0.5057763401109058
tensor(13505),"tensor(19172., dtype=torch.float64)",tensor(9),1,0,0,0,0,0.95589703,0.054178976,0.06210005,0.028610498,0.0108040795,1,0,0,0,0,1.0,0.0,0,0.039959252,0.062100053,0.16273244,-3.3385406,196.38206,5908.603515625,0.3558225508317929
tensor(13515),"tensor(9759., dtype=torch.float64)",tensor(9),0,1,0,1,1,0.0005891569,0.9762576,0.1447471,0.99558485,0.5006607,0,1,0,1,0,0.8,0.19999999999999996,1,0.1345666,0.49933928,0.25044376,-3.6700096,50.972057,50.9720573425293,0.3516635859519408
tensor(13563),"tensor(10023., dtype=torch.float64)",tensor(9),0,1,0,1,0,0.09147773,0.79314727,0.007494511,0.98597556,0.050718024,0,1,0,1,0,1.0,0.0,0,0.07411349,0.20685273,0.22684658,-3.1416087,80.684235,80.68423461914062,0.35281885397412205
tensor(13581),"tensor(14982., dtype=torch.float64)",tensor(9),0,1,0,0,0,0.013570439,0.876052,0.63202107,0.8825293,0.3827037,0,1,0,1,0,0.6666666666666666,0.33333333333333337,1,0.20113438,0.38270366,0.42632905,-1.85547,28.89849,28.89849090576172,0.6286968576709797
tensor(13585),"tensor(20709., dtype=torch.float64)",tensor(9),0,1,0,0,0,0.004496023,0.89546835,0.008066519,0.79844105,0.001150916,0,1,0,1,0,0.6666666666666666,0.33333333333333337,1,0.06396085,0.20155895,0.18442437,-4.1004944,190.69357,190.69357299804688,0.3442698706099815
tensor(13605),"tensor(13177., dtype=torch.float64)",tensor(9),1,0,0,0,0,0.9624764,0.008638243,0.042185623,0.0078772465,0.19614631,1,0,0,0,0,1.0,0.0,0,0.058474243,0.19614631,0.18509653,-3.4712837,214.36832,5903.3564453125,0.37707948243992606
tensor(13621),"tensor(17422., dtype=torch.float64)",tensor(9),1,0,0,0,0,0.9773448,0.020523017,0.016343523,0.07086278,0.008287506,1,0,0,0,0,1.0,0.0,0,0.027734399,0.07086277,0.11911062,-3.817112,225.00964,5458.921875,0.30891866913123844
tensor(13641),"tensor(11537., dtype=torch.float64)",tensor(9),0,0,1,1,0,0.3124766,0.06314581,0.649443,0.89129025,0.05720458,1,0,0,1,0,0.5,0.5,1,0.17841882,0.35055703,0.4134821,-1.8016886,73.494736,73.49473571777344,0.701478743068392
tensor(13725),"tensor(2836., dtype=torch.float64)",tensor(9),0,0,0,1,1,0.1227967,0.30194888,0.04262035,0.9855386,0.32169196,0,0,0,1,0,0.6666666666666666,0.33333333333333337,1,0.16070384,0.321692,0.37298164,-2.1767642,13.734965,13.734965324401855,0.5023105360443623
tensor(13771),"tensor(15680., dtype=torch.float64)",tensor(9),0,1,0,0,0,0.12452859,0.83083576,0.056261957,0.6964131,0.22389166,0,1,0,0,0,1.0,0.0,0,0.17548668,0.3035869,0.43852574,-1.687005,31.01627,34.252601623535156,0.6314695009242145
tensor(13785),"tensor(13454., dtype=torch.float64)",tensor(9),1,0,0,0,0,0.06327084,0.826117,0.6793342,0.05142753,0.41245934,0,1,0,0,0,0.0,1.0,1,0.20434129,0.41245937,0.44113454,-1.6545258,37.823517,37.823516845703125,0.6825323475046211
tensor(13787),"tensor(15036., dtype=torch.float64)",tensor(9),0,1,0,0,0,0.13867047,0.4121934,0.1390818,0.81456876,0.8047342,0,0,0,1,1,0.0,1.0,1,0.21412855,0.41219342,0.4913563,-1.3800687,28.667606,28.667606353759766,0.687615526802218
tensor(13789),"tensor(19137., dtype=torch.float64)",tensor(9),0,0,1,0,0,0.28295565,0.021832675,0.90936834,0.013008957,0.13647899,0,0,1,0,0,1.0,0.0,0,0.10898161,0.28295565,0.29454774,-2.6423874,159.53752,239.9110870361328,0.5328096118299446
tensor(13815),"tensor(1271., dtype=torch.float64)",tensor(9),0,1,0,0,0,0.67243856,0.45424786,0.14348686,0.08451592,0.48604378,1,0,0,0,0,0.0,1.0,1,0.29917127,0.4860438,0.54301125,-1.0255473,53.916054,6819.66845703125,0.8188539741219962
tensor(13829),"tensor(11216., dtype=torch.float64)",tensor(9),0,0,0,1,0,0.93639964,0.030176502,0.03487133,0.04214215,0.2492565,1,0,0,0,0,0.0,1.0,1,0.08400935,0.24925649,0.2519228,-2.7412605,121.964,6050.474609375,0.44708872458410354
tensor(13831),"tensor(1672., dtype=torch.float64)",tensor(9),0,1,0,1,0,0.0069504105,0.75348574,0.107501075,0.9944841,0.46386558,0,1,0,1,0,1.0,0.0,0,0.16606939,0.46386558,0.33318233,-2.7070353,16.191383,16.191383361816406,0.433456561922366
tensor(13839),"tensor(8114., dtype=torch.float64)",tensor(9),0,1,0,0,0,0.06498203,0.9689339,0.06827409,0.08264596,0.039859656,0,1,0,0,0,1.0,0.0,0,0.057365537,0.08264595,0.21614477,-2.8617368,55.43181,55.43180847167969,0.32532347504621073
tensor(13883),"tensor(12521., dtype=torch.float64)",tensor(9),0,0,1,0,0,0.019776467,0.11995247,0.9760049,0.1406861,0.71355546,0,0,1,0,0,1.0,0.0,0,0.11817092,0.28644454,0.31646937,-2.464821,34.110985,151.9876708984375,0.42536968576709794
tensor(13909),"tensor(3380., dtype=torch.float64)",tensor(9),1,0,0,0,0,0.96461076,0.00899466,0.02879826,0.17497614,0.034857914,1,0,0,0,0,1.0,0.0,0,0.056603253,0.17497611,0.18996085,-3.2794762,154.086,5677.95703125,0.3708410351201479
tensor(13925),"tensor(18847., dtype=torch.float64)",tensor(9),1,0,0,0,0,0.93006814,0.012687371,0.039094526,0.02968692,0.3729536,1,0,0,0,0,1.0,0.0,0,0.104870796,0.3729536,0.25613874,-2.8300977,142.31995,6034.87548828125,0.47758780036968573
tensor(13929),"tensor(11984., dtype=torch.float64)",tensor(9),1,0,0,0,0,0.938419,0.005727843,0.09959688,0.032994952,0.19578072,1,0,0,0,0,1.0,0.0,0,0.07913625,0.19578075,0.24605474,-2.9745905,169.59946,6066.01416015625,0.44385397412199634
tensor(13953),"tensor(610., dtype=torch.float64)",tensor(9),0,1,0,1,0,0.0016289778,0.9141408,0.11504893,0.99170434,0.8198139,0,1,0,1,1,0.8,0.19999999999999996,1,0.0782038,0.1801861,0.23631382,-3.4244816,41.01734,41.01734161376953,0.27171903881700554
tensor(13977),"tensor(19446., dtype=torch.float64)",tensor(9),1,0,0,0,0,0.943155,0.04669487,0.089105636,0.027368326,0.049541894,1,0,0,0,0,1.0,0.0,0,0.05391109,0.089105606,0.20599243,-2.9349103,149.7995,6075.75244140625,0.39972273567467653
tensor(13983),"tensor(2799., dtype=torch.float64)",tensor(9),0,1,1,1,1,0.029924452,0.6520415,0.071574576,0.98223716,0.5710838,0,1,0,1,0,0.6666666666666666,0.33333333333333337,1,0.17922735,0.42891622,0.3621106,-2.1936946,13.97347,13.973469734191895,0.5150184842883548
tensor(13991),"tensor(5973., dtype=torch.float64)",tensor(9),1,0,0,0,0,0.93518215,0.041993346,0.014679833,0.069661744,0.27753475,1,0,0,0,0,1.0,0.0,0,0.09373742,0.27753472,0.26683274,-2.7103229,109.869354,5920.4091796875,0.4588724584103512
tensor(14013),"tensor(13685., dtype=torch.float64)",tensor(9),1,0,0,0,0,0.9188347,0.008221634,0.003628294,0.07361949,0.6499774,1,0,0,0,0,1.0,0.0,0,0.10333145,0.3500226,0.2527276,-3.1972044,185.1227,5592.7626953125,0.46487985212569316
tensor(14019),"tensor(7628., dtype=torch.float64)",tensor(9),0,1,1,1,0,0.0017040846,0.9659398,0.8046164,0.5936521,0.81200564,0,1,1,0,1,0.6666666666666666,0.33333333333333337,1,0.16509801,0.40634787,0.36277777,-2.5951152,33.596355,33.59635543823242,0.5018484288354899
tensor(14033),"tensor(10493., dtype=torch.float64)",tensor(9),0,0,0,1,0,0.9537638,0.058358945,0.010793683,0.115525246,0.0763521,1,0,0,0,0,0.0,1.0,1,0.061453223,0.115525246,0.21940151,-2.9708176,118.555115,5723.2744140625,0.3847042513863216
tensor(14047),"tensor(15010., dtype=torch.float64)",tensor(9),0,0,0,1,0,0.009444512,0.016905123,0.01228542,0.99862134,0.6674053,0,0,0,1,0,1.0,0.0,0,0.07452172,0.3325947,0.17037733,-4.076928,83.125854,83.1258544921875,0.27818853974121993
tensor(14059),"tensor(10131., dtype=torch.float64)",tensor(9),0,0,0,1,0,0.22326946,0.5040037,0.17540345,0.93856347,0.22044626,0,0,0,1,0,1.0,0.0,0,0.23531038,0.4959963,0.48937112,-1.3599896,14.216379,14.216379165649414,0.6756007393715342
tensor(14075),"tensor(7883., dtype=torch.float64)",tensor(9),1,0,0,0,0,0.61802584,0.2431312,0.065601595,0.82034785,0.05439678,1,0,0,1,0,0.6666666666666666,0.33333333333333337,1,0.18495119,0.38197416,0.4287847,-1.7294586,42.766365,42.76636505126953,0.6654343807763401
tensor(14093),"tensor(2048., dtype=torch.float64)",tensor(9),0,1,1,1,0,0.14457391,0.23111996,0.3983755,0.9665571,0.33598575,0,0,0,1,0,0.5,0.5,1,0.22869956,0.3983755,0.48220092,-1.4874362,14.258833,14.258832931518555,0.664279112754159
tensor(14109),"tensor(3581., dtype=torch.float64)",tensor(9),0,1,0,1,0,0.017245218,0.5723203,0.05918201,0.99471444,0.3554669,0,0,0,1,0,0.6666666666666666,0.33333333333333337,1,0.1729719,0.42767972,0.33564478,-2.58657,14.006127,14.00612735748291,0.45009242144177447
tensor(14113),"tensor(5562., dtype=torch.float64)",tensor(9),1,0,0,0,0,0.9698694,0.026856486,0.024058405,0.0022057446,0.058616728,1,0,0,0,0,1.0,0.0,0,0.02837354,0.058616757,0.122222684,-3.9310749,247.97493,5802.7197265625,0.3142329020332717
tensor(14129),"tensor(19019., dtype=torch.float64)",tensor(9),1,0,0,0,0,0.9971928,0.0042670127,0.0018153156,0.006790183,0.0021861463,1,0,0,0,0,1.0,0.0,0,0.0035732388,0.006790161,0.023270242,-5.7487736,512.2664,4717.8837890625,0.25508317929759705
tensor(14155),"tensor(16498., dtype=torch.float64)",tensor(9),0,1,0,0,0,0.82947814,0.4228817,0.030879503,0.07487063,0.11630354,1,0,0,0,0,0.0,1.0,1,0.16309148,0.42288172,0.38025162,-1.9762533,76.91125,6348.333984375,0.6527264325323474
tensor(14161),"tensor(15261., dtype=torch.float64)",tensor(9),0,0,1,0,1,0.0005238241,0.14576447,0.9974868,0.18189402,0.9167717,0,0,1,0,1,1.0,0.0,0,0.08278477,0.181894,0.23963276,-3.8417206,69.04631,69.04631042480469,0.3077634011090573
tensor(14169),"tensor(17962., dtype=torch.float64)",tensor(9),1,0,0,0,0,0.99229795,0.0023661589,0.0018407028,0.059738796,0.022421902,1,0,0,0,0,1.0,0.0,0,0.018813968,0.059738815,0.08176456,-4.745927,299.1421,4843.4716796875,0.2816543438077634
tensor(14207),"tensor(18528., dtype=torch.float64)",tensor(9),1,0,0,0,0,0.9602042,0.12676843,0.011734913,0.02820503,0.024533212,1,0,0,0,0,1.0,0.0,0,0.046207547,0.12676841,0.17099199,-3.3538277,165.86862,5762.6767578125,0.35235674676524953
tensor(14219),"tensor(10518., dtype=torch.float64)",tensor(9),0,0,0,1,0,0.005900042,0.03943766,0.10065815,0.99890625,0.7258813,0,0,0,1,0,1.0,0.0,0,0.08424169,0.27411872,0.22494178,-3.6600997,59.754936,59.75493621826172,0.3015249537892791
tensor(14235),"tensor(8371., dtype=torch.float64)",tensor(9),1,0,0,0,0,0.008273675,0.47338572,0.9710726,0.042357888,0.57398605,0,0,1,0,0,0.0,1.0,1,0.19579172,0.4733857,0.34563157,-2.3645985,51.89656,158.0391387939453,0.5901109057301294
tensor(14297),"tensor(7800., dtype=torch.float64)",tensor(9),0,0,1,0,0,0.26064694,0.016472718,0.9159532,0.104883045,0.11380446,0,0,1,0,0,1.0,0.0,0,0.11597079,0.26064694,0.32726556,-2.343441,146.59872,257.0426940917969,0.5850277264325323
tensor(14339),"tensor(8081., dtype=torch.float64)",tensor(9),1,0,0,0,0,0.8894674,0.01893858,0.30704013,0.017776735,0.10545994,1,0,0,0,0,1.0,0.0,0,0.11194956,0.3070401,0.2968781,-2.5993292,163.5545,6371.31640625,0.544362292051756
tensor(14349),"tensor(529., dtype=torch.float64)",tensor(9),0,1,1,0,0,0.010362214,0.70216715,0.88019013,0.34729922,0.05277254,0,1,1,0,0,1.0,0.0,0,0.16561538,0.34729922,0.37711605,-2.185905,75.16725,75.16725158691406,0.6342421441774492
tensor(14385),"tensor(3687., dtype=torch.float64)",tensor(9),1,0,0,0,0,0.94017935,0.001894954,0.17217107,0.023529734,0.086138755,1,0,0,0,0,1.0,0.0,0,0.0687111,0.17217106,0.22090897,-3.33582,242.93503,5962.7275390625,0.4195933456561922
tensor(14403),"tensor(488., dtype=torch.float64)",tensor(9),1,0,0,0,0,0.24066871,0.47065666,0.67595446,0.69258946,0.3147662,0,0,0,0,0,0.0,1.0,1,0.33150953,0.47065663,0.6226059,-0.71839,32.81058,32.81058120727539,0.7825785582255083
tensor(14407),"tensor(9815., dtype=torch.float64)",tensor(9),1,0,0,0,0,0.9574881,0.027909765,0.0031810803,0.42578387,0.0033526628,1,0,0,0,0,1.0,0.0,0,0.10054779,0.42578387,0.20585112,-3.6812134,246.1052,5093.193359375,0.42213493530499074
tensor(14435),"tensor(20180., dtype=torch.float64)",tensor(9),1,0,0,0,0,0.9608672,0.01776747,0.016892219,0.092810154,0.12356791,1,0,0,0,0,1.0,0.0,0,0.058034122,0.12356794,0.20460932,-3.1032126,126.770096,5736.048828125,0.37292051756007394
tensor(14449),"tensor(488., dtype=torch.float64)",tensor(9),1,0,0,0,0,0.78331363,0.26206368,0.10404474,0.2992389,0.27176708,1,0,0,0,0,1.0,0.0,0,0.23076016,0.29923892,0.5253986,-1.2620045,45.444214,6623.79052734375,0.7631700554528651
tensor(14461),"tensor(3403., dtype=torch.float64)",tensor(9),1,0,0,0,0,0.43816552,0.8238508,0.046862878,0.028942464,0.30483794,1,1,0,0,0,0.6666666666666666,0.33333333333333337,1,0.1989916,0.43816555,0.41722226,-1.8282484,60.455627,60.45562744140625,0.7033271719038816
tensor(14467),"tensor(1716., dtype=torch.float64)",tensor(9),0,0,0,1,1,0.009818826,0.073338196,0.08418211,0.9981071,0.75468326,0,0,0,1,1,1.0,0.0,0,0.08290976,0.24531674,0.23542276,-3.3856869,44.99384,44.993839263916016,0.2878927911275416
tensor(14487),"tensor(15893., dtype=torch.float64)",tensor(9),0,1,0,1,0,0.0035474068,0.8968302,0.6994549,0.9565622,0.3000567,0,1,0,1,0,1.0,0.0,0,0.15015137,0.3005451,0.35130078,-2.5168447,33.99595,33.995948791503906,0.4877541589648798
tensor(14493),"tensor(3716., dtype=torch.float64)",tensor(9),0,0,0,1,1,0.015736284,0.045821134,0.09902713,0.9966923,0.74376154,0,0,0,1,1,1.0,0.0,0,0.08402616,0.25623846,0.23623745,-3.2307858,46.835373,46.83537292480469,0.3077634011090573
tensor(14495),"tensor(17466., dtype=torch.float64)",tensor(9),0,1,0,0,0,0.7058918,0.5804909,0.0022625464,0.32263306,0.0013266191,1,0,0,0,0,0.0,1.0,1,0.20796788,0.4195091,0.38818341,-2.930959,250.14749,5574.3955078125,0.7093345656192236
tensor(14509),"tensor(5555., dtype=torch.float64)",tensor(9),1,0,0,0,0,0.25407645,0.3377725,0.67054445,0.58167803,0.62459403,0,0,0,0,0,0.0,1.0,1,0.3430065,0.41832197,0.63632476,-0.65992653,34.325005,34.32500457763672,0.7925138632162662
tensor(14519),"tensor(19301., dtype=torch.float64)",tensor(9),1,0,0,0,0,0.9870264,0.01109467,0.0046447217,0.06982465,0.011763112,1,0,0,0,0,1.0,0.0,0,0.022060215,0.069824636,0.09539115,-4.241924,259.1875,5077.6279296875,0.2936691312384473
tensor(14549),"tensor(4932., dtype=torch.float64)",tensor(9),1,0,0,0,0,0.4535893,0.015342943,0.8671191,0.0054103453,0.110496536,1,0,1,0,0,0.6666666666666666,0.33333333333333337,1,0.14354402,0.45358932,0.30823207,-2.7046473,204.84572,270.23773193359375,0.5961182994454713
tensor(14589),"tensor(4395., dtype=torch.float64)",tensor(9),0,1,1,0,1,0.0007919491,0.944126,0.9407161,0.13382299,0.8765236,0,1,1,0,1,1.0,0.0,0,0.07464981,0.13382298,0.2428569,-3.3118339,40.39115,40.391151428222656,0.2784195933456562
tensor(14601),"tensor(6780., dtype=torch.float64)",tensor(9),0,0,1,0,0,0.022037452,0.2992552,0.954411,0.21092424,0.41385886,0,0,1,0,0,1.0,0.0,0,0.19833297,0.4138589,0.41896504,-1.8704803,48.225,186.88381958007812,0.6749075785582255
tensor(14615),"tensor(11573., dtype=torch.float64)",tensor(9),0,0,1,0,0,0.09295431,0.2028234,0.7824432,0.6217167,0.8292278,0,0,1,0,1,0.6666666666666666,0.33333333333333337,1,0.21247798,0.37828332,0.4915472,-1.4007585,18.658882,18.65888214111328,0.6654343807763401
tensor(14671),"tensor(14147., dtype=torch.float64)",tensor(9),0,0,1,1,0,0.0028579223,0.77365696,0.8672542,0.92990667,0.19396682,0,1,1,1,0,0.8,0.19999999999999996,1,0.1252014,0.22634304,0.33835834,-2.594093,47.952934,47.95293426513672,0.47851201478743066
tensor(14741),"tensor(6796., dtype=torch.float64)",tensor(9),0,0,0,1,1,0.004010741,0.21732146,0.861974,0.9839246,0.9176398,0,0,1,1,1,0.8,0.19999999999999996,1,0.091558754,0.21732146,0.26356766,-3.0305712,50.236618,50.23661804199219,0.3555914972273567
tensor(14777),"tensor(12067., dtype=torch.float64)",tensor(9),0,1,0,0,0,0.0009693156,0.99213576,0.72655475,0.095265925,0.5818785,0,1,1,0,0,0.6666666666666666,0.33333333333333337,1,0.15913326,0.41812152,0.32690448,-3.0668306,46.749664,46.749664306640625,0.4630314232902033
tensor(14791),"tensor(16256., dtype=torch.float64)",tensor(9),1,0,0,0,0,0.97177535,0.056900404,0.0093836505,0.07407165,0.0061814967,1,0,0,0,0,1.0,0.0,0,0.034952343,0.074071646,0.14033324,-3.722383,227.84242,5434.0068359375,0.32809611829944546
tensor(14809),"tensor(21216., dtype=torch.float64)",tensor(9),1,0,0,0,0,0.98970336,0.018496271,0.0026272384,0.020422028,0.020656666,1,0,0,0,0,1.0,0.0,0,0.0144997835,0.020656645,0.07359664,-4.4411306,270.10056,5122.59375,0.2768022181146026
tensor(14835),"tensor(10164., dtype=torch.float64)",tensor(9),1,0,0,0,0,0.9168826,0.062744886,0.076800145,0.2169102,0.032142594,1,0,0,0,0,1.0,0.0,0,0.09434301,0.21691018,0.29134765,-2.4559817,102.04094,6086.7646484375,0.48821626617375236
tensor(14887),"tensor(1841., dtype=torch.float64)",tensor(9),0,0,0,1,0,0.0057451236,0.53255796,0.8638764,0.95146906,0.7874229,0,0,1,1,1,0.5,0.5,1,0.17408371,0.46744204,0.36715546,-2.2834382,34.524242,34.52424240112305,0.5482902033271719
tensor(14901),"tensor(1075., dtype=torch.float64)",tensor(9),1,0,0,0,0,0.8870569,0.23233116,0.018543819,0.06370828,0.15008064,1,0,0,0,0,1.0,0.0,0,0.11552143,0.23233116,0.32938388,-2.3293405,89.62248,6194.8916015625,0.5445933456561922
tensor(14921),"tensor(6074., dtype=torch.float64)",tensor(9),1,0,0,0,0,0.51632714,0.12766483,0.02126108,0.3575022,0.84005797,1,0,0,0,1,0.6666666666666666,0.33333333333333337,1,0.2300086,0.48367286,0.45379716,-1.6122732,87.01608,87.01608276367188,0.7888170055452866
tensor(14969),"tensor(6531., dtype=torch.float64)",tensor(9),0,0,1,0,0,0.67981905,0.03775582,0.6033009,0.045685425,0.37624335,1,0,0,0,0,0.0,1.0,1,0.23531288,0.39669907,0.46144128,-1.591009,82.35551,6815.56884765625,0.7925138632162663
tensor(14979),"tensor(475., dtype=torch.float64)",tensor(9),1,0,0,0,0,0.8287047,0.08567749,0.22386943,0.06424636,0.2867318,1,0,0,0,0,1.0,0.0,0,0.16636407,0.28673184,0.4239624,-1.7554528,81.11035,6622.37890625,0.7079482439926061
tensor(15005),"tensor(2055., dtype=torch.float64)",tensor(9),1,0,1,0,0,0.15162651,0.18034557,0.9004716,0.06792118,0.5319055,0,0,1,0,0,0.6666666666666666,0.33333333333333337,1,0.1935032,0.46809453,0.4321641,-1.6370499,41.683014,167.5676727294922,0.6788354898336414
tensor(15009),"tensor(9561., dtype=torch.float64)",tensor(9),1,0,0,0,0,0.70466036,0.21478543,0.006449181,0.86825424,0.009368756,1,0,0,1,0,0.6666666666666666,0.33333333333333337,1,0.1315378,0.29533964,0.32176423,-2.7499623,131.34694,131.34693908691406,0.5515249537892791
tensor(15071),"tensor(19222., dtype=torch.float64)",tensor(9),0,0,1,0,0,0.0048668566,0.18028814,0.9842202,0.010494948,0.09658417,0,0,1,0,0,1.0,0.0,0,0.06160277,0.18028814,0.19190076,-3.5500042,173.133,249.4047088623047,0.3650646950092421
tensor(15079),"tensor(6194., dtype=torch.float64)",tensor(9),0,0,1,0,0,0.20004387,0.16706192,0.8833382,0.20097782,0.3663236,0,0,1,0,0,1.0,0.0,0,0.21021378,0.3663236,0.49412113,-1.3890519,54.309013,205.3898162841797,0.756007393715342
tensor(15093),"tensor(3321., dtype=torch.float64)",tensor(9),0,1,0,0,0,0.07760059,0.36437413,0.9006092,0.32764113,0.5024109,0,0,1,0,0,0.0,1.0,1,0.27331913,0.4975891,0.5156273,-1.1928722,39.406876,200.79920959472656,0.7657116451016636
tensor(15119),"tensor(7803., dtype=torch.float64)",tensor(9),0,0,0,0,1,0.85593325,0.05162112,0.012371608,0.07435451,0.66100365,1,0,0,0,0,0.0,1.0,1,0.12428206,0.33899635,0.31746024,-2.4524114,119.95017,6009.9208984375,0.5568391866913123
tensor(15125),"tensor(960., dtype=torch.float64)",tensor(9),0,1,1,0,1,0.01361787,0.8321696,0.85667187,0.18284322,0.7581819,0,1,1,0,1,1.0,0.0,0,0.14988756,0.24181807,0.39285296,-2.0623202,28.182938,28.182937622070312,0.538354898336414
tensor(15137),"tensor(14274., dtype=torch.float64)",tensor(9),1,0,0,0,0,0.97088933,0.017470242,0.0045433915,0.09947246,0.08294159,1,0,0,0,0,1.0,0.0,0,0.04670775,0.09947246,0.17170374,-3.50648,151.19745,5425.45166015625,0.3378003696857671
tensor(15153),"tensor(21608., dtype=torch.float64)",tensor(9),1,0,0,0,0,0.9688885,0.08486493,0.016730718,0.023890376,0.020564752,1,0,0,0,0,1.0,0.0,0,0.035432458,0.084864914,0.14543004,-3.4927437,184.10312,5732.82177734375,0.33271719038817005
tensor(15171),"tensor(9442., dtype=torch.float64)",tensor(9),1,0,0,0,0,0.9988445,0.0015640275,0.0003908311,0.0103132585,0.0005354513,1,0,0,0,0,1.0,0.0,0,0.0027917624,0.0103132725,0.017219832,-6.6327324,739.1993,4094.1181640625,0.25369685767097966
tensor(15211),"tensor(20875., dtype=torch.float64)",tensor(9),1,0,0,0,0,0.8890272,0.18484406,0.017912846,0.08085797,0.24251765,1,0,0,0,0,1.0,0.0,0,0.12742108,0.24251765,0.35036597,-2.2277088,84.91305,6193.9130859375,0.5831792975970426
tensor(15251),"tensor(11092., dtype=torch.float64)",tensor(9),0,0,1,1,1,0.0051342277,0.8874152,0.7383998,0.87233144,0.54201496,0,1,1,1,0,0.6666666666666666,0.33333333333333337,1,0.1929946,0.45798504,0.40606815,-2.0918286,33.37336,33.37335968017578,0.6069778188539742
tensor(15301),"tensor(15228., dtype=torch.float64)",tensor(9),0,0,1,0,0,0.009684168,0.31705594,0.96789485,0.31988934,0.3493846,0,0,1,0,0,1.0,0.0,0,0.2056238,0.3493846,0.41900235,-2.0354,58.465164,196.0517578125,0.6922365988909427
tensor(15341),"tensor(13753., dtype=torch.float64)",tensor(9),0,0,1,0,1,0.00022518006,0.943866,0.95714575,0.55901253,0.823872,0,1,1,0,1,0.8,0.19999999999999996,1,0.14326572,0.44098747,0.3093719,-3.2213473,44.64992,44.64992141723633,0.4179759704251387
tensor(15343),"tensor(13897., dtype=torch.float64)",tensor(9),1,0,0,0,0,0.8101884,0.08345467,0.33705643,0.13381645,0.11241,1,0,0,0,0,1.0,0.0,0,0.17130983,0.3370564,0.43144852,-1.6915934,77.42628,6652.45068359375,0.7160351201478743
tensor(15361),"tensor(9500., dtype=torch.float64)",tensor(9),1,0,0,0,0,0.9410841,0.02082951,0.018626416,0.046914607,0.2909659,1,0,0,0,0,1.0,0.0,0,0.08725041,0.2909659,0.24204215,-2.8975406,127.47989,5914.3662109375,0.4332255083179297
tensor(15363),"tensor(15507., dtype=torch.float64)",tensor(9),1,0,0,0,0,0.8912744,0.0019667335,0.004015319,0.12441246,0.7292658,1,0,0,0,0,1.0,0.0,0,0.10197085,0.2707342,0.26876765,-3.3578095,215.00401,5485.76708984375,0.4701940850277264
tensor(15403),"tensor(16292., dtype=torch.float64)",tensor(9),1,0,0,0,0,0.23955005,0.36078328,0.6271326,0.28841487,0.098636486,0,0,0,0,0,0.0,1.0,1,0.2720505,0.3728674,0.5575391,-1.0725224,55.856514,55.85651397705078,0.8188539741219963
tensor(15413),"tensor(14145., dtype=torch.float64)",tensor(9),1,0,0,0,0,0.9634083,0.055043913,0.013775359,0.03308305,0.08900606,1,0,0,0,0,1.0,0.0,0,0.04549998,0.08900607,0.17766055,-3.2171178,140.97118,5819.7412109375,0.35235674676524953
tensor(15417),"tensor(13133., dtype=torch.float64)",tensor(9),0,0,1,0,0,0.8255911,0.27398145,0.17305301,0.059240118,0.14529708,1,0,0,0,0,0.0,1.0,1,0.16519606,0.27398145,0.43000346,-1.7260834,69.57265,6630.66064453125,0.6977818853974123
tensor(15465),"tensor(18102., dtype=torch.float64)",tensor(9),1,0,0,0,0,0.95026547,0.018499242,0.012299372,0.1417394,0.17580453,1,0,0,0,0,1.0,0.0,0,0.079615414,0.1758045,0.24585418,-2.930636,113.93915,5687.361328125,0.4152033271719039
tensor(15471),"tensor(13133., dtype=torch.float64)",tensor(9),0,0,1,0,0,0.008116241,0.24291897,0.9251347,0.13613385,0.01734533,0,0,1,0,0,1.0,0.0,0,0.09587592,0.24291897,0.27060464,-2.8682888,141.88986,301.86700439453125,0.4764325323475046
tensor(15479),"tensor(17997., dtype=torch.float64)",tensor(9),0,1,1,0,0,0.00058936916,0.9630579,0.90364814,0.098221414,0.15600102,0,1,1,0,0,1.0,0.0,0,0.07762116,0.15600103,0.24684033,-3.3680992,61.602257,61.602256774902344,0.32647874306839186
tensor(15485),"tensor(12579., dtype=torch.float64)",tensor(9),0,0,0,1,1,0.0032696151,0.17972055,0.26123542,0.9989366,0.7565946,0,0,0,1,1,1.0,0.0,0,0.13773888,0.26123542,0.32612157,-3.2513764,40.705555,40.7055549621582,0.41058225508317925
tensor(15515),"tensor(17393., dtype=torch.float64)",tensor(9),0,1,0,0,0,0.007858899,0.98641557,0.45855555,0.07481189,0.124102026,0,1,0,0,0,1.0,0.0,0,0.1357826,0.45855558,0.2896881,-2.7517383,43.87361,43.87361145019531,0.4302218114602588
tensor(15525),"tensor(8004., dtype=torch.float64)",tensor(9),1,0,0,0,0,0.69263846,0.0955138,0.12183527,0.78130156,0.07770956,1,0,0,1,0,0.6666666666666666,0.33333333333333337,1,0.16422379,0.30736154,0.42020932,-1.7565787,44.72969,44.72969055175781,0.6423290203327172
tensor(15537),"tensor(14188., dtype=torch.float64)",tensor(9),0,1,0,0,0,0.0018970602,0.99243647,0.30706337,0.7577221,0.092366494,0,1,0,1,0,0.6666666666666666,0.33333333333333337,1,0.13023365,0.30706334,0.30733293,-3.076313,51.986008,51.98600769042969,0.4272181146025878
tensor(15553),"tensor(17012., dtype=torch.float64)",tensor(9),1,0,0,0,0,0.9419905,0.014962032,0.011031926,0.062982425,0.39953232,1,0,0,0,0,1.0,0.0,0,0.10930365,0.39953232,0.25355753,-2.9155364,138.43265,5812.18994140625,0.47158040665434375
tensor(15563),"tensor(14188., dtype=torch.float64)",tensor(9),0,1,0,0,0,0.0017268001,0.9628457,0.45145702,0.97642994,0.18626435,0,1,0,1,0,0.6666666666666666,0.33333333333333337,1,0.1400345,0.45145702,0.29046315,-3.0015495,46.386597,46.3865966796875,0.4191312384473198
tensor(15597),"tensor(14188., dtype=torch.float64)",tensor(9),0,1,1,1,0,0.0008031919,0.9222442,0.8209322,0.9557943,0.5811863,0,1,1,1,0,1.0,0.0,0,0.14412916,0.4188137,0.3221503,-2.9046721,44.075264,44.07526397705078,0.45332717190388166
tensor(15609),"tensor(12619., dtype=torch.float64)",tensor(9),1,0,0,0,0,0.9909375,0.0067876903,0.0038310732,0.035573803,0.013348413,1,0,0,0,0,1.0,0.0,0,0.013720691,0.03557378,0.06838629,-4.5687914,291.93948,5025.140625,0.27264325323475047
tensor(15679),"tensor(18575., dtype=torch.float64)",tensor(9),1,0,0,0,0,0.9843621,0.021356722,0.0060501914,0.003910393,0.07765947,1,0,0,0,0,1.0,0.0,0,0.024922967,0.07765949,0.1038687,-4.216695,262.19855,5490.91015625,0.29967652495378927
tensor(15687),"tensor(16502., dtype=torch.float64)",tensor(9),0,0,1,0,0,0.013445797,0.05743117,0.952079,0.8590763,0.13495132,0,0,1,1,0,0.6666666666666666,0.33333333333333337,1,0.07893467,0.14092368,0.25716203,-2.7496357,100.488144,100.48814392089844,0.42721811460258774
tensor(15697),"tensor(8547., dtype=torch.float64)",tensor(9),1,0,0,0,0,0.9834645,0.0059002573,0.01277517,0.01091567,0.06377501,1,0,0,0,0,1.0,0.0,0,0.021980405,0.063775,0.097238615,-4.1505766,245.17508,5513.771484375,0.29574861367837335
tensor(15699),"tensor(16502., dtype=torch.float64)",tensor(9),1,0,0,0,0,0.9770308,0.0076364074,0.023009446,0.05811939,0.0395297,1,0,0,0,0,1.0,0.0,0,0.030252814,0.058119416,0.13039039,-3.66837,191.66113,5600.55859375,0.31284658040665436
tensor(15731),"tensor(14804., dtype=torch.float64)",tensor(9),0,1,0,1,0,0.00773261,0.8522165,0.79306537,0.7634904,0.06560353,0,1,1,1,0,0.8,0.19999999999999996,1,0.13291281,0.23650962,0.35263026,-2.3556647,66.91279,66.91278839111328,0.5566081330868762
tensor(15763),"tensor(8258., dtype=torch.float64)",tensor(9),0,0,1,1,0,0.0006071803,0.18711212,0.9910415,0.8972087,0.93800956,0,0,1,1,1,0.8,0.19999999999999996,1,0.07229197,0.1871121,0.22037084,-3.6928966,55.552383,55.55238342285156,0.275184842883549
tensor(15775),"tensor(7056., dtype=torch.float64)",tensor(9),1,0,0,0,1,0.8644885,0.0772282,0.059496693,0.0306379,0.5071302,1,0,0,0,0,0.6666666666666666,0.33333333333333337,1,0.15914881,0.4928698,0.34485132,-2.1154232,99.28958,6341.60888671875,0.6358595194085028
tensor(15783),"tensor(15287., dtype=torch.float64)",tensor(9),0,1,0,0,0,0.046288542,0.98108023,0.059305497,0.2276048,0.106991805,0,1,0,0,0,1.0,0.0,0,0.09182215,0.2276048,0.27656817,-2.6163116,40.63029,40.63029098510742,0.37731053604436227
tensor(15785),"tensor(16502., dtype=torch.float64)",tensor(9),1,0,0,0,0,0.9084908,0.023450894,0.16757135,0.08662113,0.14835015,1,0,0,0,0,1.0,0.0,0,0.103500545,0.16757137,0.31673956,-2.3461213,107.22658,6354.5029296875,0.5314232902033272
tensor(15799),"tensor(17354., dtype=torch.float64)",tensor(9),0,0,1,1,0,0.35393596,0.2182987,0.46671394,0.7484603,0.5526539,1,0,0,1,0,0.5,0.5,1,0.3475669,0.4667139,0.6234275,-0.6625098,24.601074,24.60107421875,0.7606284658040665
tensor(15805),"tensor(8258., dtype=torch.float64)",tensor(9),0,0,1,1,0,0.00014489512,0.16319667,0.9982286,0.52803105,0.99061567,0,0,1,0,1,0.5,0.5,1,0.12929326,0.47196895,0.24081595,-4.315943,110.27248,110.27247619628906,0.38609057301293903
tensor(15811),"tensor(20799., dtype=torch.float64)",tensor(9),0,1,0,0,0,0.0003370741,0.9940929,0.72718036,0.038336366,0.095546976,0,1,1,0,0,0.6666666666666666,0.33333333333333337,1,0.08258933,0.27281964,0.22061706,-3.9141765,81.913635,81.91363525390625,0.31169131238447323
tensor(15813),"tensor(7937., dtype=torch.float64)",tensor(9),1,0,0,0,0,0.98021424,0.0059740036,0.024381286,0.11054803,0.015224367,1,0,0,0,0,1.0,0.0,0,0.035182655,0.11054802,0.13497213,-3.7922168,234.99876,5402.03271484375,0.32532347504621073
tensor(15819),"tensor(8682., dtype=torch.float64)",tensor(9),1,0,0,0,0,0.669052,0.04295025,0.002209178,0.96538913,0.07944313,1,0,0,1,0,0.6666666666666666,0.33333333333333337,1,0.098032296,0.330948,0.25112048,-3.1397877,113.96884,113.96884155273438,0.42213493530499074
tensor(15831),"tensor(13204., dtype=torch.float64)",tensor(9),0,0,1,0,0,0.70260364,0.047551762,0.511658,0.10685085,0.1807388,1,0,0,0,0,0.0,1.0,1,0.22417593,0.488342,0.4610304,-1.5076509,83.38984,6725.16552734375,0.7897412199630314
tensor(15853),"tensor(21223., dtype=torch.float64)",tensor(9),0,0,1,1,1,0.006231489,0.107993975,0.51051193,0.99281454,0.8788701,0,0,0,1,1,0.8,0.19999999999999996,1,0.14640582,0.48948807,0.29697564,-2.827122,48.41552,48.41551971435547,0.4554066543438078
tensor(15855),"tensor(9629., dtype=torch.float64)",tensor(9),0,0,1,0,0,0.09683387,0.6174526,0.8275639,0.063499615,0.4295157,0,1,1,0,0,0.6666666666666666,0.33333333333333337,1,0.22896653,0.42951572,0.47255272,-1.4510125,46.238674,46.23867416381836,0.7393715341959335
tensor(15859),"tensor(12268., dtype=torch.float64)",tensor(9),0,0,1,0,1,0.0010711459,0.04150254,0.99770373,0.16003934,0.93860525,0,0,1,0,1,1.0,0.0,0,0.053260803,0.1600393,0.17357127,-4.0873466,84.871376,84.87137603759766,0.26571164510166356
tensor(15867),"tensor(16720., dtype=torch.float64)",tensor(9),0,0,0,0,0,7.1368554e-06,5.4859756e-05,0.00017010566,0.00026698192,5.06502e-07,0,0,0,0,0,1.0,0.0,0,9.995699e-05,0.0002669692,0.00096055056,-10.612726,1471.0933,1471.09326171875,0.2513863216266174
tensor(15875),"tensor(11128., dtype=torch.float64)",tensor(9),1,0,0,0,0,0.56631917,0.4672263,0.02053677,0.2169518,0.741572,1,0,0,0,1,0.6666666666666666,0.33333333333333337,1,0.27936476,0.46722627,0.51397437,-1.3201187,71.48779,87.0812759399414,0.8220887245841035
tensor(15889),"tensor(17166., dtype=torch.float64)",tensor(9),0,0,1,0,0,0.36141217,0.045895558,0.8813262,0.020689826,0.08000229,1,0,1,0,0,0.6666666666666666,0.33333333333333337,1,0.12533474,0.36141217,0.31684703,-2.3816433,151.69757,255.8785858154297,0.5864140480591498
tensor(15895),"tensor(13953., dtype=torch.float64)",tensor(9),1,0,0,0,0,0.9931069,0.003808123,0.0006974526,0.062845916,0.0142173935,1,0,0,0,0,1.0,0.0,0,0.017692387,0.062845945,0.07625452,-4.949126,328.08203,4604.9248046875,0.28073012939001846
tensor(15905),"tensor(7434., dtype=torch.float64)",tensor(9),0,0,1,0,0,0.0014576669,0.48942834,0.9901786,0.012279241,0.8070965,0,0,1,0,1,0.6666666666666666,0.33333333333333337,1,0.14117801,0.48942834,0.26314312,-3.4007633,81.101654,81.10165405273438,0.43114602587800366
tensor(15909),"tensor(17166., dtype=torch.float64)",tensor(9),1,0,0,0,0,0.022333214,0.30756837,0.9592426,0.025282882,0.253812,0,0,1,0,0,0.0,1.0,1,0.1299507,0.30756837,0.31577936,-2.4959035,89.73454,192.1393280029297,0.5318853974121998
tensor(15921),"tensor(16502., dtype=torch.float64)",tensor(9),1,0,0,0,0,0.91843057,0.017414192,0.12616333,0.11603657,0.12575433,1,0,0,0,0,1.0,0.0,0,0.093387604,0.12616336,0.29731986,-2.4717944,107.51028,6240.6337890625,0.49514787430683915
tensor(15945),"tensor(8665., dtype=torch.float64)",tensor(9),0,0,1,0,0,0.9521113,0.01995901,0.06008595,0.030951766,0.07365226,1,0,0,0,0,0.0,1.0,1,0.046507537,0.07365227,0.18367103,-3.1219013,152.37225,5994.140625,0.3706099815157117
tensor(15967),"tensor(3717., dtype=torch.float64)",tensor(9),1,0,0,0,0,0.96463317,0.009464817,0.009540781,0.18878146,0.07272623,1,0,0,0,0,1.0,0.0,0,0.06317598,0.18878144,0.20108461,-3.3205447,140.42784,5496.685546875,0.3687615526802218
tensor(15989),"tensor(15877., dtype=torch.float64)",tensor(9),0,0,0,1,0,0.3683975,0.075333945,0.048458405,0.977121,0.1937441,1,0,0,1,0,0.6666666666666666,0.33333333333333337,1,0.14176261,0.36839747,0.34398377,-2.2408462,34.82715,34.8271484375,0.5034658040665435
tensor(15995),"tensor(3757., dtype=torch.float64)",tensor(9),0,0,0,1,1,0.8675918,0.039400052,0.00714166,0.8144728,0.003833811,1,0,0,1,0,0.5,0.5,1,0.07366216,0.1855272,0.220842,-3.409532,207.02542,207.02542114257812,0.4043438077634012
tensor(16011),"tensor(10532., dtype=torch.float64)",tensor(9),0,0,0,1,0,0.6085714,0.048463855,0.009925987,0.9650472,0.09104032,1,0,0,1,0,0.6666666666666666,0.33333333333333337,1,0.11516237,0.3914286,0.27510142,-2.7280743,77.81407,77.81407165527344,0.4588724584103512
tensor(16057),"tensor(16563., dtype=torch.float64)",tensor(9),1,0,0,0,0,0.98645765,0.004308573,0.0010508648,0.085129015,0.06488758,1,0,0,0,0,1.0,0.0,0,0.033783734,0.08512902,0.12781295,-4.3261685,240.2535,4877.69482421875,0.3063770794824399
tensor(16067),"tensor(2847., dtype=torch.float64)",tensor(9),1,0,0,0,0,0.68348294,0.25981754,0.31923714,0.30728498,0.2735251,1,0,0,0,0,1.0,0.0,0,0.29527634,0.3192371,0.605404,-0.872735,42.86925,6901.08935546875,0.8029112754158965
tensor(16069),"tensor(2393., dtype=torch.float64)",tensor(9),0,0,0,1,0,0.05448067,0.47703683,0.76004195,0.79900104,0.7599281,0,0,1,1,1,0.5,0.5,1,0.24250925,0.47703683,0.5015147,-1.3262126,33.030907,33.030906677246094,0.725739371534196
tensor(16085),"tensor(2718., dtype=torch.float64)",tensor(9),0,0,0,1,0,0.15375113,0.2446048,0.065447815,0.97610235,0.46474066,0,0,0,1,0,1.0,0.0,0,0.19048846,0.46474063,0.4061388,-1.8685901,12.156448,12.156448364257812,0.5790203327171903
tensor(16109),"tensor(11473., dtype=torch.float64)",tensor(9),1,0,0,0,0,0.97960013,0.014033305,0.002091405,0.020087231,0.15787446,1,0,0,0,0,1.0,0.0,0,0.042897224,0.15787446,0.1445792,-3.970628,213.64574,5302.63671875,0.3243992606284658
tensor(16115),"tensor(8867., dtype=torch.float64)",tensor(9),0,0,1,0,0,0.0049833995,0.1142512,0.9882448,0.29493308,0.5337941,0,0,1,0,0,1.0,0.0,0,0.17842579,0.4662059,0.34959885,-2.5566468,66.12588,183.40087890625,0.5864140480591498
tensor(16145),"tensor(16656., dtype=torch.float64)",tensor(9),1,0,0,0,0,0.98959035,0.017958067,0.0043920027,0.010452965,0.025675789,1,0,0,0,0,1.0,0.0,0,0.013777733,0.025675774,0.07070516,-4.433255,270.52515,5283.9619140625,0.27495378927911274
tensor(16153),"tensor(21398., dtype=torch.float64)",tensor(9),0,0,1,0,0,0.07443074,0.2866806,0.90314883,0.13255158,0.2377387,0,0,1,0,0,1.0,0.0,0,0.16565055,0.28668058,0.42437625,-1.7417027,64.14577,206.87428283691406,0.6883086876155268
tensor(16171),"tensor(13559., dtype=torch.float64)",tensor(9),0,1,0,1,0,0.0073793475,0.79974145,0.7655532,0.91765094,0.5132652,0,1,1,1,0,0.8,0.19999999999999996,1,0.20223373,0.4867348,0.4132394,-1.9867271,27.312012,27.31201171875,0.6046672828096119
tensor(16209),"tensor(12826., dtype=torch.float64)",tensor(9),0,0,1,1,0,0.5842206,0.25579628,0.6206827,0.044699837,0.35600644,1,0,0,0,0,0.0,1.0,1,0.29031986,0.4157794,0.5489849,-1.11106,68.061325,7073.017578125,0.8373382624768946
tensor(16253),"tensor(7307., dtype=torch.float64)",tensor(9),1,0,0,0,0,0.9603679,0.04577255,0.012426611,0.109678015,0.042424724,1,0,0,0,0,1.0,0.0,0,0.04998684,0.10967803,0.188188,-3.1622024,134.36833,5645.2529296875,0.3583641404805915
tensor(16267),"tensor(1284., dtype=torch.float64)",tensor(9),1,0,0,0,0,0.66418034,0.1088731,0.041106645,0.78024876,0.39110023,1,0,0,1,0,0.6666666666666666,0.33333333333333337,1,0.21933019,0.39110023,0.46993047,-1.5287399,31.090427,31.09042739868164,0.6883086876155268
tensor(16287),"tensor(9957., dtype=torch.float64)",tensor(9),1,0,0,0,0,0.98590046,0.025057627,0.009036829,0.093623,0.00057297345,1,0,0,0,0,1.0,0.0,0,0.028477967,0.09362298,0.11168446,-4.4680524,438.25513,5097.87841796875,0.31585027726432535
tensor(16303),"tensor(8239., dtype=torch.float64)",tensor(9),0,0,0,0,1,0.9804602,0.021812584,0.0071113817,0.09790618,0.012890538,1,0,0,0,0,0.0,1.0,1,0.031852067,0.09790617,0.12657376,-3.8433404,221.37675,5250.3896484375,0.31215341959334564
tensor(16359),"tensor(5070., dtype=torch.float64)",tensor(9),0,0,1,1,0,0.0010072538,0.7740573,0.87165076,0.97935355,0.8624167,0,1,1,1,1,0.6666666666666666,0.33333333333333337,1,0.10270578,0.22594267,0.28532353,-3.1482759,48.95757,48.95756912231445,0.3696857670979667
tensor(16373),"tensor(6942., dtype=torch.float64)",tensor(9),0,1,0,0,0,0.0007731838,0.8761047,0.79157525,0.98041546,0.7415883,0,1,1,1,1,0.4,0.6,1,0.12221795,0.2584117,0.3121193,-3.0844378,41.2127,41.21269989013672,0.39348428835489835
tensor(16437),"tensor(3878., dtype=torch.float64)",tensor(9),1,0,0,0,0,0.8913034,0.17948481,0.05949288,0.120868325,0.10575438,1,0,0,0,0,1.0,0.0,0,0.1148594,0.17948484,0.34923202,-2.1007247,79.382065,6312.4345703125,0.571626617375231
tensor(16441),"tensor(20525., dtype=torch.float64)",tensor(9),0,0,0,0,1,0.9693029,0.0074693947,0.0040086424,0.051690698,0.22578728,1,0,0,0,0,0.0,1.0,1,0.06393063,0.22578728,0.1889801,-3.5997589,175.25989,5457.1845703125,0.3613678373382625
tensor(16445),"tensor(19238., dtype=torch.float64)",tensor(9),0,0,0,0,0,0.0021954025,0.011282801,0.0040022046,0.37040406,0.00093431957,0,0,0,0,0,1.0,0.0,0,0.077763736,0.37040406,0.154032,-4.722892,269.97595,269.9759521484375,0.34912199630314233
tensor(16455),"tensor(1513., dtype=torch.float64)",tensor(9),0,0,0,1,0,0.010652064,0.7235858,0.117928915,0.9917584,0.40259907,0,1,0,1,0,0.6666666666666666,0.33333333333333337,1,0.16316718,0.4025991,0.34661928,-2.5381458,12.488341,12.488341331481934,0.4491682070240296
tensor(16521),"tensor(20762., dtype=torch.float64)",tensor(9),0,1,0,0,0,0.041698724,0.43117854,0.923103,0.0635365,0.6677598,0,0,1,0,0,0.0,1.0,1,0.18911016,0.43117857,0.40008354,-1.8571151,32.047646,156.7769317626953,0.6132162661737522
tensor(16527),"tensor(19167., dtype=torch.float64)",tensor(9),0,0,1,0,0,0.6382764,0.20278387,0.4953079,0.355944,0.18060939,1,0,0,0,0,0.0,1.0,1,0.31927383,0.49530792,0.59502184,-0.8121762,48.587013,6973.5439453125,0.8197781885397412
tensor(16545),"tensor(6830., dtype=torch.float64)",tensor(9),1,0,0,0,0,0.9324694,0.037195355,0.061913796,0.21980692,0.024641385,1,0,0,0,0,1.0,0.0,0,0.082217574,0.21980691,0.25611702,-2.7084384,119.37723,5956.087890625,0.44824399260628467
tensor(16551),"tensor(4952., dtype=torch.float64)",tensor(9),1,0,0,0,0,0.9948236,0.0059915003,0.0031588643,0.01543281,0.0037716937,1,0,0,0,0,1.0,0.0,0,0.006706238,0.015432835,0.038976878,-5.171279,406.9322,4869.6669921875,0.25993530499075784
tensor(16593),"tensor(3811., dtype=torch.float64)",tensor(9),0,1,0,1,0,0.02130512,0.5427719,0.29030675,0.97882366,0.7417022,0,0,0,1,1,0.5,0.5,1,0.2096628,0.45722812,0.4137675,-1.9561955,15.070347,15.07034683227539,0.5958872458410351
tensor(16623),"tensor(19247., dtype=torch.float64)",tensor(9),1,0,0,0,0,0.9780999,0.0056373603,0.007870348,0.054101605,0.09394527,1,0,0,0,0,1.0,0.0,0,0.03669089,0.093945265,0.14162362,-3.7872436,187.108,5410.6953125,0.31515711645101663
tensor(16661),"tensor(19239., dtype=torch.float64)",tensor(9),0,1,1,1,1,0.023353612,0.07682138,0.08461239,0.9942211,0.6514772,0,0,0,1,0,0.4,0.6,1,0.10781777,0.34852278,0.27074376,-2.8748507,29.953602,29.953601837158203,0.338724584103512
tensor(16687),"tensor(10556., dtype=torch.float64)",tensor(9),0,0,1,0,0,0.25621435,0.7268094,0.4090996,0.13901736,0.6260315,0,1,0,0,0,0.0,1.0,1,0.2902981,0.40909958,0.5792411,-0.95012534,36.83886,36.83885955810547,0.7828096118299446
tensor(16711),"tensor(8826., dtype=torch.float64)",tensor(9),0,1,0,0,0,0.005272526,0.98138875,0.35484594,0.8377854,0.07368984,0,1,0,1,0,0.6666666666666666,0.33333333333333337,1,0.12292683,0.35484594,0.29645953,-2.7952313,53.189747,53.18974685668945,0.43969500924214416
tensor(16715),"tensor(10556., dtype=torch.float64)",tensor(9),0,0,1,0,0,0.15328833,0.5663539,0.78278476,0.4181401,0.45964134,0,0,1,0,0,1.0,0.0,0,0.3363862,0.45964134,0.6011235,-0.7500397,44.396484,227.03414916992188,0.8123844731977818
tensor(16719),"tensor(10556., dtype=torch.float64)",tensor(9),0,0,0,0,1,0.06514609,0.8412705,0.6242288,0.4446678,0.6359786,0,1,0,0,0,0.0,1.0,1,0.28166723,0.44466782,0.53662395,-1.1238396,36.888603,36.88860321044922,0.7680221811460258
tensor(16741),"tensor(20893., dtype=torch.float64)",tensor(9),1,0,0,0,0,0.18958886,0.81548285,0.3078956,0.44599417,0.31537995,0,1,0,0,0,0.0,1.0,1,0.28867513,0.44599414,0.5783695,-0.9481307,34.43379,34.43378829956055,0.7751848428835489
tensor(16763),"tensor(4470., dtype=torch.float64)",tensor(9),1,0,0,0,0,0.96574146,0.06478476,0.010883535,0.08319163,0.020759467,1,0,0,0,0,1.0,0.0,0,0.04277563,0.08319163,0.16733627,-3.3543506,167.55997,5596.2744140625,0.34773567467652494
tensor(16773),"tensor(6550., dtype=torch.float64)",tensor(9),0,1,1,0,1,0.0022433645,0.46529943,0.9886459,0.027011337,0.94216645,0,0,1,0,1,0.8,0.19999999999999996,1,0.112748325,0.46529943,0.22279115,-3.415609,51.324783,51.32478332519531,0.32925138632162665
tensor(16797),"tensor(6828., dtype=torch.float64)",tensor(9),0,1,1,0,1,0.0046242303,0.8207813,0.83316594,0.8716484,0.8594003,0,1,1,1,1,0.8571428571428571,0.1428571428571429,1,0.123925686,0.17921871,0.3479609,-2.4455247,30.868101,30.868101119995117,0.45032347504621073
tensor(16877),"tensor(10045., dtype=torch.float64)",tensor(9),0,1,0,0,0,0.77745414,0.5791239,0.015763855,0.089891456,0.031916138,1,0,0,0,0,0.0,1.0,1,0.15619868,0.4208761,0.34707433,-2.2862766,96.3965,6141.0673828125,0.6166820702402958
tensor(16879),"tensor(8330., dtype=torch.float64)",tensor(9),0,0,0,0,0,0.0012876525,0.014176551,0.0055150483,0.025135607,0.00011475475,0,0,0,0,0,1.0,0.0,0,0.009245992,0.025135636,0.04740162,-5.764178,430.68762,430.6876220703125,0.2603974121996303
tensor(16925),"tensor(12478., dtype=torch.float64)",tensor(9),1,0,0,0,0,0.8420044,0.059427325,0.006019812,0.746709,0.059704028,1,0,0,1,0,0.6666666666666666,0.33333333333333337,1,0.107287526,0.253291,0.29811466,-2.6759093,84.182236,84.18223571777344,0.47573937153419593
tensor(16951),"tensor(6580., dtype=torch.float64)",tensor(9),0,1,0,0,0,0.191332,0.8761599,0.12067962,0.5392028,0.39296576,0,1,0,0,0,1.0,0.0,0,0.25792295,0.4607972,0.5182117,-1.1951884,32.76916,32.769161224365234,0.7405268022181146
tensor(16973),"tensor(15492., dtype=torch.float64)",tensor(9),1,0,0,1,0,0.7840797,0.055373948,0.017214384,0.84593564,0.03548467,1,0,0,1,0,1.0,0.0,0,0.09561157,0.21592033,0.28114873,-2.635305,84.09069,84.09069061279297,0.4563308687615527
tensor(16989),"tensor(2324., dtype=torch.float64)",tensor(9),0,1,0,1,0,0.00911657,0.919669,0.5787454,0.9070609,0.17656668,0,1,0,1,0,1.0,0.0,0,0.15604162,0.42125458,0.357521,-2.2524073,37.401608,37.401607513427734,0.5346580406654343
tensor(16995),"tensor(7426., dtype=torch.float64)",tensor(9),0,0,0,0,0,0.10420354,0.20579824,0.25255424,0.8362248,0.1095096,0,0,0,1,0,0.0,1.0,1,0.16716814,0.25255424,0.43980965,-1.6626012,28.19033,28.190330505371094,0.6141404805914972
tensor(17039),"tensor(10329., dtype=torch.float64)",tensor(9),1,0,0,0,0,0.97103417,0.044034544,0.0026330324,0.1169489,0.035752542,1,0,0,0,0,1.0,0.0,0,0.045666993,0.1169489,0.16899236,-3.5686696,177.32407,5242.29150390625,0.34126617375231055
tensor(17055),"tensor(21249., dtype=torch.float64)",tensor(9),1,0,0,0,0,0.864043,0.09703076,0.03679317,0.21787967,0.34419605,1,0,0,0,0,1.0,0.0,0,0.16637135,0.34419608,0.40833426,-1.8535235,60.870575,6294.8828125,0.6682070240295749
tensor(17059),"tensor(15201., dtype=torch.float64)",tensor(9),1,0,0,0,0,0.97285086,0.055016767,0.005956394,0.092575274,0.0061554774,1,0,0,0,0,1.0,0.0,0,0.03737068,0.09257525,0.14401986,-3.7813115,234.66766,5301.92919921875,0.33271719038817005
tensor(17165),"tensor(11161., dtype=torch.float64)",tensor(9),0,1,0,1,0,0.0073691835,0.53827107,0.09047493,0.9960227,0.642365,0,0,0,1,0,0.6666666666666666,0.33333333333333337,1,0.18423712,0.46172893,0.34307522,-2.694621,18.433933,18.43393325805664,0.4630314232902033
tensor(17181),"tensor(19598., dtype=torch.float64)",tensor(9),1,0,0,0,0,0.44626635,0.073870964,0.6212941,0.10034974,0.7471976,1,0,0,0,1,0.6666666666666666,0.33333333333333337,1,0.25039905,0.44626635,0.5011142,-1.3033144,36.523674,36.52367401123047,0.7402957486136784
tensor(17185),"tensor(20147., dtype=torch.float64)",tensor(9),1,0,0,0,0,0.4686657,0.19659615,0.6182998,0.11910569,0.67438483,1,0,0,0,0,1.0,0.0,0,0.29833657,0.46866572,0.5695778,-0.9489113,36.699352,7094.47705078125,0.783271719038817
tensor(17207),"tensor(15916., dtype=torch.float64)",tensor(9),0,1,0,0,0,0.36587372,0.55118585,0.10470825,0.3564536,0.747358,1,0,0,0,1,0.0,1.0,1,0.30569834,0.44881415,0.57929933,-0.9153511,45.744514,51.03873825073242,0.8096118299445472
tensor(17227),"tensor(17322., dtype=torch.float64)",tensor(9),0,0,1,1,0,0.037031624,0.40284428,0.8915849,0.6224377,0.21993423,0,0,1,0,0,0.6666666666666666,0.33333333333333337,1,0.22915757,0.4028443,0.47308254,-1.5049732,48.07219,240.00299072265625,0.7428373382624769
tensor(17303),"tensor(11735., dtype=torch.float64)",tensor(9),0,1,0,1,0,0.0076014367,0.8830857,0.7440546,0.8293529,0.38814512,0,1,1,1,0,0.8,0.19999999999999996,1,0.18785065,0.3881451,0.4197979,-1.999417,34.74596,34.7459602355957,0.6231515711645101
tensor(17317),"tensor(20439., dtype=torch.float64)",tensor(9),1,0,0,0,0,0.9084832,0.03467566,0.053883895,0.13939205,0.24007851,1,0,0,0,0,1.0,0.0,0,0.11190939,0.24007851,0.324299,-2.2919624,79.71143,6187.115234375,0.5298059149722736
tensor(17335),"tensor(20273., dtype=torch.float64)",tensor(9),1,0,0,0,0,0.84681565,0.18139195,0.10810537,0.23968607,0.095204465,1,0,0,0,0,1.0,0.0,0,0.15551442,0.23968607,0.42187214,-1.7466223,60.504456,6453.46044921875,0.6693622920517561
tensor(17349),"tensor(18040., dtype=torch.float64)",tensor(9),1,0,0,0,0,0.6625113,0.12181985,0.011643108,0.9209553,0.029594377,1,0,0,1,0,0.6666666666666666,0.33333333333333337,1,0.11591816,0.3374887,0.29661453,-2.6073344,85.0854,85.08540344238281,0.49191312384473196
tensor(17373),"tensor(17736., dtype=torch.float64)",tensor(9),1,0,0,0,0,0.9761356,0.011657371,0.017235806,0.0837384,0.034931783,1,0,0,0,0,1.0,0.0,0,0.034285545,0.08373839,0.14051531,-3.5812182,181.67903,5502.7861328125,0.3227818853974122
tensor(17411),"tensor(21463., dtype=torch.float64)",tensor(9),1,0,0,0,0,0.9385345,0.042426582,0.0145602245,0.070157975,0.21252327,1,0,0,0,0,1.0,0.0,0,0.08022672,0.21252328,0.25078508,-2.7902622,106.880035,5919.283203125,0.42444547134935307
tensor(17433),"tensor(21107., dtype=torch.float64)",tensor(9),1,0,0,0,0,0.88124925,0.04868665,0.06757949,0.044436958,0.42956927,1,0,0,0,0,1.0,0.0,0,0.14180458,0.42956924,0.33427623,-2.1906137,99.346886,6336.58984375,0.6012014787430684
tensor(17523),"tensor(10229., dtype=torch.float64)",tensor(9),1,0,0,1,0,0.44729996,0.26285288,0.19407333,0.29321793,0.78789926,1,0,0,0,1,0.5,0.5,1,0.281909,0.44729996,0.5754825,-0.9717301,40.71189,40.711891174316406,0.7904343807763401
tensor(17609),"tensor(19851., dtype=torch.float64)",tensor(9),1,0,0,0,0,0.8890156,0.14895026,0.011170159,0.23104341,0.1301338,1,0,0,0,0,1.0,0.0,0,0.12645638,0.2310434,0.35158783,-2.281813,75.56556,5960.2861328125,0.5651571164510166
tensor(17613),"tensor(424., dtype=torch.float64)",tensor(9),1,0,0,0,0,0.61560434,0.13118288,0.61267716,0.10743367,0.4112286,1,0,0,0,0,1.0,0.0,0,0.28431273,0.4112286,0.5481516,-1.0592337,61.546265,7058.16015625,0.8290203327171903
tensor(17633),"tensor(21365., dtype=torch.float64)",tensor(9),0,0,0,1,0,0.41686735,0.114583895,0.68713,0.42286465,0.07126161,1,0,0,0,0,0.0,1.0,1,0.26768953,0.42286468,0.5189443,-1.2091253,66.719864,6872.03515625,0.8190850277264325
tensor(17639),"tensor(1728., dtype=torch.float64)",tensor(9),0,1,1,1,1,0.00036205864,0.77964216,0.96931815,0.9088886,0.74213237,0,1,1,1,1,1.0,0.0,0,0.12007618,0.25786763,0.3087224,-3.1994128,53.323524,53.323524475097656,0.4119685767097967
tensor(17653),"tensor(2695., dtype=torch.float64)",tensor(9),0,0,1,0,0,0.00018816574,0.6085032,0.9874772,0.89086044,0.90589327,0,1,1,1,1,0.4,0.6,1,0.12149078,0.39149678,0.2790324,-3.5501366,49.94287,49.94287109375,0.3632162661737523
tensor(17677),"tensor(11797., dtype=torch.float64)",tensor(9),1,0,0,0,0,0.9954798,0.002374923,0.0018562708,0.04868088,0.003212373,1,0,0,0,0,1.0,0.0,0,0.012128949,0.0486809,0.05508578,-5.2865,443.15924,4549.828125,0.2689463955637708
tensor(17681),"tensor(18040., dtype=torch.float64)",tensor(9),0,1,0,0,0,0.6774231,0.08779567,0.006687835,0.94442534,0.016350126,1,0,0,1,0,0.0,1.0,1,0.097797036,0.32257688,0.25288892,-3.0026891,123.76695,123.76695251464844,0.4396950092421442
tensor(17717),"tensor(4218., dtype=torch.float64)",tensor(9),1,0,0,0,0,0.9925647,0.0070243,0.002807108,0.02712491,0.017266704,1,0,0,0,0,1.0,0.0,0,0.012331665,0.027124882,0.06335609,-4.6679053,312.95892,4981.896484375,0.2694085027726433
tensor(17723),"tensor(5619., dtype=torch.float64)",tensor(9),1,0,0,0,0,0.9692945,0.0064014154,0.004869462,0.032948792,0.28317037,1,0,0,0,0,1.0,0.0,0,0.07161915,0.28317034,0.18949175,-3.6249835,192.16783,5510.0224609375,0.3713031423290203
tensor(17753),"tensor(2443., dtype=torch.float64)",tensor(9),1,0,0,0,0,0.97033185,0.09731003,0.0019046122,0.07969711,0.0120499525,1,0,0,0,0,1.0,0.0,0,0.044126034,0.09731001,0.16196041,-3.7659302,224.70636,5214.5244140625,0.3408040665434381
tensor(17777),"tensor(8213., dtype=torch.float64)",tensor(9),1,0,0,0,0,0.997291,0.0009036607,0.0013808582,0.06818858,0.0006874,1,0,0,0,0,1.0,0.0,0,0.014773965,0.06818855,0.058209926,-5.87941,629.6543,4275.2802734375,0.2754158964879852
tensor(17787),"tensor(2976., dtype=torch.float64)",tensor(9),0,1,0,0,0,0.32328767,0.8934916,0.02236251,0.1269203,0.29022306,1,1,0,0,0,0.6666666666666666,0.33333333333333337,1,0.17386037,0.32328767,0.4116826,-1.8932278,47.76609,47.766090393066406,0.646256931608133
tensor(17807),"tensor(5403., dtype=torch.float64)",tensor(9),1,0,0,0,0,0.7568999,0.35219982,0.1509311,0.2635058,0.22493483,1,0,0,0,0,1.0,0.0,0,0.24693435,0.3521998,0.5475042,-1.1474841,49.161922,6747.58203125,0.7876617375231053
tensor(17819),"tensor(4076., dtype=torch.float64)",tensor(9),0,0,1,0,0,0.66201526,0.11517787,0.5109467,0.41928634,0.12249778,1,0,0,0,0,0.0,1.0,1,0.29680002,0.4890533,0.5483472,-1.0099362,55.773396,6879.875,0.8243992606284658
tensor(17821),"tensor(2477., dtype=torch.float64)",tensor(9),1,0,0,0,0,0.98990893,0.036913015,0.0042331615,0.012093473,0.0062391898,1,0,0,0,0,1.0,0.0,0,0.013913989,0.036913037,0.06901854,-4.5563354,315.5561,5245.52978515625,0.2770332717190388
tensor(17823),"tensor(5136., dtype=torch.float64)",tensor(9),0,1,1,1,1,0.014508188,0.58129525,0.59501606,0.9712833,0.67327327,0,0,0,1,0,0.4,0.6,1,0.2387281,0.41870475,0.43855125,-1.8350859,17.687138,17.687137603759766,0.6386321626617375
tensor(17863),"tensor(1519., dtype=torch.float64)",tensor(9),1,0,0,0,0,0.6534385,0.27676186,0.43429098,0.012461219,0.21822833,1,0,0,0,0,1.0,0.0,0,0.2576608,0.434291,0.5022663,-1.50155,87.99404,6842.1142578125,0.822550831792976
tensor(17871),"tensor(4093., dtype=torch.float64)",tensor(9),1,0,0,0,0,0.9423201,0.076242596,0.014245253,0.020405322,0.24363495,1,0,0,0,0,1.0,0.0,0,0.08244151,0.24363494,0.24391623,-2.9058292,130.0834,6003.8359375,0.430452865064695
tensor(17873),"tensor(2042., dtype=torch.float64)",tensor(9),0,0,0,1,0,0.109390706,0.19856347,0.017754186,0.9912259,0.51824903,0,0,0,1,0,1.0,0.0,0,0.16324675,0.48175097,0.33511588,-2.4611335,28.597736,28.597736358642578,0.47273567467652494
tensor(17883),"tensor(830., dtype=torch.float64)",tensor(9),1,0,0,0,0,0.991076,0.005165097,0.0054487013,0.02297272,0.025267867,1,0,0,0,0,1.0,0.0,0,0.013555706,0.02526784,0.068892226,-4.516091,291.6551,5140.56689453125,0.2735674676524954
tensor(17905),"tensor(19051., dtype=torch.float64)",tensor(9),0,0,1,0,0,0.19095808,0.107373126,0.5978803,0.86203814,0.6847565,0,0,0,1,0,0.0,1.0,1,0.23073125,0.4021197,0.5053874,-1.3132674,28.43512,28.43511962890625,0.7054066543438078
tensor(17939),"tensor(12781., dtype=torch.float64)",tensor(9),0,1,0,1,0,0.00045755378,0.9955361,0.0053766314,0.991582,0.46168706,0,1,0,1,0,1.0,0.0,0,0.0960806,0.4616871,0.16097063,-4.6478376,111.88267,111.8826675415039,0.30522181146025873
tensor(17949),"tensor(9108., dtype=torch.float64)",tensor(9),0,0,1,0,0,0.049360186,0.23973085,0.9466493,0.09776693,0.72695065,0,0,1,0,0,1.0,0.0,0,0.14265156,0.27304935,0.37241572,-2.0379364,25.94976,154.69058227539062,0.5127079482439927
tensor(17953),"tensor(3485., dtype=torch.float64)",tensor(9),0,0,0,1,0,0.050567463,0.2166538,0.48654506,0.9885592,0.29310098,0,0,0,1,0,1.0,0.0,0,0.21166164,0.4865451,0.416607,-1.9222187,21.343687,21.343687057495117,0.61090573012939
tensor(17957),"tensor(16563., dtype=torch.float64)",tensor(9),1,0,0,0,0,0.9719016,0.0072006052,0.0036321157,0.17176974,0.06952964,1,0,0,0,0,1.0,0.0,0,0.05604613,0.17176974,0.18118007,-3.6502564,164.10538,5310.193359375,0.34311460258780035
tensor(17961),"tensor(7758., dtype=torch.float64)",tensor(9),0,1,0,1,0,0.019218884,0.48430067,0.81926936,0.8294251,0.89188874,0,0,1,1,1,0.4,0.6,1,0.19258726,0.48430067,0.41189638,-1.8396835,21.050028,21.05002784729004,0.5970425138632163
tensor(17979),"tensor(19775., dtype=torch.float64)",tensor(9),1,0,0,0,0,0.982621,0.0031813101,0.0031880916,0.04044976,0.14056562,1,0,0,0,0,1.0,0.0,0,0.040952682,0.14056563,0.1411989,-4.100877,224.50844,5228.63818359375,0.3197781885397412
tensor(18003),"tensor(16391., dtype=torch.float64)",tensor(9),0,0,0,1,0,0.8780264,0.06680581,0.0018511112,0.77707833,0.0031552524,1,0,0,1,0,0.6666666666666666,0.33333333333333337,1,0.08334142,0.22292167,0.23630676,-3.581012,234.03378,234.03378295898438,0.419362292051756
tensor(18029),"tensor(7206., dtype=torch.float64)",tensor(9),0,0,1,0,1,0.0018911087,0.21089344,0.9916611,0.42618734,0.9222148,0,0,1,0,1,1.0,0.0,0,0.14501917,0.42618734,0.30652875,-3.027389,31.79349,31.793489456176758,0.3955637707948244
tensor(18037),"tensor(500., dtype=torch.float64)",tensor(9),0,0,0,1,1,0.023031017,0.17560537,0.3650835,0.9896778,0.6281813,0,0,0,1,0,0.6666666666666666,0.33333333333333337,1,0.18917209,0.37181872,0.38959125,-2.1869798,19.018375,19.018375396728516,0.5475970425138632
tensor(18059),"tensor(993., dtype=torch.float64)",tensor(9),0,0,1,0,0,0.7523052,0.09322447,0.44926047,0.07098799,0.35045838,1,0,0,0,0,0.0,1.0,1,0.24232519,0.44926047,0.49232602,-1.3556249,73.94727,6858.2119140625,0.8038354898336414
tensor(18073),"tensor(19957., dtype=torch.float64)",tensor(9),1,0,0,0,0,0.86705554,0.1398376,0.08828977,0.10738938,0.23875344,1,0,0,0,0,1.0,0.0,0,0.14144295,0.23875344,0.39716765,-1.8607447,69.18088,6442.74072265625,0.6425600739371534
tensor(18119),"tensor(17223., dtype=torch.float64)",tensor(9),0,0,1,0,0,0.009396278,0.16046968,0.98683286,0.0200879,0.66462255,0,0,1,0,0,1.0,0.0,0,0.10769969,0.33537745,0.26001066,-3.0401638,71.29764,151.59918212890625,0.40411275415896486
tensor(18137),"tensor(4638., dtype=torch.float64)",tensor(9),0,1,0,1,0,0.37292933,0.8074826,0.17966011,0.12872532,0.2228872,1,1,0,0,0,0.5,0.5,1,0.21934384,0.37292933,0.50714415,-1.3266506,37.088844,37.088844299316406,0.7275878003696857
tensor(18141),"tensor(3766., dtype=torch.float64)",tensor(9),0,0,0,0,1,0.991459,0.0025637618,0.0050668153,0.14670931,0.0014175497,1,0,0,0,0,0.0,1.0,1,0.032859683,0.14670932,0.105309054,-4.8632064,436.49414,4727.134765625,0.3107670979667283
tensor(18171),"tensor(5229., dtype=torch.float64)",tensor(9),1,0,0,0,0,0.6201733,0.12282518,0.2696262,0.08526157,0.72046566,1,0,0,0,0,1.0,0.0,0,0.22741479,0.37982672,0.5006662,-1.354487,47.025047,6716.5205078125,0.755083179297597
tensor(18183),"tensor(4388., dtype=torch.float64)",tensor(9),1,0,0,0,0,0.9280223,0.0058246716,0.08292426,0.36121604,0.03600953,1,0,0,0,0,1.0,0.0,0,0.111590385,0.36121607,0.27790418,-2.7914321,146.6786,5907.27490234375,0.5087800369685768
tensor(18201),"tensor(7590., dtype=torch.float64)",tensor(9),1,0,0,0,0,0.9718256,0.024488699,0.009176601,0.20412247,0.005348099,1,0,0,0,0,1.0,0.0,0,0.054262042,0.20412248,0.1669846,-3.698754,229.09724,5270.29296875,0.3551293900184843
tensor(18203),"tensor(14335., dtype=torch.float64)",tensor(9),0,1,0,0,0,0.0047421246,0.95794165,0.54698855,0.7626176,0.024417218,0,1,0,1,0,0.6666666666666666,0.33333333333333337,1,0.15232229,0.45301145,0.31121442,-2.7031174,74.40669,74.40669250488281,0.5240295748613679
tensor(18235),"tensor(5366., dtype=torch.float64)",tensor(9),0,0,1,0,0,0.2971017,0.045168683,0.8893118,0.047166593,0.16250978,1,0,1,0,0,0.6666666666666666,0.33333333333333337,1,0.132527,0.29710174,0.35485423,-2.128285,110.535324,224.81390380859375,0.6199168207024031
tensor(18261),"tensor(2721., dtype=torch.float64)",tensor(9),0,0,1,0,0,0.002193334,0.5385788,0.9832876,0.09050749,0.6048477,0,0,1,0,0,1.0,0.0,0,0.19319737,0.4614212,0.35308936,-2.6165333,54.374676,163.66021728515625,0.5762476894639557
tensor(18273),"tensor(5833., dtype=torch.float64)",tensor(9),0,0,1,0,0,0.0018325164,0.12641418,0.9956142,0.077750966,0.94407344,0,0,1,0,1,0.6666666666666666,0.33333333333333337,1,0.053262055,0.12641418,0.18198633,-3.7915444,54.61972,54.619720458984375,0.23706099815157117
tensor(18277),"tensor(3802., dtype=torch.float64)",tensor(9),0,1,0,0,0,0.019196229,0.7590042,0.62547106,0.9404378,0.67989993,0,1,0,1,0,0.6666666666666666,0.33333333333333337,1,0.20287669,0.37452894,0.43222952,-1.8212715,21.84126,21.84126091003418,0.6213031423290203
tensor(18289),"tensor(7597., dtype=torch.float64)",tensor(9),1,0,0,0,0,0.93173575,0.040099874,0.037709616,0.04648272,0.24002008,1,0,0,0,0,1.0,0.0,0,0.08651531,0.2400201,0.2634223,-2.6404333,112.28209,6112.8408203125,0.45841035120147877
tensor(18293),"tensor(500., dtype=torch.float64)",tensor(9),0,0,0,1,1,0.015085822,0.027395457,0.040895056,0.99747807,0.6833579,0,0,0,1,0,0.6666666666666666,0.33333333333333337,1,0.08050811,0.3166421,0.20330147,-3.5305653,57.254898,57.25489807128906,0.2929759704251386
tensor(18297),"tensor(21759., dtype=torch.float64)",tensor(9),0,0,1,0,0,0.009417615,0.20653257,0.98241615,0.014064565,0.25795338,0,0,1,0,0,1.0,0.0,0,0.10111046,0.2579534,0.2591916,-3.0662534,120.68151,200.4879608154297,0.4392329020332717
tensor(18343),"tensor(4659., dtype=torch.float64)",tensor(9),0,1,1,0,1,0.085234486,0.06480662,0.93768483,0.17811403,0.81948787,0,0,1,0,1,0.8,0.19999999999999996,1,0.11419648,0.18051213,0.3410692,-2.159175,24.767353,24.767353057861328,0.4426987060998152
tensor(18377),"tensor(7295., dtype=torch.float64)",tensor(9),1,0,0,0,0,0.4726318,0.30229825,0.7180272,0.08982809,0.28352848,1,0,1,0,0,0.6666666666666666,0.33333333333333337,1,0.28605187,0.4726318,0.55952984,-1.0246836,62.21155,217.14352416992188,0.8347966728280961
tensor(18383),"tensor(15090., dtype=torch.float64)",tensor(9),0,1,0,0,0,0.09058165,0.66417336,0.7870201,0.19479051,0.26056892,0,1,1,0,0,0.6666666666666666,0.33333333333333337,1,0.21894944,0.33582664,0.5053469,-1.3515499,41.15989,41.159889221191406,0.7365988909426987
tensor(18393),"tensor(12178., dtype=torch.float64)",tensor(9),1,0,0,0,0,0.569509,0.33860677,0.3933805,0.5300055,0.084330454,1,0,0,0,0,1.0,0.0,0,0.3433606,0.4699945,0.5948724,-0.7775122,45.108593,6881.849609375,0.8137707948243993
tensor(18397),"tensor(1495., dtype=torch.float64)",tensor(9),0,0,1,1,1,0.0027380057,0.5606704,0.8657369,0.98221534,0.69297546,0,0,1,1,0,0.8,0.19999999999999996,1,0.18022794,0.43932962,0.36101097,-2.5661967,32.828636,32.828636169433594,0.5182532347504621
tensor(18401),"tensor(451., dtype=torch.float64)",tensor(9),0,1,0,0,0,0.094382085,0.5690387,0.7744008,0.77997327,0.22993645,0,0,1,1,0,0.0,1.0,1,0.24018115,0.4309613,0.519238,-1.2493412,33.336666,33.336666107177734,0.7331330868761552
tensor(18405),"tensor(5452., dtype=torch.float64)",tensor(9),0,0,0,1,0,0.9243427,0.018719245,0.0044274554,0.7001492,0.007428285,1,0,0,1,0,0.6666666666666666,0.33333333333333337,1,0.08121663,0.29985082,0.20880282,-3.5241363,197.75647,197.7564697265625,0.40064695009242146
tensor(18417),"tensor(9143., dtype=torch.float64)",tensor(9),0,0,0,1,1,0.012763488,0.6857841,0.007895543,0.99559,0.43535924,0,1,0,1,0,0.5,0.5,1,0.1549288,0.43535924,0.28999093,-3.1283598,37.93745,37.93745040893555,0.40757855822550826
tensor(18431),"tensor(16258., dtype=torch.float64)",tensor(9),0,1,0,0,0,0.005578431,0.9706439,0.6832362,0.082438976,0.119198,0,1,0,0,0,1.0,0.0,0,0.11066705,0.31676382,0.2882843,-2.7720206,42.580536,42.580535888671875,0.39695009242144175
tensor(18463),"tensor(11061., dtype=torch.float64)",tensor(9),0,1,0,0,0,0.10423031,0.8476441,0.27994737,0.027963847,0.058715608,0,1,0,0,0,1.0,0.0,0,0.12464255,0.2799474,0.3409935,-2.227013,56.752148,56.75214767456055,0.5360443622920518
tensor(18477),"tensor(14969., dtype=torch.float64)",tensor(9),0,0,0,1,0,0.8988041,0.11642984,0.087662205,0.1351614,0.10685639,1,0,0,0,0,0.0,1.0,1,0.10946113,0.1351614,0.34410453,-2.1065087,77.620514,6343.5703125,0.5575323475046211
tensor(18521),"tensor(18988., dtype=torch.float64)",tensor(9),0,0,1,0,0,0.0015523998,0.58084923,0.97193843,0.33495304,0.044305302,0,0,1,0,0,1.0,0.0,0,0.16560459,0.41915077,0.32771415,-2.8189507,129.91408,291.58953857421875,0.5875693160813308
tensor(18523),"tensor(8513., dtype=torch.float64)",tensor(9),0,0,0,1,0,0.8867328,0.025073105,0.026866818,0.671715,0.009229572,1,0,0,0,0,0.0,1.0,1,0.100544274,0.32828498,0.2559062,-2.9400024,147.63768,5691.2265625,0.4658040665434381
tensor(18525),"tensor(9251., dtype=torch.float64)",tensor(9),0,1,1,1,0,0.0006867321,0.7989128,0.941077,0.92552847,0.8995388,0,1,1,1,1,0.8571428571428571,0.1428571428571429,1,0.0871259,0.20108718,0.26454756,-3.2290492,37.73285,37.73284912109375,0.308456561922366
tensor(18537),"tensor(21486., dtype=torch.float64)",tensor(9),0,0,1,0,0,0.9363196,0.03072905,0.12598027,0.04688892,0.052458186,1,0,0,0,0,0.0,1.0,1,0.06394738,0.12598026,0.2295717,-2.7964394,146.67725,6167.09521484375,0.4288354898336414
tensor(18549),"tensor(16527., dtype=torch.float64)",tensor(9),0,0,0,1,0,0.9880619,0.011400451,0.0067398925,0.077899426,0.0026118874,1,0,0,0,0,0.0,1.0,1,0.022117972,0.077899456,0.091847464,-4.4575806,341.4602,5018.21875,0.29713493530499074
tensor(18597),"tensor(15210., dtype=torch.float64)",tensor(9),1,0,0,0,0,0.89130616,0.11324977,0.07708004,0.25131047,0.017485341,1,0,0,0,0,1.0,0.0,0,0.113563836,0.25131047,0.32409313,-2.3530414,111.900566,6094.18359375,0.5540665434380776
tensor(18605),"tensor(9096., dtype=torch.float64)",tensor(9),1,0,0,0,0,0.9372007,0.037776314,0.007859127,0.04414674,0.37221915,1,0,0,0,0,1.0,0.0,0,0.10496014,0.37221915,0.2564718,-2.8753004,136.34244,5856.45703125,0.47065619223659894
tensor(18609),"tensor(2919., dtype=torch.float64)",tensor(9),1,0,0,0,0,0.99733824,0.0032874998,0.002061872,0.008259324,0.0014586977,1,0,0,0,0,1.0,0.0,0,0.0035458803,0.008259296,0.022830404,-5.8278747,544.84424,4669.93359375,0.25508317929759705
tensor(18611),"tensor(21792., dtype=torch.float64)",tensor(9),0,0,0,1,0,0.06462994,0.05653409,0.027263032,0.99738604,0.5277327,0,0,0,1,0,1.0,0.0,0,0.124661624,0.47226733,0.2583406,-3.023378,46.862293,46.8622932434082,0.3844731977818854
tensor(18613),"tensor(3431., dtype=torch.float64)",tensor(9),1,0,0,0,0,0.98055524,0.0074054915,0.0072004013,0.09094764,0.029964373,1,0,0,0,0,1.0,0.0,0,0.030992508,0.09094763,0.12432356,-3.9048953,196.97794,5298.7763671875,0.30175600739371533
tensor(18625),"tensor(16153., dtype=torch.float64)",tensor(9),0,1,0,0,0,0.9486899,0.03827103,0.03738542,0.120854884,0.05909259,1,0,0,0,0,0.0,1.0,1,0.06138277,0.120854855,0.22347936,-2.828341,112.47142,5918.9599609375,0.39671903881700554
tensor(18641),"tensor(3341., dtype=torch.float64)",tensor(9),1,0,0,0,0,0.80911356,0.043439224,0.0043887617,0.8830623,0.023366025,1,0,0,1,0,0.6666666666666666,0.33333333333333337,1,0.07580364,0.19088644,0.2332156,-3.1430273,122.1085,122.1084976196289,0.3914048059149723
tensor(18709),"tensor(20133., dtype=torch.float64)",tensor(9),0,0,1,0,0,0.26946586,0.09713329,0.866856,0.35785738,0.3915734,0,0,1,0,0,1.0,0.0,0,0.24983472,0.39157343,0.5230814,-1.2251291,56.906624,212.92088317871094,0.7973659889094269
tensor(18711),"tensor(8638., dtype=torch.float64)",tensor(9),0,1,1,1,1,0.0002395114,0.87914914,0.9779369,0.4821151,0.96121204,0,1,1,0,1,0.8571428571428571,0.1428571428571429,1,0.13281125,0.4821151,0.26667926,-3.478852,38.274025,38.274024963378906,0.34311460258780035
tensor(18753),"tensor(13340., dtype=torch.float64)",tensor(9),1,0,0,0,0,0.99893504,0.0011567804,0.000929377,0.0066021155,0.00034782346,1,0,0,0,0,1.0,0.0,0,0.0020202398,0.0066021085,0.013518438,-6.7123957,787.9346,4290.568359375,0.25231053604436227
tensor(18811),"tensor(10036., dtype=torch.float64)",tensor(9),0,0,1,0,0,0.030396802,0.7278747,0.85222834,0.3660673,0.48869944,0,1,1,0,0,0.6666666666666666,0.33333333333333337,1,0.26101208,0.48869944,0.4980051,-1.3585875,37.590313,37.59031295776367,0.7437615526802219
tensor(18851),"tensor(15223., dtype=torch.float64)",tensor(9),0,0,1,0,0,0.025811007,0.9223645,0.6882632,0.2625225,0.5724236,0,1,0,0,0,0.0,1.0,1,0.22105646,0.42757642,0.45432052,-1.6444756,29.09868,29.09868049621582,0.6700554528650646
tensor(18855),"tensor(15223., dtype=torch.float64)",tensor(9),1,0,0,0,0,0.68712604,0.083266474,0.04259981,0.21375178,0.76741165,1,0,0,0,1,0.6666666666666666,0.33333333333333337,1,0.17701608,0.31287396,0.4290894,-1.7588141,75.302986,75.30298614501953,0.7141866913123844
tensor(18871),"tensor(20111., dtype=torch.float64)",tensor(9),0,1,0,1,0,0.12637992,0.17661224,0.01703899,0.98876,0.5162717,0,0,0,1,0,0.6666666666666666,0.33333333333333337,1,0.16299993,0.4837283,0.3372373,-2.4139931,27.54293,27.542930603027344,0.4755083179297597
tensor(18895),"tensor(21740., dtype=torch.float64)",tensor(9),0,1,0,0,0,0.011056283,0.97296226,0.53001463,0.26717243,0.29072106,0,1,0,0,0,1.0,0.0,0,0.21319455,0.46998537,0.41193134,-2.0195708,25.779366,25.77936553955078,0.6065157116451017
tensor(18913),"tensor(18566., dtype=torch.float64)",tensor(9),1,0,0,0,0,0.9001142,0.06944869,0.113016464,0.044995964,0.18687257,1,0,0,0,0,1.0,0.0,0,0.10284394,0.1868726,0.31899673,-2.2759159,96.20454,6400.8681640625,0.5316543438077634
tensor(18927),"tensor(15223., dtype=torch.float64)",tensor(9),1,0,0,0,0,0.70474494,0.57251096,0.054699775,0.11138257,0.32027334,1,0,0,0,0,1.0,0.0,0,0.24181998,0.42748904,0.4955967,-1.3681909,54.844902,6640.392578125,0.777264325323475
tensor(18945),"tensor(19995., dtype=torch.float64)",tensor(9),0,0,1,0,0,0.841002,0.111244336,0.23465799,0.06427188,0.20359136,1,0,0,0,0,0.0,1.0,1,0.15455276,0.234658,0.41517234,-1.793638,81.94043,6642.56982421875,0.6878465804066544
tensor(18969),"tensor(9626., dtype=torch.float64)",tensor(9),1,0,0,0,0,0.9894824,0.029691823,0.0031549153,0.024036622,0.0041166623,1,0,0,0,0,1.0,0.0,0,0.014303505,0.029691815,0.070686474,-4.5957885,321.88898,5076.4970703125,0.27818853974122
tensor(18975),"tensor(20676., dtype=torch.float64)",tensor(9),1,0,0,0,0,0.8733563,0.26039502,0.013897823,0.1421093,0.004677678,1,0,0,0,0,1.0,0.0,0,0.109544754,0.26039505,0.29303813,-2.879011,171.31253,5812.0185546875,0.5164048059149723
tensor(19013),"tensor(18558., dtype=torch.float64)",tensor(9),0,0,1,0,0,0.075179115,0.6219286,0.8407435,0.13765039,0.75865835,0,1,1,0,1,0.5,0.5,1,0.19829977,0.37807143,0.4643356,-1.5303041,25.917242,25.9172420501709,0.65318853974122
tensor(19025),"tensor(16024., dtype=torch.float64)",tensor(9),1,0,0,0,0,0.9554135,0.036747325,0.036551245,0.08044134,0.04023707,1,0,0,0,0,1.0,0.0,0,0.047712684,0.080441356,0.18901771,-3.0422063,133.09389,5898.607421875,0.3643715341959335
tensor(19073),"tensor(10036., dtype=torch.float64)",tensor(9),0,0,1,0,0,0.02357683,0.7036594,0.88342583,0.108364224,0.25174063,0,1,1,0,0,0.6666666666666666,0.33333333333333337,1,0.15931922,0.29634058,0.3973493,-1.9621214,45.510464,45.51046371459961,0.6111367837338263
tensor(19113),"tensor(8820., dtype=torch.float64)",tensor(9),0,1,0,1,0,0.0051081167,0.8679315,0.612835,0.96876234,0.25277597,0,1,0,1,0,1.0,0.0,0,0.16167104,0.387165,0.3588392,-2.4264197,29.341923,29.341922760009766,0.4960720887245842
tensor(19161),"tensor(10396., dtype=torch.float64)",tensor(9),0,0,0,1,0,0.022825874,0.074105024,0.08477004,0.9954776,0.69796747,0,0,0,1,0,1.0,0.0,0,0.09765118,0.30203253,0.26094872,-2.978617,34.74788,34.74787902832031,0.3260166358595194
tensor(19165),"tensor(17718., dtype=torch.float64)",tensor(9),1,0,0,0,0,0.9972363,0.0028789311,0.0012717248,0.012013545,0.0038058641,1,0,0,0,0,1.0,0.0,0,0.0045467615,0.012013555,0.027714442,-5.6757975,489.50922,4607.59912109375,0.2557763401109057
tensor(19169),"tensor(13137., dtype=torch.float64)",tensor(9),1,0,0,0,0,0.9862396,0.012346929,0.0037077903,0.014054652,0.09028685,1,0,0,0,0,1.0,0.0,0,0.026831329,0.09028685,0.10814402,-4.161683,236.84955,5355.287109375,0.2989833641404806
tensor(19195),"tensor(17840., dtype=torch.float64)",tensor(9),1,0,0,0,0,0.80649954,0.4307113,0.021155778,0.028565118,0.2792404,1,0,0,0,0,1.0,0.0,0,0.19063461,0.43071127,0.39984602,-2.0031307,85.15722,6339.609375,0.7030961182994455
tensor(19201),"tensor(14414., dtype=torch.float64)",tensor(9),0,1,1,0,0,0.028898444,0.5292188,0.92087746,0.34592798,0.8103589,0,0,1,0,1,0.5,0.5,1,0.22287428,0.4707812,0.44590864,-1.635062,17.508213,17.50821304321289,0.6448706099815157
tensor(19205),"tensor(12709., dtype=torch.float64)",tensor(9),1,0,0,0,0,0.56896484,0.28518912,0.3016437,0.64837795,0.33628854,1,0,0,0,0,1.0,0.0,0,0.3411557,0.43103516,0.63612616,-0.66555446,26.662094,6947.2109375,0.7654805914972274
tensor(19283),"tensor(10147., dtype=torch.float64)",tensor(9),1,0,0,0,0,0.8505205,0.064231984,0.18646197,0.051583447,0.22778404,1,0,0,0,0,1.0,0.0,0,0.13590825,0.22778404,0.37621,-2.0046363,87.862595,6497.28515625,0.631007393715342
tensor(19289),"tensor(21104., dtype=torch.float64)",tensor(9),1,0,0,0,0,0.96344227,0.053695846,0.017726185,0.040771507,0.051016953,1,0,0,0,0,1.0,0.0,0,0.03995359,0.053695858,0.16540848,-3.247411,145.60599,5821.00146484375,0.34242144177449163
tensor(19309),"tensor(10780., dtype=torch.float64)",tensor(9),0,1,0,0,0,0.00097314134,0.6886971,0.98586583,0.03841897,0.71014225,0,1,1,0,0,0.6666666666666666,0.33333333333333337,1,0.1309374,0.3113029,0.29340094,-3.217813,65.81128,88.50821685791016,0.4350739371534196
tensor(19313),"tensor(12980., dtype=torch.float64)",tensor(9),1,0,0,0,0,0.9613654,0.02859089,0.036407925,0.020870453,0.08865131,1,0,0,0,0,1.0,0.0,0,0.04263103,0.0886513,0.17011178,-3.238858,156.01434,5925.697265625,0.35489833641404805
tensor(19319),"tensor(21060., dtype=torch.float64)",tensor(9),0,0,0,0,1,0.8601769,0.05098254,0.057137933,0.039047256,0.54436815,1,0,0,0,0,0.0,1.0,1,0.14852458,0.45563185,0.33583367,-2.1850498,96.221176,6278.8857421875,0.6081330868761553
tensor(19321),"tensor(9434., dtype=torch.float64)",tensor(9),0,1,0,0,0,0.004666305,0.93680155,0.76743,0.64655185,0.3729991,0,1,1,0,0,0.6666666666666666,0.33333333333333337,1,0.20537645,0.37299907,0.4235662,-2.0752091,31.539389,31.53938865661621,0.6229205175600739
tensor(19343),"tensor(20644., dtype=torch.float64)",tensor(9),0,1,0,0,0,0.8431067,0.45885304,0.034127157,0.012456901,0.046334874,1,0,0,0,0,0.0,1.0,1,0.14173305,0.458853,0.30552694,-2.517358,123.30635,6231.30859375,0.5660813308687616
tensor(19355),"tensor(20536., dtype=torch.float64)",tensor(9),0,0,0,0,1,0.97231984,0.0058816844,0.006040438,0.21963778,0.05089583,1,0,0,0,0,0.0,1.0,1,0.062027156,0.21963775,0.1854267,-3.5971444,172.66937,5298.759765625,0.35790203327171904
tensor(19357),"tensor(17064., dtype=torch.float64)",tensor(9),1,0,0,0,0,0.93851316,0.015575573,0.058858067,0.16739763,0.094087124,1,0,0,0,0,1.0,0.0,0,0.079481006,0.16739762,0.2597524,-2.7025394,107.62645,6017.72509765625,0.44108133086876156
tensor(19361),"tensor(16357., dtype=torch.float64)",tensor(9),1,0,0,0,0,0.9871316,0.0051900754,0.0019490374,0.046273075,0.086466596,1,0,0,0,0,1.0,0.0,0,0.030549407,0.08646661,0.11941402,-4.243537,235.17245,5072.181640625,0.3019870609981516
tensor(19367),"tensor(11221., dtype=torch.float64)",tensor(9),1,0,0,0,0,0.8785925,0.095612265,0.14421286,0.016251286,0.15863732,1,0,0,0,0,1.0,0.0,0,0.107224286,0.15863729,0.3236124,-2.3556914,103.75403,6400.9130859375,0.5374306839186691
tensor(19399),"tensor(14833., dtype=torch.float64)",tensor(9),0,0,0,0,1,0.94702435,0.033074964,0.09988727,0.010282298,0.035637412,1,0,0,0,0,0.0,1.0,1,0.04637158,0.09988725,0.17768233,-3.264476,184.93002,6086.486328125,0.36991682070240295
tensor(19545),"tensor(21457., dtype=torch.float64)",tensor(9),0,1,0,0,0,0.009136574,0.96707255,0.056258332,0.97389084,0.09644641,0,1,0,1,0,0.6666666666666666,0.33333333333333337,1,0.044175625,0.096446395,0.17029314,-3.3485043,53.766106,53.76610565185547,0.25231053604436227
tensor(19553),"tensor(13739., dtype=torch.float64)",tensor(9),1,0,0,0,0,0.9674073,0.00546318,0.0028807013,0.04954065,0.35057676,1,0,0,0,0,1.0,0.0,0,0.08821076,0.35057676,0.2084487,-3.6024532,198.00204,5402.7626953125,0.4024953789279113
tensor(19599),"tensor(11586., dtype=torch.float64)",tensor(9),0,0,1,0,0,0.014227627,0.36293137,0.968903,0.031367406,0.39329606,0,0,1,0,0,1.0,0.0,0,0.1665839,0.39329606,0.3355829,-2.42071,72.069,175.984130859375,0.5813308687615527
tensor(19649),"tensor(16633., dtype=torch.float64)",tensor(9),1,0,0,0,0,0.98598427,0.010716893,0.0034119845,0.056916174,0.027041946,1,0,0,0,0,1.0,0.0,0,0.022420585,0.056916177,0.09969786,-4.1692376,229.28558,5113.01953125,0.29089648798521256
tensor(19663),"tensor(8070., dtype=torch.float64)",tensor(9),0,1,0,0,0,0.030475345,0.82107747,0.7970638,0.28356713,0.5728306,0,1,1,0,0,0.6666666666666666,0.33333333333333337,1,0.22461408,0.42716938,0.47787675,-1.5143682,31.82543,31.825429916381836,0.6957024029574861
tensor(19665),"tensor(20455., dtype=torch.float64)",tensor(9),0,0,1,0,0,0.015927238,0.677598,0.918374,0.16242382,0.649464,0,1,1,0,0,0.6666666666666666,0.33333333333333337,1,0.18658304,0.350536,0.41691375,-1.9087737,31.018171,43.21649932861328,0.6148336414048059
tensor(19711),"tensor(9513., dtype=torch.float64)",tensor(9),0,0,0,1,0,0.0091436915,0.33633062,0.51744527,0.99322575,0.6292882,0,0,0,1,0,1.0,0.0,0,0.24110305,0.48255473,0.41661167,-2.1903987,17.489565,17.489564895629883,0.59681146025878
tensor(19719),"tensor(17715., dtype=torch.float64)",tensor(9),0,0,1,0,0,0.0016792509,0.5078529,0.98824966,0.027921502,0.89878744,0,0,1,0,1,0.6666666666666666,0.33333333333333337,1,0.12694216,0.4921471,0.24490187,-3.3170114,51.81141,51.81140899658203,0.36668207024029575
tensor(19737),"tensor(14414., dtype=torch.float64)",tensor(9),0,1,0,0,1,0.029160166,0.34135416,0.9510505,0.14605859,0.31857032,0,0,1,0,0,0.0,1.0,1,0.17681849,0.34135413,0.40214968,-1.9311215,60.618927,196.8081817626953,0.6675138632162662
tensor(19785),"tensor(17428., dtype=torch.float64)",tensor(9),0,1,0,0,0,0.30742863,0.39395306,0.7295076,0.5510325,0.24509111,1,0,1,0,0,0.0,1.0,1,0.3331865,0.44896752,0.6232133,-0.71296597,42.154045,262.23114013671875,0.8107670979667283
tensor(19795),"tensor(17621., dtype=torch.float64)",tensor(9),1,0,0,0,0,0.99194556,0.018634537,0.002625286,0.028516378,0.0006239828,1,0,0,0,0,1.0,0.0,0,0.011690915,0.028516352,0.05850612,-5.124885,463.3786,4885.375,0.2724121996303142
tensor(19811),"tensor(8036., dtype=torch.float64)",tensor(9),0,1,0,0,0,0.0021256844,0.6347221,0.93397826,0.042046897,0.02303006,0,1,1,0,0,0.6666666666666666,0.33333333333333337,1,0.09970033,0.3652779,0.2397654,-3.2454402,129.54825,129.54824829101562,0.4179759704251386
tensor(19855),"tensor(10599., dtype=torch.float64)",tensor(9),1,0,0,0,0,0.95986843,0.011237347,0.0067370944,0.22674453,0.09493223,1,0,0,0,0,1.0,0.0,0,0.07595652,0.22674453,0.22389826,-3.225369,133.09868,5460.38427734375,0.39071164510166356
tensor(19859),"tensor(15817., dtype=torch.float64)",tensor(9),0,1,0,1,0,0.0022228803,0.9293129,0.8612832,0.6462697,0.894098,0,1,1,0,1,0.4,0.6,1,0.1342519,0.35373032,0.33228517,-2.6489758,29.668829,29.6688289642334,0.4269870609981516
tensor(19953),"tensor(18220., dtype=torch.float64)",tensor(9),0,0,0,1,0,0.9379504,0.01651523,0.022210905,0.1035344,0.26498228,1,0,0,0,0,0.0,1.0,1,0.09385854,0.26498228,0.26684508,-2.7532158,110.10999,5922.115234375,0.4558687615526803
tensor(20089),"tensor(20671., dtype=torch.float64)",tensor(9),1,0,0,0,0,0.9643832,0.026818113,0.0066465028,0.15537561,0.03973366,1,0,0,0,0,1.0,0.0,0,0.052838147,0.1553756,0.18324438,-3.355044,142.67383,5475.376953125,0.34935304990757854
tensor(20105),"tensor(15413., dtype=torch.float64)",tensor(9),0,0,0,1,0,0.24729615,0.5239906,0.0438969,0.93533164,0.2805366,0,0,0,1,0,1.0,0.0,0,0.22248149,0.47600943,0.45291218,-1.580715,16.075003,16.075002670288086,0.6501848428835489
tensor(20111),"tensor(19251., dtype=torch.float64)",tensor(9),1,0,0,0,0,0.94900507,0.008876753,0.011446169,0.12703621,0.27663565,1,0,0,0,0,1.0,0.0,0,0.094998,0.27663565,0.25704306,-2.9972625,131.69798,5697.3466796875,0.44593345656192235
tensor(20131),"tensor(8941., dtype=torch.float64)",tensor(9),1,0,0,0,0,0.7017069,0.20111308,0.48701006,0.08837493,0.19285429,1,0,0,0,0,1.0,0.0,0,0.25352907,0.48701006,0.51865184,-1.2103945,68.24309,6908.146484375,0.8142329020332718
tensor(20137),"tensor(10061., dtype=torch.float64)",tensor(9),0,1,1,1,1,0.0017446686,0.7910606,0.91754216,0.870823,0.878293,0,1,1,1,1,1.0,0.0,0,0.10880518,0.20893937,0.313047,-2.7949607,29.296467,29.296466827392578,0.36806839186691315
tensor(20143),"tensor(21455., dtype=torch.float64)",tensor(9),1,0,0,0,0,0.9872822,0.0028453898,0.0009752841,0.3849462,0.0025902844,1,0,0,0,0,1.0,0.0,0,0.08081502,0.38494623,0.15597045,-4.7129927,395.6094,4446.6083984375,0.3662199630314233
tensor(20151),"tensor(12750., dtype=torch.float64)",tensor(9),1,0,0,0,0,0.968744,0.0073680123,0.007958218,0.14669485,0.12428323,1,0,0,0,0,1.0,0.0,0,0.06351203,0.14669484,0.2042605,-3.3751607,152.71182,5470.107421875,0.37338262476894635
tensor(20199),"tensor(9113., dtype=torch.float64)",tensor(9),1,0,0,0,0,0.9637617,0.04422434,0.01805862,0.08888708,0.03317224,1,0,0,0,0,1.0,0.0,0,0.04411614,0.088887095,0.17457703,-3.2098985,146.85269,5715.5595703125,0.355822550831793
tensor(20243),"tensor(16587., dtype=torch.float64)",tensor(9),0,0,0,1,0,0.037516546,0.029713796,0.015138079,0.99757296,0.81651706,0,0,0,1,1,0.6666666666666666,0.33333333333333337,1,0.053655744,0.18348294,0.17316933,-3.683518,88.4197,88.4197006225586,0.283271719038817
tensor(20245),"tensor(12917., dtype=torch.float64)",tensor(9),0,0,0,1,0,0.010498168,0.038623523,0.030217513,0.9984773,0.6575514,0,0,0,1,0,1.0,0.0,0,0.08466208,0.3424486,0.20227332,-3.673452,55.345367,55.345367431640625,0.2830406654343808
tensor(20247),"tensor(19945., dtype=torch.float64)",tensor(9),0,1,0,0,0,0.09934198,0.4292421,0.84463096,0.14887515,0.075117745,0,0,1,0,0,0.0,1.0,1,0.18158925,0.42924213,0.42521563,-1.6873318,71.77331,252.06085205078125,0.7183456561922366
tensor(20259),"tensor(18034., dtype=torch.float64)",tensor(9),1,0,0,0,0,0.9414287,0.004604641,0.024719207,0.20020781,0.19664475,1,0,0,0,0,1.0,0.0,0,0.09694958,0.20020783,0.27293417,-2.9241536,135.33932,5764.962890625,0.4671903881700555
tensor(20267),"tensor(9897., dtype=torch.float64)",tensor(9),1,0,0,0,0,0.6669836,0.10388216,0.03583681,0.8099751,0.32086968,1,0,0,1,0,0.6666666666666666,0.33333333333333337,1,0.19672602,0.3330164,0.4476173,-1.6682599,31.240505,31.24050521850586,0.6559611829944546
tensor(20279),"tensor(21605., dtype=torch.float64)",tensor(9),0,0,1,0,0,0.15362495,0.37100023,0.87019694,0.086729065,0.3938605,0,0,1,0,0,1.0,0.0,0,0.22700357,0.39386046,0.48795825,-1.3844868,51.84193,193.2850799560547,0.7578558225508318
tensor(20295),"tensor(17972., dtype=torch.float64)",tensor(9),0,0,1,1,1,0.00019390802,0.08155321,0.98630244,0.98393506,0.9887764,0,0,1,1,1,1.0,0.0,0,0.024546623,0.08155322,0.1001248,-4.7678943,132.31299,132.31298828125,0.2356746765249538
tensor(20351),"tensor(8402., dtype=torch.float64)",tensor(9),1,0,0,0,0,0.8810375,0.164601,0.05381949,0.23334959,0.052054025,1,0,0,0,0,1.0,0.0,0,0.12455732,0.23334956,0.3538994,-2.1169968,76.90041,6186.03515625,0.5810998151571164
tensor(20355),"tensor(11738., dtype=torch.float64)",tensor(9),1,0,0,0,0,0.97974396,0.10553162,0.0011854798,0.023479609,0.0009367513,1,0,0,0,0,1.0,0.0,0,0.030277848,0.10553163,0.11280652,-4.6905,392.58844,5008.3935546875,0.3112292051756007
tensor(20393),"tensor(8850., dtype=torch.float64)",tensor(9),1,0,0,0,0,0.9134515,0.18107696,0.058916852,0.0691496,0.04760569,1,0,0,0,0,1.0,0.0,0,0.088659465,0.18107694,0.28686315,-2.4464703,103.17929,6204.0322265625,0.48197781885397417
tensor(20403),"tensor(21545., dtype=torch.float64)",tensor(9),0,0,1,0,0,0.28605926,0.073526174,0.81879205,0.0021607575,0.5940127,0,0,1,0,0,1.0,0.0,0,0.18978834,0.40598732,0.40505117,-2.2944484,135.71268,170.0182342529297,0.717652495378928
tensor(20451),"tensor(14069., dtype=torch.float64)",tensor(9),0,1,1,0,0,0.00032125608,0.9907245,0.8400742,0.32765928,0.79556257,0,1,1,0,1,0.8,0.19999999999999996,1,0.14032382,0.32765925,0.32681972,-3.2900727,46.65574,46.655738830566406,0.42606284658040666
tensor(20499),"tensor(8174., dtype=torch.float64)",tensor(9),0,0,1,0,0,0.005319363,0.3625574,0.97845334,0.015123198,0.11715687,0,0,1,0,0,1.0,0.0,0,0.10434067,0.3625574,0.24633062,-3.1614041,135.58304,233.34288024902344,0.43853974121996303
tensor(20551),"tensor(18497., dtype=torch.float64)",tensor(9),0,1,1,0,0,0.002262118,0.7675006,0.9660171,0.024721596,0.36069775,0,1,1,0,0,1.0,0.0,0,0.13083279,0.36069775,0.29526943,-2.9756296,79.29399,79.29399108886719,0.4685767097966729
tensor(20561),"tensor(20449., dtype=torch.float64)",tensor(9),0,1,0,1,0,0.0002840463,0.941372,0.8593613,0.968611,0.83815676,0,1,1,1,1,0.6666666666666666,0.33333333333333337,1,0.07855654,0.16184324,0.24283043,-3.5652385,60.705933,60.7059326171875,0.30984288354898337
tensor(20585),"tensor(13287., dtype=torch.float64)",tensor(9),0,1,0,1,0,0.0012076729,0.79165626,0.91613036,0.93743175,0.8897227,0,1,1,1,1,0.6666666666666666,0.33333333333333337,1,0.093253314,0.20834374,0.27805328,-3.0476964,37.452873,37.45287322998047,0.33271719038817005
tensor(20587),"tensor(10766., dtype=torch.float64)",tensor(9),0,0,0,1,0,0.00438901,0.46715033,0.9316393,0.9250847,0.26672933,0,0,1,1,0,0.6666666666666666,0.33333333333333337,1,0.17630893,0.46715033,0.36294422,-2.3385594,52.150566,52.15056610107422,0.5875693160813309
tensor(20645),"tensor(11255., dtype=torch.float64)",tensor(9),0,0,1,0,0,0.011606679,0.324644,0.9776619,0.013114943,0.5232408,0,0,1,0,0,1.0,0.0,0,0.16969264,0.4767592,0.31250408,-2.673942,81.830215,164.6324462890625,0.5538354898336414
tensor(20661),"tensor(13641., dtype=torch.float64)",tensor(9),0,1,1,0,0,0.0011838452,0.721068,0.97211367,0.29385176,0.3990802,0,1,1,0,0,1.0,0.0,0,0.20018685,0.39908016,0.40132412,-2.504991,65.39107,65.39106750488281,0.6395563770794825
tensor(20737),"tensor(19353., dtype=torch.float64)",tensor(9),0,0,1,0,0,0.49826914,0.01814035,0.76221794,0.15706797,0.13077547,1,0,1,0,0,0.6666666666666666,0.33333333333333337,1,0.20840704,0.49826914,0.43099913,-1.7474877,114.82832,251.8018798828125,0.7804990757855823
tensor(20787),"tensor(18283., dtype=torch.float64)",tensor(9),0,1,0,0,0,0.05844933,0.92667073,0.4301535,0.12048753,0.6450384,0,1,0,0,0,1.0,0.0,0,0.20747626,0.4301535,0.4373127,-1.6364704,29.59349,29.593490600585938,0.6571164510166358
tensor(20791),"tensor(17359., dtype=torch.float64)",tensor(9),0,0,1,0,0,0.849992,0.21635982,0.10822749,0.05834329,0.14773662,1,0,0,0,0,0.0,1.0,1,0.13613498,0.21635985,0.3857851,-1.9328563,72.598495,6484.4296875,0.6275415896487985
tensor(20809),"tensor(18589., dtype=torch.float64)",tensor(9),0,0,0,0,1,0.3089461,0.13469139,0.45514035,0.09778886,0.8595017,1,0,0,0,1,0.6666666666666666,0.33333333333333337,1,0.227413,0.45514035,0.48572892,-1.3756536,30.408226,30.408226013183594,0.7007855822550831
tensor(20833),"tensor(21219., dtype=torch.float64)",tensor(9),0,0,0,0,1,0.6645505,0.030624643,0.0110562,0.16087306,0.886919,1,0,0,0,1,0.6666666666666666,0.33333333333333337,1,0.1302169,0.33544952,0.3259403,-2.468706,116.564674,140.90966796875,0.5653881700554528
tensor(20835),"tensor(14966., dtype=torch.float64)",tensor(9),0,1,1,0,1,0.0047033518,0.5694203,0.9680884,0.20938738,0.81508476,0,0,1,0,1,0.8,0.19999999999999996,1,0.17229939,0.43057972,0.36932245,-2.3717246,21.224375,21.224374771118164,0.5025415896487986
tensor(20837),"tensor(11968., dtype=torch.float64)",tensor(9),0,1,0,1,0,0.0014712849,0.9348675,0.02530176,0.9981862,0.44304785,0,1,0,1,0,1.0,0.0,0,0.10735351,0.44304788,0.21396914,-3.8749325,50.334385,50.33438491821289,0.2897412199630314
tensor(20843),"tensor(13165., dtype=torch.float64)",tensor(9),0,1,0,0,0,0.70563143,0.76295316,0.002398379,0.014992197,0.0041968618,1,1,0,0,0,0.6666666666666666,0.33333333333333337,1,0.11060065,0.29436857,0.25510854,-3.5456185,224.16013,224.16012573242188,0.4628003696857671
tensor(20859),"tensor(19334., dtype=torch.float64)",tensor(9),0,1,0,0,0,0.94087744,0.020285241,0.009270264,0.05154797,0.41134694,1,0,0,0,0,0.0,1.0,1,0.11031455,0.4113469,0.2513415,-2.9173832,141.75475,5814.32666015625,0.4729667282809612
tensor(21023),"tensor(11080., dtype=torch.float64)",tensor(9),0,1,0,0,0,0.012447766,0.6159266,0.8970343,0.46098623,0.06122601,0,1,1,0,0,0.6666666666666666,0.33333333333333337,1,0.2043398,0.46098626,0.39699405,-1.9794111,78.88021,78.88021087646484,0.7074861367837338
tensor(21061),"tensor(19627., dtype=torch.float64)",tensor(9),1,0,0,0,0,0.9259564,0.20071325,0.017414942,0.040895175,0.0055428343,1,0,0,0,0,1.0,0.0,0,0.06772202,0.20071328,0.2116535,-3.257111,188.7441,5801.7080078125,0.4027264325323475
tensor(21103),"tensor(12376., dtype=torch.float64)",tensor(9),1,0,0,0,0,0.9370575,0.08064457,0.021065261,0.14586954,0.03605651,1,0,0,0,0,1.0,0.0,0,0.06931573,0.14586955,0.23763295,-2.8052602,112.21898,5849.30078125,0.4096580406654344
tensor(21117),"tensor(9918., dtype=torch.float64)",tensor(9),0,0,1,0,0,0.016035067,0.278865,0.9697748,0.11277169,0.6159407,0,0,1,0,0,1.0,0.0,0,0.16439122,0.3840593,0.36557364,-2.214078,37.452705,161.67031860351562,0.5529112754158965
tensor(21161),"tensor(19024., dtype=torch.float64)",tensor(9),1,0,0,0,0,0.9746303,0.02437111,0.014202403,0.029932102,0.07042005,1,0,0,0,0,1.0,0.0,0,0.032859027,0.07042003,0.13932125,-3.5273833,171.9967,5701.6376953125,0.32093345656192235
tensor(21165),"tensor(8897., dtype=torch.float64)",tensor(9),0,1,1,0,1,0.00016013531,0.956078,0.97149277,0.16739227,0.95366216,0,1,1,0,1,1.0,0.0,0,0.05726397,0.16739225,0.19012056,-3.9954014,58.080765,58.08076477050781,0.2453789279112754
tensor(21267),"tensor(15383., dtype=torch.float64)",tensor(9),1,0,0,0,0,0.34982714,0.061275154,0.8618135,0.0053795543,0.30711016,1,0,1,0,0,0.6666666666666666,0.33333333333333337,1,0.17235577,0.34982717,0.38594043,-2.2425604,129.32693,200.30068969726562,0.6899260628465804
tensor(21341),"tensor(17428., dtype=torch.float64)",tensor(9),1,0,0,0,0,0.89579725,0.10546928,0.16263324,0.14581305,0.069920875,1,0,0,0,0,1.0,0.0,0,0.11760777,0.16263324,0.3567958,-2.05675,90.96364,6394.2109375,0.5940388170055453
tensor(21349),"tensor(16124., dtype=torch.float64)",tensor(9),0,0,1,0,0,0.13476865,0.12719168,0.9356512,0.056713857,0.23238629,0,0,1,0,0,1.0,0.0,0,0.12308186,0.23238629,0.3550213,-2.0937238,86.249435,207.80699157714844,0.5924214417744917
tensor(21489),"tensor(16419., dtype=torch.float64)",tensor(9),0,1,1,0,0,0.00040551642,0.8933268,0.9712857,0.28329176,0.9125591,0,1,1,0,1,0.8,0.19999999999999996,1,0.10130513,0.28329176,0.27318636,-3.3459663,33.413727,33.413726806640625,0.305452865064695
tensor(21597),"tensor(11363., dtype=torch.float64)",tensor(9),1,0,0,0,0,0.94239503,0.11056228,0.018164463,0.12021147,0.005763852,1,0,0,0,0,1.0,0.0,0,0.062461495,0.12021148,0.21232696,-3.2021165,188.85587,5711.01708984375,0.405268022181146
tensor(21633),"tensor(8530., dtype=torch.float64)",tensor(9),0,0,1,1,0,0.35070503,0.5444894,0.6129868,0.32236487,0.20865104,1,0,0,0,0,0.0,1.0,1,0.344849,0.45551062,0.62905234,-0.6660513,48.836197,7207.92626953125,0.8301756007393716
tensor(21657),"tensor(7941., dtype=torch.float64)",tensor(9),0,1,0,1,0,0.3241898,0.11076783,0.09378917,0.97287357,0.14648105,1,0,0,1,0,0.5,0.5,1,0.14047086,0.32418978,0.3660972,-2.0855887,28.959784,28.95978355407715,0.5101663585951941
tensor(21699),"tensor(9612., dtype=torch.float64)",tensor(9),0,1,0,1,0,0.012390342,0.70835376,0.19697233,0.9875731,0.5559735,0,1,0,1,0,1.0,0.0,0,0.19149244,0.44402653,0.3840516,-2.2542646,12.231763,12.231762886047363,0.5307301293900185
tensor(21765),"tensor(15902., dtype=torch.float64)",tensor(9),0,1,0,0,0,0.00031819817,0.96016586,0.93433714,0.551033,0.9327299,0,1,1,0,1,0.5,0.5,1,0.12441045,0.44896698,0.2694038,-3.3448892,42.46231,42.462310791015625,0.3562846580406654
tensor(21777),"tensor(8572., dtype=torch.float64)",tensor(9),1,0,0,0,0,0.991189,0.00701516,0.005154134,0.03780765,0.0047616586,1,0,0,0,0,1.0,0.0,0,0.012709916,0.037807643,0.06313284,-4.7034845,334.93518,5010.7939453125,0.27148798521256934
tensor(21817),"tensor(18354., dtype=torch.float64)",tensor(9),0,0,0,0,0,0.0011477798,0.31405547,0.9925201,0.03942477,0.46335557,0,0,1,0,0,0.0,1.0,1,0.16509265,0.46335554,0.3063731,-3.1556,96.79285,179.01785278320312,0.5164048059149723
tensor(21831),"tensor(11905., dtype=torch.float64)",tensor(9),1,0,0,0,0,0.9990897,0.0020493963,0.00057368225,0.007994742,6.211977e-05,1,0,0,0,0,1.0,0.0,0,0.0023180246,0.007994771,0.014820995,-7.031829,958.2955,4181.134765625,0.2532347504621072
tensor(21837),"tensor(11744., dtype=torch.float64)",tensor(9),1,0,0,0,0,0.9854358,0.029018065,0.011164567,0.009114851,0.005921215,1,0,0,0,0,1.0,0.0,0,0.013956547,0.029018044,0.07136392,-4.404132,296.01886,5463.3916015625,0.280268022181146
